source,target,cluster,edge_type,truth_distance,edge_strength
AJ Green||2024-25||MIL||SG,AJ Green||2025-26||MIL||SG,1,mst+knn,0.164307,0.7901187824386857
AJ Green||2025-26||MIL||SG,Buddy Hield||2020-21||SAC||SG,1,mst+knn,0.243428,0.6891
AJ Green||2025-26||MIL||SG,Kyle Korver||2017-18||CLE||SG,1,mst+knn,0.144102,0.8159282047207442
AJ Green||2025-26||MIL||SG,"Landry Shamet||2018-19||LAC,PHI||SG",1,mst+knn,0.15895,0.797
Alec Burks||2024-25||MIA||SG,Garrison Mathews||2023-24||ATL||SG,1,mst+knn,0.24964,0.6811173278535236
Alex Abrines||2016-17||OKC||SG,Denzel Valentine||2016-17||CHI||SG,1,mst+knn,0.228698,0.7079
Alex Abrines||2016-17||OKC||SG,Furkan Korkmaz||2019-20||PHI||SG,1,mst+knn,0.151543,0.8064228751491695
Alex Abrines||2016-17||OKC||SG,"Landry Shamet||2018-19||LAC,PHI||SG",1,mst+knn,0.138095,0.8236012000334717
Alex Abrines||2017-18||OKC||SG,Landry Shamet||2020-21||BKN||SG,1,mst+knn,0.129055,0.8351491209016049
Alex Abrines||2017-18||OKC||SG,Ochai Agbaji||2022-23||UTA||SG,1,mst+knn,0.299495,0.6174333909607664
Alex Abrines||2018-19||OKC||SG,Daeqwon Plowden||2025-26||SAC||SG,1,mst+knn,0.300441,0.6162253355189201
Alex Abrines||2018-19||OKC||SG,Landry Shamet||2025-26||NYK||SG,1,mst+knn,0.194852,0.7511016562338402
Allen Crabbe||2017-18||BKN||SG,Luke Kennard||2023-24||MEM||SG,1,mst+knn,0.262309,0.6649332455107151
Allen Crabbe||2017-18||BKN||SG,Wayne Ellington||2020-21||DET||SG,1,mst+knn,0.206758,0.7359
Allen Crabbe||2018-19||BKN||SG,Wayne Ellington||2019-20||NYK||SG,1,mst+knn,0.250987,0.6794
"Armoni Brooks||2021-22||HOU,TOR||SG",Gary Harris||2023-24||ORL||SG,1,mst+knn,0.281496,0.6404252061527036
"Avery Bradley||2020-21||HOU,MIA||SG",Jerryd Bayless||2017-18||PHI||SG,1,mst+knn,0.303723,0.6120330593648454
Avery Bradley||2021-22||LAL||SG,Landry Shamet||2021-22||PHX||SG,1,mst+knn,0.272522,0.6519
Baylor Scheierman||2025-26||BOS||SG,Damion Lee||2020-21||GSW||SG,1,mst+knn,0.169016,0.7841030549187117
Ben McLemore||2016-17||SAC||SG,Justin Holiday||2016-17||NYK||SG,1,mst+knn,0.178462,0.7720375016556169
Ben McLemore||2016-17||SAC||SG,"Justin Holiday||2018-19||CHI,MEM||SG",1,mst+knn,0.234685,0.7002194125420044
"Ben McLemore||2020-21||HOU,LAL||SG",Furkan Korkmaz||2019-20||PHI||SG,1,mst+knn,0.224406,0.7134
"Ben McLemore||2020-21||HOU,LAL||SG",Gradey Dick||2023-24||TOR||SG,1,mst+knn,0.227995,0.7088
Ben McLemore||2021-22||POR||SG,Gerald Green||2018-19||HOU||SG,1,mst+knn,0.277686,0.6453
Ben Sheppard||2025-26||IND||SG,Gary Harris||2023-24||ORL||SG,1,mst+knn,0.280447,0.6418
Ben Sheppard||2025-26||IND||SG,Kentavious Caldwell-Pope||2019-20||LAL||SG,1,mst+knn,0.26352,0.6634
Buddy Hield||2020-21||SAC||SG,"Buddy Hield||2021-22||IND,SAC||SG",1,mst+knn,0.245985,0.6858
Buddy Hield||2020-21||SAC||SG,Danny Green||2018-19||TOR||SG,1,mst+knn,0.221837,0.7166315245111576
Buddy Hield||2024-25||GSW||SG,"Buddy Hield||2025-26||ATL,GSW||SG",1,mst+knn,0.205899,0.737
Buddy Hield||2024-25||GSW||SG,Johnny Juzang||2024-25||UTA||SG,1,mst+knn,0.213976,0.7267
Buddy Hield||2024-25||GSW||SG,Sterling Brown||2020-21||HOU||SG,1,mst+knn,0.24953,0.6813
Damion Lee||2020-21||GSW||SG,"Kevin Huerter||2024-25||CHI,SAC||SG",1,mst+knn,0.24625,0.6854473066370409
Damion Lee||2021-22||GSW||SG,Kentavious Caldwell-Pope||2019-20||LAL||SG,1,mst+knn,0.27229,0.6522
Damion Lee||2022-23||PHX||SG,Treveon Graham||2017-18||CHA||SG,1,mst+knn,0.272348,0.6521107669361179
Danny Green||2017-18||SAS||SG,Sterling Brown||2020-21||HOU||SG,1,mst+knn,0.26137,0.6661338612877857
Danny Green||2019-20||LAL||SG,Kevin Huerter||2023-24||SAC||SG,1,mst+knn,0.184185,0.7647268087578345
Denzel Valentine||2016-17||CHI||SG,Gary Harris||2022-23||ORL||SG,1,mst+knn,0.238342,0.6955482728284462
Desmond Bane||2020-21||MEM||SG,Furkan Korkmaz||2019-20||PHI||SG,1,mst+knn,0.21613,0.723921691860899
Donte DiVincenzo||2023-24||NYK||SG,Donte DiVincenzo||2025-26||MIN||SG,1,mst+knn,0.255298,0.6739
Donte DiVincenzo||2023-24||NYK||SG,Grayson Allen||2021-22||MIL||SG,1,mst+knn,0.239269,0.6944
Duncan Robinson||2019-20||MIA||SG,Kevin Huerter||2022-23||SAC||SG,1,mst+knn,0.238706,0.6951
Duncan Robinson||2021-22||MIA||SG,Grayson Allen||2021-22||MIL||SG,1,mst+knn,0.232359,0.7032
Duncan Robinson||2021-22||MIA||SG,Malik Beasley||2023-24||MIL||SG,1,mst+knn,0.230145,0.7060186120293785
Duncan Robinson||2021-22||MIA||SG,"Vit Krejci||2025-26||ATL,POR||PG",1,mst+knn,0.208936,0.7331110328186377
Eric Gordon||2016-17||HOU||SG,Eric Gordon||2018-19||HOU||SG,1,mst+knn,0.262908,0.6642
Eric Gordon||2018-19||HOU||SG,Eric Gordon||2023-24||PHX||SG,1,mst+knn,0.282532,0.6391020607572764
Eric Gordon||2023-24||PHX||SG,Eric Gordon||2024-25||PHI||SG,1,mst+knn,0.316392,0.5958497688480198
Eric Gordon||2024-25||PHI||SG,"Reggie Bullock||2018-19||DET,LAL||SG",1,mst+knn,0.327665,0.5815
Ethan Thompson||2025-26||IND||SG,Treveon Graham||2018-19||BKN||SG,1,mst+knn,0.305893,0.6093
Evan Fournier||2022-23||NYK||SG,Landry Shamet||2022-23||PHX||SG,1,mst+knn,0.282408,0.6393
Evan Fournier||2022-23||NYK||SG,Treveon Graham||2018-19||BKN||SG,1,mst+knn,0.375739,0.5200418197008432
Furkan Korkmaz||2019-20||PHI||SG,Gerald Green||2018-19||HOU||SG,1,mst+knn,0.23096,0.705
Furkan Korkmaz||2019-20||PHI||SG,Malik Beasley||2018-19||DEN||SG,1,mst+knn,0.186333,0.762
Furkan Korkmaz||2019-20||PHI||SG,Max Christie||2025-26||DAL||SG,1,mst+knn,0.261391,0.6661067791205626
Furkan Korkmaz||2019-20||PHI||SG,Wayne Ellington||2021-22||LAL||SG,1,mst+knn,0.223518,0.7145
Furkan Korkmaz||2020-21||PHI||SG,Isaiah Joe||2023-24||OKC||SG,1,mst+knn,0.248004,0.6832063343322397
Gabe Vincent||2024-25||LAL||PG,"Tony Snell||2021-22||NOP,POR||SG",1,mst+knn,0.271311,0.6534343168919594
Garrett Temple||2019-20||BKN||SG,Quentin Grimes||2021-22||NYK||SG,1,mst+knn,0.250425,0.6801142495090339
Garrison Mathews||2020-21||WAS||SG,Kentavious Caldwell-Pope||2018-19||LAL||SG,1,mst+knn,0.271936,0.6526361436748569
Garrison Mathews||2021-22||HOU||SG,Jodie Meeks||2016-17||ORL||SG,1,mst+knn,0.305454,0.6098221296595294
Garrison Mathews||2021-22||HOU||SG,Rodney McGruder||2022-23||DET||SG,1,mst+knn,0.234882,0.7
Garrison Mathews||2023-24||ATL||SG,Isaiah Joe||2025-26||OKC||SG,1,mst+knn,0.185694,0.7628
Garrison Mathews||2024-25||ATL||SG,Landry Shamet||2020-21||BKN||SG,1,mst+knn,0.18459,0.7642097780545649
Gary Harris||2022-23||ORL||SG,Grayson Allen||2022-23||MIL||SG,1,mst+knn,0.230547,0.7055059475916917
Gary Harris||2022-23||ORL||SG,Kentavious Caldwell-Pope||2020-21||LAL||SG,1,mst+knn,0.229718,0.7066
Gerald Green||2017-18||HOU||SG,"Wayne Ellington||2018-19||DET,MIA||SG",1,mst+knn,0.328928,0.579836129424576
Grayson Allen||2019-20||MEM||SG,Grayson Allen||2020-21||MEM||SG,1,mst+knn,0.37258,0.5241
Grayson Allen||2020-21||MEM||SG,Grayson Allen||2022-23||MIL||SG,1,mst+knn,0.234421,0.7006
Grayson Allen||2020-21||MEM||SG,Tony Snell||2017-18||MIL||SG,1,mst+knn,0.246855,0.6847
Grayson Allen||2021-22||MIL||SG,Grayson Allen||2023-24||PHX||SG,1,mst+knn,0.275705,0.6478221383046485
Grayson Allen||2022-23||MIL||SG,Grayson Allen||2024-25||PHX||SG,1,mst+knn,0.21162,0.7297
Grayson Allen||2022-23||MIL||SG,Moses Moody||2024-25||GSW||SG,1,mst+knn,0.22728,0.7097
Grayson Allen||2022-23||MIL||SG,Wesley Matthews||2019-20||MIL||SG,1,mst+knn,0.166717,0.7870403086570587
Grayson Allen||2024-25||PHX||SG,Landry Shamet||2020-21||BKN||SG,1,mst+knn,0.227363,0.7096
"Hollis Thompson||2016-17||NOP,PHI||SG",Tony Snell||2017-18||MIL||SG,1,mst+knn,0.249609,0.6812
"Iman Shumpert||2018-19||HOU,SAC||SG",Kentavious Caldwell-Pope||2017-18||LAL||SG,1,mst+knn,0.254549,0.6748459004263252
Isaiah Joe||2022-23||OKC||SG,Isaiah Joe||2024-25||OKC||SG,1,mst+knn,0.175865,0.7754
Isaiah Joe||2023-24||OKC||SG,Justin Holiday||2016-17||NYK||SG,1,mst+knn,0.253203,0.6766
Isaiah Joe||2024-25||OKC||SG,Isaiah Joe||2025-26||OKC||SG,1,mst+knn,0.239141,0.6945283863434677
Isaiah Joe||2024-25||OKC||SG,"Landry Shamet||2018-19||LAC,PHI||SG",1,mst+knn,0.178217,0.7724
Isaiah Joe||2024-25||OKC||SG,Sam Merrill||2025-26||CLE||SG,1,mst+knn,0.195852,0.7498238539937633
JR Smith||2016-17||CLE||SG,Landry Shamet||2022-23||PHX||SG,1,mst+knn,0.268012,0.6576495321340314
JR Smith||2016-17||CLE||SG,Rodney McGruder||2022-23||DET||SG,1,mst+knn,0.283476,0.6379
JR Smith||2016-17||CLE||SG,Wayne Ellington||2019-20||NYK||SG,1,mst+knn,0.26643,0.6597
Ja'Kobe Walter||2025-26||TOR||SG,Tony Snell||2016-17||MIL||SG,1,mst+knn,0.256371,0.6725183930562088
Ja'Kobe Walter||2025-26||TOR||SG,Treveon Graham||2017-18||CHA||SG,1,mst+knn,0.266235,0.6599187403033455
Jason Terry||2017-18||MIL||SG,Justin Holiday||2020-21||IND||SG,1,mst+knn,0.249028,0.6819
Jason Terry||2017-18||MIL||SG,Justin Holiday||2023-24||DEN||SG,1,mst+knn,0.182927,0.766333713503744
Jaylen Wells||2024-25||MEM||SG,Kentavious Caldwell-Pope||2018-19||LAL||SG,1,mst+knn,0.260783,0.6669
Jaylen Wells||2024-25||MEM||SG,Landry Shamet||2025-26||NYK||SG,1,mst+knn,0.32123,0.5897
Jaylon Tyson||2025-26||CLE||SG,Joe Harris||2018-19||BKN||SG,1,mst+knn,0.290841,0.6285
Jaylon Tyson||2025-26||CLE||SG,Sterling Brown||2020-21||HOU||SG,1,mst+knn,0.253167,0.6766113499743467
Jerryd Bayless||2017-18||PHI||SG,Joe Harris||2016-17||BKN||SG,1,mst+knn,0.211201,0.7302177599811348
Jerryd Bayless||2017-18||PHI||SG,Landry Shamet||2019-20||LAC||SG,1,mst+knn,0.241992,0.6909
Joe Harris||2017-18||BKN||SG,Wayne Ellington||2021-22||LAL||SG,1,mst+knn,0.189356,0.7581221294232192
Johnny Juzang||2024-25||UTA||SG,Kyle Korver||2017-18||CLE||SG,1,mst+knn,0.205618,0.7373492722958802
Johnny Juzang||2024-25||UTA||SG,"Tony Snell||2021-22||NOP,POR||SG",1,mst+knn,0.178808,0.7716
Josh Green||2025-26||CHA||SG,Wesley Matthews||2019-20||MIL||SG,1,mst+knn,0.314377,0.5984229861945276
Justin Holiday||2016-17||NYK||SG,Kentavious Caldwell-Pope||2019-20||LAL||SG,1,mst+knn,0.24691,0.6846038412236843
Justin Holiday||2017-18||CHI||SG,"Justin Holiday||2018-19||CHI,MEM||SG",1,mst+knn,0.194786,0.7512
"Justin Holiday||2018-19||CHI,MEM||SG",Quentin Grimes||2021-22||NYK||SG,1,mst+knn,0.188736,0.7589145246624388
Justin Holiday||2020-21||IND||SG,Quentin Grimes||2021-22||NYK||SG,1,mst+knn,0.189447,0.7580052077621346
Kentavious Caldwell-Pope||2017-18||LAL||SG,Wesley Matthews||2019-20||MIL||SG,1,mst+knn,0.198276,0.7467279985774584
Kentavious Caldwell-Pope||2018-19||LAL||SG,Kentavious Caldwell-Pope||2019-20||LAL||SG,1,mst+knn,0.213273,0.7276
Kevin Huerter||2022-23||SAC||SG,Kevin Huerter||2023-24||SAC||SG,1,mst+knn,0.17059,0.7821
Kevin Huerter||2022-23||SAC||SG,"Kevin Huerter||2024-25||CHI,SAC||SG",1,mst+knn,0.213812,0.7269
Kevin Huerter||2022-23||SAC||SG,Kyle Korver||2017-18||CLE||SG,1,mst,0.230063,0.7061
"Kevin Huerter||2024-25||CHI,SAC||SG",Landry Shamet||2024-25||NYK||SG,1,mst+knn,0.291047,0.6282253216603232
"Kyle Korver||2016-17||ATL,CLE||SG",Kyle Korver||2017-18||CLE||SG,1,mst+knn,0.174099,0.7776103551953948
"Kyle Korver||2016-17||ATL,CLE||SG",Wayne Ellington||2016-17||MIA||SG,1,mst+knn,0.188154,0.7597
Kyle Korver||2017-18||CLE||SG,"Luke Kennard||2022-23||LAC,MEM||SG",1,mst+knn,0.175172,0.7762401171374553
Kyle Korver||2017-18||CLE||SG,Malik Beasley||2023-24||MIL||SG,1,mst+knn,0.167257,0.7864
Kyle Korver||2017-18||CLE||SG,Troy Daniels||2017-18||PHX||SG,1,mst+knn,0.176734,0.7742447262057722
"Landry Shamet||2018-19||LAC,PHI||SG",Wayne Ellington||2017-18||MIA||SG,1,mst+knn,0.188608,0.7591
Landry Shamet||2019-20||LAC||SG,Tony Snell||2016-17||MIL||SG,1,mst+knn,0.218126,0.7214
Landry Shamet||2019-20||LAC||SG,"Wayne Ellington||2018-19||DET,MIA||SG",1,mst+knn,0.237741,0.6963157637285395
Landry Shamet||2021-22||PHX||SG,Malik Beasley||2021-22||MIN||SG,1,mst+knn,0.212121,0.7290421487219041
Landry Shamet||2022-23||PHX||SG,Wesley Matthews||2016-17||DAL||SG,1,mst+knn,0.31817,0.5936
Langston Galloway||2018-19||DET||SG,Malik Beasley||2021-22||MIN||SG,1,mst+knn,0.226456,0.7107314013296322
Langston Galloway||2018-19||DET||SG,Sam Merrill||2023-24||CLE||SG,1,mst+knn,0.238122,0.6958299388535965
Langston Galloway||2018-19||DET||SG,Tyler Johnson||2020-21||BKN||SG,1,mst+knn,0.240665,0.6926
Langston Galloway||2019-20||DET||SG,Malik Beasley||2021-22||MIN||SG,1,mst+knn,0.196955,0.7484148655835684
Langston Galloway||2019-20||DET||SG,Malik Beasley||2023-24||MIL||SG,1,mst+knn,0.214439,0.7261
"Luke Kennard||2022-23||LAC,MEM||SG",Tony Snell||2020-21||ATL||SG,1,mst+knn,0.322178,0.5885
Malik Beasley||2018-19||DEN||SG,Pat Connaughton||2017-18||POR||SG,1,mst+knn,0.249603,0.6812
Malik Beasley||2023-24||MIL||SG,Tony Snell||2016-17||MIL||SG,1,mst+knn,0.213801,0.7269
Malik Beasley||2023-24||MIL||SG,Wayne Ellington||2020-21||DET||SG,1,mst+knn,0.153462,0.804
Moses Moody||2024-25||GSW||SG,Moses Moody||2025-26||GSW||SG,1,mst+knn,0.245842,0.686
Moses Moody||2024-25||GSW||SG,Quentin Grimes||2022-23||NYK||SG,1,mst+knn,0.219351,0.7198070054833762
Quentin Grimes||2021-22||NYK||SG,Wayne Ellington||2019-20||NYK||SG,1,mst+knn,0.236504,0.6979
"Quentin Grimes||2023-24||DET,NYK||SG",Sam Merrill||2024-25||CLE||SG,1,mst+knn,0.237988,0.6960010208687967
"Reggie Bullock||2018-19||DET,LAL||SG",Wayne Ellington||2017-18||MIA||SG,1,mst+knn,0.232662,0.7028035503098828
Sam Merrill||2024-25||CLE||SG,Wesley Matthews||2019-20||MIL||SG,1,mst+knn,0.236415,0.6980099527734553
Troy Daniels||2016-17||MEM||SG,Troy Daniels||2017-18||PHX||SG,1,mst+knn,0.190423,0.7568
Wayne Ellington||2017-18||MIA||SG,Wayne Ellington||2019-20||NYK||SG,1,mst+knn,0.225846,0.7115110705351073
Wesley Matthews||2019-20||MIL||SG,Wesley Matthews||2020-21||LAL||SG,1,mst+knn,0.186491,0.7618
AJ Green||2024-25||MIL||SG,Kyle Korver||2017-18||CLE||SG,1,knn,0.194575,0.7515
Alec Burks||2024-25||MIA||SG,"Reggie Bullock||2018-19||DET,LAL||SG",1,knn,0.249959,0.6807093603290055
Allen Crabbe||2017-18||BKN||SG,Malik Beasley||2023-24||MIL||SG,1,knn,0.208735,0.7334
Allen Crabbe||2018-19||BKN||SG,JR Smith||2016-17||CLE||SG,1,knn,0.30397,0.6117
"Armoni Brooks||2021-22||HOU,TOR||SG","Wayne Ellington||2018-19||DET,MIA||SG",1,knn,0.336111,0.5707
"Avery Bradley||2020-21||HOU,MIA||SG",Denzel Valentine||2016-17||CHI||SG,1,knn,0.325861,0.5838
Avery Bradley||2021-22||LAL||SG,Denzel Valentine||2016-17||CHI||SG,1,knn,0.292446,0.6264
Baylor Scheierman||2025-26||BOS||SG,Danny Green||2019-20||LAL||SG,1,knn,0.312954,0.6002
Alex Abrines||2016-17||OKC||SG,"Ben McLemore||2020-21||HOU,LAL||SG",1,knn,0.227394,0.7095
Ben McLemore||2021-22||POR||SG,Isaiah Joe||2023-24||OKC||SG,1,knn,0.30297,0.613
"Buddy Hield||2021-22||IND,SAC||SG",Troy Daniels||2017-18||PHX||SG,1,knn,0.262202,0.6651
"Buddy Hield||2025-26||ATL,GSW||SG",Johnny Juzang||2024-25||UTA||SG,1,knn,0.299292,0.6177
Daeqwon Plowden||2025-26||SAC||SG,"Wayne Ellington||2018-19||DET,MIA||SG",1,knn,0.327749,0.5813
Damion Lee||2020-21||GSW||SG,Damion Lee||2021-22||GSW||SG,1,knn,0.304862,0.6106
Damion Lee||2022-23||PHX||SG,Kentavious Caldwell-Pope||2019-20||LAL||SG,1,knn,0.292872,0.6259
Danny Green||2017-18||SAS||SG,Danny Green||2019-20||LAL||SG,1,knn,0.295376,0.6227
Danny Green||2018-19||TOR||SG,Grayson Allen||2023-24||PHX||SG,1,knn,0.283268,0.6382
Danny Green||2019-20||LAL||SG,Kevin Huerter||2022-23||SAC||SG,1,knn,0.200441,0.744
Desmond Bane||2020-21||MEM||SG,Malik Beasley||2023-24||MIL||SG,1,knn,0.243571,0.6889
Donte DiVincenzo||2023-24||NYK||SG,Duncan Robinson||2021-22||MIA||SG,1,knn,0.252392,0.6776
Alec Burks||2024-25||MIA||SG,Donte DiVincenzo||2025-26||MIN||SG,1,knn,0.272185,0.6523
Duncan Robinson||2019-20||MIA||SG,Wayne Ellington||2021-22||LAL||SG,1,knn,0.244579,0.6876
Eric Gordon||2016-17||HOU||SG,"Quentin Grimes||2023-24||DET,NYK||SG",1,knn,0.342493,0.5625
Ethan Thompson||2025-26||IND||SG,Jerryd Bayless||2017-18||PHI||SG,1,knn,0.380271,0.5143
Evan Fournier||2022-23||NYK||SG,Garrett Temple||2019-20||BKN||SG,1,knn,0.307603,0.6071
Furkan Korkmaz||2019-20||PHI||SG,Troy Daniels||2017-18||PHX||SG,1,knn,0.185884,0.7626
Furkan Korkmaz||2020-21||PHI||SG,Landry Shamet||2021-22||PHX||SG,1,knn,0.303933,0.6118
Gabe Vincent||2024-25||LAL||PG,Malik Beasley||2023-24||MIL||SG,1,knn,0.301089,0.6154
Garrett Temple||2019-20||BKN||SG,Landry Shamet||2019-20||LAC||SG,1,knn,0.29289,0.6259
Garrison Mathews||2020-21||WAS||SG,"Wayne Ellington||2018-19||DET,MIA||SG",1,knn,0.339626,0.5662
Garrison Mathews||2024-25||ATL||SG,Troy Daniels||2016-17||MEM||SG,1,knn,0.30078,0.6158
Evan Fournier||2022-23||NYK||SG,Gerald Green||2017-18||HOU||SG,1,knn,0.389908,0.5019
Allen Crabbe||2017-18||BKN||SG,Gerald Green||2018-19||HOU||SG,1,knn,0.259977,0.6679
Gradey Dick||2023-24||TOR||SG,Isaiah Joe||2023-24||OKC||SG,1,knn,0.276463,0.6469
Grayson Allen||2019-20||MEM||SG,Landry Shamet||2019-20||LAC||SG,1,knn,0.374582,0.5215
Grayson Allen||2021-22||MIL||SG,Tony Snell||2016-17||MIL||SG,1,knn,0.234312,0.7007
"Hollis Thompson||2016-17||NOP,PHI||SG",Rodney McGruder||2022-23||DET||SG,1,knn,0.317927,0.5939
"Iman Shumpert||2018-19||HOU,SAC||SG","Justin Holiday||2018-19||CHI,MEM||SG",1,knn,0.306875,0.608
Isaiah Joe||2022-23||OKC||SG,Malik Beasley||2023-24||MIL||SG,1,knn,0.214614,0.7259
Allen Crabbe||2018-19||BKN||SG,Jodie Meeks||2016-17||ORL||SG,1,knn,0.395234,0.4951
Joe Harris||2016-17||BKN||SG,"Quentin Grimes||2023-24||DET,NYK||SG",1,knn,0.286651,0.6338396103319592
Duncan Robinson||2019-20||MIA||SG,Joe Harris||2017-18||BKN||SG,1,knn,0.267924,0.6578
Grayson Allen||2023-24||PHX||SG,Joe Harris||2018-19||BKN||SG,1,knn,0.31477,0.5979
Josh Green||2025-26||CHA||SG,Kentavious Caldwell-Pope||2019-20||LAL||SG,1,knn,0.325531,0.5842
Denzel Valentine||2016-17||CHI||SG,Justin Holiday||2017-18||CHI||SG,1,knn,0.305064,0.6103
"Justin Holiday||2018-19||CHI,MEM||SG",Justin Holiday||2020-21||IND||SG,1,knn,0.222567,0.7157
"Justin Holiday||2018-19||CHI,MEM||SG",Justin Holiday||2023-24||DEN||SG,1,knn,0.295093,0.6231
"Justin Holiday||2018-19||CHI,MEM||SG",Kentavious Caldwell-Pope||2017-18||LAL||SG,1,knn,0.246804,0.6847
Kentavious Caldwell-Pope||2017-18||LAL||SG,Kentavious Caldwell-Pope||2020-21||LAL||SG,1,knn,0.261719,0.6657
Danny Green||2019-20||LAL||SG,"Kevin Huerter||2024-25||CHI,SAC||SG",1,knn,0.220736,0.718
Landry Shamet||2021-22||PHX||SG,Langston Galloway||2018-19||DET||SG,1,knn,0.25607,0.6729
Johnny Juzang||2024-25||UTA||SG,Landry Shamet||2024-25||NYK||SG,1,knn,0.296488,0.6213
"Luke Kennard||2022-23||LAC,MEM||SG",Wayne Ellington||2020-21||DET||SG,1,knn,0.191464,0.7554
Luke Kennard||2023-24||MEM||SG,Wayne Ellington||2017-18||MIA||SG,1,knn,0.268283,0.6573
Ben McLemore||2016-17||SAC||SG,Max Christie||2025-26||DAL||SG,1,knn,0.279433,0.6431
Moses Moody||2025-26||GSW||SG,Quentin Grimes||2021-22||NYK||SG,1,knn,0.250231,0.6804
Landry Shamet||2020-21||BKN||SG,Ochai Agbaji||2022-23||UTA||SG,1,knn,0.303592,0.6122
Alex Abrines||2016-17||OKC||SG,Pat Connaughton||2017-18||POR||SG,1,knn,0.250882,0.6795
Grayson Allen||2022-23||MIL||SG,Quentin Grimes||2022-23||NYK||SG,1,knn,0.25424,0.6752
Malik Beasley||2021-22||MIN||SG,Sam Merrill||2023-24||CLE||SG,1,knn,0.257867,0.6706
Allen Crabbe||2017-18||BKN||SG,Sam Merrill||2025-26||CLE||SG,1,knn,0.211125,0.7303
Isaiah Joe||2024-25||OKC||SG,Tony Snell||2020-21||ATL||SG,1,knn,0.33585,0.571
Tony Snell||2016-17||MIL||SG,"Tony Snell||2021-22||NOP,POR||SG",1,knn,0.244141,0.6881
AJ Green||2025-26||MIL||SG,Troy Daniels||2016-17||MEM||SG,1,knn,0.225876,0.7115
Langston Galloway||2019-20||DET||SG,Tyler Johnson||2020-21||BKN||SG,1,knn,0.308674,0.6057
"Kevin Huerter||2024-25||CHI,SAC||SG","Vit Krejci||2025-26||ATL,POR||PG",1,knn,0.235442,0.6993
Allen Crabbe||2017-18||BKN||SG,Wayne Ellington||2016-17||MIA||SG,1,knn,0.279403,0.6431
Malik Beasley||2023-24||MIL||SG,Wayne Ellington||2017-18||MIA||SG,1,knn,0.203522,0.74
Duncan Robinson||2021-22||MIA||SG,"Wayne Ellington||2018-19||DET,MIA||SG",1,knn,0.24628,0.6854
Kyle Korver||2017-18||CLE||SG,Wayne Ellington||2020-21||DET||SG,1,knn,0.184372,0.7645
Treveon Graham||2018-19||BKN||SG,Wesley Matthews||2016-17||DAL||SG,1,knn,0.409202,0.4773
Treveon Graham||2017-18||CHA||SG,Wesley Matthews||2020-21||LAL||SG,1,knn,0.298719,0.6184
"Aaron Holiday||2021-22||PHX,WAS||PG",Cole Anthony||2024-25||ORL||PG,2,mst+knn,0.337611,0.6802488773059795
"Aaron Holiday||2021-22||PHX,WAS||PG",Shake Milton||2021-22||PHI||SG,2,mst+knn,0.383764,0.6365377523949461
Ajay Mitchell||2024-25||OKC||SG,Andrew Nembhard||2023-24||IND||PG,2,mst+knn,0.46857,0.5562178727237297
Ajay Mitchell||2025-26||OKC||SG,Cameron Payne||2021-22||PHX||PG,2,mst+knn,0.354804,0.664
Ajay Mitchell||2025-26||OKC||SG,Malik Monk||2024-25||SAC||SG,2,mst+knn,0.326684,0.6906
Andrew Harrison||2017-18||MEM||PG,"Jeremy Lin||2018-19||ATL,TOR||PG",2,mst+knn,0.380721,0.6394190593584763
Andrew Nembhard||2023-24||IND||PG,Cory Joseph||2016-17||TOR||PG,2,mst+knn,0.254424,0.7590357230395274
Austin Reaves||2023-24||LAL||SG,Jalen Brunson||2018-19||DAL||PG,2,mst+knn,0.392771,0.628006895743445
Austin Reaves||2025-26||LAL||SG,Eric Bledsoe||2016-17||PHX||PG,2,mst+knn,0.291994,0.7235
Austin Reaves||2025-26||LAL||SG,Mike Conley||2018-19||MEM||PG,2,mst+knn,0.274583,0.739942824456427
Austin Reaves||2025-26||LAL||SG,Spencer Dinwiddie||2018-19||BKN||PG,2,mst,0.372828,0.6469
Austin Rivers||2017-18||LAC||SG,Tyreke Evans||2017-18||MEM||PG,2,mst+knn,0.331313,0.6862134785719906
Brandon Williams||2025-26||DAL||PG,"Jeremy Lin||2018-19||ATL,TOR||PG",2,mst+knn,0.381408,0.6388
Brandon Williams||2025-26||DAL||PG,Talen Horton-Tucker||2022-23||UTA||SG,2,mst+knn,0.304566,0.7115460829576145
Cade Cunningham||2021-22||DET||SG,"Dennis Smith Jr.||2018-19||DAL,NYK||PG",2,mst+knn,0.280962,0.7339007647231087
Cade Cunningham||2021-22||DET||SG,Shai Gilgeous-Alexander||2020-21||OKC||SG,2,mst+knn,0.275062,0.7395
"Cameron Payne||2018-19||CHI,CLE||PG",Jalen Brunson||2018-19||DAL||PG,2,mst+knn,0.401997,0.6193
Cameron Payne||2021-22||PHX||PG,"Dennis Schroder||2021-22||BOS,HOU||PG",2,mst+knn,0.358221,0.6607296063150567
Cameron Payne||2021-22||PHX||PG,Ja Morant||2024-25||MEM||PG,2,mst+knn,0.342788,0.6753462841828486
Cameron Payne||2022-23||PHX||PG,Darius Garland||2023-24||CLE||PG,2,mst+knn,0.322925,0.6942
Caris LeVert||2019-20||BKN||SG,"Caris LeVert||2020-21||BKN,IND||SG",2,mst+knn,0.201455,0.8092019406848613
Caris LeVert||2019-20||BKN||SG,Shai Gilgeous-Alexander||2020-21||OKC||SG,2,mst,0.226393,0.7856
"Caris LeVert||2020-21||BKN,IND||SG","Caris LeVert||2021-22||CLE,IND||SG",2,mst+knn,0.201502,0.8092
"Caris LeVert||2020-21||BKN,IND||SG",Emmanuel Mudiay||2018-19||NYK||PG,2,mst+knn,0.365599,0.6537415192564762
"Caris LeVert||2021-22||CLE,IND||SG",Ja Morant||2022-23||MEM||PG,2,mst,0.219735,0.7919
Caris LeVert||2023-24||CLE||SG,Talen Horton-Tucker||2023-24||UTA||PG,2,mst+knn,0.35403,0.6647
Coby White||2023-24||CHI||PG,Darius Garland||2020-21||CLE||PG,2,mst+knn,0.433382,0.5895444245437946
Cole Anthony||2020-21||ORL||PG,Scoot Henderson||2023-24||POR||PG,2,mst+knn,0.338937,0.679
Cole Anthony||2021-22||ORL||PG,Ryan Rollins||2025-26||MIL||PG,2,mst+knn,0.357251,0.6616481840528862
Cole Anthony||2021-22||ORL||PG,Scoot Henderson||2024-25||POR||PG,2,mst+knn,0.352195,0.6664369311761937
Cole Anthony||2022-23||ORL||PG,Emmanuel Mudiay||2018-19||NYK||PG,2,mst+knn,0.384398,0.63593705290129
Cole Anthony||2023-24||ORL||PG,Cole Anthony||2024-25||ORL||PG,2,mst+knn,0.270469,0.7438389200312822
Cole Anthony||2024-25||ORL||PG,Pat Spencer||2025-26||GSW||PG,2,mst+knn,0.343381,0.6748
Collin Sexton||2022-23||UTA||PG,Collin Sexton||2023-24||UTA||SG,2,mst+knn,0.327566,0.6898
Collin Sexton||2022-23||UTA||PG,Spencer Dinwiddie||2018-19||BKN||PG,2,mst+knn,0.307851,0.7084349583484906
"Collin Sexton||2025-26||CHA,CHI||SG",Emmanuel Mudiay||2019-20||UTA||PG,2,mst+knn,0.394203,0.6267
Cory Joseph||2016-17||TOR||PG,Jalen Brunson||2019-20||DAL||PG,2,mst+knn,0.302237,0.7138
Daniss Jenkins||2025-26||DET||PG,"Dennis Schroder||2025-26||CLE,SAC||PG",2,mst+knn,0.3617,0.6574340974432278
Darius Garland||2020-21||CLE||PG,Dennis Schroder||2016-17||ATL||PG,2,mst+knn,0.209165,0.8019
Darius Garland||2020-21||CLE||PG,Goran Dragic||2016-17||MIA||PG,2,mst+knn,0.221599,0.7901235986201112
Darius Garland||2023-24||CLE||PG,Ja Morant||2024-25||MEM||PG,2,mst+knn,0.29034,0.7250194407081146
Davion Mitchell||2021-22||SAC||PG,"Dennis Schroder||2025-26||CLE,SAC||PG",2,mst+knn,0.354839,0.6639322275969544
De'Aaron Fox||2017-18||SAC||PG,Scoot Henderson||2023-24||POR||PG,2,mst+knn,0.296342,0.7193348443002381
De'Aaron Fox||2018-19||SAC||PG,De'Aaron Fox||2019-20||SAC||PG,2,mst+knn,0.265463,0.7486
De'Aaron Fox||2018-19||SAC||PG,Stephon Castle||2025-26||SAS||PG,2,mst+knn,0.307202,0.7090489126720547
De'Aaron Fox||2019-20||SAC||PG,Ja Morant||2022-23||MEM||PG,2,mst+knn,0.181763,0.8279
De'Aaron Fox||2019-20||SAC||PG,"Mike James||2017-18||NOP,PHX||PG",2,mst+knn,0.308962,0.7074
De'Aaron Fox||2025-26||SAS||PG,Eric Bledsoe||2016-17||PHX||PG,2,mst+knn,0.263025,0.7509
De'Aaron Fox||2025-26||SAS||PG,Goran Dragic||2016-17||MIA||PG,2,mst+knn,0.271032,0.7433060410731169
Dennis Schroder||2018-19||OKC||PG,Scoot Henderson||2023-24||POR||PG,2,mst+knn,0.249351,0.7638402420821215
Dennis Schroder||2020-21||LAL||SG,Dennis Schroder||2022-23||LAL||PG,2,mst+knn,0.243395,0.7695
Dennis Schroder||2020-21||LAL||SG,"Dennis Schroder||2023-24||BKN,TOR||PG",2,mst+knn,0.277249,0.7374173164996174
Dennis Schroder||2020-21||LAL||SG,Markelle Fultz||2019-20||ORL||PG,2,mst+knn,0.362853,0.6563419218351653
Dennis Schroder||2020-21||LAL||SG,Ricky Rubio||2018-19||UTA||PG,2,mst+knn,0.28308,0.7319
Dennis Schroder||2020-21||LAL||SG,Stephon Castle||2025-26||SAS||PG,2,mst+knn,0.322441,0.6946164495731115
"Dennis Schroder||2023-24||BKN,TOR||PG","Dennis Schroder||2024-25||BKN,DET,GSW||PG",2,mst+knn,0.25119,0.7621
"Dennis Schroder||2024-25||BKN,DET,GSW||PG","Dennis Schroder||2025-26||CLE,SAC||PG",2,mst+knn,0.237983,0.7746067039742126
"Dennis Schroder||2025-26||CLE,SAC||PG","Vasilije Micic||2024-25||CHA,PHX||PG",2,mst+knn,0.452127,0.5718
Dennis Smith Jr.||2017-18||DAL||PG,"Dennis Smith Jr.||2018-19||DAL,NYK||PG",2,mst+knn,0.288664,0.7266066440305725
Dennis Smith Jr.||2017-18||DAL||PG,Talen Horton-Tucker||2023-24||UTA||PG,2,mst+knn,0.284589,0.7305
Derrick Rose||2021-22||NYK||PG,Goran Dragic||2018-19||MIA||PG,2,mst+knn,0.277522,0.7372
Derrick Rose||2021-22||NYK||PG,Shai Gilgeous-Alexander||2020-21||OKC||SG,2,mst+knn,0.242655,0.7702
Dylan Harper||2025-26||SAS||SG,T.J. McConnell||2022-23||IND||PG,2,mst+knn,0.326971,0.6903263293928306
"Elfrid Payton||2017-18||ORL,PHX||PG",Jrue Holiday||2018-19||NOP||SG,2,mst+knn,0.351515,0.6671
"Elfrid Payton||2017-18||ORL,PHX||PG",Raul Neto||2021-22||WAS||PG,2,mst+knn,0.415102,0.6069
"Emmanuel Mudiay||2017-18||DEN,NYK||PG",Jaden Ivey||2022-23||DET||SG,2,mst+knn,0.350248,0.6683
"Emmanuel Mudiay||2017-18||DEN,NYK||PG",Jeremiah Fears||2025-26||NOP||PG,2,mst+knn,0.314987,0.7017
"Emmanuel Mudiay||2017-18||DEN,NYK||PG",Reggie Jackson||2023-24||DEN||PG,2,mst+knn,0.208287,0.8027317322277043
Emmanuel Mudiay||2019-20||UTA||PG,"Jeremy Lin||2018-19||ATL,TOR||PG",2,mst+knn,0.369966,0.6496059256385351
Eric Bledsoe||2016-17||PHX||PG,John Wall||2017-18||WAS||PG,2,mst+knn,0.160273,0.8482057749707335
Eric Bledsoe||2016-17||PHX||PG,Kris Dunn||2017-18||CHI||PG,2,mst+knn,0.263154,0.7508
Eric Bledsoe||2016-17||PHX||PG,Shai Gilgeous-Alexander||2020-21||OKC||SG,2,mst+knn,0.147323,0.8605
Eric Bledsoe||2016-17||PHX||PG,Spencer Dinwiddie||2019-20||BKN||PG,2,mst+knn,0.30558,0.7106
"Eric Bledsoe||2017-18||MIL,PHX||PG",Jrue Holiday||2018-19||NOP||SG,2,mst+knn,0.330912,0.6866
Eric Bledsoe||2018-19||MIL||PG,Eric Bledsoe||2019-20||MIL||PG,2,mst+knn,0.270752,0.7436
Eric Bledsoe||2019-20||MIL||PG,Jrue Holiday||2020-21||MIL||PG,2,mst+knn,0.223842,0.788
Frank Mason||2017-18||SAC||PG,"Vasilije Micic||2024-25||CHA,PHX||PG",2,mst+knn,0.467757,0.557
Goran Dragic||2016-17||MIA||PG,Goran Dragic||2017-18||MIA||PG,2,mst+knn,0.233677,0.7787
Ish Smith||2018-19||DET||PG,Pat Spencer||2025-26||GSW||PG,2,mst+knn,0.387667,0.6328412007555042
Ja Morant||2019-20||MEM||PG,Ja Morant||2021-22||MEM||PG,2,mst+knn,0.142154,0.8654
Ja Morant||2019-20||MEM||PG,Talen Horton-Tucker||2022-23||UTA||SG,2,mst+knn,0.28936,0.7259470044802745
Ja Morant||2020-21||MEM||PG,Ja Morant||2021-22||MEM||PG,2,mst+knn,0.174359,0.8349
Ja Morant||2020-21||MEM||PG,"Russell Westbrook||2022-23||LAC,LAL||PG",2,mst+knn,0.32948,0.6879498669470545
Ja Morant||2021-22||MEM||PG,Ja Morant||2022-23||MEM||PG,2,mst+knn,0.062302,0.941
Ja Morant||2022-23||MEM||PG,Ja Morant||2024-25||MEM||PG,2,mst+knn,0.081859,0.9225
Ja Morant||2024-25||MEM||PG,LaMelo Ball||2020-21||CHA||PG,2,mst+knn,0.284334,0.7307075897779063
Jaden Ivey||2022-23||DET||SG,Scoot Henderson||2023-24||POR||PG,2,mst+knn,0.297063,0.7187
Jaden Ivey||2024-25||DET||SG,Jalen Suggs||2024-25||ORL||PG,2,mst+knn,0.276832,0.7378123080888851
Jaden Ivey||2024-25||DET||SG,John Wall||2018-19||WAS||PG,2,mst+knn,0.188316,0.8216462009450973
Jaden Ivey||2024-25||DET||SG,Scoot Henderson||2025-26||POR||PG,2,mst+knn,0.18546,0.8244
Jalen Brunson||2018-19||DAL||PG,Jalen Brunson||2019-20||DAL||PG,2,mst+knn,0.33119,0.6863303964159967
Jalen Brunson||2019-20||DAL||PG,Jalen Brunson||2020-21||DAL||PG,2,mst+knn,0.330986,0.6865234172298895
Jalen Brunson||2019-20||DAL||PG,Ty Jerome||2024-25||CLE||SG,2,mst+knn,0.427976,0.5947
Jalen Brunson||2020-21||DAL||PG,T.J. McConnell||2022-23||IND||PG,2,mst+knn,0.204144,0.8067
"Jared Butler||2024-25||PHI,WAS||SG","Jeff Teague||2019-20||ATL,MIN||PG",2,mst+knn,0.321495,0.6955123835839851
"Jared Butler||2024-25||PHI,WAS||SG",Pat Spencer||2025-26||GSW||PG,2,mst+knn,0.282561,0.7324
Jeff Teague||2016-17||IND||PG,Jeff Teague||2017-18||MIN||PG,2,mst+knn,0.186905,0.823
Jeff Teague||2017-18||MIN||PG,Jeff Teague||2018-19||MIN||PG,2,mst+knn,0.173805,0.8354
Jeff Teague||2017-18||MIN||PG,"Jeff Teague||2019-20||ATL,MIN||PG",2,mst+knn,0.33841,0.6795
Jeff Teague||2018-19||MIN||PG,Kris Dunn||2018-19||CHI||PG,2,mst+knn,0.258192,0.7555
"Jeff Teague||2019-20||ATL,MIN||PG",T.J. McConnell||2022-23||IND||PG,2,mst,0.380584,0.6395
"Jeff Teague||2019-20||ATL,MIN||PG","Vasilije Micic||2023-24||CHA,OKC||PG",2,mst+knn,0.46151,0.5629045044684172
"Jeff Teague||2020-21||BOS,MIL||PG",Scoot Henderson||2024-25||POR||PG,2,mst+knn,0.35916,0.6598402566352315
Jeremiah Fears||2025-26||NOP||PG,Talen Horton-Tucker||2022-23||UTA||SG,2,mst+knn,0.302587,0.7134197260069017
Jeremy Lin||2016-17||BKN||PG,Jrue Holiday||2019-20||NOP||SG,2,mst+knn,0.22858,0.7835116714412073
Jeremy Lin||2016-17||BKN||PG,Shai Gilgeous-Alexander||2020-21||OKC||SG,2,mst+knn,0.215472,0.7959269967890396
John Wall||2017-18||WAS||PG,John Wall||2018-19||WAS||PG,2,mst+knn,0.139707,0.8677
John Wall||2017-18||WAS||PG,John Wall||2020-21||HOU||PG,2,mst+knn,0.165539,0.8432178982131122
John Wall||2017-18||WAS||PG,Malcolm Brogdon||2023-24||POR||PG,2,mst+knn,0.264443,0.7495461569934219
John Wall||2018-19||WAS||PG,Malcolm Brogdon||2021-22||IND||PG,2,mst+knn,0.176111,0.8332052277053397
John Wall||2020-21||HOU||PG,Malcolm Brogdon||2020-21||IND||PG,2,mst+knn,0.319233,0.6977
Josh Giddey||2024-25||CHI||PG,Josh Giddey||2025-26||CHI||PG,2,mst+knn,0.300482,0.715414127499161
Josh Giddey||2025-26||CHI||PG,Jrue Holiday||2018-19||NOP||SG,2,mst+knn,0.251263,0.7620294495330944
Jrue Holiday||2016-17||NOP||PG,Jrue Holiday||2018-19||NOP||SG,2,mst+knn,0.149213,0.8587
Jrue Holiday||2016-17||NOP||PG,Shai Gilgeous-Alexander||2020-21||OKC||SG,2,mst+knn,0.183541,0.8262
Jrue Holiday||2017-18||NOP||SG,Jrue Holiday||2018-19||NOP||SG,2,mst+knn,0.11704,0.8892
Jrue Holiday||2017-18||NOP||SG,Jrue Holiday||2020-21||MIL||PG,2,mst,0.263357,0.7506
Jrue Holiday||2019-20||NOP||SG,Rajon Rondo||2018-19||LAL||PG,2,mst+knn,0.320136,0.6968
Jrue Holiday||2019-20||NOP||SG,"Tre Mann||2023-24||CHA,OKC||PG",2,mst+knn,0.320955,0.6960234101989436
Jrue Holiday||2020-21||MIL||PG,Jrue Holiday||2021-22||MIL||PG,2,mst+knn,0.171311,0.8378
Jrue Holiday||2021-22||MIL||PG,Ryan Rollins||2025-26||MIL||PG,2,mst+knn,0.19683,0.8136
Kevin Porter Jr.||2020-21||HOU||SG,Shai Gilgeous-Alexander||2020-21||OKC||SG,2,mst+knn,0.233399,0.7789484335237478
Kevin Porter Jr.||2022-23||HOU||PG,Shai Gilgeous-Alexander||2020-21||OKC||SG,2,mst+knn,0.251451,0.7619
Kris Dunn||2017-18||CHI||PG,Kris Dunn||2018-19||CHI||PG,2,mst+knn,0.125848,0.8808093327451901
LaMelo Ball||2020-21||CHA||PG,LaMelo Ball||2021-22||CHA||PG,2,mst+knn,0.332273,0.6853044912775087
Lance Stephenson||2017-18||IND||SG,Shake Milton||2022-23||PHI||SG,2,mst+knn,0.455159,0.5689195853994529
Malcolm Brogdon||2019-20||IND||PG,Malcolm Brogdon||2020-21||IND||PG,2,mst+knn,0.183142,0.8265463552518537
Markelle Fultz||2019-20||ORL||PG,Shai Gilgeous-Alexander||2018-19||LAC||PG,2,mst+knn,0.430507,0.5923
Nolan Traore||2025-26||BKN||PG,Scoot Henderson||2024-25||POR||PG,2,mst+knn,0.436381,0.5867041396552424
Raul Neto||2021-22||WAS||PG,Shelvin Mack||2016-17||UTA||PG,2,mst+knn,0.340475,0.6775361858387232
Ricky Rubio||2017-18||UTA||PG,Ricky Rubio||2018-19||UTA||PG,2,mst+knn,0.180572,0.829
Ricky Rubio||2021-22||CLE||PG,Scoot Henderson||2025-26||POR||PG,2,mst+knn,0.287623,0.7276
Russell Westbrook||2021-22||LAL||PG,"Russell Westbrook||2022-23||LAC,LAL||PG",2,mst+knn,0.134152,0.8729444929798018
Shai Gilgeous-Alexander||2019-20||OKC||SG,Shai Gilgeous-Alexander||2021-22||OKC||PG,2,mst+knn,0.297153,0.7186
Shai Gilgeous-Alexander||2020-21||OKC||SG,Shai Gilgeous-Alexander||2021-22||OKC||PG,2,mst+knn,0.098251,0.906946392985756
Shake Milton||2021-22||PHI||SG,Shake Milton||2022-23||PHI||SG,2,mst+knn,0.298959,0.7169
Sharife Cooper||2025-26||WAS||PG,T.J. McConnell||2022-23||IND||PG,2,mst+knn,0.274214,0.7403
Spencer Dinwiddie||2018-19||BKN||PG,"Spencer Dinwiddie||2021-22||DAL,WAS||PG",2,mst+knn,0.331821,0.6857325898067244
Spencer Dinwiddie||2019-20||BKN||PG,Tyreke Evans||2017-18||MEM||PG,2,mst+knn,0.26672,0.7474
"Spencer Dinwiddie||2021-22||DAL,WAS||PG",Spencer Dinwiddie||2024-25||DAL||PG,2,mst+knn,0.238347,0.7743
"Aaron Holiday||2021-22||PHX,WAS||PG",Talen Horton-Tucker||2022-23||UTA||SG,2,knn,0.371998,0.6477
Ajay Mitchell||2024-25||OKC||SG,Cameron Payne||2021-22||PHX||PG,2,knn,0.502978,0.5236
Andrew Harrison||2017-18||MEM||PG,Cory Joseph||2016-17||TOR||PG,2,knn,0.45692,0.5673
Andrew Nembhard||2023-24||IND||PG,Jalen Brunson||2019-20||DAL||PG,2,knn,0.367867,0.6516
Austin Reaves||2023-24||LAL||SG,Jrue Holiday||2016-17||NOP||PG,2,knn,0.487046,0.5387
Austin Rivers||2017-18||LAC||SG,Spencer Dinwiddie||2019-20||BKN||PG,2,knn,0.403757,0.6176
"Cameron Payne||2018-19||CHI,CLE||PG",Shelvin Mack||2016-17||UTA||PG,2,knn,0.47297,0.5521
Cameron Payne||2021-22||PHX||PG,Cameron Payne||2022-23||PHX||PG,2,knn,0.344757,0.6735
Caris LeVert||2019-20||BKN||SG,"Caris LeVert||2021-22||CLE,IND||SG",2,knn,0.213795,0.7975149833395824
Caris LeVert||2023-24||CLE||SG,Ja Morant||2022-23||MEM||PG,2,knn,0.361856,0.6573
Coby White||2023-24||CHI||PG,De'Aaron Fox||2019-20||SAC||PG,2,knn,0.436231,0.5868
Cole Anthony||2020-21||ORL||PG,Dennis Schroder||2018-19||OKC||PG,2,knn,0.343501,0.6747
Cole Anthony||2022-23||ORL||PG,Cole Anthony||2023-24||ORL||PG,2,knn,0.412176,0.6096286349755304
Collin Sexton||2023-24||UTA||SG,Ja Morant||2020-21||MEM||PG,2,knn,0.41997,0.6022
"Collin Sexton||2025-26||CHA,CHI||SG","Emmanuel Mudiay||2017-18||DEN,NYK||PG",2,knn,0.402723,0.6186
Cole Anthony||2024-25||ORL||PG,Daniss Jenkins||2025-26||DET||PG,2,knn,0.395793,0.6251
Darius Garland||2020-21||CLE||PG,Darius Garland||2023-24||CLE||PG,2,knn,0.30264,0.7134
Davion Mitchell||2021-22||SAC||PG,Reggie Jackson||2023-24||DEN||PG,2,knn,0.356971,0.6619129743580308
De'Aaron Fox||2017-18||SAC||PG,Jeremiah Fears||2025-26||NOP||PG,2,knn,0.387612,0.6329
De'Aaron Fox||2018-19||SAC||PG,Jeff Teague||2017-18||MIN||PG,2,knn,0.296013,0.7196
De'Aaron Fox||2019-20||SAC||PG,Ja Morant||2024-25||MEM||PG,2,knn,0.207749,0.8032
Dennis Schroder||2016-17||ATL||PG,Goran Dragic||2016-17||MIA||PG,2,knn,0.262136,0.7517
"Dennis Schroder||2021-22||BOS,HOU||PG","Jeremy Lin||2018-19||ATL,TOR||PG",2,knn,0.392435,0.6283
Dennis Schroder||2022-23||LAL||PG,"Dennis Schroder||2024-25||BKN,DET,GSW||PG",2,knn,0.328836,0.6886
"Dennis Schroder||2023-24||BKN,TOR||PG","Dennis Schroder||2025-26||CLE,SAC||PG",2,knn,0.275748,0.7388397190982514
"Dennis Smith Jr.||2018-19||DAL,NYK||PG",Kevin Porter Jr.||2022-23||HOU||PG,2,knn,0.281464,0.7334
Derrick Rose||2021-22||NYK||PG,Jeremy Lin||2016-17||BKN||PG,2,knn,0.252656,0.7607
Dylan Harper||2025-26||SAS||SG,Jalen Brunson||2020-21||DAL||PG,2,knn,0.336698,0.6811
"Elfrid Payton||2017-18||ORL,PHX||PG",Jrue Holiday||2017-18||NOP||SG,2,knn,0.354087,0.6646
"Aaron Holiday||2021-22||PHX,WAS||PG",Emmanuel Mudiay||2019-20||UTA||PG,2,knn,0.386648,0.6338
Eric Bledsoe||2016-17||PHX||PG,Shai Gilgeous-Alexander||2021-22||OKC||PG,2,knn,0.151001,0.857
De'Aaron Fox||2019-20||SAC||PG,"Eric Bledsoe||2017-18||MIL,PHX||PG",2,knn,0.373686,0.6461
Eric Bledsoe||2018-19||MIL||PG,Jrue Holiday||2020-21||MIL||PG,2,knn,0.391642,0.6291
Daniss Jenkins||2025-26||DET||PG,Frank Mason||2017-18||SAC||PG,2,knn,0.494254,0.5319
De'Aaron Fox||2025-26||SAS||PG,Goran Dragic||2017-18||MIA||PG,2,knn,0.305271,0.7109
Caris LeVert||2019-20||BKN||SG,Goran Dragic||2018-19||MIA||PG,2,knn,0.296304,0.7194
Ish Smith||2018-19||DET||PG,Jeff Teague||2017-18||MIN||PG,2,knn,0.394741,0.6261
Ja Morant||2019-20||MEM||PG,Ja Morant||2022-23||MEM||PG,2,knn,0.169789,0.8392
Ja Morant||2019-20||MEM||PG,Ja Morant||2020-21||MEM||PG,2,knn,0.179339,0.8301
Ja Morant||2021-22||MEM||PG,Ja Morant||2024-25||MEM||PG,2,knn,0.172633,0.8365
Jalen Brunson||2018-19||DAL||PG,Jalen Brunson||2020-21||DAL||PG,2,knn,0.344958,0.6733
Jalen Suggs||2024-25||ORL||PG,John Wall||2018-19||WAS||PG,2,knn,0.29132,0.7241
Jeff Teague||2016-17||IND||PG,Jeff Teague||2018-19||MIN||PG,2,knn,0.247199,0.7659
"Aaron Holiday||2021-22||PHX,WAS||PG","Jeff Teague||2020-21||BOS,MIL||PG",2,knn,0.385392,0.635
John Wall||2018-19||WAS||PG,John Wall||2020-21||HOU||PG,2,knn,0.174827,0.834421416460732
Cade Cunningham||2021-22||DET||SG,Josh Giddey||2024-25||CHI||PG,2,knn,0.358563,0.6604
Josh Giddey||2025-26||CHI||PG,Jrue Holiday||2016-17||NOP||PG,2,knn,0.260542,0.7532
Jrue Holiday||2016-17||NOP||PG,Jrue Holiday||2017-18||NOP||SG,2,knn,0.225843,0.7861
Jrue Holiday||2018-19||NOP||SG,Jrue Holiday||2019-20||NOP||SG,2,knn,0.232606,0.7797
John Wall||2018-19||WAS||PG,Kevin Porter Jr.||2020-21||HOU||SG,2,knn,0.262198,0.7517
Kevin Porter Jr.||2020-21||HOU||SG,Kevin Porter Jr.||2022-23||HOU||PG,2,knn,0.270495,0.7438
Ja Morant||2019-20||MEM||PG,LaMelo Ball||2020-21||CHA||PG,2,knn,0.292536,0.7229
Darius Garland||2020-21||CLE||PG,LaMelo Ball||2021-22||CHA||PG,2,knn,0.340369,0.6776
Lance Stephenson||2017-18||IND||SG,Russell Westbrook||2021-22||LAL||PG,2,knn,0.493796,0.5323
John Wall||2020-21||HOU||PG,Malcolm Brogdon||2019-20||IND||PG,2,knn,0.357153,0.6617
John Wall||2020-21||HOU||PG,Malcolm Brogdon||2021-22||IND||PG,2,knn,0.261649,0.7522
Malcolm Brogdon||2023-24||POR||PG,Scoot Henderson||2025-26||POR||PG,2,knn,0.273394,0.7411
De'Aaron Fox||2025-26||SAS||PG,Malik Monk||2024-25||SAC||SG,2,knn,0.369025,0.6505
De'Aaron Fox||2018-19||SAC||PG,Mike Conley||2018-19||MEM||PG,2,knn,0.300798,0.7151
"Mike James||2017-18||NOP,PHX||PG",Shai Gilgeous-Alexander||2021-22||OKC||PG,2,knn,0.310701,0.7057
Nolan Traore||2025-26||BKN||PG,Talen Horton-Tucker||2023-24||UTA||PG,2,knn,0.44047,0.5828
Rajon Rondo||2018-19||LAL||PG,Ricky Rubio||2021-22||CLE||PG,2,knn,0.34119,0.6769
"Dennis Schroder||2024-25||BKN,DET,GSW||PG",Ricky Rubio||2017-18||UTA||PG,2,knn,0.428743,0.5939
John Wall||2018-19||WAS||PG,Ricky Rubio||2021-22||CLE||PG,2,knn,0.311,0.7055
Jaden Ivey||2022-23||DET||SG,Russell Westbrook||2021-22||LAL||PG,2,knn,0.369602,0.65
Raul Neto||2021-22||WAS||PG,Shai Gilgeous-Alexander||2018-19||LAC||PG,2,knn,0.436096,0.587
Eric Bledsoe||2016-17||PHX||PG,Shai Gilgeous-Alexander||2019-20||OKC||SG,2,knn,0.361339,0.6578
"Emmanuel Mudiay||2017-18||DEN,NYK||PG",Shake Milton||2022-23||PHI||SG,2,knn,0.406485,0.615
Jalen Brunson||2020-21||DAL||PG,Sharife Cooper||2025-26||WAS||PG,2,knn,0.42504,0.5974
"Aaron Holiday||2021-22||PHX,WAS||PG",Shelvin Mack||2016-17||UTA||PG,2,knn,0.418764,0.6034
"Dennis Schroder||2025-26||CLE,SAC||PG",Spencer Dinwiddie||2024-25||DAL||PG,2,knn,0.390329,0.6303
Jeremy Lin||2016-17||BKN||PG,"Tre Mann||2023-24||CHA,OKC||PG",2,knn,0.353426,0.6653
"Jared Butler||2024-25||PHI,WAS||SG",Ty Jerome||2024-25||CLE||SG,2,knn,0.464332,0.5602
Shake Milton||2022-23||PHI||SG,"Vasilije Micic||2023-24||CHA,OKC||PG",2,knn,0.473639,0.5514
Alex Caruso||2019-20||LAL||PG,George Hill||2021-22||MIL||PG,3,mst+knn,0.317893,0.6848
Alex Caruso||2019-20||LAL||PG,Sion James||2025-26||CHA||SG,3,mst+knn,0.281338,0.7210423261364315
Alex Caruso||2020-21||LAL||PG,Kris Dunn||2025-26||LAC||PG,3,mst+knn,0.308872,0.6937414112292246
Alex Caruso||2021-22||CHI||SG,Alex Caruso||2023-24||CHI||SG,3,mst+knn,0.26271,0.7395127093125768
Alex Caruso||2021-22||CHI||SG,Jalen Suggs||2022-23||ORL||SG,3,mst+knn,0.37142,0.6317221762212407
Alex Caruso||2021-22||CHI||SG,Marcus Smart||2016-17||BOS||SG,3,mst+knn,0.270196,0.7321
Alex Caruso||2021-22||CHI||SG,Vince Williams Jr.||2023-24||MEM||SG,3,mst+knn,0.241204,0.760836997149603
Alex Caruso||2023-24||CHI||SG,Danny Green||2016-17||SAS||SG,3,mst,0.297066,0.7054
Alex Caruso||2023-24||CHI||SG,Derrick White||2022-23||BOS||SG,3,mst+knn,0.212626,0.7892
Alex Caruso||2023-24||CHI||SG,Jordan Goodwin||2024-25||LAL||PG,3,mst+knn,0.350195,0.6528
Alex Caruso||2023-24||CHI||SG,Jrue Holiday||2023-24||BOS||PG,3,mst+knn,0.299628,0.7029063515452472
Alex Caruso||2024-25||OKC||SG,Cason Wallace||2025-26||OKC||SG,3,mst+knn,0.189974,0.8116335833261136
Alex Caruso||2024-25||OKC||SG,Jrue Holiday||2024-25||BOS||PG,3,mst+knn,0.24467,0.7574
"Austin Rivers||2018-19||HOU,WAS||SG",Austin Rivers||2022-23||MIN||SG,3,mst+knn,0.279234,0.7231285535559697
Austin Rivers||2019-20||HOU||SG,Randy Foye||2016-17||BKN||SG,3,mst+knn,0.352071,0.650907765036407
"Austin Rivers||2020-21||DEN,NYK||SG","Donte DiVincenzo||2021-22||MIL,SAC||SG",3,mst+knn,0.39653,0.6068250018293035
Austin Rivers||2021-22||DEN||SG,Austin Rivers||2022-23||MIN||SG,3,mst+knn,0.201205,0.8005
Austin Rivers||2021-22||DEN||SG,Devin Harris||2018-19||DAL||PG,3,mst+knn,0.231599,0.7704
Austin Rivers||2021-22||DEN||SG,Rayan Rupert||2023-24||POR||SG,3,mst+knn,0.332116,0.6707
Austin Rivers||2021-22||DEN||SG,Terence Davis||2019-20||TOR||SG,3,mst+knn,0.268016,0.7343
Brandin Podziemski||2023-24||GSW||SG,Kris Dunn||2024-25||LAC||PG,3,mst+knn,0.344456,0.6585
Cason Wallace||2025-26||OKC||SG,Kris Dunn||2024-25||LAC||PG,3,mst+knn,0.206288,0.7955
Chasson Randle||2018-19||WAS||PG,"Devin Harris||2017-18||DAL,DEN||PG",3,mst+knn,0.306227,0.6964
Chasson Randle||2018-19||WAS||PG,Kasparas Jakucionis||2025-26||MIA||PG,3,mst+knn,0.275359,0.727
Daishen Nix||2022-23||HOU||PG,Devin Harris||2018-19||DAL||PG,3,mst+knn,0.259243,0.7429499606650806
Daishen Nix||2022-23||HOU||PG,Jose Alvarado||2022-23||NOP||PG,3,mst+knn,0.248547,0.7536
Daishen Nix||2022-23||HOU||PG,Randy Foye||2016-17||BKN||SG,3,mst+knn,0.225726,0.7762
Daishen Nix||2022-23||HOU||PG,Sion James||2025-26||CHA||SG,3,mst,0.282915,0.7195
Danny Green||2016-17||SAS||SG,De'Anthony Melton||2022-23||PHI||SG,3,mst+knn,0.19368,0.808
Danny Green||2016-17||SAS||SG,Dyson Daniels||2023-24||NOP||PG,3,mst+knn,0.253906,0.7482424230544196
Danny Green||2016-17||SAS||SG,Garrett Temple||2016-17||SAC||SG,3,mst+knn,0.280833,0.7215423493429663
Danny Green||2016-17||SAS||SG,Keon Ellis||2023-24||SAC||SG,3,mst,0.276153,0.7262
Dante Exum||2023-24||DAL||PG,Patrick Beverley||2018-19||LAC||PG,3,mst+knn,0.478297,0.525749821598984
De'Anthony Melton||2020-21||MEM||PG,De'Anthony Melton||2021-22||MEM||SG,3,mst+knn,0.268188,0.7341
De'Anthony Melton||2021-22||MEM||SG,Donte DiVincenzo||2020-21||MIL||SG,3,mst+knn,0.304557,0.6980197280300138
De'Anthony Melton||2021-22||MEM||SG,Keon Ellis||2024-25||SAC||SG,3,mst+knn,0.274921,0.727404834631718
De'Anthony Melton||2023-24||PHI||SG,Lonzo Ball||2024-25||CHI||PG,3,mst+knn,0.272475,0.7298302006376588
Derrick White||2020-21||SAS||SG,Josh Richardson||2016-17||MIA||SG,3,mst+knn,0.330271,0.6725230358081611
Derrick White||2022-23||BOS||SG,Derrick White||2023-24||BOS||SG,3,mst+knn,0.18145,0.8201
Devin Harris||2016-17||DAL||PG,Jose Alvarado||2023-24||NOP||PG,3,mst+knn,0.388307,0.615
Devin Harris||2018-19||DAL||PG,Ryan Arcidiacono||2019-20||CHI||PG,3,mst+knn,0.294224,0.7083
Donte DiVincenzo||2019-20||MIL||SG,Marcus Smart||2025-26||LAL||SG,3,mst+knn,0.263457,0.7388
"Donte DiVincenzo||2021-22||MIL,SAC||SG",Sion James||2025-26||CHA||SG,3,mst+knn,0.422468,0.5811056482836835
Donte DiVincenzo||2022-23||GSW||SG,Keon Ellis||2023-24||SAC||SG,3,mst+knn,0.274793,0.7275321641771757
Donte DiVincenzo||2022-23||GSW||SG,"Kyle Lowry||2023-24||MIA,PHI||PG",3,mst+knn,0.280916,0.7215
Donte DiVincenzo||2024-25||MIN||SG,Jose Alvarado||2023-24||NOP||PG,3,mst+knn,0.437771,0.5659326736086936
Facundo Campazzo||2020-21||DEN||PG,Facundo Campazzo||2021-22||DEN||PG,3,mst+knn,0.280627,0.721747298428382
Facundo Campazzo||2020-21||DEN||PG,Fred VanVleet||2017-18||TOR||PG,3,mst+knn,0.27067,0.7316198774317477
Facundo Campazzo||2020-21||DEN||PG,Patrick Beverley||2021-22||MIN||PG,3,mst+knn,0.324814,0.6779337309245683
Facundo Campazzo||2020-21||DEN||PG,Sion James||2025-26||CHA||SG,3,mst+knn,0.231967,0.77
Fred VanVleet||2019-20||TOR||SG,Lonzo Ball||2017-18||LAL||PG,3,mst+knn,0.289515,0.7129342737041926
Garrett Temple||2016-17||SAC||SG,Kyshawn George||2024-25||WAS||SG,3,mst+knn,0.312999,0.6896488684893491
George Hill||2019-20||MIL||PG,Patrick Beverley||2018-19||LAC||PG,3,mst+knn,0.418123,0.5854140631374037
George Hill||2021-22||MIL||PG,"Tyrese Martin||2025-26||BKN,PHI||SG",3,mst+knn,0.485282,0.5188229906251157
Jalen Suggs||2023-24||ORL||SG,Marcus Smart||2018-19||BOS||SG,3,mst+knn,0.287083,0.7153457965028964
Jason Terry||2016-17||MIL||SG,"Kyle Lowry||2023-24||MIA,PHI||PG",3,mst,0.30775,0.6949
Jason Terry||2016-17||MIL||SG,Randy Foye||2016-17||BKN||SG,3,mst+knn,0.30017,0.7024
Jason Terry||2016-17||MIL||SG,Vit Krejci||2024-25||ATL||PG,3,mst+knn,0.486898,0.5172215755495126
Jevon Carter||2019-20||PHX||PG,Jordan Goodwin||2025-26||PHX||PG,3,mst+knn,0.309042,0.6936
John Konchar||2021-22||MEM||SG,Keon Ellis||2023-24||SAC||SG,3,mst+knn,0.457899,0.546
Jordan Goodwin||2025-26||PHX||PG,Manu Ginobili||2016-17||SAS||SG,3,mst+knn,0.303339,0.6992277079851722
Jordan Goodwin||2025-26||PHX||PG,Ryan Arcidiacono||2019-20||CHI||PG,3,mst+knn,0.287139,0.7153
Jose Alvarado||2023-24||NOP||PG,Patrick Beverley||2018-19||LAC||PG,3,mst+knn,0.334087,0.6687398419908303
Josh Richardson||2016-17||MIA||SG,Lonzo Ball||2021-22||CHI||PG,3,mst+knn,0.313266,0.6894
Kasparas Jakucionis||2025-26||MIA||PG,Sion James||2025-26||CHA||SG,3,mst+knn,0.168728,0.8327
Keon Ellis||2023-24||SAC||SG,Keon Ellis||2024-25||SAC||SG,3,mst+knn,0.158721,0.8426221830723265
Kris Dunn||2024-25||LAC||PG,Kris Dunn||2025-26||LAC||PG,3,mst+knn,0.269157,0.7331201058947563
Kris Dunn||2024-25||LAC||PG,Marcus Smart||2025-26||LAL||SG,3,mst+knn,0.299254,0.7033
Kris Dunn||2024-25||LAC||PG,"Patrick Beverley||2022-23||CHI,LAL||SG",3,mst+knn,0.186866,0.8147149710833707
Kyle Lowry||2018-19||TOR||PG,Marcus Smart||2022-23||BOS||PG,3,mst+knn,0.314997,0.6877
Lonzo Ball||2017-18||LAL||PG,Lonzo Ball||2018-19||LAL||PG,3,mst+knn,0.177252,0.8242479769971115
Lonzo Ball||2017-18||LAL||PG,Marcus Smart||2019-20||BOS||SG,3,mst+knn,0.226593,0.7753242476363686
Lonzo Ball||2017-18||LAL||PG,"Vince Williams Jr.||2025-26||MEM,UTA||SG",3,mst+knn,0.412556,0.5909345878967788
Lonzo Ball||2018-19||LAL||PG,Lonzo Ball||2021-22||CHI||PG,3,mst+knn,0.227878,0.7740495190109468
Lonzo Ball||2019-20||NOP||PG,Lonzo Ball||2020-21||NOP||PG,3,mst+knn,0.278923,0.7234367328245292
Lonzo Ball||2020-21||NOP||PG,Lonzo Ball||2021-22||CHI||PG,3,mst+knn,0.266422,0.7358314761017385
Lonzo Ball||2021-22||CHI||PG,Lonzo Ball||2024-25||CHI||PG,3,mst+knn,0.266786,0.7355
Lonzo Ball||2021-22||CHI||PG,"Tyler Johnson||2018-19||MIA,PHX||PG",3,mst+knn,0.444794,0.559
Lonzo Ball||2021-22||CHI||PG,Victor Oladipo||2022-23||MIA||SG,3,mst+knn,0.27984,0.7225271875990167
Lonzo Ball||2025-26||CLE||PG,Patrick Beverley||2020-21||LAC||PG,3,mst+knn,0.395439,0.6079059957447028
Marcus Smart||2016-17||BOS||SG,Marcus Smart||2019-20||BOS||SG,3,mst+knn,0.250588,0.7515322889838261
Marcus Smart||2017-18||BOS||SG,Marcus Smart||2022-23||BOS||PG,3,mst+knn,0.171609,0.8298429294235988
Marcus Smart||2017-18||BOS||SG,"Marcus Smart||2024-25||MEM,WAS||PG",3,mst+knn,0.316449,0.6862277624988288
Marcus Smart||2018-19||BOS||SG,Patrick Beverley||2019-20||LAC||PG,3,mst+knn,0.277923,0.7244279154733833
Marcus Smart||2018-19||BOS||SG,"Patrick Beverley||2022-23||CHI,LAL||SG",3,mst+knn,0.275143,0.7272
Marcus Smart||2020-21||BOS||PG,Marcus Smart||2022-23||BOS||PG,3,mst+knn,0.22572,0.7762
Marcus Smart||2021-22||BOS||PG,Marcus Smart||2022-23||BOS||PG,3,mst+knn,0.211797,0.79
Marcus Smart||2022-23||BOS||PG,Patrick Beverley||2016-17||HOU||SG,3,mst,0.238806,0.7632
Matisse Thybulle||2025-26||POR||SG,Rayan Rupert||2023-24||POR||SG,3,mst+knn,0.324959,0.6778
Nickeil Alexander-Walker||2023-24||MIN||SG,Nickeil Alexander-Walker||2024-25||MIN||SG,3,mst+knn,0.303451,0.6991164940819151
Nickeil Alexander-Walker||2024-25||MIN||SG,Vince Williams Jr.||2023-24||MEM||SG,3,mst+knn,0.314217,0.6884414131863141
Patrick Beverley||2016-17||HOU||SG,Patrick Beverley||2018-19||LAC||PG,3,mst+knn,0.221918,0.78
Patrick Beverley||2016-17||HOU||SG,Patrick Beverley||2019-20||LAC||PG,3,mst+knn,0.208801,0.793
Patrick Beverley||2016-17||HOU||SG,Vince Williams Jr.||2023-24||MEM||SG,3,mst+knn,0.212858,0.7889423242068414
Patrick Beverley||2019-20||LAC||PG,Patrick Beverley||2020-21||LAC||PG,3,mst+knn,0.24374,0.7583217062253933
Alex Caruso||2020-21||LAL||PG,Sion James||2025-26||CHA||SG,3,knn,0.315761,0.6869
"Austin Rivers||2018-19||HOU,WAS||SG",Facundo Campazzo||2020-21||DEN||PG,3,knn,0.336396,0.6664
Austin Rivers||2019-20||HOU||SG,Jose Alvarado||2023-24||NOP||PG,3,knn,0.40309,0.6003
"Austin Rivers||2020-21||DEN,NYK||SG",Austin Rivers||2022-23||MIN||SG,3,knn,0.426694,0.5769
Brandin Podziemski||2023-24||GSW||SG,Cason Wallace||2025-26||OKC||SG,3,knn,0.369115,0.634
Chasson Randle||2018-19||WAS||PG,Sion James||2025-26||CHA||SG,3,knn,0.292647,0.7098
Dante Exum||2023-24||DAL||PG,George Hill||2019-20||MIL||PG,3,knn,0.495979,0.5082
De'Anthony Melton||2020-21||MEM||PG,De'Anthony Melton||2022-23||PHI||SG,3,knn,0.329704,0.6731
De'Anthony Melton||2021-22||MEM||SG,De'Anthony Melton||2022-23||PHI||SG,3,knn,0.279928,0.7224
De'Anthony Melton||2023-24||PHI||SG,Lonzo Ball||2018-19||LAL||PG,3,knn,0.307538,0.6951
Derrick White||2020-21||SAS||SG,Derrick White||2023-24||BOS||SG,3,knn,0.347198,0.6557
Derrick White||2023-24||BOS||SG,Jrue Holiday||2023-24||BOS||PG,3,knn,0.300613,0.7019303379200176
Devin Harris||2016-17||DAL||PG,Nickeil Alexander-Walker||2023-24||MIN||SG,3,knn,0.398602,0.6048
"Devin Harris||2017-18||DAL,DEN||PG",Devin Harris||2018-19||DAL||PG,3,knn,0.328337,0.6744
Donte DiVincenzo||2019-20||MIL||SG,Jalen Suggs||2023-24||ORL||SG,3,knn,0.335074,0.6678
Donte DiVincenzo||2020-21||MIL||SG,Donte DiVincenzo||2022-23||GSW||SG,3,knn,0.305286,0.6973
Donte DiVincenzo||2024-25||MIN||SG,Manu Ginobili||2016-17||SAS||SG,3,knn,0.451764,0.5521
Dyson Daniels||2023-24||NOP||PG,Kyshawn George||2024-25||WAS||SG,3,knn,0.317316,0.6854
Facundo Campazzo||2021-22||DEN||PG,Sion James||2025-26||CHA||SG,3,knn,0.340443,0.6624
Fred VanVleet||2017-18||TOR||PG,Patrick Beverley||2021-22||MIN||PG,3,knn,0.332724,0.6701
Fred VanVleet||2019-20||TOR||SG,Lonzo Ball||2021-22||CHI||PG,3,knn,0.322858,0.6799
George Hill||2019-20||MIL||PG,Marcus Smart||2018-19||BOS||SG,3,knn,0.441698,0.562
Cason Wallace||2025-26||OKC||SG,George Hill||2021-22||MIL||PG,3,knn,0.326771,0.676
Garrett Temple||2016-17||SAC||SG,Jalen Suggs||2022-23||ORL||SG,3,knn,0.374073,0.6291
Alex Caruso||2023-24||CHI||SG,Jalen Suggs||2023-24||ORL||SG,3,knn,0.309592,0.693
Devin Harris||2018-19||DAL||PG,Jason Terry||2016-17||MIL||SG,3,knn,0.302262,0.7003
Jason Terry||2016-17||MIL||SG,Jevon Carter||2019-20||PHX||PG,3,knn,0.314644,0.688
John Konchar||2021-22||MEM||SG,Keon Ellis||2024-25||SAC||SG,3,knn,0.471319,0.5327
Garrett Temple||2016-17||SAC||SG,Jordan Goodwin||2024-25||LAL||PG,3,knn,0.429094,0.5745
George Hill||2021-22||MIL||PG,Jose Alvarado||2022-23||NOP||PG,3,knn,0.375042,0.6281
Jose Alvarado||2023-24||NOP||PG,Manu Ginobili||2016-17||SAS||SG,3,knn,0.336148,0.6667
Jrue Holiday||2024-25||BOS||PG,"Patrick Beverley||2022-23||CHI,LAL||SG",3,knn,0.350352,0.6526
Kris Dunn||2025-26||LAC||PG,"Patrick Beverley||2022-23||CHI,LAL||SG",3,knn,0.280165,0.7222
Kyle Lowry||2018-19||TOR||PG,Marcus Smart||2020-21||BOS||PG,3,knn,0.347919,0.655
Keon Ellis||2023-24||SAC||SG,"Kyle Lowry||2023-24||MIA,PHI||PG",3,knn,0.3058,0.6968
Danny Green||2016-17||SAS||SG,Kyshawn George||2024-25||WAS||SG,3,knn,0.313039,0.6896
Lonzo Ball||2018-19||LAL||PG,Lonzo Ball||2019-20||NOP||PG,3,knn,0.302517,0.7
Lonzo Ball||2020-21||NOP||PG,Lonzo Ball||2024-25||CHI||PG,3,knn,0.275973,0.7264
Lonzo Ball||2025-26||CLE||PG,Marcus Smart||2019-20||BOS||SG,3,knn,0.477699,0.5263
Marcus Smart||2017-18||BOS||SG,Marcus Smart||2020-21||BOS||PG,3,knn,0.285773,0.7166443237662872
Marcus Smart||2021-22||BOS||PG,Patrick Beverley||2019-20||LAC||PG,3,knn,0.270138,0.7321
Marcus Smart||2022-23||BOS||PG,"Marcus Smart||2024-25||MEM,WAS||PG",3,knn,0.40411,0.5993
Donte DiVincenzo||2020-21||MIL||SG,Matisse Thybulle||2025-26||POR||SG,3,knn,0.359081,0.644
Alex Caruso||2024-25||OKC||SG,Nickeil Alexander-Walker||2023-24||MIN||SG,3,knn,0.391458,0.6119
Patrick Beverley||2018-19||LAC||PG,Patrick Beverley||2019-20||LAC||PG,3,knn,0.301108,0.7014
"Kyle Lowry||2023-24||MIA,PHI||PG",Patrick Beverley||2020-21||LAC||PG,3,knn,0.309902,0.6927
Cason Wallace||2025-26||OKC||SG,"Patrick Beverley||2022-23||CHI,LAL||SG",3,knn,0.271655,0.7306
Devin Harris||2018-19||DAL||PG,Randy Foye||2016-17||BKN||SG,3,knn,0.266653,0.7356
Randy Foye||2016-17||BKN||SG,Terence Davis||2019-20||TOR||SG,3,knn,0.342064,0.6608
Lonzo Ball||2018-19||LAL||PG,"Tyler Johnson||2018-19||MIA,PHX||PG",3,knn,0.501771,0.5025
Terence Davis||2019-20||TOR||SG,"Tyrese Martin||2025-26||BKN,PHI||SG",3,knn,0.510085,0.4942
Lonzo Ball||2018-19||LAL||PG,Victor Oladipo||2022-23||MIA||SG,3,knn,0.362007,0.6411
"Donte DiVincenzo||2021-22||MIL,SAC||SG","Vince Williams Jr.||2025-26||MEM,UTA||SG",3,knn,0.42617,0.5774
Dyson Daniels||2023-24||NOP||PG,Vit Krejci||2024-25||ATL||PG,3,knn,0.489667,0.5145
Alec Burks||2020-21||NYK||SG,"Alec Burks||2023-24||DET,NYK||SG",4,mst+knn,0.35738,0.6041
Alec Burks||2022-23||DET||SG,JJ Redick||2019-20||NOP||SG,4,mst+knn,0.323652,0.6415
"Alec Burks||2023-24||DET,NYK||SG",Jordan Hawkins||2023-24||NOP||SG,4,mst+knn,0.289901,0.6788412095031557
Allen Crabbe||2016-17||POR||SG,Amir Coffey||2024-25||LAC||SG,4,mst+knn,0.245858,0.7276332940090552
Allen Crabbe||2016-17||POR||SG,Antonio Reeves||2024-25||NOP||SG,4,mst+knn,0.325239,0.6397
Allen Crabbe||2016-17||POR||SG,Bryn Forbes||2020-21||MIL||SG,4,mst+knn,0.181748,0.7987
Allen Crabbe||2016-17||POR||SG,"Josh Richardson||2021-22||BOS,SAS||SG",4,mst+knn,0.273671,0.6968211830673654
Arron Afflalo||2016-17||SAC||SG,"Terrence Ross||2022-23||ORL,PHX||SG",4,mst+knn,0.202212,0.776
Avery Bradley||2016-17||BOS||SG,"Avery Bradley||2017-18||DET,LAC||SG",4,mst+knn,0.259221,0.7128291725968596
Avery Bradley||2016-17||BOS||SG,Klay Thompson||2021-22||GSW||SG,4,mst+knn,0.307709,0.6591136690620047
"Avery Bradley||2017-18||DET,LAC||SG",Reggie Bullock||2019-20||NYK||SG,4,mst+knn,0.310934,0.6555412972465209
"Avery Bradley||2018-19||LAC,MEM||SG",Seth Curry||2022-23||BKN||SG,4,mst+knn,0.379631,0.5794373729497049
Avery Bradley||2019-20||LAL||SG,Luke Kennard||2018-19||DET||SG,4,mst+knn,0.289159,0.6797
Bogdan Bogdanovic||2019-20||SAC||SG,Bogdan Bogdanovic||2020-21||ATL||SG,4,mst+knn,0.22893,0.7464
Bogdan Bogdanovic||2020-21||ATL||SG,Bogdan Bogdanovic||2022-23||ATL||SG,4,mst+knn,0.154968,0.8283235131268829
Bogdan Bogdanovic||2020-21||ATL||SG,Luke Kennard||2019-20||DET||SG,4,mst,0.335682,0.6281
Bogdan Bogdanovic||2021-22||ATL||SG,Bogdan Bogdanovic||2023-24||ATL||SG,4,mst+knn,0.199252,0.7793
Bogdan Bogdanovic||2022-23||ATL||SG,Bogdan Bogdanovic||2023-24||ATL||SG,4,mst+knn,0.12607,0.8603366548806313
Bogdan Bogdanovic||2023-24||ATL||SG,"Bogdan Bogdanovic||2024-25||ATL,LAC||SG",4,mst+knn,0.23199,0.743
Bryn Forbes||2017-18||SAS||SG,"Bryn Forbes||2021-22||DEN,SAS||SG",4,mst+knn,0.160452,0.8222481060965765
Bryn Forbes||2018-19||SAS||SG,"Josh Richardson||2022-23||NOP,SAS||SG",4,mst+knn,0.240586,0.7335
Bryn Forbes||2019-20||SAS||SG,"Kyle Korver||2018-19||CLE,UTA||SG",4,mst+knn,0.155192,0.8281
Bryn Forbes||2019-20||SAS||SG,"Malik Beasley||2022-23||LAL,UTA||SG",4,mst+knn,0.15654,0.8266
Bryn Forbes||2020-21||MIL||SG,"Bryn Forbes||2021-22||DEN,SAS||SG",4,mst+knn,0.093617,0.8963
Bryn Forbes||2020-21||MIL||SG,"Josh Richardson||2022-23||NOP,SAS||SG",4,mst+knn,0.22463,0.7511499767114018
Bryn Forbes||2020-21||MIL||SG,Luke Kennard||2020-21||LAC||SG,4,mst+knn,0.178943,0.8018
Bryn Forbes||2020-21||MIL||SG,Luke Kennard||2021-22||LAC||SG,4,mst+knn,0.142799,0.8418039635321993
Bryn Forbes||2020-21||MIL||SG,Seth Curry||2018-19||POR||SG,4,mst+knn,0.186117,0.793815692383208
Bryn Forbes||2020-21||MIL||SG,Seth Curry||2019-20||DAL||SG,4,mst+knn,0.165191,0.817
Bryn Forbes||2020-21||MIL||SG,"Terrence Ross||2022-23||ORL,PHX||SG",4,mst+knn,0.183371,0.7969
"Bryn Forbes||2021-22||DEN,SAS||SG",Gary Trent Jr.||2024-25||MIL||SG,4,mst+knn,0.144525,0.8399
Buddy Hield||2017-18||SAC||SG,Buddy Hield||2018-19||SAC||SG,4,mst+knn,0.194018,0.7851
Buddy Hield||2017-18||SAC||SG,Desmond Bane||2021-22||MEM||SG,4,mst+knn,0.169177,0.8126
Buddy Hield||2018-19||SAC||SG,Buddy Hield||2019-20||SAC||SG,4,mst+knn,0.264591,0.7069
Buddy Hield||2018-19||SAC||SG,Klay Thompson||2017-18||GSW||SG,4,mst,0.270037,0.7008
Courtney Lee||2016-17||NYK||SG,"Luke Kennard||2025-26||ATL,LAL||SG",4,mst+knn,0.249261,0.7239
Courtney Lee||2017-18||NYK||SG,Luke Kennard||2020-21||LAC||SG,4,mst+knn,0.213974,0.763
Damion Lee||2019-20||GSW||SG,Kentavious Caldwell-Pope||2022-23||DEN||SG,4,mst+knn,0.358629,0.60270355378158
Damyean Dotson||2018-19||NYK||SG,Damyean Dotson||2019-20||NYK||SG,4,mst+knn,0.225866,0.7498
Damyean Dotson||2018-19||NYK||SG,JJ Redick||2019-20||NOP||SG,4,mst+knn,0.219135,0.7572379233769152
Damyean Dotson||2018-19||NYK||SG,"JJ Redick||2020-21||DAL,NOP||SG",4,mst+knn,0.16618,0.8159025969653598
Damyean Dotson||2019-20||NYK||SG,Marco Belinelli||2019-20||SAS||SG,4,mst+knn,0.246068,0.7274009502340316
Devin Vassell||2022-23||SAS||SG,Klay Thompson||2021-22||GSW||SG,4,mst+knn,0.096089,0.8936
Devin Vassell||2025-26||SAS||SG,JJ Redick||2017-18||PHI||SG,4,mst+knn,0.144961,0.8394095593807042
Devin Vassell||2025-26||SAS||SG,Klay Thompson||2018-19||GSW||SG,4,mst+knn,0.176532,0.8044338784598748
Devin Vassell||2025-26||SAS||SG,Nicolas Batum||2017-18||CHA||SG,4,mst+knn,0.361337,0.599702855861963
Devin Vassell||2025-26||SAS||SG,Seth Curry||2020-21||PHI||SG,4,mst+knn,0.175649,0.8054124658465087
E'Twaun Moore||2018-19||NOP||SG,Norman Powell||2023-24||LAC||SG,4,mst+knn,0.305004,0.6621104611400188
Evan Fournier||2021-22||NYK||SG,"Jaden Hardy||2025-26||DAL,WAS||SG",4,mst+knn,0.285579,0.6836295265035907
Evan Fournier||2021-22||NYK||SG,Luke Kennard||2021-22||LAC||SG,4,mst+knn,0.143821,0.8407
"Evan Fournier||2023-24||DET,NYK||SG",Tyler Herro||2019-20||MIA||SG,4,mst+knn,0.371922,0.588
Garrett Temple||2017-18||SAC||SG,Kentavious Caldwell-Pope||2021-22||WAS||SG,4,mst+knn,0.389713,0.5683
Gary Harris||2021-22||ORL||SG,Luke Kennard||2021-22||LAC||SG,4,mst+knn,0.308818,0.6579
"Gary Trent Jr.||2020-21||POR,TOR||SG",Gary Trent Jr.||2025-26||MIL||SG,4,mst+knn,0.238356,0.7359443525230923
Gary Trent Jr.||2021-22||TOR||SG,Gary Trent Jr.||2022-23||TOR||SG,4,mst+knn,0.212711,0.7644
Gary Trent Jr.||2021-22||TOR||SG,Kentavious Caldwell-Pope||2016-17||DET||SG,4,mst+knn,0.267722,0.7034121520157058
Gary Trent Jr.||2022-23||TOR||SG,Gary Trent Jr.||2023-24||TOR||SG,4,mst+knn,0.212757,0.7643032489527062
Gary Trent Jr.||2023-24||TOR||SG,Luke Kennard||2018-19||DET||SG,4,mst+knn,0.181858,0.7985344086614417
Gary Trent Jr.||2025-26||MIL||SG,Patty Mills||2021-22||BKN||SG,4,mst+knn,0.186594,0.7933
Gradey Dick||2024-25||TOR||SG,JJ Redick||2016-17||LAC||SG,4,mst+knn,0.344451,0.6184097488230533
JJ Redick||2016-17||LAC||SG,Klay Thompson||2017-18||GSW||SG,4,mst+knn,0.184842,0.7952283128527813
JJ Redick||2017-18||PHI||SG,JJ Redick||2018-19||PHI||SG,4,mst+knn,0.100683,0.8885
JJ Redick||2018-19||PHI||SG,JJ Redick||2019-20||NOP||SG,4,mst+knn,0.139578,0.8454
JJ Redick||2018-19||PHI||SG,"Marco Belinelli||2017-18||ATL,PHI||SG",4,mst+knn,0.143762,0.8407375543839364
JJ Redick||2019-20||NOP||SG,Luke Kennard||2021-22||LAC||SG,4,mst,0.179077,0.8016
JJ Redick||2019-20||NOP||SG,Malik Beasley||2024-25||DET||SG,4,mst+knn,0.17509,0.8060321551287397
JJ Redick||2019-20||NOP||SG,Patty Mills||2021-22||BKN||SG,4,mst+knn,0.17944,0.801212422856084
JR Smith||2017-18||CLE||SG,Nick Young||2017-18||GSW||SG,4,mst+knn,0.236043,0.7385070306163418
Jaylen Wells||2025-26||MEM||SG,Kentavious Caldwell-Pope||2022-23||DEN||SG,4,mst+knn,0.337225,0.6264155642797267
Jordan Hawkins||2023-24||NOP||SG,Jordan Hawkins||2024-25||NOP||SG,4,mst+knn,0.189529,0.7900362836872314
Jordan Hawkins||2023-24||NOP||SG,"Langston Galloway||2016-17||NOP,SAC||PG",4,mst+knn,0.263641,0.7079324911369609
Jordan Hawkins||2024-25||NOP||SG,Tyler Herro||2019-20||MIA||SG,4,mst+knn,0.340349,0.623
Kentavious Caldwell-Pope||2021-22||WAS||SG,Kentavious Caldwell-Pope||2024-25||ORL||SG,4,mst+knn,0.256851,0.7155
Kentavious Caldwell-Pope||2021-22||WAS||SG,Kentavious Caldwell-Pope||2025-26||MEM||SG,4,mst+knn,0.28919,0.6796296575143519
Kentavious Caldwell-Pope||2021-22||WAS||SG,Marco Belinelli||2016-17||CHA||SG,4,mst+knn,0.2493,0.7238203451984224
Kentavious Caldwell-Pope||2022-23||DEN||SG,Kentavious Caldwell-Pope||2023-24||DEN||SG,4,mst+knn,0.102381,0.8866
Kentavious Caldwell-Pope||2022-23||DEN||SG,Kentavious Caldwell-Pope||2024-25||ORL||SG,4,mst+knn,0.218771,0.757640580386562
Klay Thompson||2016-17||GSW||SG,Klay Thompson||2017-18||GSW||SG,4,mst+knn,0.0971,0.8924310675322403
Klay Thompson||2016-17||GSW||SG,Stephen Curry||2018-19||GSW||PG,4,mst+knn,0.37763,0.5817
Klay Thompson||2017-18||GSW||SG,Klay Thompson||2018-19||GSW||SG,4,mst+knn,0.069725,0.9228
Klay Thompson||2018-19||GSW||SG,Klay Thompson||2021-22||GSW||SG,4,mst,0.325534,0.6394
Klay Thompson||2018-19||GSW||SG,"Seth Curry||2021-22||BKN,PHI||SG",4,mst+knn,0.240462,0.733610827533519
Klay Thompson||2021-22||GSW||SG,Luke Kennard||2019-20||DET||SG,4,mst+knn,0.157273,0.8258
Klay Thompson||2021-22||GSW||SG,Malik Beasley||2020-21||MIN||SG,4,mst+knn,0.314312,0.6518
"Langston Galloway||2016-17||NOP,SAC||PG",Patty Mills||2021-22||BKN||SG,4,mst+knn,0.169398,0.8123373404682674
Luke Kennard||2017-18||DET||SG,Luke Kennard||2020-21||LAC||SG,4,mst+knn,0.289711,0.6791
Luke Kennard||2018-19||DET||SG,Luke Kennard||2021-22||LAC||SG,4,mst+knn,0.129712,0.8563018129321737
Luke Kennard||2020-21||LAC||SG,Seth Curry||2024-25||CHA||SG,4,mst+knn,0.196342,0.7825
Luke Kennard||2021-22||LAC||SG,Luke Kennard||2024-25||MEM||SG,4,mst+knn,0.218652,0.7578
Luke Kennard||2024-25||MEM||SG,"Luke Kennard||2025-26||ATL,LAL||SG",4,mst+knn,0.185802,0.7942
"Malik Beasley||2019-20||DEN,MIN||SG",Malik Beasley||2024-25||DET||SG,4,mst+knn,0.192277,0.787
"Malik Beasley||2019-20||DEN,MIN||SG",Norman Powell||2023-24||LAC||SG,4,mst+knn,0.1963,0.7825345524404124
"Malik Beasley||2022-23||LAL,UTA||SG",Malik Beasley||2024-25||DET||SG,4,mst+knn,0.140063,0.8448356030093643
"Malik Beasley||2022-23||LAL,UTA||SG",Nick Young||2017-18||GSW||SG,4,mst+knn,0.193538,0.7856
"Malik Beasley||2022-23||LAL,UTA||SG",Terrence Ross||2019-20||ORL||SG,4,mst+knn,0.187844,0.791902773367113
Malik Beasley||2024-25||DET||SG,Nick Young||2016-17||LAL||SG,4,mst+knn,0.253106,0.7196042900543289
Marco Belinelli||2016-17||CHA||SG,"Marco Belinelli||2017-18||ATL,PHI||SG",4,mst+knn,0.184991,0.7951
"Marco Belinelli||2017-18||ATL,PHI||SG",Marco Belinelli||2018-19||SAS||SG,4,mst+knn,0.191598,0.7877433447342967
Marco Belinelli||2018-19||SAS||SG,Tim Hardaway Jr.||2025-26||DEN||SG,4,mst+knn,0.193041,0.7861447906296868
Nick Young||2016-17||LAL||SG,Tim Hardaway Jr.||2019-20||DAL||SG,4,mst+knn,0.262363,0.7093483314143112
Nicolas Batum||2016-17||CHA||SG,Nicolas Batum||2017-18||CHA||SG,4,mst+knn,0.147646,0.8364342080569023
Patty Mills||2019-20||SAS||PG,Patty Mills||2020-21||SAS||PG,4,mst+knn,0.186181,0.7937452566145767
Patty Mills||2020-21||SAS||PG,Patty Mills||2021-22||BKN||SG,4,mst+knn,0.205444,0.7724044911191866
Reggie Bullock||2019-20||NYK||SG,Tim Hardaway Jr.||2021-22||DAL||SG,4,mst+knn,0.273077,0.6975
Seth Curry||2022-23||BKN||SG,"Terrence Ross||2022-23||ORL,PHX||SG",4,mst+knn,0.162738,0.8197156199007922
Terrence Ross||2018-19||ORL||SG,Terrence Ross||2019-20||ORL||SG,4,mst+knn,0.163671,0.8187
Terrence Ross||2019-20||ORL||SG,Terrence Ross||2021-22||ORL||SG,4,mst+knn,0.267066,0.7041386534280567
"Tim Hardaway Jr.||2018-19||DAL,NYK||SG",Tim Hardaway Jr.||2021-22||DAL||SG,4,mst+knn,0.265338,0.7061
Tim Hardaway Jr.||2019-20||DAL||SG,Tim Hardaway Jr.||2020-21||DAL||SG,4,mst+knn,0.278902,0.6910267456826527
Tim Hardaway Jr.||2024-25||DET||SG,Tim Hardaway Jr.||2025-26||DEN||SG,4,mst+knn,0.24914,0.724
Alec Burks||2020-21||NYK||SG,Alec Burks||2022-23||DET||SG,4,knn,0.370846,0.5892
Alec Burks||2022-23||DET||SG,JJ Redick||2016-17||LAC||SG,4,knn,0.349361,0.613
"Alec Burks||2023-24||DET,NYK||SG","Gary Trent Jr.||2020-21||POR,TOR||SG",4,knn,0.306711,0.6602
Allen Crabbe||2016-17||POR||SG,"Bryn Forbes||2021-22||DEN,SAS||SG",4,knn,0.215651,0.7611
Amir Coffey||2024-25||LAC||SG,Nick Young||2017-18||GSW||SG,4,knn,0.262782,0.7089
Antonio Reeves||2024-25||NOP||SG,Bryn Forbes||2020-21||MIL||SG,4,knn,0.330954,0.6334
Arron Afflalo||2016-17||SAC||SG,Bryn Forbes||2017-18||SAS||SG,4,knn,0.243665,0.7301
Arron Afflalo||2016-17||SAC||SG,"Avery Bradley||2018-19||LAC,MEM||SG",4,knn,0.380694,0.5783
Avery Bradley||2019-20||LAL||SG,Bryn Forbes||2020-21||MIL||SG,4,knn,0.301747,0.6657
Bogdan Bogdanovic||2019-20||SAC||SG,"Bogdan Bogdanovic||2024-25||ATL,LAC||SG",4,knn,0.261163,0.7107
Bogdan Bogdanovic||2021-22||ATL||SG,Bogdan Bogdanovic||2022-23||ATL||SG,4,knn,0.252097,0.7207
Bryn Forbes||2017-18||SAS||SG,Luke Kennard||2020-21||LAC||SG,4,knn,0.18422,0.7959170471053324
Bryn Forbes||2018-19||SAS||SG,Bryn Forbes||2020-21||MIL||SG,4,knn,0.281013,0.6887
Buddy Hield||2019-20||SAC||SG,Desmond Bane||2021-22||MEM||SG,4,knn,0.292018,0.6765
Arron Afflalo||2016-17||SAC||SG,Courtney Lee||2016-17||NYK||SG,4,knn,0.26711,0.7041
Courtney Lee||2017-18||NYK||SG,Seth Curry||2024-25||CHA||SG,4,knn,0.290208,0.6785
Damion Lee||2019-20||GSW||SG,Kentavious Caldwell-Pope||2023-24||DEN||SG,4,knn,0.393656,0.5639
Damyean Dotson||2019-20||NYK||SG,"Langston Galloway||2016-17||NOP,SAC||PG",4,knn,0.234938,0.7397308883865181
Buddy Hield||2018-19||SAC||SG,Desmond Bane||2021-22||MEM||SG,4,knn,0.287434,0.6816
Devin Vassell||2022-23||SAS||SG,Luke Kennard||2019-20||DET||SG,4,knn,0.244847,0.7288
E'Twaun Moore||2018-19||NOP||SG,Luke Kennard||2021-22||LAC||SG,4,knn,0.367444,0.5929
Bryn Forbes||2020-21||MIL||SG,Evan Fournier||2021-22||NYK||SG,4,knn,0.162726,0.8197
"Evan Fournier||2023-24||DET,NYK||SG",Tim Hardaway Jr.||2021-22||DAL||SG,4,knn,0.509117,0.436
"Avery Bradley||2018-19||LAC,MEM||SG",Garrett Temple||2017-18||SAC||SG,4,knn,0.395003,0.5624
Gary Harris||2021-22||ORL||SG,Tim Hardaway Jr.||2024-25||DET||SG,4,knn,0.327424,0.6373
"Gary Trent Jr.||2020-21||POR,TOR||SG",JJ Redick||2019-20||NOP||SG,4,knn,0.272431,0.6982
Gary Trent Jr.||2023-24||TOR||SG,JJ Redick||2019-20||NOP||SG,4,knn,0.209838,0.7675
Bryn Forbes||2020-21||MIL||SG,Gary Trent Jr.||2024-25||MIL||SG,4,knn,0.16518,0.817
Gary Trent Jr.||2025-26||MIL||SG,"Malik Beasley||2022-23||LAL,UTA||SG",4,knn,0.197677,0.781
Gradey Dick||2024-25||TOR||SG,"Malik Beasley||2019-20||DEN,MIN||SG",4,knn,0.355916,0.6057
JJ Redick||2016-17||LAC||SG,JJ Redick||2017-18||PHI||SG,4,knn,0.208839,0.7686
JJ Redick||2017-18||PHI||SG,JJ Redick||2019-20||NOP||SG,4,knn,0.161854,0.8207
"Bryn Forbes||2021-22||DEN,SAS||SG","JJ Redick||2020-21||DAL,NOP||SG",4,knn,0.24634,0.7271
JR Smith||2017-18||CLE||SG,"Malik Beasley||2022-23||LAL,UTA||SG",4,knn,0.251607,0.7213
"Jaden Hardy||2025-26||DAL,WAS||SG",Norman Powell||2023-24||LAC||SG,4,knn,0.312027,0.6543
Gradey Dick||2024-25||TOR||SG,Jaylen Wells||2025-26||MEM||SG,4,knn,0.37976,0.5793
"Josh Richardson||2021-22||BOS,SAS||SG",Kentavious Caldwell-Pope||2021-22||WAS||SG,4,knn,0.279869,0.69
"Josh Richardson||2022-23||NOP,SAS||SG",Luke Kennard||2018-19||DET||SG,4,knn,0.235858,0.7387
JJ Redick||2017-18||PHI||SG,Kentavious Caldwell-Pope||2016-17||DET||SG,4,knn,0.275202,0.6951
Kentavious Caldwell-Pope||2023-24||DEN||SG,Kentavious Caldwell-Pope||2024-25||ORL||SG,4,knn,0.292813,0.6756
Gary Trent Jr.||2022-23||TOR||SG,Kentavious Caldwell-Pope||2025-26||MEM||SG,4,knn,0.309114,0.6576
Klay Thompson||2016-17||GSW||SG,Klay Thompson||2018-19||GSW||SG,4,knn,0.202975,0.7751
"Kyle Korver||2018-19||CLE,UTA||SG",Marco Belinelli||2018-19||SAS||SG,4,knn,0.206409,0.7713
Bryn Forbes||2017-18||SAS||SG,Luke Kennard||2017-18||DET||SG,4,knn,0.312721,0.6536
Bryn Forbes||2020-21||MIL||SG,Luke Kennard||2018-19||DET||SG,4,knn,0.173248,0.8081
Luke Kennard||2020-21||LAC||SG,"Luke Kennard||2025-26||ATL,LAL||SG",4,knn,0.220081,0.7562
Luke Kennard||2019-20||DET||SG,Malik Beasley||2020-21||MIN||SG,4,knn,0.317126,0.6487
JJ Redick||2017-18||PHI||SG,Marco Belinelli||2016-17||CHA||SG,4,knn,0.219982,0.7563
"Marco Belinelli||2017-18||ATL,PHI||SG",Marco Belinelli||2019-20||SAS||SG,4,knn,0.295298,0.6729
Nick Young||2017-18||GSW||SG,Terrence Ross||2019-20||ORL||SG,4,knn,0.212409,0.7647
Klay Thompson||2018-19||GSW||SG,Nicolas Batum||2016-17||CHA||SG,4,knn,0.373317,0.5864
Malik Beasley||2024-25||DET||SG,Norman Powell||2023-24||LAC||SG,4,knn,0.22967,0.7456
Patty Mills||2019-20||SAS||PG,Patty Mills||2021-22||BKN||SG,4,knn,0.238082,0.7362
Seth Curry||2018-19||POR||SG,Seth Curry||2022-23||BKN||SG,4,knn,0.219083,0.7573
Luke Kennard||2021-22||LAC||SG,Seth Curry||2019-20||DAL||SG,4,knn,0.217074,0.7595
JJ Redick||2017-18||PHI||SG,Seth Curry||2020-21||PHI||SG,4,knn,0.197703,0.781
"Josh Richardson||2022-23||NOP,SAS||SG","Seth Curry||2021-22||BKN,PHI||SG",4,knn,0.247206,0.7261
Bryn Forbes||2020-21||MIL||SG,Seth Curry||2022-23||BKN||SG,4,knn,0.210151,0.7672
"Bryn Forbes||2021-22||DEN,SAS||SG",Seth Curry||2024-25||CHA||SG,4,knn,0.240507,0.7336
Nick Young||2016-17||LAL||SG,Stephen Curry||2018-19||GSW||PG,4,knn,0.414007,0.5414
Terrence Ross||2018-19||ORL||SG,"Terrence Ross||2022-23||ORL,PHX||SG",4,knn,0.19591,0.783
"Gary Trent Jr.||2020-21||POR,TOR||SG",Terrence Ross||2021-22||ORL||SG,4,knn,0.276841,0.6933
Klay Thompson||2021-22||GSW||SG,"Tim Hardaway Jr.||2018-19||DAL,NYK||SG",4,knn,0.363572,0.5972
Bryn Forbes||2019-20||SAS||SG,Tim Hardaway Jr.||2020-21||DAL||SG,4,knn,0.308219,0.6585
"Kyle Korver||2018-19||CLE,UTA||SG",Tim Hardaway Jr.||2024-25||DET||SG,4,knn,0.259074,0.713
Aaron Holiday||2019-20||IND||PG,Raul Neto||2020-21||WAS||PG,5,mst+knn,0.47053,0.6053196795675793
Aaron Holiday||2019-20||IND||PG,Reggie Jackson||2020-21||LAC||SG,5,mst+knn,0.411439,0.6549
Aaron Holiday||2023-24||HOU||PG,Payton Pritchard||2023-24||BOS||PG,5,mst+knn,0.409955,0.6561301688280019
Alec Burks||2021-22||NYK||SG,"Devonte' Graham||2022-23||NOP,SAS||PG",5,mst+knn,0.438098,0.63252352681584
Andrew Nembhard||2022-23||IND||SG,Davion Mitchell||2023-24||SAC||PG,5,mst+knn,0.436251,0.6341
Anfernee Simons||2020-21||POR||SG,Bones Hyland||2021-22||DEN||SG,5,mst+knn,0.36364,0.695
Anfernee Simons||2020-21||POR||SG,D.J. Augustin||2016-17||ORL||PG,5,mst+knn,0.270365,0.7732180232155588
Anfernee Simons||2020-21||POR||SG,"D.J. Augustin||2021-22||HOU,LAL||PG",5,mst+knn,0.198779,0.8333
Anfernee Simons||2020-21||POR||SG,Immanuel Quickley||2020-21||NYK||PG,5,mst+knn,0.377289,0.6835303047285562
Anfernee Simons||2020-21||POR||SG,"Jared McCain||2025-26||OKC,PHI||SG",5,mst+knn,0.312721,0.7377
Austin Reaves||2024-25||LAL||SG,D'Angelo Russell||2023-24||LAL||PG,5,mst+knn,0.37575,0.6848214028885091
Austin Reaves||2024-25||LAL||SG,Jamal Murray||2017-18||DEN||PG,5,mst+knn,0.390805,0.6722
Bogdan Bogdanovic||2017-18||SAC||SG,Cam Spencer||2025-26||MEM||SG,5,mst+knn,0.448178,0.6241
Bogdan Bogdanovic||2018-19||SAC||SG,Quinn Cook||2017-18||GSW||PG,5,mst+knn,0.492455,0.5869292723001296
Bogdan Bogdanovic||2018-19||SAC||SG,Terry Rozier||2019-20||CHA||PG,5,mst+knn,0.454384,0.6189
Bones Hyland||2021-22||DEN||SG,"Bones Hyland||2022-23||DEN,LAC||PG",5,mst+knn,0.30916,0.7407
Bones Hyland||2025-26||MIN||PG,Kevin Huerter||2020-21||ATL||SG,5,mst+knn,0.491064,0.5881
Bones Hyland||2025-26||MIN||PG,Payton Pritchard||2024-25||BOS||PG,5,mst+knn,0.356194,0.7012248118746467
Brandin Podziemski||2024-25||GSW||SG,Brandin Podziemski||2025-26||GSW||SG,5,mst+knn,0.266678,0.7763103704761307
Brandin Podziemski||2025-26||GSW||SG,Terry Rozier||2018-19||BOS||PG,5,mst+knn,0.382718,0.679
"Brandon Knight||2018-19||CLE,HOU||PG","Isaiah Canaan||2018-19||MIL,MIN,PHX||PG",5,mst+knn,0.466729,0.6085075892506535
"Brandon Knight||2018-19||CLE,HOU||PG",Malcolm Delaney||2017-18||ATL||PG,5,mst+knn,0.387693,0.6748031940984845
"Brandon Knight||2018-19||CLE,HOU||PG",Mike Conley||2019-20||UTA||PG,5,mst+knn,0.406492,0.6590347069915505
Bub Carrington||2024-25||WAS||PG,Bub Carrington||2025-26||WAS||PG,5,mst+knn,0.165595,0.8611
Bub Carrington||2025-26||WAS||PG,Jerryd Bayless||2018-19||MIN||PG,5,mst+knn,0.438238,0.6324060552485007
Bub Carrington||2025-26||WAS||PG,Marcus Sasser||2023-24||DET||PG,5,mst+knn,0.327452,0.7253333310373403
C.J. Watson||2016-17||ORL||PG,Terry Rozier||2016-17||BOS||PG,5,mst+knn,0.301773,0.7469
C.J. Watson||2016-17||ORL||PG,"Tyler Johnson||2019-20||BKN,PHX||SG",5,mst+knn,0.576677,0.5163
Cam Spencer||2025-26||MEM||SG,Jameer Nelson||2016-17||DEN||PG,5,mst+knn,0.284624,0.7613
Cam Spencer||2025-26||MEM||SG,Payton Pritchard||2025-26||BOS||PG,5,mst+knn,0.37892,0.6822
Cam Spencer||2025-26||MEM||SG,Terry Rozier||2021-22||CHA||SG,5,mst+knn,0.440438,0.6306
Cam Spencer||2025-26||MEM||SG,"Trey Burke||2019-20||DAL,PHI||PG",5,mst+knn,0.438006,0.6326003256872519
Cam Spencer||2025-26||MEM||SG,Tyrese Haliburton||2020-21||SAC||PG,5,mst+knn,0.402119,0.6627029860045524
"Cameron Payne||2023-24||MIL,PHI||PG",Cameron Payne||2024-25||NYK||PG,5,mst+knn,0.124613,0.8955
"Cameron Payne||2023-24||MIL,PHI||PG","Jose Alvarado||2025-26||NOP,NYK||PG",5,mst+knn,0.30287,0.746
"Cameron Payne||2023-24||MIL,PHI||PG",Ty Jerome||2021-22||OKC||SG,5,mst+knn,0.305078,0.7441004725661389
Cameron Payne||2024-25||NYK||PG,"D.J. Augustin||2020-21||HOU,MIL||PG",5,mst+knn,0.250135,0.7902
Cameron Payne||2024-25||NYK||PG,Jaylen Nowell||2021-22||MIN||SG,5,mst+knn,0.358024,0.6997
Chasson Randle||2020-21||ORL||PG,D.J. Augustin||2016-17||ORL||PG,5,mst+knn,0.424646,0.643806862369791
Coby White||2020-21||CHI||PG,Darius Garland||2019-20||CLE||SG,5,mst+knn,0.383329,0.6785
Collin Gillespie||2025-26||PHX||PG,Fred VanVleet||2023-24||HOU||PG,5,mst+knn,0.290444,0.7564
Collin Gillespie||2025-26||PHX||PG,Reggie Jackson||2020-21||LAC||SG,5,mst+knn,0.363014,0.6955038451404212
D'Angelo Russell||2021-22||MIN||PG,D'Angelo Russell||2023-24||LAL||PG,5,mst+knn,0.324347,0.727937999340525
D'Angelo Russell||2021-22||MIN||PG,"D'Angelo Russell||2024-25||BKN,LAL||PG",5,mst+knn,0.404555,0.6607
D'Angelo Russell||2021-22||MIN||PG,"Deron Williams||2016-17||CLE,DAL||PG",5,mst+knn,0.32761,0.725200619559968
D'Angelo Russell||2021-22||MIN||PG,Immanuel Quickley||2021-22||NYK||PG,5,mst+knn,0.466104,0.6090324308645872
D'Angelo Russell||2021-22||MIN||PG,Milos Teodosic||2017-18||LAC||PG,5,mst+knn,0.42097,0.6469
"D'Angelo Russell||2022-23||LAL,MIN||PG",D'Angelo Russell||2023-24||LAL||PG,5,mst+knn,0.430233,0.6391205405571379
"D'Angelo Russell||2022-23||LAL,MIN||PG",Goran Dragic||2019-20||MIA||PG,5,mst+knn,0.360286,0.6978
D'Angelo Russell||2023-24||LAL||PG,Devonte' Graham||2019-20||CHA||PG,5,mst+knn,0.318024,0.733241626876889
D.J. Augustin||2016-17||ORL||PG,D.J. Augustin||2017-18||ORL||PG,5,mst+knn,0.318358,0.733
D.J. Augustin||2016-17||ORL||PG,Keyonte George||2023-24||UTA||PG,5,mst+knn,0.21356,0.8209
D.J. Augustin||2016-17||ORL||PG,Raymond Felton||2017-18||OKC||PG,5,mst,0.303598,0.7453
"D.J. Augustin||2020-21||HOU,MIL||PG","D.J. Augustin||2021-22||HOU,LAL||PG",5,mst+knn,0.299779,0.7485455734895645
"D.J. Augustin||2020-21||HOU,MIL||PG",Devonte' Graham||2021-22||NOP||PG,5,mst+knn,0.277793,0.767
"D.J. Augustin||2020-21||HOU,MIL||PG","Spencer Dinwiddie||2023-24||BKN,LAL||PG",5,mst+knn,0.53672,0.5498
"D.J. Augustin||2021-22||HOU,LAL||PG","Goran Dragic||2022-23||CHI,MIL||PG",5,mst+knn,0.350944,0.7056279851908484
"D.J. Augustin||2021-22||HOU,LAL||PG",Payton Pritchard||2020-21||BOS||SG,5,mst+knn,0.305256,0.744
Darius Garland||2019-20||CLE||SG,"Jared McCain||2025-26||OKC,PHI||SG",5,mst+knn,0.470013,0.6058
Davion Mitchell||2023-24||SAC||PG,Payton Pritchard||2020-21||BOS||SG,5,mst+knn,0.343112,0.7122
Denzel Valentine||2017-18||CHI||SG,Kevin Huerter||2020-21||ATL||SG,5,mst+knn,0.265198,0.7776
Derrick White||2019-20||SAS||SG,Immanuel Quickley||2022-23||NYK||SG,5,mst+knn,0.390204,0.6727
Derrick White||2019-20||SAS||SG,Jeremy Lamb||2020-21||IND||SG,5,mst+knn,0.400078,0.6644145114697235
Derrick White||2019-20||SAS||SG,"Walter Clayton Jr.||2025-26||MEM,UTA||PG",5,mst+knn,0.500906,0.5798398349777447
Derrick White||2024-25||BOS||SG,Milos Teodosic||2017-18||LAC||PG,5,mst+knn,0.39838,0.6658391783176749
Derrick White||2025-26||BOS||SG,Fred VanVleet||2022-23||TOR||PG,5,mst+knn,0.256786,0.7846077566252639
Derrick White||2025-26||BOS||SG,George Hill||2016-17||UTA||PG,5,mst+knn,0.333391,0.7204
Devonte' Graham||2019-20||CHA||PG,Devonte' Graham||2020-21||CHA||PG,5,mst+knn,0.331396,0.7220255392973964
Devonte' Graham||2020-21||CHA||PG,Devonte' Graham||2021-22||NOP||PG,5,mst+knn,0.218287,0.8169012548766975
Devonte' Graham||2021-22||NOP||PG,"Devonte' Graham||2022-23||NOP,SAS||PG",5,mst+knn,0.282039,0.7634259310430165
Dion Waiters||2018-19||MIA||SG,Egor Demin||2025-26||BKN||PG,5,mst+knn,0.406486,0.659039841953911
Dion Waiters||2018-19||MIA||SG,Miles McBride||2025-26||NYK||SG,5,mst+knn,0.419516,0.648109896528172
Fred VanVleet||2018-19||TOR||PG,Fred VanVleet||2020-21||TOR||SG,5,mst+knn,0.383407,0.6784
Fred VanVleet||2020-21||TOR||SG,Fred VanVleet||2022-23||TOR||PG,5,mst+knn,0.135732,0.8861479128398789
Fred VanVleet||2021-22||TOR||PG,Fred VanVleet||2022-23||TOR||PG,5,mst+knn,0.148512,0.8754284676571278
Fred VanVleet||2021-22||TOR||PG,Josh Richardson||2018-19||MIA||SG,5,mst+knn,0.369277,0.6903
Fred VanVleet||2022-23||TOR||PG,Fred VanVleet||2023-24||HOU||PG,5,mst+knn,0.149171,0.8749
Fred VanVleet||2023-24||HOU||PG,Fred VanVleet||2024-25||HOU||PG,5,mst+knn,0.178579,0.8502078217373061
Fred VanVleet||2023-24||HOU||PG,Kyle Lowry||2021-22||MIA||PG,5,mst,0.344998,0.7106
Fred VanVleet||2023-24||HOU||PG,Mike Conley||2020-21||UTA||PG,5,mst+knn,0.268862,0.7745
Gabe Vincent||2021-22||MIA||PG,Gabe Vincent||2022-23||MIA||PG,5,mst+knn,0.365352,0.6935430156294804
Gabe Vincent||2022-23||MIA||PG,"Jevon Carter||2025-26||CHI,ORL||PG",5,mst+knn,0.343144,0.7122
"Gabe Vincent||2025-26||ATL,LAL||PG",Patty Mills||2018-19||SAS||PG,5,mst+knn,0.526636,0.5583
George Hill||2016-17||UTA||PG,"George Hill||2020-21||OKC,PHI||PG",5,mst+knn,0.486664,0.5918
George Hill||2016-17||UTA||PG,"Reggie Jackson||2019-20||DET,LAC||PG",5,mst+knn,0.26753,0.7756
"George Hill||2017-18||CLE,SAC||PG",Seth Curry||2016-17||DAL||PG,5,mst+knn,0.421577,0.6464
Goran Dragic||2019-20||MIA||PG,Goran Dragic||2020-21||MIA||PG,5,mst+knn,0.410995,0.6553
Grayson Allen||2025-26||PHX||SG,Immanuel Quickley||2024-25||TOR||PG,5,mst+knn,0.521886,0.562241981828294
Immanuel Quickley||2022-23||NYK||SG,Jalen Pickett||2025-26||DEN||SG,5,mst+knn,0.370635,0.6891112954890998
"Immanuel Quickley||2023-24||NYK,TOR||SG",Javon Small||2025-26||MEM||PG,5,mst+knn,0.495053,0.5847493949208232
"Immanuel Quickley||2023-24||NYK,TOR||SG","Yogi Ferrell||2016-17||BKN,DAL||PG",5,mst+knn,0.343627,0.7118
Immanuel Quickley||2024-25||TOR||PG,"Reggie Jackson||2019-20||DET,LAC||PG",5,mst+knn,0.301095,0.747441912434339
Immanuel Quickley||2024-25||TOR||PG,Ty Jerome||2020-21||OKC||SG,5,mst+knn,0.453777,0.6194
Immanuel Quickley||2025-26||TOR||PG,Payton Pritchard||2025-26||BOS||PG,5,mst+knn,0.420341,0.6474179804323799
Jalen Pickett||2025-26||DEN||SG,Quinn Cook||2017-18||GSW||PG,5,mst+knn,0.389905,0.6729481036267851
Jalen Pickett||2025-26||DEN||SG,Raymond Felton||2017-18||OKC||PG,5,mst+knn,0.267846,0.7753312290267148
Jalen Suggs||2025-26||ORL||PG,Kyle Lowry||2021-22||MIA||PG,5,mst+knn,0.285225,0.7608
Jamal Murray||2017-18||DEN||PG,Reggie Jackson||2018-19||DET||PG,5,mst+knn,0.409024,0.6569107934032026
"Jared McCain||2025-26||OKC,PHI||SG",Reed Sheppard||2025-26||HOU||SG,5,mst+knn,0.443287,0.6282
Jerian Grant||2016-17||CHI||PG,Reggie Jackson||2020-21||LAC||SG,5,mst+knn,0.359405,0.6985310171696397
Jevon Carter||2022-23||MIL||PG,"Jevon Carter||2025-26||CHI,ORL||PG",5,mst+knn,0.306797,0.7427
Jevon Carter||2022-23||MIL||PG,"Will Barton||2022-23||TOR,WAS||SG",5,mst+knn,0.234433,0.8034
Jose Alvarado||2024-25||NOP||PG,"Jose Alvarado||2025-26||NOP,NYK||PG",5,mst+knn,0.310203,0.739801560059288
"Jose Alvarado||2025-26||NOP,NYK||PG",Mike Conley||2023-24||MIN||PG,5,mst+knn,0.364908,0.6939152728659097
"Jose Alvarado||2025-26||NOP,NYK||PG",Sergio Rodriguez||2016-17||PHI||PG,5,mst+knn,0.370059,0.6896
Kemba Walker||2021-22||NYK||PG,Mike Conley||2019-20||UTA||PG,5,mst+knn,0.325417,0.7270404983361197
Keyonte George||2023-24||UTA||PG,Keyonte George||2024-25||UTA||PG,5,mst+knn,0.339242,0.7154439793253129
Kyle Lowry||2017-18||TOR||PG,Kyle Lowry||2021-22||MIA||PG,5,mst+knn,0.313921,0.7367
Kyle Lowry||2017-18||TOR||PG,Mike Conley||2023-24||MIN||PG,5,mst+knn,0.340194,0.7146450786900833
Kyle Lowry||2019-20||TOR||PG,Kyle Lowry||2022-23||MIA||PG,5,mst+knn,0.29987,0.7485
Kyle Lowry||2020-21||TOR||PG,Mike Conley||2020-21||UTA||PG,5,mst+knn,0.250667,0.7897406149473998
Kyle Lowry||2021-22||MIA||PG,Kyle Lowry||2022-23||MIA||PG,5,mst+knn,0.308294,0.7414031965938933
Kyle Lowry||2021-22||MIA||PG,"Shabazz Napier||2019-20||MIN,WAS||PG",5,mst+knn,0.426788,0.6420102871077555
Malachi Flynn||2020-21||TOR||PG,Raymond Felton||2017-18||OKC||PG,5,mst+knn,0.278024,0.7668
Malachi Flynn||2020-21||TOR||PG,"Reggie Jackson||2022-23||DEN,LAC||PG",5,mst+knn,0.369979,0.6897
Malachi Flynn||2020-21||TOR||PG,Terry Rozier||2018-19||BOS||PG,5,mst+knn,0.320037,0.7316
Malcolm Brogdon||2022-23||BOS||PG,"Spencer Dinwiddie||2022-23||BKN,DAL||SG",5,mst+knn,0.488788,0.5900044565825864
Malcolm Delaney||2017-18||ATL||PG,Shabazz Napier||2017-18||POR||PG,5,mst+knn,0.372837,0.6873
Marcus Sasser||2023-24||DET||PG,Raymond Felton||2017-18||OKC||PG,5,mst+knn,0.288835,0.7577250257792237
Matthew Dellavedova||2016-17||MIL||PG,Ty Jerome||2021-22||OKC||SG,5,mst+knn,0.425624,0.643
Mike Conley||2019-20||UTA||PG,"Reggie Jackson||2019-20||DET,LAC||PG",5,mst+knn,0.322604,0.7294000401266041
Mike Conley||2020-21||UTA||PG,Mike Conley||2021-22||UTA||PG,5,mst+knn,0.309725,0.7402029325111519
Mike Conley||2020-21||UTA||PG,"Yogi Ferrell||2016-17||BKN,DAL||PG",5,mst+knn,0.344695,0.7109
Mike Conley||2021-22||UTA||PG,"Spencer Dinwiddie||2022-23||BKN,DAL||SG",5,mst+knn,0.290956,0.7559462101968332
Miles McBride||2023-24||NYK||PG,Miles McBride||2024-25||NYK||SG,5,mst+knn,0.384285,0.6777
Miles McBride||2023-24||NYK||PG,Terry Rozier||2018-19||BOS||PG,5,mst+knn,0.375983,0.6846252060246435
Miles McBride||2024-25||NYK||SG,Miles McBride||2025-26||NYK||SG,5,mst+knn,0.392491,0.6708
Patty Mills||2016-17||SAS||PG,Patty Mills||2017-18||SAS||PG,5,mst+knn,0.216136,0.818704887050693
Patty Mills||2017-18||SAS||PG,Patty Mills||2018-19||SAS||PG,5,mst+knn,0.437827,0.6328
Patty Mills||2018-19||SAS||PG,Payton Pritchard||2024-25||BOS||PG,5,mst+knn,0.447541,0.6246030239615872
Payton Pritchard||2023-24||BOS||PG,Payton Pritchard||2024-25||BOS||PG,5,mst+knn,0.219045,0.8163
Payton Pritchard||2023-24||BOS||PG,Payton Pritchard||2025-26||BOS||PG,5,mst+knn,0.357229,0.7004
Payton Pritchard||2023-24||BOS||PG,Yogi Ferrell||2018-19||SAC||PG,5,mst,0.35834,0.6994
Payton Pritchard||2024-25||BOS||PG,Seth Curry||2016-17||DAL||PG,5,mst+knn,0.433405,0.6365
Raymond Felton||2017-18||OKC||PG,Yogi Ferrell||2018-19||SAC||PG,5,mst+knn,0.271732,0.7721
Shabazz Napier||2017-18||POR||PG,Shabazz Napier||2018-19||BKN||PG,5,mst+knn,0.347001,0.708936074223366
Shake Milton||2019-20||PHI||SG,Ty Jerome||2020-21||OKC||SG,5,mst+knn,0.435224,0.6349344125315828
Terry Rozier||2016-17||BOS||PG,Terry Rozier||2017-18||BOS||PG,5,mst+knn,0.247323,0.7925453544317372
Terry Rozier||2016-17||BOS||PG,Terry Rozier||2018-19||BOS||PG,5,mst+knn,0.206727,0.8266
Terry Rozier||2016-17||BOS||PG,"Will Barton||2022-23||TOR,WAS||SG",5,mst+knn,0.307951,0.7417
Theo Maledon||2020-21||OKC||PG,"Will Barton||2022-23||TOR,WAS||SG",5,mst+knn,0.359333,0.6986
"Trey Burke||2019-20||DAL,PHI||PG",Tyrese Maxey||2021-22||PHI||PG,5,mst+knn,0.409658,0.6564
Tyrese Maxey||2021-22||PHI||PG,Tyrese Maxey||2022-23||PHI||SG,5,mst+knn,0.385066,0.6770068319505136
Yogi Ferrell||2017-18||DAL||SG,Yogi Ferrell||2018-19||SAC||PG,5,mst+knn,0.366315,0.6927347788899607
Aaron Holiday||2019-20||IND||PG,Reed Sheppard||2025-26||HOU||SG,5,knn,0.469098,0.6065
Aaron Holiday||2023-24||HOU||PG,Yogi Ferrell||2018-19||SAC||PG,5,knn,0.41053,0.6556
Alec Burks||2021-22||NYK||SG,Devonte' Graham||2020-21||CHA||PG,5,knn,0.451154,0.6216
Aaron Holiday||2019-20||IND||PG,Andrew Nembhard||2022-23||IND||SG,5,knn,0.589974,0.5051
Austin Reaves||2024-25||LAL||SG,Kyle Lowry||2020-21||TOR||PG,5,knn,0.385876,0.6763
Bogdan Bogdanovic||2017-18||SAC||SG,Bub Carrington||2025-26||WAS||PG,5,knn,0.480683,0.5968
Anfernee Simons||2020-21||POR||SG,"Bones Hyland||2022-23||DEN,LAC||PG",5,knn,0.384234,0.6777
Bones Hyland||2025-26||MIN||PG,D.J. Augustin||2017-18||ORL||PG,5,knn,0.377147,0.6836
Brandin Podziemski||2024-25||GSW||SG,Fred VanVleet||2024-25||HOU||PG,5,knn,0.39936,0.665
Bub Carrington||2024-25||WAS||PG,"Goran Dragic||2022-23||CHI,MIL||PG",5,knn,0.401397,0.6633
C.J. Watson||2016-17||ORL||PG,Jevon Carter||2022-23||MIL||PG,5,knn,0.357597,0.7
"Cameron Payne||2023-24||MIL,PHI||PG","D.J. Augustin||2020-21||HOU,MIL||PG",5,knn,0.258337,0.7833070209681628
"Bones Hyland||2022-23||DEN,LAC||PG",Chasson Randle||2020-21||ORL||PG,5,knn,0.444311,0.6273
Coby White||2020-21||CHI||PG,Theo Maledon||2020-21||OKC||PG,5,knn,0.55155,0.5374
Collin Gillespie||2025-26||PHX||PG,Fred VanVleet||2021-22||TOR||PG,5,knn,0.342216,0.7129
"D'Angelo Russell||2024-25||BKN,LAL||PG",Fred VanVleet||2022-23||TOR||PG,5,knn,0.479763,0.5976
D.J. Augustin||2017-18||ORL||PG,"D.J. Augustin||2021-22||HOU,LAL||PG",5,knn,0.368423,0.691
Davion Mitchell||2023-24||SAC||PG,Jalen Pickett||2025-26||DEN||SG,5,knn,0.382982,0.6788
Bogdan Bogdanovic||2017-18||SAC||SG,Denzel Valentine||2017-18||CHI||SG,5,knn,0.502383,0.5786
"Deron Williams||2016-17||CLE,DAL||PG",Fred VanVleet||2023-24||HOU||PG,5,knn,0.477249,0.5997
Austin Reaves||2024-25||LAL||SG,Derrick White||2024-25||BOS||SG,5,knn,0.430426,0.639
Derrick White||2025-26||BOS||SG,Fred VanVleet||2020-21||TOR||SG,5,knn,0.325173,0.7272
Devonte' Graham||2020-21||CHA||PG,"Devonte' Graham||2022-23||NOP,SAS||PG",5,knn,0.282958,0.7627
Egor Demin||2025-26||BKN||PG,Miles McBride||2025-26||NYK||SG,5,knn,0.471968,0.6041
Fred VanVleet||2018-19||TOR||PG,Kyle Lowry||2017-18||TOR||PG,5,knn,0.424018,0.6443
Fred VanVleet||2020-21||TOR||SG,Fred VanVleet||2021-22||TOR||PG,5,knn,0.248555,0.7915
Fred VanVleet||2021-22||TOR||PG,Fred VanVleet||2023-24||HOU||PG,5,knn,0.171924,0.8558
Fred VanVleet||2022-23||TOR||PG,Fred VanVleet||2024-25||HOU||PG,5,knn,0.255597,0.7856
Gabe Vincent||2021-22||MIA||PG,Miles McBride||2023-24||NYK||PG,5,knn,0.433983,0.636
"Gabe Vincent||2025-26||ATL,LAL||PG",Patty Mills||2017-18||SAS||PG,5,knn,0.528498,0.5567
"George Hill||2017-18||CLE,SAC||PG",Patty Mills||2018-19||SAS||PG,5,knn,0.524561,0.56
"George Hill||2020-21||OKC,PHI||PG",Jeremy Lamb||2020-21||IND||SG,5,knn,0.612944,0.4859
Goran Dragic||2020-21||MIA||PG,Tyrese Maxey||2022-23||PHI||SG,5,knn,0.473049,0.6032
Bub Carrington||2025-26||WAS||PG,"Goran Dragic||2022-23||CHI,MIL||PG",5,knn,0.393865,0.6696
"Bones Hyland||2022-23||DEN,LAC||PG",Grayson Allen||2025-26||PHX||SG,5,knn,0.523477,0.5609
Immanuel Quickley||2020-21||NYK||PG,Raymond Felton||2017-18||OKC||PG,5,knn,0.4145,0.6523
Immanuel Quickley||2021-22||NYK||PG,Reed Sheppard||2025-26||HOU||SG,5,knn,0.468913,0.6067
"Immanuel Quickley||2023-24||NYK,TOR||SG",Mike Conley||2019-20||UTA||PG,5,knn,0.349981,0.7064
"Immanuel Quickley||2023-24||NYK,TOR||SG",Immanuel Quickley||2024-25||TOR||PG,5,knn,0.361264,0.697
Immanuel Quickley||2025-26||TOR||PG,Mike Conley||2020-21||UTA||PG,5,knn,0.437812,0.6328
"Isaiah Canaan||2018-19||MIL,MIN,PHX||PG",Kemba Walker||2021-22||NYK||PG,5,knn,0.504679,0.5767
Jalen Pickett||2025-26||DEN||SG,Malachi Flynn||2020-21||TOR||PG,5,knn,0.357304,0.7003
Fred VanVleet||2021-22||TOR||PG,Jalen Suggs||2025-26||ORL||PG,5,knn,0.376705,0.684
Jameer Nelson||2016-17||DEN||PG,Payton Pritchard||2023-24||BOS||PG,5,knn,0.405435,0.6599
"D.J. Augustin||2021-22||HOU,LAL||PG","Jared McCain||2025-26||OKC,PHI||SG",5,knn,0.419074,0.6485
Javon Small||2025-26||MEM||PG,"Yogi Ferrell||2016-17||BKN,DAL||PG",5,knn,0.499121,0.5813
"Cameron Payne||2023-24||MIL,PHI||PG",Jaylen Nowell||2021-22||MIN||SG,5,knn,0.416756,0.6504
Jeremy Lamb||2020-21||IND||SG,Shabazz Napier||2018-19||BKN||PG,5,knn,0.505675,0.5758
Jerian Grant||2016-17||CHI||PG,Miles McBride||2023-24||NYK||PG,5,knn,0.432473,0.6372
Devonte' Graham||2020-21||CHA||PG,Jerryd Bayless||2018-19||MIN||PG,5,knn,0.465399,0.6096
Cameron Payne||2024-25||NYK||PG,Jose Alvarado||2024-25||NOP||PG,5,knn,0.438928,0.6318
Derrick White||2025-26||BOS||SG,Josh Richardson||2018-19||MIA||SG,5,knn,0.432987,0.6368
Kemba Walker||2021-22||NYK||PG,"Reggie Jackson||2019-20||DET,LAC||PG",5,knn,0.355356,0.7019
Devonte' Graham||2019-20||CHA||PG,Keyonte George||2024-25||UTA||PG,5,knn,0.477707,0.5993
Kyle Lowry||2017-18||TOR||PG,Kyle Lowry||2019-20||TOR||PG,5,knn,0.332713,0.7209
Kyle Lowry||2019-20||TOR||PG,Kyle Lowry||2021-22||MIA||PG,5,knn,0.325262,0.7272
Fred VanVleet||2023-24||HOU||PG,Kyle Lowry||2020-21||TOR||PG,5,knn,0.276301,0.7682
Malcolm Brogdon||2022-23||BOS||PG,Mike Conley||2021-22||UTA||PG,5,knn,0.556173,0.5335
Matthew Dellavedova||2016-17||MIL||PG,Terry Rozier||2017-18||BOS||PG,5,knn,0.468806,0.6068
Patty Mills||2016-17||SAS||PG,Payton Pritchard||2023-24||BOS||PG,5,knn,0.455811,0.6177
Jerian Grant||2016-17||CHI||PG,Raul Neto||2020-21||WAS||PG,5,knn,0.495408,0.5845
Gabe Vincent||2021-22||MIA||PG,Reed Sheppard||2025-26||HOU||SG,5,knn,0.461738,0.6127
Payton Pritchard||2025-26||BOS||PG,Reggie Jackson||2018-19||DET||PG,5,knn,0.456692,0.6169
Immanuel Quickley||2022-23||NYK||SG,"Reggie Jackson||2022-23||DEN,LAC||PG",5,knn,0.393939,0.6696
Payton Pritchard||2025-26||BOS||PG,Sergio Rodriguez||2016-17||PHI||PG,5,knn,0.381058,0.6804
"Bones Hyland||2022-23||DEN,LAC||PG",Shabazz Napier||2018-19||BKN||PG,5,knn,0.480771,0.5967
Kyle Lowry||2017-18||TOR||PG,"Shabazz Napier||2019-20||MIN,WAS||PG",5,knn,0.459534,0.6145
Shake Milton||2019-20||PHI||SG,Tyrese Maxey||2022-23||PHI||SG,5,knn,0.461169,0.6132
Fred VanVleet||2024-25||HOU||PG,"Spencer Dinwiddie||2022-23||BKN,DAL||SG",5,knn,0.426221,0.6425
Devonte' Graham||2021-22||NOP||PG,"Spencer Dinwiddie||2023-24||BKN,LAL||PG",5,knn,0.553356,0.5358
Terry Rozier||2017-18||BOS||PG,Terry Rozier||2018-19||BOS||PG,5,knn,0.273783,0.7704
Kemba Walker||2021-22||NYK||PG,Terry Rozier||2019-20||CHA||PG,5,knn,0.50069,0.58
D'Angelo Russell||2023-24||LAL||PG,Terry Rozier||2021-22||CHA||SG,5,knn,0.50634,0.5753
Terry Rozier||2016-17||BOS||PG,Theo Maledon||2020-21||OKC||PG,5,knn,0.386438,0.6759
Cameron Payne||2024-25||NYK||PG,Ty Jerome||2021-22||OKC||SG,5,knn,0.318875,0.7325
Jerryd Bayless||2018-19||MIN||PG,"Tyler Johnson||2019-20||BKN,PHX||SG",5,knn,0.596285,0.4998
Payton Pritchard||2025-26||BOS||PG,Tyrese Haliburton||2020-21||SAC||PG,5,knn,0.44432,0.6273
Gabe Vincent||2021-22||MIA||PG,"Walter Clayton Jr.||2025-26||MEM,UTA||PG",5,knn,0.502633,0.5784
Jevon Carter||2022-23||MIL||PG,Yogi Ferrell||2017-18||DAL||SG,5,knn,0.411768,0.6546
"Cameron Payne||2023-24||MIL,PHI||PG",Yogi Ferrell||2018-19||SAC||PG,5,knn,0.338543,0.716
Anfernee Simons||2023-24||POR||SG,D'Angelo Russell||2017-18||BKN||PG,6,mst+knn,0.181435,0.7037252116525978
Chris Paul||2017-18||HOU||PG,Chris Paul||2018-19||HOU||PG,6,mst+knn,0.124072,0.7974
Chris Paul||2017-18||HOU||PG,D'Angelo Russell||2018-19||BKN||PG,6,mst+knn,0.177136,0.710744559515358
Chris Paul||2018-19||HOU||PG,Jrue Holiday||2025-26||POR||PG,6,mst+knn,0.216599,0.6463025840646368
"Coby White||2025-26||CHA,CHI||SG",Damian Lillard||2022-23||POR||PG,6,mst+knn,0.260677,0.5743265237206401
D'Angelo Russell||2016-17||LAL||PG,LaMelo Ball||2024-25||CHA||PG,6,mst+knn,0.248264,0.5946
D'Angelo Russell||2017-18||BKN||PG,"Darius Garland||2025-26||CLE,LAC||PG",6,mst+knn,0.199364,0.674446801422864
D'Angelo Russell||2018-19||BKN||PG,Kyrie Irving||2016-17||CLE||PG,6,mst+knn,0.193549,0.6839423238946529
Damian Lillard||2016-17||POR||PG,Damian Lillard||2017-18||POR||PG,6,mst+knn,0.163854,0.732433987945369
Damian Lillard||2016-17||POR||PG,Kemba Walker||2018-19||CHA||PG,6,mst+knn,0.160307,0.7382250189735766
Damian Lillard||2017-18||POR||PG,Damian Lillard||2018-19||POR||PG,6,mst+knn,0.16852,0.7248135994880986
Damian Lillard||2018-19||POR||PG,Damian Lillard||2024-25||MIL||PG,6,mst+knn,0.179901,0.7062290394044682
Damian Lillard||2019-20||POR||PG,Damian Lillard||2020-21||POR||PG,6,mst+knn,0.053705,0.912302173831998
Damian Lillard||2019-20||POR||PG,Damian Lillard||2022-23||POR||PG,6,mst+knn,0.084046,0.8628
Damian Lillard||2019-20||POR||PG,Damian Lillard||2023-24||MIL||PG,6,mst+knn,0.141631,0.7687219949464208
Damian Lillard||2019-20||POR||PG,Jordan Poole||2024-25||WAS||SG,6,mst+knn,0.336163,0.4511
Damian Lillard||2019-20||POR||PG,Trae Young||2019-20||ATL||PG,6,mst,0.196882,0.6785
Damian Lillard||2020-21||POR||PG,Kevin Porter Jr.||2021-22||HOU||PG,6,mst+knn,0.350719,0.4273
Damian Lillard||2021-22||POR||PG,LaMelo Ball||2022-23||CHA||PG,6,mst+knn,0.153334,0.7496122503722726
Damian Lillard||2022-23||POR||PG,Donovan Mitchell||2021-22||UTA||SG,6,mst,0.194516,0.6824
Damian Lillard||2022-23||POR||PG,Isaiah Thomas||2016-17||BOS||PG,6,mst+knn,0.114334,0.8133
Damian Lillard||2023-24||MIL||PG,"James Harden||2025-26||CLE,LAC||PG",6,mst+knn,0.130359,0.7871302332575689
Damian Lillard||2024-25||MIL||PG,Donovan Mitchell||2020-21||UTA||PG,6,mst+knn,0.182826,0.7015
Darius Garland||2021-22||CLE||PG,Darius Garland||2024-25||CLE||PG,6,mst+knn,0.108168,0.8234
Darius Garland||2021-22||CLE||PG,LaMelo Ball||2025-26||CHA||PG,6,mst+knn,0.184716,0.6984
Darius Garland||2021-22||CLE||PG,Trae Young||2021-22||ATL||PG,6,mst+knn,0.13334,0.7823
Darius Garland||2021-22||CLE||PG,Tyrese Haliburton||2022-23||IND||PG,6,mst+knn,0.217587,0.6447
Darius Garland||2022-23||CLE||PG,Darius Garland||2024-25||CLE||PG,6,mst+knn,0.153996,0.748531834034185
Darius Garland||2024-25||CLE||PG,J.J. Barea||2017-18||DAL||PG,6,mst+knn,0.23203,0.6211047248965336
Darius Garland||2024-25||CLE||PG,Jamal Murray||2025-26||DEN||PG,6,mst+knn,0.197308,0.6778052456745793
"Darius Garland||2025-26||CLE,LAC||PG",Trae Young||2019-20||ATL||PG,6,mst+knn,0.15617,0.745
Donovan Mitchell||2020-21||UTA||PG,Donovan Mitchell||2021-22||UTA||SG,6,mst+knn,0.177751,0.7097397903994593
Donovan Mitchell||2020-21||UTA||PG,Kyrie Irving||2016-17||CLE||PG,6,mst,0.195679,0.6805
Donovan Mitchell||2021-22||UTA||SG,Donovan Mitchell||2025-26||CLE||SG,6,mst+knn,0.098913,0.8385
Donovan Mitchell||2021-22||UTA||SG,Stephen Curry||2020-21||GSW||PG,6,mst,0.19515,0.6813
Donovan Mitchell||2022-23||CLE||SG,Donovan Mitchell||2023-24||CLE||SG,6,mst+knn,0.121612,0.8014121702381324
Donovan Mitchell||2023-24||CLE||SG,Donovan Mitchell||2024-25||CLE||SG,6,mst+knn,0.137194,0.776
Donovan Mitchell||2024-25||CLE||SG,Donovan Mitchell||2025-26||CLE||SG,6,mst+knn,0.142254,0.7677051970259097
Donovan Mitchell||2025-26||CLE||SG,Russell Westbrook||2016-17||OKC||PG,6,mst+knn,0.193991,0.6832203412224211
J.J. Barea||2016-17||DAL||PG,J.J. Barea||2019-20||DAL||PG,6,mst+knn,0.283932,0.5364
J.J. Barea||2016-17||DAL||PG,Trae Young||2023-24||ATL||PG,6,mst+knn,0.175781,0.713
James Harden||2016-17||HOU||PG,James Harden||2017-18||HOU||SG,6,mst+knn,0.05693,0.9070355860916504
James Harden||2017-18||HOU||SG,James Harden||2018-19||HOU||PG,6,mst+knn,0.067743,0.8894
James Harden||2017-18||HOU||SG,James Harden||2019-20||HOU||SG,6,mst+knn,0.103667,0.8307170430037603
James Harden||2017-18||HOU||SG,"James Harden||2020-21||BKN,HOU||PG",6,mst,0.117633,0.8079
"James Harden||2020-21||BKN,HOU||PG","James Harden||2021-22||BKN,PHI||PG",6,mst+knn,0.101365,0.8345
"James Harden||2020-21||BKN,HOU||PG",Luka Doncic||2019-20||DAL||PG,6,mst+knn,0.08934,0.8541109209682906
"James Harden||2021-22||BKN,PHI||PG",James Harden||2022-23||PHI||PG,6,mst+knn,0.132557,0.7835400958842434
"James Harden||2021-22||BKN,PHI||PG","James Harden||2025-26||CLE,LAC||PG",6,mst,0.155838,0.7455
James Harden||2022-23||PHI||PG,James Harden||2023-24||LAC||PG,6,mst+knn,0.132049,0.7844
James Harden||2024-25||LAC||PG,"James Harden||2025-26||CLE,LAC||PG",6,mst+knn,0.093904,0.8467
Jrue Holiday||2022-23||MIL||PG,Mike Conley||2016-17||MEM||PG,6,mst+knn,0.13742,0.7756
Kemba Walker||2016-17||CHA||PG,Kemba Walker||2018-19||CHA||PG,6,mst+knn,0.113703,0.8143276909106607
Kemba Walker||2016-17||CHA||PG,Kemba Walker||2019-20||BOS||PG,6,mst+knn,0.180814,0.7047381610663894
Kemba Walker||2017-18||CHA||PG,Kemba Walker||2018-19||CHA||PG,6,mst+knn,0.106973,0.8253184612800886
Kemba Walker||2017-18||CHA||PG,Mike Conley||2016-17||MEM||PG,6,mst+knn,0.150225,0.7547
Kemba Walker||2019-20||BOS||PG,Kemba Walker||2020-21||BOS||PG,6,mst+knn,0.127151,0.7924
Kyle Lowry||2016-17||TOR||PG,Stephen Curry||2022-23||GSW||PG,6,mst+knn,0.21538,0.6483
Kyrie Irving||2016-17||CLE||PG,Kyrie Irving||2017-18||BOS||PG,6,mst+knn,0.102856,0.8320410131520954
LaMelo Ball||2022-23||CHA||PG,LaMelo Ball||2024-25||CHA||PG,6,mst+knn,0.176195,0.7123
LaMelo Ball||2024-25||CHA||PG,Trae Young||2019-20||ATL||PG,6,mst+knn,0.145939,0.7617
LaMelo Ball||2024-25||CHA||PG,Tyrese Maxey||2024-25||PHI||PG,6,mst+knn,0.152252,0.7514
Luka Doncic||2018-19||DAL||SG,Luka Doncic||2019-20||DAL||PG,6,mst+knn,0.138349,0.7741
Luka Doncic||2018-19||DAL||SG,Luka Doncic||2021-22||DAL||PG,6,mst+knn,0.140462,0.7706312405771262
Luka Doncic||2020-21||DAL||PG,Luka Doncic||2021-22||DAL||PG,6,mst+knn,0.044533,0.9273
Luka Doncic||2021-22||DAL||PG,Luka Doncic||2022-23||DAL||PG,6,mst+knn,0.044628,0.9271243051463325
Luka Doncic||2021-22||DAL||PG,Luka Doncic||2023-24||DAL||PG,6,mst+knn,0.060675,0.9009197862420095
Luka Doncic||2023-24||DAL||PG,"Luka Doncic||2024-25||DAL,LAL||PG",6,mst+knn,0.098817,0.8386368499778742
Luka Doncic||2023-24||DAL||PG,Luka Doncic||2025-26||LAL||PG,6,mst+knn,0.051028,0.9167
Stephen Curry||2016-17||GSW||PG,Stephen Curry||2017-18||GSW||PG,6,mst+knn,0.092029,0.8497199374033306
Stephen Curry||2016-17||GSW||PG,Stephen Curry||2024-25||GSW||PG,6,mst+knn,0.113768,0.8142219802288775
Stephen Curry||2020-21||GSW||PG,Stephen Curry||2024-25||GSW||PG,6,mst+knn,0.096639,0.8422
Stephen Curry||2020-21||GSW||PG,Stephen Curry||2025-26||GSW||PG,6,mst,0.149274,0.7562
Stephen Curry||2021-22||GSW||PG,Stephen Curry||2024-25||GSW||PG,6,mst+knn,0.099859,0.8369338220956066
Stephen Curry||2022-23||GSW||PG,Stephen Curry||2025-26||GSW||PG,6,mst+knn,0.08708,0.8578021215446322
Stephen Curry||2023-24||GSW||PG,Stephen Curry||2025-26||GSW||PG,6,mst+knn,0.14651,0.7608
Trae Young||2018-19||ATL||PG,Trae Young||2020-21||ATL||PG,6,mst+knn,0.099399,0.8377
Trae Young||2019-20||ATL||PG,Trae Young||2020-21||ATL||PG,6,mst+knn,0.100196,0.8364
Trae Young||2020-21||ATL||PG,Trae Young||2021-22||ATL||PG,6,mst+knn,0.084794,0.8615347882969933
Trae Young||2020-21||ATL||PG,Trae Young||2024-25||ATL||PG,6,mst+knn,0.069344,0.8868
Trae Young||2022-23||ATL||PG,Trae Young||2023-24||ATL||PG,6,mst+knn,0.127728,0.7914253403773036
Trae Young||2022-23||ATL||PG,Trae Young||2024-25||ATL||PG,6,mst+knn,0.085156,0.8609446829793175
Tyrese Haliburton||2022-23||IND||PG,Tyrese Haliburton||2023-24||IND||PG,6,mst+knn,0.134136,0.781
Tyrese Maxey||2023-24||PHI||PG,Tyrese Maxey||2024-25||PHI||PG,6,mst+knn,0.141859,0.7684
Tyrese Maxey||2023-24||PHI||PG,Tyrese Maxey||2025-26||PHI||PG,6,mst+knn,0.164761,0.731
Anfernee Simons||2023-24||POR||SG,Kyrie Irving||2017-18||BOS||PG,6,knn,0.207026,0.6619
"Coby White||2025-26||CHA,CHI||SG",Tyrese Maxey||2024-25||PHI||PG,6,knn,0.32208,0.4741
D'Angelo Russell||2016-17||LAL||PG,"Darius Garland||2025-26||CLE,LAC||PG",6,knn,0.274357,0.552
Damian Lillard||2020-21||POR||PG,Damian Lillard||2022-23||POR||PG,6,knn,0.120402,0.8034
Damian Lillard||2021-22||POR||PG,Tyrese Maxey||2024-25||PHI||PG,6,knn,0.184391,0.6989
Darius Garland||2021-22||CLE||PG,Darius Garland||2022-23||CLE||PG,6,knn,0.159319,0.7398
"Darius Garland||2025-26||CLE,LAC||PG",Trae Young||2023-24||ATL||PG,6,knn,0.161537,0.736216403416575
Donovan Mitchell||2021-22||UTA||SG,Donovan Mitchell||2022-23||CLE||SG,6,knn,0.172399,0.7185
Donovan Mitchell||2022-23||CLE||SG,Donovan Mitchell||2025-26||CLE||SG,6,knn,0.158573,0.7411
Damian Lillard||2019-20||POR||PG,Isaiah Thomas||2016-17||BOS||PG,6,knn,0.220786,0.6395
Damian Lillard||2016-17||POR||PG,J.J. Barea||2016-17||DAL||PG,6,knn,0.228946,0.6261
J.J. Barea||2017-18||DAL||PG,Mike Conley||2016-17||MEM||PG,6,knn,0.269631,0.5597
Damian Lillard||2017-18||POR||PG,J.J. Barea||2019-20||DAL||PG,6,knn,0.353538,0.4227
Darius Garland||2021-22||CLE||PG,Jamal Murray||2025-26||DEN||PG,6,knn,0.21015,0.6568
James Harden||2016-17||HOU||PG,James Harden||2018-19||HOU||PG,6,knn,0.101773,0.8338087221692665
James Harden||2018-19||HOU||PG,James Harden||2019-20||HOU||SG,6,knn,0.11547,0.8114
"James Harden||2021-22||BKN,PHI||PG",James Harden||2023-24||LAC||PG,6,knn,0.165709,0.7294
"James Harden||2021-22||BKN,PHI||PG",James Harden||2024-25||LAC||PG,6,knn,0.178593,0.7084
Damian Lillard||2022-23||POR||PG,Jordan Poole||2024-25||WAS||SG,6,knn,0.341775,0.4419
Jrue Holiday||2022-23||MIL||PG,Luka Doncic||2020-21||DAL||PG,6,knn,0.21519,0.6486
Jrue Holiday||2025-26||POR||PG,Kyle Lowry||2016-17||TOR||PG,6,knn,0.227906,0.6278392822268385
Kemba Walker||2016-17||CHA||PG,Kemba Walker||2017-18||CHA||PG,6,knn,0.126717,0.7931
Kemba Walker||2020-21||BOS||PG,"Luka Doncic||2024-25||DAL,LAL||PG",6,knn,0.196888,0.6785
James Harden||2018-19||HOU||PG,Kevin Porter Jr.||2021-22||HOU||PG,6,knn,0.375654,0.3866
D'Angelo Russell||2018-19||BKN||PG,Kyrie Irving||2017-18||BOS||PG,6,knn,0.19486,0.6818
LaMelo Ball||2024-25||CHA||PG,LaMelo Ball||2025-26||CHA||PG,6,knn,0.197597,0.6773
Luka Doncic||2020-21||DAL||PG,Luka Doncic||2022-23||DAL||PG,6,knn,0.050606,0.9174
"Luka Doncic||2024-25||DAL,LAL||PG",Luka Doncic||2025-26||LAL||PG,6,knn,0.121319,0.8019
Luka Doncic||2021-22||DAL||PG,Luka Doncic||2025-26||LAL||PG,6,knn,0.09988,0.8369
Damian Lillard||2018-19||POR||PG,Russell Westbrook||2016-17||OKC||PG,6,knn,0.207761,0.6607
Stephen Curry||2017-18||GSW||PG,Stephen Curry||2025-26||GSW||PG,6,knn,0.161961,0.7355
Stephen Curry||2020-21||GSW||PG,Stephen Curry||2021-22||GSW||PG,6,knn,0.130752,0.7865
Stephen Curry||2021-22||GSW||PG,Stephen Curry||2022-23||GSW||PG,6,knn,0.164557,0.7313
Stephen Curry||2022-23||GSW||PG,Stephen Curry||2023-24||GSW||PG,6,knn,0.17762,0.71
Trae Young||2018-19||ATL||PG,Trae Young||2019-20||ATL||PG,6,knn,0.133351,0.7822431419187487
Trae Young||2021-22||ATL||PG,Trae Young||2024-25||ATL||PG,6,knn,0.094382,0.8459
Trae Young||2020-21||ATL||PG,Trae Young||2022-23||ATL||PG,6,knn,0.099441,0.8376
Trae Young||2021-22||ATL||PG,Tyrese Haliburton||2023-24||IND||PG,6,knn,0.218442,0.6433
Tyrese Maxey||2024-25||PHI||PG,Tyrese Maxey||2025-26||PHI||PG,6,knn,0.181651,0.7034
Andrew Nembhard||2024-25||IND||SG,Ish Smith||2016-17||DET||PG,7,mst+knn,0.336724,0.6342479950729032
Andrew Nembhard||2024-25||IND||SG,Killian Hayes||2023-24||DET||PG,7,mst+knn,0.354029,0.6155
"Brandon Jennings||2016-17||NYK,WAS||PG",D.J. Augustin||2019-20||ORL||PG,7,mst+knn,0.243027,0.7360224496963061
"Brandon Jennings||2016-17||NYK,WAS||PG",Tyus Jones||2022-23||MEM||PG,7,mst+knn,0.340323,0.6303386377307161
Cameron Payne||2020-21||PHX||PG,D.J. Augustin||2018-19||ORL||PG,7,mst+knn,0.280467,0.6954
Cameron Payne||2020-21||PHX||PG,Davion Mitchell||2025-26||MIA||PG,7,mst+knn,0.30446,0.6693
Cameron Payne||2020-21||PHX||PG,Jordan McLaughlin||2019-20||MIN||PG,7,mst+knn,0.491304,0.466341470473122
Chris Paul||2023-24||GSW||PG,Chris Paul||2024-25||SAS||PG,7,mst+knn,0.158623,0.8277022845177238
Chris Paul||2024-25||SAS||PG,Monte Morris||2022-23||WAS||PG,7,mst+knn,0.191526,0.792
Cory Joseph||2017-18||IND||PG,Cory Joseph||2018-19||IND||PG,7,mst+knn,0.198426,0.7845
Cory Joseph||2018-19||IND||PG,Cory Joseph||2019-20||SAC||PG,7,mst+knn,0.220322,0.7607
Cory Joseph||2018-19||IND||PG,Ish Smith||2016-17||DET||PG,7,mst+knn,0.279305,0.6966170184538558
Cory Joseph||2018-19||IND||PG,Ish Smith||2020-21||WAS||PG,7,mst+knn,0.212813,0.7688405032560888
Cory Joseph||2019-20||SAC||PG,Davion Mitchell||2022-23||SAC||PG,7,mst+knn,0.313061,0.66
Cory Joseph||2019-20||SAC||PG,Frank Ntilikina||2019-20||NYK||PG,7,mst+knn,0.298838,0.6754
Cory Joseph||2021-22||DET||PG,"Tim Frazier||2018-19||MIL,NOP||PG",7,mst+knn,0.404388,0.5608
Cory Joseph||2022-23||DET||PG,"Jameer Nelson||2017-18||DET,NOP||PG",7,mst+knn,0.532269,0.4218449769883884
Cory Joseph||2022-23||DET||PG,Shelvin Mack||2017-18||ORL||PG,7,mst+knn,0.35829,0.6108231653545593
Craig Porter Jr.||2025-26||CLE||PG,Delon Wright||2021-22||ATL||SG,7,mst+knn,0.264844,0.7123247179344023
Craig Porter Jr.||2025-26||CLE||PG,Shelvin Mack||2017-18||ORL||PG,7,mst+knn,0.307405,0.6661
Darren Collison||2016-17||SAC||PG,Darren Collison||2018-19||IND||PG,7,mst+knn,0.278805,0.6972
Darren Collison||2017-18||IND||PG,Darren Collison||2018-19||IND||PG,7,mst+knn,0.216083,0.7653
Darren Collison||2017-18||IND||PG,Monte Morris||2022-23||WAS||PG,7,mst+knn,0.281918,0.6938
Darren Collison||2018-19||IND||PG,Jerian Grant||2017-18||CHI||PG,7,mst+knn,0.333801,0.6374225698654363
"Davion Mitchell||2024-25||MIA,TOR||PG",Jamal Shead||2024-25||TOR||PG,7,mst+knn,0.403323,0.5619077034187976
"Davion Mitchell||2024-25||MIA,TOR||PG",Jamal Shead||2025-26||TOR||PG,7,mst+knn,0.345198,0.6250430476754705
Davion Mitchell||2025-26||MIA||PG,"Mike Conley||2022-23||MIN,UTA||PG",7,mst+knn,0.267041,0.7099380772456154
"Delon Wright||2020-21||DET,SAC||PG",Delon Wright||2022-23||WAS||PG,7,mst+knn,0.276259,0.6999251495699191
"Delon Wright||2020-21||DET,SAC||PG","Delon Wright||2023-24||MIA,WAS||PG",7,mst+knn,0.272058,0.7045
"Delon Wright||2020-21||DET,SAC||PG",Jordan McLaughlin||2020-21||MIN||PG,7,mst+knn,0.206271,0.7759474286158303
"Delon Wright||2020-21||DET,SAC||PG",Saben Lee||2020-21||DET||PG,7,mst+knn,0.33021,0.6413236928308743
"Delon Wright||2020-21||DET,SAC||PG",Spencer Dinwiddie||2016-17||BKN||PG,7,mst+knn,0.304143,0.669637165038907
"Delon Wright||2020-21||DET,SAC||PG","Tre Jones||2024-25||CHI,SAS||PG",7,mst+knn,0.280095,0.6958
Delon Wright||2021-22||ATL||SG,"Delon Wright||2023-24||MIA,WAS||PG",7,mst+knn,0.279199,0.6967320705603551
Delon Wright||2021-22||ATL||SG,Jerian Grant||2018-19||ORL||PG,7,mst+knn,0.359244,0.6098
"Delon Wright||2023-24||MIA,WAS||PG",Mike Conley||2024-25||MIN||PG,7,mst+knn,0.302264,0.6717
"Delon Wright||2023-24||MIA,WAS||PG","Tomas Satoransky||2021-22||NOP,SAS,WAS||SG",7,mst,0.295879,0.6786
Frank Ntilikina||2019-20||NYK||PG,Malcolm Delaney||2016-17||ATL||PG,7,mst+knn,0.35305,0.6165148978972326
"George Hill||2022-23||IND,MIL||SG",Tyus Jones||2017-18||MIN||PG,7,mst+knn,0.402459,0.5628459339151954
Isaiah Collier||2025-26||UTA||PG,T.J. McConnell||2016-17||PHI||PG,7,mst+knn,0.359626,0.6094
Ish Smith||2016-17||DET||PG,Jarrett Jack||2017-18||NYK||PG,7,mst+knn,0.292263,0.6825419650169194
Ish Smith||2019-20||WAS||PG,Ish Smith||2023-24||CHA||PG,7,mst+knn,0.454013,0.5068479671639297
Ish Smith||2019-20||WAS||PG,Jarrett Jack||2017-18||NYK||PG,7,mst+knn,0.364248,0.6044
Ish Smith||2020-21||WAS||PG,T.J. McConnell||2019-20||IND||PG,7,mst+knn,0.319339,0.6531311046150508
"Jacob Gilyard||2023-24||BKN,MEM||PG",Mike Conley||2024-25||MIN||PG,7,mst+knn,0.492563,0.465
Jamal Shead||2025-26||TOR||PG,"Mike Conley||2022-23||MIN,UTA||PG",7,mst+knn,0.302173,0.6718
Jamal Shead||2025-26||TOR||PG,Mike Conley||2024-25||MIN||PG,7,mst+knn,0.311966,0.6611401891215722
Jamal Shead||2025-26||TOR||PG,Ricky Rubio||2020-21||MIN||PG,7,mst+knn,0.235482,0.7442174894182476
Jordan McLaughlin||2020-21||MIN||PG,Jordan McLaughlin||2022-23||MIN||PG,7,mst+knn,0.380975,0.5862
Jose Alvarado||2021-22||NOP||PG,Tre Jones||2021-22||SAS||PG,7,mst+knn,0.207146,0.775
Jose Alvarado||2021-22||NOP||PG,Tyus Jones||2017-18||MIN||PG,7,mst+knn,0.225644,0.7549041389739233
Jose Calderon||2017-18||CLE||PG,"Tim Frazier||2018-19||MIL,NOP||PG",7,mst+knn,0.43243,0.5303
Kam Jones||2025-26||IND||SG,Monte Morris||2020-21||DEN||PG,7,mst+knn,0.498398,0.45863688003339476
Kyle Lowry||2024-25||PHI||PG,Mike Conley||2025-26||MIN||PG,7,mst+knn,0.318369,0.6542
Matthew Dellavedova||2017-18||MIL||PG,"Matthew Dellavedova||2018-19||CLE,MIL||PG",7,mst+knn,0.39239,0.5738
Matthew Dellavedova||2017-18||MIL||PG,"Rajon Rondo||2021-22||CLE,LAL||PG",7,mst+knn,0.414951,0.5493
"Mike Conley||2022-23||MIN,UTA||PG",Spencer Dinwiddie||2017-18||BKN||PG,7,mst+knn,0.223309,0.7574396800843537
Mike Conley||2024-25||MIN||PG,Mike Conley||2025-26||MIN||PG,7,mst+knn,0.346435,0.6237
Monte Morris||2018-19||DEN||PG,Monte Morris||2020-21||DEN||PG,7,mst+knn,0.263396,0.7139
Monte Morris||2018-19||DEN||PG,Tyus Jones||2019-20||MEM||PG,7,mst+knn,0.182163,0.8021331062030018
Monte Morris||2019-20||DEN||PG,Tyus Jones||2022-23||MEM||PG,7,mst+knn,0.181855,0.8025
Monte Morris||2020-21||DEN||PG,Ty Jerome||2022-23||GSW||SG,7,mst+knn,0.346885,0.6232106887932491
Monte Morris||2021-22||DEN||PG,Monte Morris||2022-23||WAS||PG,7,mst+knn,0.17751,0.8072
Monte Morris||2022-23||WAS||PG,Tyrese Haliburton||2024-25||IND||PG,7,mst+knn,0.268626,0.7082165692461095
Monte Morris||2022-23||WAS||PG,Tyus Jones||2023-24||WAS||PG,7,mst,0.234183,0.7456
Rajon Rondo||2016-17||CHI||PG,Rajon Rondo||2017-18||NOP||PG,7,mst+knn,0.250462,0.7279468573507917
Rajon Rondo||2016-17||CHI||PG,Ricky Rubio||2020-21||MIN||PG,7,mst+knn,0.244101,0.7349
Rajon Rondo||2017-18||NOP||PG,Rajon Rondo||2019-20||LAL||PG,7,mst+knn,0.331215,0.6402322224307009
Rajon Rondo||2019-20||LAL||PG,"Rajon Rondo||2020-21||ATL,LAC||PG",7,mst+knn,0.322734,0.6494435884968179
Rajon Rondo||2019-20||LAL||PG,Ty Lawson||2016-17||SAC||PG,7,mst+knn,0.340739,0.6299
"Rajon Rondo||2020-21||ATL,LAC||PG","Rajon Rondo||2021-22||CLE,LAL||PG",7,mst+knn,0.237501,0.7420241370729976
Ricky Rubio||2016-17||MIN||PG,Ricky Rubio||2019-20||PHX||PG,7,mst+knn,0.252824,0.7254
Ricky Rubio||2016-17||MIN||PG,Ricky Rubio||2020-21||MIN||PG,7,mst+knn,0.271456,0.7051426243904162
Ricky Rubio||2016-17||MIN||PG,Ricky Rubio||2022-23||CLE||PG,7,mst+knn,0.38615,0.5806
Ricky Rubio||2020-21||MIN||PG,Tyus Jones||2018-19||MIN||PG,7,mst,0.269916,0.7068
Ryan Arcidiacono||2018-19||CHI||PG,Tyus Jones||2017-18||MIN||PG,7,mst+knn,0.256341,0.7216
Semaj Christon||2016-17||OKC||PG,Tre Jones||2021-22||SAS||PG,7,mst+knn,0.268309,0.7086
Shelvin Mack||2017-18||ORL||PG,"Shelvin Mack||2018-19||CHA,MEM||PG",7,mst+knn,0.358878,0.6102
Shelvin Mack||2017-18||ORL||PG,Tim Frazier||2016-17||NOP||PG,7,mst+knn,0.295968,0.6785175694342223
T.J. McConnell||2016-17||PHI||PG,T.J. McConnell||2020-21||IND||PG,7,mst+knn,0.201529,0.7811
T.J. McConnell||2016-17||PHI||PG,Tre Jones||2021-22||SAS||PG,7,mst+knn,0.208493,0.7735328918396729
T.J. McConnell||2016-17||PHI||PG,Tre Jones||2022-23||SAS||PG,7,mst+knn,0.313826,0.6591200587742361
T.J. McConnell||2016-17||PHI||PG,Tre Jones||2023-24||SAS||PG,7,mst+knn,0.239673,0.7397
T.J. McConnell||2016-17||PHI||PG,Tre Jones||2025-26||CHI||PG,7,mst+knn,0.330686,0.6408068161721913
T.J. McConnell||2017-18||PHI||PG,T.J. McConnell||2018-19||PHI||PG,7,mst+knn,0.165625,0.8201
T.J. McConnell||2018-19||PHI||PG,T.J. McConnell||2019-20||IND||PG,7,mst+knn,0.248308,0.7303
T.J. McConnell||2019-20||IND||PG,T.J. McConnell||2020-21||IND||PG,7,mst+knn,0.191225,0.7923
T.J. McConnell||2020-21||IND||PG,Tomas Satoransky||2020-21||CHI||SG,7,mst+knn,0.346966,0.6231226182719471
T.J. McConnell||2021-22||IND||PG,Tre Jones||2022-23||SAS||PG,7,mst+knn,0.270731,0.7059295646387524
Terance Mann||2025-26||BKN||SG,Tomas Satoransky||2017-18||WAS||SG,7,mst+knn,0.396797,0.569
"Tim Frazier||2018-19||MIL,NOP||PG",Tomas Satoransky||2017-18||WAS||SG,7,mst+knn,0.362474,0.6063
Tomas Satoransky||2017-18||WAS||SG,Tomas Satoransky||2018-19||WAS||PG,7,mst+knn,0.289412,0.6856386818404484
Tomas Satoransky||2017-18||WAS||SG,Tyus Jones||2017-18||MIN||PG,7,mst+knn,0.290114,0.6849
Tomas Satoransky||2019-20||CHI||SG,Tre Jones||2023-24||SAS||PG,7,mst+knn,0.27557,0.7007
"Tomas Satoransky||2021-22||NOP,SAS,WAS||SG",Tre Jones||2021-22||SAS||PG,7,mst+knn,0.259246,0.7184054476600896
"Tyrese Haliburton||2021-22||IND,SAC||PG",Tyrese Haliburton||2024-25||IND||PG,7,mst+knn,0.195634,0.7875009302630055
Tyus Jones||2018-19||MIN||PG,Tyus Jones||2019-20||MEM||PG,7,mst+knn,0.144831,0.8427
Tyus Jones||2019-20||MEM||PG,Tyus Jones||2023-24||WAS||PG,7,mst+knn,0.157224,0.8292217498356986
Tyus Jones||2020-21||MEM||PG,Tyus Jones||2021-22||MEM||PG,7,mst+knn,0.190752,0.792804160515169
Tyus Jones||2021-22||MEM||PG,Tyus Jones||2022-23||MEM||PG,7,mst+knn,0.073169,0.9205231113344112
Tyus Jones||2022-23||MEM||PG,Tyus Jones||2023-24||WAS||PG,7,mst+knn,0.143848,0.8438
Tyus Jones||2022-23||MEM||PG,Tyus Jones||2024-25||PHX||PG,7,mst+knn,0.149588,0.8375162933866316
Andrew Nembhard||2024-25||IND||SG,Cory Joseph||2018-19||IND||PG,7,knn,0.340417,0.6302
Chris Paul||2023-24||GSW||PG,Monte Morris||2022-23||WAS||PG,7,knn,0.322825,0.6493
Cory Joseph||2017-18||IND||PG,T.J. McConnell||2017-18||PHI||PG,7,knn,0.351801,0.6179
Cory Joseph||2021-22||DET||PG,Cory Joseph||2022-23||DET||PG,7,knn,0.421224,0.5425
Cory Joseph||2022-23||DET||PG,Jerian Grant||2017-18||CHI||PG,7,knn,0.380379,0.5868293748074405
D.J. Augustin||2018-19||ORL||PG,D.J. Augustin||2019-20||ORL||PG,7,knn,0.350782,0.619
D.J. Augustin||2019-20||ORL||PG,Tyus Jones||2022-23||MEM||PG,7,knn,0.35056,0.6192
Darren Collison||2016-17||SAC||PG,Monte Morris||2021-22||DEN||PG,7,knn,0.325934,0.646
Davion Mitchell||2022-23||SAC||PG,Tyus Jones||2017-18||MIN||PG,7,knn,0.344167,0.6262
"Davion Mitchell||2024-25||MIA,TOR||PG",Tre Jones||2023-24||SAS||PG,7,knn,0.400498,0.565
Delon Wright||2021-22||ATL||SG,Delon Wright||2022-23||WAS||PG,7,knn,0.349394,0.6205
"George Hill||2022-23||IND,MIL||SG",Ryan Arcidiacono||2018-19||CHI||PG,7,knn,0.467929,0.4917
Isaiah Collier||2025-26||UTA||PG,Tre Jones||2025-26||CHI||PG,7,knn,0.392737,0.5734
Ish Smith||2019-20||WAS||PG,Ish Smith||2020-21||WAS||PG,7,knn,0.365079,0.6034
Ish Smith||2023-24||CHA||PG,Jarrett Jack||2017-18||NYK||PG,7,knn,0.524165,0.4306
Cory Joseph||2022-23||DET||PG,"Jacob Gilyard||2023-24||BKN,MEM||PG",7,knn,0.534693,0.4192
Jamal Shead||2024-25||TOR||PG,Rajon Rondo||2019-20||LAL||PG,7,knn,0.446298,0.5152
Davion Mitchell||2022-23||SAC||PG,"Jameer Nelson||2017-18||DET,NOP||PG",7,knn,0.583656,0.366
Jarrett Jack||2017-18||NYK||PG,T.J. McConnell||2019-20||IND||PG,7,knn,0.363379,0.6053
Jerian Grant||2017-18||CHI||PG,Jerian Grant||2018-19||ORL||PG,7,knn,0.392718,0.5734
Jordan McLaughlin||2019-20||MIN||PG,Spencer Dinwiddie||2017-18||BKN||PG,7,knn,0.49298,0.4645
Jordan McLaughlin||2020-21||MIN||PG,Tyus Jones||2018-19||MIN||PG,7,knn,0.34733,0.6227
Davion Mitchell||2022-23||SAC||PG,Jordan McLaughlin||2022-23||MIN||PG,7,knn,0.40238,0.5629
Jose Calderon||2017-18||CLE||PG,Tomas Satoransky||2017-18||WAS||SG,7,knn,0.473534,0.4856
Kam Jones||2025-26||IND||SG,Tyus Jones||2024-25||PHX||PG,7,knn,0.526715,0.4279
Killian Hayes||2023-24||DET||PG,Tre Jones||2022-23||SAS||PG,7,knn,0.401659,0.5637
Kyle Lowry||2024-25||PHI||PG,"Tomas Satoransky||2021-22||NOP,SAS,WAS||SG",7,knn,0.425144,0.5382
Cory Joseph||2018-19||IND||PG,Malcolm Delaney||2016-17||ATL||PG,7,knn,0.427278,0.5359
"Matthew Dellavedova||2018-19||CLE,MIL||PG","Rajon Rondo||2021-22||CLE,LAL||PG",7,knn,0.484631,0.4736
Monte Morris||2018-19||DEN||PG,Tyus Jones||2020-21||MEM||PG,7,knn,0.224942,0.7557
Monte Morris||2019-20||DEN||PG,Tyus Jones||2019-20||MEM||PG,7,knn,0.199054,0.7838
Monte Morris||2020-21||DEN||PG,Monte Morris||2022-23||WAS||PG,7,knn,0.292904,0.6818
Monte Morris||2021-22||DEN||PG,Tyus Jones||2019-20||MEM||PG,7,knn,0.304623,0.6691
Rajon Rondo||2017-18||NOP||PG,Ricky Rubio||2020-21||MIN||PG,7,knn,0.303731,0.6701
Jordan McLaughlin||2020-21||MIN||PG,"Rajon Rondo||2021-22||CLE,LAL||PG",7,knn,0.359984,0.609
Ricky Rubio||2019-20||PHX||PG,Tre Jones||2022-23||SAS||PG,7,knn,0.346586,0.6235
Ricky Rubio||2019-20||PHX||PG,Ricky Rubio||2022-23||CLE||PG,7,knn,0.397999,0.5677
Ryan Arcidiacono||2018-19||CHI||PG,"Tim Frazier||2018-19||MIL,NOP||PG",7,knn,0.369011,0.5992
"Delon Wright||2023-24||MIA,WAS||PG",Saben Lee||2020-21||DET||PG,7,knn,0.34406,0.6263
Semaj Christon||2016-17||OKC||PG,"Tomas Satoransky||2021-22||NOP,SAS,WAS||SG",7,knn,0.31738,0.6553
"Rajon Rondo||2020-21||ATL,LAC||PG","Shelvin Mack||2018-19||CHA,MEM||PG",7,knn,0.425655,0.5377
Delon Wright||2021-22||ATL||SG,Spencer Dinwiddie||2016-17||BKN||PG,7,knn,0.373377,0.5944
Jamal Shead||2025-26||TOR||PG,Spencer Dinwiddie||2017-18||BKN||PG,7,knn,0.353021,0.6165
T.J. McConnell||2017-18||PHI||PG,T.J. McConnell||2019-20||IND||PG,7,knn,0.330124,0.6414
T.J. McConnell||2016-17||PHI||PG,T.J. McConnell||2019-20||IND||PG,7,knn,0.22843,0.7519
Ricky Rubio||2022-23||CLE||PG,T.J. McConnell||2021-22||IND||PG,7,knn,0.421989,0.5416
Saben Lee||2020-21||DET||PG,Terance Mann||2025-26||BKN||SG,7,knn,0.429257,0.5337
Jerian Grant||2017-18||CHI||PG,Tim Frazier||2016-17||NOP||PG,7,knn,0.40319,0.5621
Tomas Satoransky||2018-19||WAS||PG,Tyus Jones||2017-18||MIN||PG,7,knn,0.29071,0.6842
T.J. McConnell||2016-17||PHI||PG,Tomas Satoransky||2019-20||CHI||SG,7,knn,0.372388,0.5955
Ryan Arcidiacono||2018-19||CHI||PG,Tomas Satoransky||2020-21||CHI||SG,7,knn,0.374609,0.5931
T.J. McConnell||2016-17||PHI||PG,"Tomas Satoransky||2021-22||NOP,SAS,WAS||SG",7,knn,0.287654,0.6875
T.J. McConnell||2020-21||IND||PG,Tre Jones||2023-24||SAS||PG,7,knn,0.272123,0.7044
"Tre Jones||2024-25||CHI,SAS||PG",Tyus Jones||2018-19||MIN||PG,7,knn,0.328202,0.6435
"Tre Jones||2024-25||CHI,SAS||PG",Tre Jones||2025-26||CHI||PG,7,knn,0.344253,0.6261
Shelvin Mack||2017-18||ORL||PG,Ty Jerome||2022-23||GSW||SG,7,knn,0.353637,0.6159
T.J. McConnell||2016-17||PHI||PG,Ty Lawson||2016-17||SAC||PG,7,knn,0.400219,0.5653
Darren Collison||2018-19||IND||PG,"Tyrese Haliburton||2021-22||IND,SAC||PG",7,knn,0.372518,0.5954
Tyus Jones||2018-19||MIN||PG,Tyus Jones||2020-21||MEM||PG,7,knn,0.191862,0.7916
Tyus Jones||2021-22||MEM||PG,Tyus Jones||2023-24||WAS||PG,7,knn,0.170325,0.815
Tyus Jones||2023-24||WAS||PG,Tyus Jones||2024-25||PHX||PG,7,knn,0.191796,0.7917
Aaron Holiday||2020-21||IND||PG,Ja'Kobe Walter||2024-25||TOR||SG,8,mst+knn,0.337361,0.7045
Aaron Wiggins||2024-25||OKC||SG,Cedric Coward||2025-26||MEM||SG,8,mst+knn,0.311324,0.7273
Aaron Wiggins||2024-25||OKC||SG,Coby White||2022-23||CHI||SG,8,mst+knn,0.379924,0.6672
Aaron Wiggins||2024-25||OKC||SG,Kendrick Nunn||2020-21||MIA||PG,8,mst+knn,0.326552,0.7139209031216156
Aaron Wiggins||2025-26||OKC||SG,Kent Bazemore||2018-19||ATL||SG,8,mst+knn,0.246939,0.7837
Aaron Wiggins||2025-26||OKC||SG,"Max Christie||2024-25||DAL,LAL||SG",8,mst+knn,0.39163,0.6569082984701871
Aaron Wiggins||2025-26||OKC||SG,Tyrese Martin||2024-25||BKN||SG,8,mst+knn,0.240565,0.7893
Alec Burks||2016-17||UTA||SG,Tre Mann||2021-22||OKC||PG,8,mst+knn,0.337514,0.7043170707024512
Alec Burks||2016-17||UTA||SG,"Wayne Selden||2018-19||CHI,MEM||SG",8,mst+knn,0.337084,0.7047
Alec Burks||2017-18||UTA||SG,Bilal Coulibaly||2025-26||WAS||SG,8,mst+knn,0.334908,0.70660067290608
"Alec Burks||2018-19||CLE,SAC,UTA||SG",Caris LeVert||2022-23||CLE||SG,8,mst+knn,0.423402,0.6291
"Alec Burks||2018-19||CLE,SAC,UTA||SG",Kent Bazemore||2018-19||ATL||SG,8,mst+knn,0.35254,0.6912
"Alec Burks||2018-19||CLE,SAC,UTA||SG",Lonnie Walker IV||2019-20||SAS||SG,8,mst+knn,0.375903,0.6707
"Alec Burks||2018-19||CLE,SAC,UTA||SG",Tyreke Evans||2018-19||IND||SG,8,mst+knn,0.353422,0.6904
Amir Coffey||2021-22||LAC||SG,E'Twaun Moore||2017-18||NOP||SG,8,mst+knn,0.330877,0.7101313454421164
Amir Coffey||2021-22||LAC||SG,"Terance Mann||2024-25||ATL,LAC||SG",8,mst+knn,0.395015,0.6539426278215039
Anfernee Simons||2019-20||POR||SG,Chris Duarte||2021-22||IND||SG,8,mst+knn,0.350955,0.6925417966852847
Anfernee Simons||2019-20||POR||SG,Dwayne Bacon||2020-21||ORL||SG,8,mst+knn,0.282519,0.7525
Anfernee Simons||2019-20||POR||SG,"R.J. Hampton||2020-21||DEN,ORL||SG",8,mst+knn,0.344396,0.6983
Anthony Black||2025-26||ORL||PG,RJ Barrett||2020-21||NYK||SG,8,mst+knn,0.329643,0.7112124158497655
Anthony Edwards||2020-21||MIN||SG,Anthony Edwards||2021-22||MIN||SG,8,mst+knn,0.279103,0.7555
Anthony Edwards||2020-21||MIN||SG,Jalen Green||2021-22||HOU||SG,8,mst+knn,0.348693,0.6945237864010488
Anthony Edwards||2020-21||MIN||SG,Josh Christopher||2021-22||HOU||SG,8,mst,0.383797,0.6638
Anthony Edwards||2021-22||MIN||SG,Will Barton||2017-18||DEN||SG,8,mst+knn,0.446249,0.6091
Austin Reaves||2022-23||LAL||SG,Cedric Coward||2025-26||MEM||SG,8,mst+knn,0.440172,0.6144
Austin Rivers||2016-17||LAC||SG,"Jordan Clarkson||2019-20||CLE,UTA||SG",8,mst+knn,0.347803,0.6953036940769888
Ayo Dosunmu||2021-22||CHI||SG,"Terance Mann||2024-25||ATL,LAC||SG",8,mst+knn,0.369798,0.6760349227306934
Ayo Dosunmu||2023-24||CHI||SG,"Buddy Hield||2016-17||NOP,SAC||SG",8,mst+knn,0.426661,0.6262190132930223
"Ayo Dosunmu||2025-26||CHI,MIN||SG",E'Twaun Moore||2017-18||NOP||SG,8,mst+knn,0.425219,0.6275
Ben McLemore||2017-18||MEM||SG,Julian Strawther||2024-25||DEN||SG,8,mst+knn,0.267777,0.7654113438934611
Ben McLemore||2017-18||MEM||SG,Landry Shamet||2023-24||WAS||SG,8,mst+knn,0.286159,0.7493073968144475
Bennedict Mathurin||2022-23||IND||SG,Frank Jackson||2018-19||NOP||PG,8,mst+knn,0.21031,0.8158
Bennedict Mathurin||2022-23||IND||SG,Sean Kilpatrick||2016-17||BKN||SG,8,mst+knn,0.28581,0.7496127427379726
Bilal Coulibaly||2025-26||WAS||SG,Jarrett Culver||2019-20||MIN||SG,8,mst+knn,0.235736,0.7935
Bradley Beal||2016-17||WAS||SG,Desmond Bane||2022-23||MEM||SG,8,mst+knn,0.320466,0.7193
Bradley Beal||2016-17||WAS||SG,Jaylen Brown||2019-20||BOS||SG,8,mst+knn,0.304341,0.7334
"Bruce Brown||2023-24||IND,TOR||SG",Cedric Coward||2025-26||MEM||SG,8,mst+knn,0.375458,0.6711
"Bruce Brown||2023-24||IND,TOR||SG",E'Twaun Moore||2016-17||NOP||SG,8,mst+knn,0.44247,0.6124
"Buddy Hield||2016-17||NOP,SAC||SG",Ian Clark||2018-19||NOP||SG,8,mst+knn,0.280294,0.7544454566959142
C.J. Williams||2017-18||LAC||SG,"Josh Hart||2021-22||NOP,POR||SG",8,mst+knn,0.440223,0.614337657331401
C.J. Williams||2017-18||LAC||SG,Josh Richardson||2023-24||MIA||SG,8,mst+knn,0.43888,0.6155146151840779
Caleb Love||2025-26||POR||SG,Jordan Poole||2020-21||GSW||SG,8,mst+knn,0.275695,0.7585
Caleb Love||2025-26||POR||SG,Jordan Poole||2022-23||GSW||PG,8,mst+knn,0.303372,0.7342273229662744
"Caris LeVert||2024-25||ATL,CLE||SG",Dwayne Bacon||2018-19||CHA||SG,8,mst+knn,0.386822,0.6611209040338057
"Caris LeVert||2024-25||ATL,CLE||SG",Kevin Huerter||2018-19||ATL||SG,8,mst+knn,0.403271,0.6467101319270927
Cedric Coward||2025-26||MEM||SG,Jaylen Brown||2019-20||BOS||SG,8,mst+knn,0.307995,0.7302
Coby White||2019-20||CHI||PG,Malik Monk||2020-21||CHA||SG,8,mst+knn,0.310822,0.7277015040134657
Coby White||2021-22||CHI||PG,Coby White||2022-23||CHI||SG,8,mst+knn,0.300619,0.73663962492901
Coby White||2024-25||CHI||SG,Eric Gordon||2020-21||HOU||SG,8,mst+knn,0.322128,0.7178
Damyean Dotson||2020-21||CLE||SG,Drake Powell||2025-26||BKN||SG,8,mst+knn,0.317202,0.722111530357876
Dante Exum||2016-17||UTA||PG,Isaiah Canaan||2016-17||CHI||SG,8,mst+knn,0.378577,0.6683437329425669
De'Anthony Melton||2025-26||GSW||PG,Terence Davis||2021-22||SAC||SG,8,mst+knn,0.567421,0.5029046213686609
Denzel Valentine||2020-21||CHI||SG,Keifer Sykes||2021-22||IND||PG,8,mst+knn,0.567454,0.5029
Denzel Valentine||2020-21||CHI||SG,"Rayan Rupert||2025-26||MEM,POR||SG",8,mst+knn,0.40249,0.6474
Dion Waiters||2017-18||MIA||SG,Shaedon Sharpe||2023-24||POR||SG,8,mst+knn,0.246677,0.7839
Drake Powell||2025-26||BKN||SG,Frank Jackson||2018-19||NOP||PG,8,mst+knn,0.240682,0.7891479985702188
Duane Washington Jr.||2021-22||IND||PG,Ja'Kobe Walter||2024-25||TOR||SG,8,mst+knn,0.310281,0.7282
Dwayne Bacon||2019-20||CHA||SG,"Nickeil Alexander-Walker||2021-22||NOP,UTA||SG",8,mst+knn,0.347493,0.6956
Dwayne Bacon||2020-21||ORL||SG,Terry Rozier||2024-25||MIA||PG,8,mst+knn,0.376789,0.6699095929524761
E'Twaun Moore||2019-20||NOP||SG,Malaki Branham||2023-24||SAS||PG,8,mst+knn,0.301072,0.7362428658312876
Emmanuel Mudiay||2016-17||DEN||PG,RJ Barrett||2022-23||NYK||SG,8,mst+knn,0.234312,0.7947288414740232
Eric Bledsoe||2020-21||NOP||SG,Nique Clifford||2025-26||SAC||SG,8,mst+knn,0.38749,0.6605349904469364
Eric Gordon||2017-18||HOU||SG,Eric Gordon||2020-21||HOU||SG,8,mst+knn,0.290234,0.7457372645258429
Eric Gordon||2017-18||HOU||SG,Eric Gordon||2021-22||HOU||SG,8,mst+knn,0.244436,0.7859
Eric Gordon||2020-21||HOU||SG,Malcolm Brogdon||2017-18||MIL||PG,8,mst+knn,0.391536,0.657
Eric Gordon||2021-22||HOU||SG,"Eric Gordon||2022-23||HOU,LAC||SG",8,mst+knn,0.1654,0.8551
Eric Gordon||2021-22||HOU||SG,Malik Monk||2020-21||CHA||SG,8,mst+knn,0.307806,0.7303429703383844
Eric Gordon||2021-22||HOU||SG,Sean Kilpatrick||2016-17||BKN||SG,8,mst+knn,0.253954,0.7775205849513926
"Eric Gordon||2022-23||HOU,LAC||SG",Manu Ginobili||2017-18||SAS||SG,8,mst+knn,0.23683,0.7925221818765011
Evan Fournier||2016-17||ORL||SG,Jonathon Simmons||2017-18||ORL||SG,8,mst+knn,0.39886,0.6506
Evan Fournier||2016-17||ORL||SG,Sean Kilpatrick||2016-17||BKN||SG,8,mst+knn,0.321191,0.718617276514838
Evan Fournier||2018-19||ORL||SG,Kendrick Nunn||2020-21||MIA||PG,8,mst+knn,0.44033,0.6142439349944119
Frank Jackson||2018-19||NOP||PG,Frank Jackson||2021-22||DET||PG,8,mst+knn,0.291259,0.7448393464705321
Frank Jackson||2018-19||NOP||PG,Furkan Korkmaz||2021-22||PHI||SG,8,mst+knn,0.310252,0.7282004967286551
Frank Jackson||2018-19||NOP||PG,Malaki Branham||2023-24||SAS||PG,8,mst+knn,0.246982,0.783628673555915
Frank Jackson||2018-19||NOP||PG,"Wayne Selden||2018-19||CHI,MEM||SG",8,mst,0.262188,0.7703
Frank Jackson||2020-21||DET||PG,Frank Jackson||2021-22||DET||PG,8,mst+knn,0.28892,0.7469
Frank Jackson||2020-21||DET||PG,Wayne Selden||2017-18||MEM||SG,8,mst+knn,0.374305,0.6721
Gary Harris||2016-17||DEN||SG,Gary Harris||2017-18||DEN||SG,8,mst+knn,0.247759,0.7829481680007475
Gary Harris||2016-17||DEN||SG,Tim Hardaway Jr.||2016-17||ATL||SG,8,mst+knn,0.291924,0.7443
Gary Harris||2017-18||DEN||SG,Norman Powell||2019-20||TOR||SG,8,mst+knn,0.265873,0.7671
Gary Harris||2017-18||DEN||SG,"Norman Powell||2020-21||POR,TOR||SG",8,mst+knn,0.297358,0.7395
Gary Harris||2017-18||DEN||SG,Will Barton||2021-22||DEN||SG,8,mst+knn,0.434826,0.6191
Gary Harris||2017-18||DEN||SG,Zach LaVine||2016-17||MIN||SG,8,mst+knn,0.370077,0.6758
Gary Harris||2018-19||DEN||SG,Jordan Poole||2020-21||GSW||SG,8,mst+knn,0.383036,0.6644374809743383
Gary Harris||2019-20||DEN||SG,Jarrett Culver||2019-20||MIN||SG,8,mst+knn,0.329496,0.7113414997785222
Gary Harris||2019-20||DEN||SG,PJ Dozier||2020-21||DEN||SG,8,mst+knn,0.310588,0.727905694533296
"Gary Harris||2020-21||DEN,ORL||SG",RJ Barrett||2019-20||NYK||SG,8,mst+knn,0.349955,0.693418541092164
"George Hill||2018-19||CLE,MIL||PG",Isaiah Canaan||2016-17||CHI||SG,8,mst+knn,0.395229,0.6538
Gerald Henderson||2016-17||PHI||SG,Shaedon Sharpe||2022-23||POR||SG,8,mst+knn,0.304081,0.7336061905970678
Hamidou Diallo||2021-22||DET||SG,Jalen Williams||2022-23||OKC||SG,8,mst+knn,0.26684,0.7662318391017456
Hamidou Diallo||2021-22||DET||SG,Jaylen Brown||2018-19||BOS||SG,8,mst+knn,0.291941,0.7442418974492526
Ian Clark||2017-18||NOP||SG,Jaylen Nowell||2022-23||MIN||SG,8,mst+knn,0.277665,0.7567490599199348
Ian Clark||2017-18||NOP||SG,Malaki Branham||2022-23||SAS||SG,8,mst+knn,0.174371,0.8472404619980224
Ian Clark||2017-18||NOP||SG,Malaki Branham||2023-24||SAS||PG,8,mst,0.293166,0.7432
Ian Clark||2018-19||NOP||SG,Julian Strawther||2024-25||DEN||SG,8,mst+knn,0.2607,0.7716106187319385
Ian Clark||2018-19||NOP||SG,Julian Strawther||2025-26||DEN||SG,8,mst+knn,0.224246,0.8035472290771003
Iman Shumpert||2016-17||CLE||SG,"Jaden Ivey||2025-26||CHI,DET||SG",8,mst+knn,0.390985,0.6575
Iman Shumpert||2016-17||CLE||SG,"Jerome Robinson||2019-20||LAC,WAS||SG",8,mst+knn,0.325637,0.7147224120853765
Isaiah Canaan||2016-17||CHI||SG,Julian Strawther||2024-25||DEN||SG,8,mst+knn,0.280412,0.7543420863286607
Ja'Kobe Walter||2024-25||TOR||SG,Jeremy Lamb||2018-19||CHA||SG,8,mst+knn,0.612976,0.463
Ja'Kobe Walter||2024-25||TOR||SG,Landry Shamet||2023-24||WAS||SG,8,mst+knn,0.356148,0.688
Jaden Ivey||2023-24||DET||SG,Sean Kilpatrick||2016-17||BKN||SG,8,mst+knn,0.328626,0.7121033066745608
Jamal Murray||2016-17||DEN||SG,Shaedon Sharpe||2022-23||POR||SG,8,mst+knn,0.291188,0.7449017303216039
James Bouknight||2022-23||CHA||SG,Tyrese Martin||2024-25||BKN||SG,8,mst+knn,0.380411,0.6667370020168097
Jarrett Culver||2019-20||MIN||SG,Norman Powell||2016-17||TOR||SG,8,mst+knn,0.281977,0.753
Jarrett Culver||2019-20||MIN||SG,"Terence Davis||2020-21||SAC,TOR||SG",8,mst+knn,0.256836,0.775
Jaylen Brown||2017-18||BOS||SG,Jaylen Brown||2018-19||BOS||SG,8,mst+knn,0.317136,0.7222
Jaylen Brown||2017-18||BOS||SG,Jaylen Brown||2019-20||BOS||SG,8,mst,0.322013,0.7179
Jaylen Brown||2017-18||BOS||SG,Kent Bazemore||2017-18||ATL||SG,8,mst+knn,0.318586,0.7209
Jaylen Brown||2017-18||BOS||SG,Tyler Johnson||2017-18||MIA||PG,8,mst+knn,0.411334,0.6396468515520825
Jaylen Brown||2018-19||BOS||SG,Josh Jackson||2020-21||DET||SG,8,mst+knn,0.262589,0.77
Jaylen Brown||2019-20||BOS||SG,Victor Oladipo||2016-17||OKC||SG,8,mst+knn,0.227946,0.8003050487766421
Jaylen Nowell||2020-21||MIN||SG,Johnny Davis||2022-23||WAS||SG,8,mst+knn,0.288482,0.7473
"Jerome Robinson||2019-20||LAC,WAS||SG","Rayan Rupert||2025-26||MEM,POR||SG",8,mst+knn,0.319396,0.7202
Johnny Davis||2022-23||WAS||SG,Kent Bazemore||2018-19||ATL||SG,8,mst+knn,0.288927,0.7469
Johnny Davis||2022-23||WAS||SG,Romeo Langford||2022-23||SAS||SG,8,mst+knn,0.408051,0.6425228484744598
"Jordan Clarkson||2019-20||CLE,UTA||SG",Jordan Poole||2020-21||GSW||SG,8,mst+knn,0.402039,0.6478
Jordan Clarkson||2025-26||NYK||SG,"Wayne Selden||2018-19||CHI,MEM||SG",8,mst+knn,0.239431,0.790243639749249
Jordan Poole||2019-20||GSW||SG,Josh Richardson||2020-21||DAL||SG,8,mst+knn,0.392118,0.6565
Jordan Poole||2020-21||GSW||SG,Jordan Poole||2021-22||GSW||SG,8,mst+knn,0.362146,0.6827383223339524
Jordan Poole||2020-21||GSW||SG,Malik Monk||2022-23||SAC||SG,8,mst+knn,0.271974,0.7617340671301951
Jordan Poole||2022-23||GSW||PG,Malik Monk||2023-24||SAC||SG,8,mst+knn,0.381134,0.6661038792748653
Jordan Poole||2025-26||NOP||PG,Shaedon Sharpe||2023-24||POR||SG,8,mst+knn,0.419105,0.6328385766579736
Josh Christopher||2021-22||HOU||SG,Malik Monk||2019-20||CHA||SG,8,mst+knn,0.18286,0.8398037971123822
Josh Christopher||2021-22||HOU||SG,Norman Powell||2017-18||TOR||SG,8,mst+knn,0.288345,0.7474
"Josh Hart||2021-22||NOP,POR||SG","RJ Barrett||2023-24||NYK,TOR||SG",8,mst+knn,0.367742,0.6778360853817651
Josh Jackson||2018-19||PHX||SG,Josh Jackson||2020-21||DET||SG,8,mst+knn,0.27092,0.7627
Josh Jackson||2018-19||PHX||SG,RJ Barrett||2019-20||NYK||SG,8,mst+knn,0.237217,0.7922
Josh Jackson||2020-21||DET||SG,Kent Bazemore||2018-19||ATL||SG,8,mst,0.274374,0.7596
Josh Richardson||2020-21||DAL||SG,Malaki Branham||2022-23||SAS||SG,8,mst+knn,0.415823,0.6357142594883946
Julian Strawther||2024-25||DEN||SG,Marcus Thornton||2016-17||WAS||SG,8,mst+knn,0.379988,0.6671077977431864
Julian Strawther||2024-25||DEN||SG,"Rayan Rupert||2025-26||MEM,POR||SG",8,mst+knn,0.20564,0.8198467788487043
Julian Strawther||2025-26||DEN||SG,Kobe Sanders||2025-26||LAC||SG,8,mst+knn,0.292845,0.7435
Julian Strawther||2025-26||DEN||SG,Norman Powell||2017-18||TOR||SG,8,mst+knn,0.283598,0.7516
Kent Bazemore||2018-19||ATL||SG,Nickeil Alexander-Walker||2020-21||NOP||SG,8,mst+knn,0.351369,0.6922
Keon Johnson||2024-25||BKN||SG,"Nickeil Alexander-Walker||2021-22||NOP,UTA||SG",8,mst+knn,0.225284,0.8026379726944012
Keon Johnson||2024-25||BKN||SG,"Terence Davis||2020-21||SAC,TOR||SG",8,mst+knn,0.297396,0.7395
Kevin Huerter||2018-19||ATL||SG,Malik Monk||2021-22||LAL||SG,8,mst+knn,0.344254,0.6984126093211476
Kevin Huerter||2019-20||ATL||SG,Malik Monk||2021-22||LAL||SG,8,mst+knn,0.465247,0.5924152464086752
Lance Stephenson||2018-19||LAL||SG,Lonnie Walker IV||2021-22||SAS||SG,8,mst+knn,0.327784,0.7128412592712513
Landry Shamet||2023-24||WAS||SG,Lonnie Walker IV||2022-23||LAL||SG,8,mst+knn,0.364331,0.6808241085281164
Lonnie Walker IV||2019-20||SAS||SG,Nique Clifford||2025-26||SAC||SG,8,mst+knn,0.415707,0.6358155744164726
Lonnie Walker IV||2020-21||SAS||SG,Lonnie Walker IV||2021-22||SAS||SG,8,mst+knn,0.270523,0.7630051401615165
Lonnie Walker IV||2020-21||SAS||SG,"Wayne Selden||2018-19||CHI,MEM||SG",8,mst+knn,0.289474,0.7464034456964317
Lonnie Walker IV||2021-22||SAS||SG,Monta Ellis||2016-17||IND||SG,8,mst+knn,0.47123,0.5872
Lonnie Walker IV||2023-24||BKN||SG,Malik Monk||2020-21||CHA||SG,8,mst+knn,0.322879,0.7171387681523492
Luguentz Dort||2020-21||OKC||SG,Luguentz Dort||2021-22||OKC||SG,8,mst+knn,0.130741,0.8855
Luguentz Dort||2020-21||OKC||SG,Nickeil Alexander-Walker||2025-26||ATL||SG,8,mst+knn,0.420447,0.6317
Luguentz Dort||2021-22||OKC||SG,Nickeil Alexander-Walker||2020-21||NOP||SG,8,mst+knn,0.397592,0.6517
Luguentz Dort||2021-22||OKC||SG,Shaedon Sharpe||2023-24||POR||SG,8,mst+knn,0.307251,0.7308295559529001
Malcolm Brogdon||2017-18||MIL||PG,Malcolm Brogdon||2018-19||MIL||SG,8,mst+knn,0.372688,0.673502615047656
Malik Monk||2018-19||CHA||SG,"Terence Davis||2020-21||SAC,TOR||SG",8,mst+knn,0.210852,0.8153
Malik Monk||2021-22||LAL||SG,Nik Stauskas||2016-17||PHI||SG,8,mst+knn,0.311988,0.7267
Malik Monk||2021-22||LAL||SG,Tim Hardaway Jr.||2016-17||ATL||SG,8,mst+knn,0.207046,0.8186150918794054
Malik Monk||2022-23||SAC||SG,"Terence Davis||2020-21||SAC,TOR||SG",8,mst+knn,0.268557,0.7647275602402295
Moses Moody||2023-24||GSW||SG,"Rayan Rupert||2025-26||MEM,POR||SG",8,mst+knn,0.280714,0.7541
Moses Moody||2023-24||GSW||SG,"Terence Davis||2020-21||SAC,TOR||SG",8,mst+knn,0.263236,0.7694
"Nickeil Alexander-Walker||2021-22||NOP,UTA||SG",Tyler Dorsey||2017-18||ATL||SG,8,mst+knn,0.355823,0.6883
Nik Stauskas||2016-17||PHI||SG,"R.J. Hampton||2022-23||DET,ORL||SG",8,mst+knn,0.297075,0.73974436759348
Nik Stauskas||2016-17||PHI||SG,Sean Kilpatrick||2016-17||BKN||SG,8,mst+knn,0.306716,0.7313
Norman Powell||2017-18||TOR||SG,Norman Powell||2018-19||TOR||SG,8,mst+knn,0.262181,0.7703138379825194
Norman Powell||2017-18||TOR||SG,Sterling Brown||2018-19||MIL||SG,8,mst+knn,0.286771,0.7488
Norman Powell||2018-19||TOR||SG,Quentin Grimes||2025-26||PHI||SG,8,mst,0.36145,0.6833
Norman Powell||2022-23||LAC||SG,Quentin Grimes||2025-26||PHI||SG,8,mst+knn,0.293521,0.7429
Pelle Larsson||2025-26||MIA||SG,Romeo Langford||2022-23||SAS||SG,8,mst+knn,0.375029,0.6715
"Quentin Grimes||2024-25||DAL,PHI||SG",Quentin Grimes||2025-26||PHI||SG,8,mst+knn,0.31385,0.7250485005604346
"R.J. Hampton||2020-21||DEN,ORL||SG","R.J. Hampton||2022-23||DET,ORL||SG",8,mst+knn,0.331105,0.7099315981598986
"R.J. Hampton||2022-23||DET,ORL||SG",Tre Mann||2022-23||OKC||PG,8,mst+knn,0.377505,0.6693
RJ Barrett||2019-20||NYK||SG,RJ Barrett||2020-21||NYK||SG,8,mst+knn,0.248399,0.7824
RJ Barrett||2019-20||NYK||SG,RJ Barrett||2022-23||NYK||SG,8,mst+knn,0.217059,0.809842922835069
RJ Barrett||2022-23||NYK||SG,"RJ Barrett||2023-24||NYK,TOR||SG",8,mst+knn,0.218467,0.8086101001904132
"Rayan Rupert||2025-26||MEM,POR||SG",Rodney McGruder||2018-19||MIA||SG,8,mst+knn,0.389172,0.6591
"Rayan Rupert||2025-26||MEM,POR||SG",Tyrese Martin||2024-25||BKN||SG,8,mst+knn,0.259007,0.7731
"Rayan Rupert||2025-26||MEM,POR||SG","Wayne Selden||2018-19||CHI,MEM||SG",8,mst+knn,0.252288,0.779
Romeo Langford||2022-23||SAS||SG,Vince Williams Jr.||2024-25||MEM||SG,8,mst+knn,0.432098,0.6215
Shaedon Sharpe||2022-23||POR||SG,"Terance Mann||2024-25||ATL,LAC||SG",8,mst+knn,0.278333,0.7562
Shaedon Sharpe||2022-23||POR||SG,"Terence Davis||2020-21||SAC,TOR||SG",8,mst+knn,0.289077,0.7468
Shaedon Sharpe||2023-24||POR||SG,Tim Hardaway Jr.||2017-18||NYK||SG,8,mst+knn,0.351171,0.6924
Terence Davis||2021-22||SAC||SG,Victor Oladipo||2016-17||OKC||SG,8,mst+knn,0.44105,0.6136135322105809
Will Barton||2016-17||DEN||SG,Will Barton||2017-18||DEN||SG,8,mst+knn,0.347625,0.6955
Aaron Holiday||2020-21||IND||PG,"Jerome Robinson||2019-20||LAC,WAS||SG",8,knn,0.408845,0.6418
Alec Burks||2017-18||UTA||SG,Jarrett Culver||2019-20||MIN||SG,8,knn,0.34086,0.7014
"Alec Burks||2018-19||CLE,SAC,UTA||SG",Dwayne Bacon||2019-20||CHA||SG,8,knn,0.352905,0.6908340383767042
Anthony Black||2025-26||ORL||PG,RJ Barrett||2019-20||NYK||SG,8,knn,0.330002,0.7109
Austin Reaves||2022-23||LAL||SG,"Josh Hart||2021-22||NOP,POR||SG",8,knn,0.488046,0.5724
Austin Rivers||2016-17||LAC||SG,Coby White||2024-25||CHI||SG,8,knn,0.427411,0.6256
Ayo Dosunmu||2021-22||CHI||SG,"Ayo Dosunmu||2025-26||CHI,MIN||SG",8,knn,0.466831,0.591
Ayo Dosunmu||2023-24||CHI||SG,Julian Strawther||2025-26||DEN||SG,8,knn,0.448739,0.6069
"Ayo Dosunmu||2025-26||CHI,MIN||SG",Eric Gordon||2021-22||HOU||SG,8,knn,0.442636,0.6122
Ben McLemore||2017-18||MEM||SG,Frank Jackson||2018-19||NOP||PG,8,knn,0.281439,0.7534
"Bruce Brown||2023-24||IND,TOR||SG","Max Christie||2024-25||DAL,LAL||SG",8,knn,0.404181,0.6459
"Buddy Hield||2016-17||NOP,SAC||SG",Jamal Murray||2016-17||DEN||SG,8,knn,0.295803,0.7409
Caris LeVert||2022-23||CLE||SG,PJ Dozier||2020-21||DEN||SG,8,knn,0.437746,0.6165
Chris Duarte||2021-22||IND||SG,James Bouknight||2022-23||CHA||SG,8,knn,0.386622,0.6613
Coby White||2019-20||CHI||PG,Tyreke Evans||2018-19||IND||SG,8,knn,0.378669,0.6683
Aaron Wiggins||2024-25||OKC||SG,Coby White||2021-22||CHI||PG,8,knn,0.445828,0.6094
Coby White||2024-25||CHI||SG,Jordan Poole||2021-22||GSW||SG,8,knn,0.37484,0.6716
Damyean Dotson||2020-21||CLE||SG,Ian Clark||2018-19||NOP||SG,8,knn,0.330076,0.7108
Dante Exum||2016-17||UTA||PG,Norman Powell||2016-17||TOR||SG,8,knn,0.39941,0.6501
De'Anthony Melton||2025-26||GSW||PG,Malcolm Brogdon||2018-19||MIL||SG,8,knn,0.582779,0.4894
Denzel Valentine||2020-21||CHI||SG,PJ Dozier||2020-21||DEN||SG,8,knn,0.428179,0.6249
Desmond Bane||2022-23||MEM||SG,Jaylen Brown||2019-20||BOS||SG,8,knn,0.40897,0.6417
Dion Waiters||2017-18||MIA||SG,Eric Gordon||2020-21||HOU||SG,8,knn,0.434933,0.619
Drake Powell||2025-26||BKN||SG,Malaki Branham||2023-24||SAS||PG,8,knn,0.285419,0.75
Duane Washington Jr.||2021-22||IND||PG,Landry Shamet||2023-24||WAS||SG,8,knn,0.422618,0.6298
Aaron Wiggins||2024-25||OKC||SG,Dwayne Bacon||2018-19||CHA||SG,8,knn,0.446587,0.6088
Dwayne Bacon||2020-21||ORL||SG,"R.J. Hampton||2020-21||DEN,ORL||SG",8,knn,0.360254,0.6844
Dwayne Bacon||2018-19||CHA||SG,E'Twaun Moore||2016-17||NOP||SG,8,knn,0.446631,0.6087
E'Twaun Moore||2017-18||NOP||SG,Norman Powell||2019-20||TOR||SG,8,knn,0.395633,0.6534
E'Twaun Moore||2019-20||NOP||SG,Frank Jackson||2018-19||NOP||PG,8,knn,0.374261,0.6721
Emmanuel Mudiay||2016-17||DEN||PG,RJ Barrett||2019-20||NYK||SG,8,knn,0.343478,0.6991
Eric Bledsoe||2020-21||NOP||SG,Evan Fournier||2018-19||ORL||SG,8,knn,0.508425,0.5546
Eric Gordon||2017-18||HOU||SG,Sean Kilpatrick||2016-17||BKN||SG,8,knn,0.28463,0.7506465445674482
Eric Gordon||2017-18||HOU||SG,Evan Fournier||2016-17||ORL||SG,8,knn,0.336687,0.705
Bradley Beal||2016-17||WAS||SG,Evan Fournier||2018-19||ORL||SG,8,knn,0.450223,0.6056
Ben McLemore||2017-18||MEM||SG,Frank Jackson||2020-21||DET||PG,8,knn,0.350044,0.6933
Drake Powell||2025-26||BKN||SG,Furkan Korkmaz||2021-22||PHI||SG,8,knn,0.331243,0.7098
Evan Fournier||2016-17||ORL||SG,Gary Harris||2018-19||DEN||SG,8,knn,0.38733,0.6607
Gary Harris||2019-20||DEN||SG,"Gary Harris||2020-21||DEN,ORL||SG",8,knn,0.367366,0.6782
Aaron Wiggins||2025-26||OKC||SG,"George Hill||2018-19||CLE,MIL||PG",8,knn,0.449179,0.6065
Gerald Henderson||2016-17||PHI||SG,"Rayan Rupert||2025-26||MEM,POR||SG",8,knn,0.361252,0.6835
Jaden Ivey||2023-24||DET||SG,RJ Barrett||2019-20||NYK||SG,8,knn,0.383036,0.6644
"Jaden Ivey||2025-26||CHI,DET||SG",Jaylen Nowell||2020-21||MIN||SG,8,knn,0.426713,0.6262
Bennedict Mathurin||2022-23||IND||SG,Jalen Green||2021-22||HOU||SG,8,knn,0.389912,0.6584
Bilal Coulibaly||2025-26||WAS||SG,Jalen Williams||2022-23||OKC||SG,8,knn,0.335884,0.7057
Jaylen Nowell||2020-21||MIN||SG,Julian Strawther||2024-25||DEN||SG,8,knn,0.315848,0.7233
Jaylen Nowell||2022-23||MIN||SG,Jordan Clarkson||2025-26||NYK||SG,8,knn,0.302486,0.735
Jaylen Brown||2019-20||BOS||SG,Jeremy Lamb||2018-19||CHA||SG,8,knn,0.618772,0.4579
Bennedict Mathurin||2022-23||IND||SG,Jonathon Simmons||2017-18||ORL||SG,8,knn,0.427791,0.6252
Frank Jackson||2018-19||NOP||PG,Jordan Clarkson||2025-26||NYK||SG,8,knn,0.265872,0.7671
Coby White||2019-20||CHI||PG,Jordan Poole||2019-20||GSW||SG,8,knn,0.448694,0.6069
Eric Gordon||2021-22||HOU||SG,Jordan Poole||2021-22||GSW||SG,8,knn,0.371016,0.675
Jordan Poole||2020-21||GSW||SG,Jordan Poole||2022-23||GSW||PG,8,knn,0.319205,0.7204
Jordan Poole||2025-26||NOP||PG,Tim Hardaway Jr.||2017-18||NYK||SG,8,knn,0.451849,0.6042
Cedric Coward||2025-26||MEM||SG,"Josh Hart||2021-22||NOP,POR||SG",8,knn,0.368986,0.6767
Johnny Davis||2022-23||WAS||SG,Josh Richardson||2023-24||MIA||SG,8,knn,0.483196,0.5767
Jordan Clarkson||2025-26||NYK||SG,Julian Strawther||2025-26||DEN||SG,8,knn,0.268564,0.7647
"Gary Harris||2020-21||DEN,ORL||SG",Keifer Sykes||2021-22||IND||PG,8,knn,0.589173,0.4838
Anthony Black||2025-26||ORL||PG,Kent Bazemore||2017-18||ATL||SG,8,knn,0.500646,0.5614
Kent Bazemore||2018-19||ATL||SG,"Rayan Rupert||2025-26||MEM,POR||SG",8,knn,0.2633,0.7693
Gary Harris||2016-17||DEN||SG,Kevin Huerter||2018-19||ATL||SG,8,knn,0.390144,0.6582
Bradley Beal||2016-17||WAS||SG,Kevin Huerter||2019-20||ATL||SG,8,knn,0.525037,0.54
Ben McLemore||2017-18||MEM||SG,Kobe Sanders||2025-26||LAC||SG,8,knn,0.315405,0.7237
Lance Stephenson||2018-19||LAL||SG,Malik Monk||2018-19||CHA||SG,8,knn,0.364956,0.6803
Lonnie Walker IV||2019-20||SAS||SG,Shaedon Sharpe||2022-23||POR||SG,8,knn,0.378492,0.6684
Ben McLemore||2017-18||MEM||SG,Lonnie Walker IV||2022-23||LAL||SG,8,knn,0.37895,0.668
Lonnie Walker IV||2023-24||BKN||SG,Malik Monk||2018-19||CHA||SG,8,knn,0.348645,0.6946
Lonnie Walker IV||2020-21||SAS||SG,Malaki Branham||2022-23||SAS||SG,8,knn,0.293939,0.7425
Malcolm Brogdon||2018-19||MIL||SG,"RJ Barrett||2023-24||NYK,TOR||SG",8,knn,0.484144,0.5759
Malik Monk||2018-19||CHA||SG,Malik Monk||2022-23||SAC||SG,8,knn,0.328942,0.7118
Malik Monk||2019-20||CHA||SG,Norman Powell||2017-18||TOR||SG,8,knn,0.292185,0.744
Malik Monk||2022-23||SAC||SG,Malik Monk||2023-24||SAC||SG,8,knn,0.385548,0.6622
Eric Gordon||2021-22||HOU||SG,Manu Ginobili||2017-18||SAS||SG,8,knn,0.322733,0.7173
Caleb Love||2025-26||POR||SG,Marcus Thornton||2016-17||WAS||SG,8,knn,0.382295,0.6651
Lonnie Walker IV||2022-23||LAL||SG,"Max Christie||2024-25||DAL,LAL||SG",8,knn,0.391868,0.6567
Lance Stephenson||2018-19||LAL||SG,Monta Ellis||2016-17||IND||SG,8,knn,0.485507,0.5747
Luguentz Dort||2021-22||OKC||SG,Nickeil Alexander-Walker||2025-26||ATL||SG,8,knn,0.512041,0.5514
Josh Christopher||2021-22||HOU||SG,Norman Powell||2016-17||TOR||SG,8,knn,0.296734,0.74
Norman Powell||2018-19||TOR||SG,Sterling Brown||2018-19||MIL||SG,8,knn,0.297,0.7398
Gary Harris||2016-17||DEN||SG,Norman Powell||2019-20||TOR||SG,8,knn,0.303106,0.7345
Gary Harris||2016-17||DEN||SG,"Norman Powell||2020-21||POR,TOR||SG",8,knn,0.307795,0.7304
Norman Powell||2019-20||TOR||SG,Norman Powell||2022-23||LAC||SG,8,knn,0.365731,0.6796
Kent Bazemore||2018-19||ATL||SG,PJ Dozier||2020-21||DEN||SG,8,knn,0.420291,0.6318
Jalen Williams||2022-23||OKC||SG,Pelle Larsson||2025-26||MIA||SG,8,knn,0.412306,0.6388
"Quentin Grimes||2024-25||DAL,PHI||SG",Shaedon Sharpe||2022-23||POR||SG,8,knn,0.392426,0.6562
"R.J. Hampton||2020-21||DEN,ORL||SG","Wayne Selden||2018-19||CHI,MEM||SG",8,knn,0.337326,0.7045
Frank Jackson||2018-19||NOP||PG,"R.J. Hampton||2022-23||DET,ORL||SG",8,knn,0.306864,0.7312
RJ Barrett||2020-21||NYK||SG,"RJ Barrett||2023-24||NYK,TOR||SG",8,knn,0.32725,0.7133
RJ Barrett||2019-20||NYK||SG,"RJ Barrett||2023-24||NYK,TOR||SG",8,knn,0.269045,0.7643
Rodney McGruder||2018-19||MIA||SG,Tyrese Martin||2024-25||BKN||SG,8,knn,0.464543,0.593
Sterling Brown||2018-19||MIL||SG,"Terence Davis||2020-21||SAC,TOR||SG",8,knn,0.296266,0.7405
Kobe Sanders||2025-26||LAC||SG,"Terance Mann||2024-25||ATL,LAC||SG",8,knn,0.369115,0.6766
Jaylen Brown||2019-20||BOS||SG,Terence Davis||2021-22||SAC||SG,8,knn,0.444713,0.6104
Anfernee Simons||2019-20||POR||SG,Terry Rozier||2024-25||MIA||PG,8,knn,0.378823,0.6681
Luguentz Dort||2021-22||OKC||SG,Tim Hardaway Jr.||2017-18||NYK||SG,8,knn,0.375027,0.6715
"Buddy Hield||2016-17||NOP,SAC||SG",Tre Mann||2021-22||OKC||PG,8,knn,0.395854,0.6532
"Rayan Rupert||2025-26||MEM,POR||SG",Tre Mann||2022-23||OKC||PG,8,knn,0.399287,0.6502
Anfernee Simons||2019-20||POR||SG,Tyler Dorsey||2017-18||ATL||SG,8,knn,0.426184,0.6266
Jaylen Brown||2018-19||BOS||SG,Tyler Johnson||2017-18||MIA||PG,8,knn,0.444688,0.6104
Victor Oladipo||2016-17||OKC||SG,Zach LaVine||2016-17||MIN||SG,8,knn,0.411903,0.6391475830162896
Luguentz Dort||2021-22||OKC||SG,Vince Williams Jr.||2024-25||MEM||SG,8,knn,0.460113,0.5969
Norman Powell||2019-20||TOR||SG,Wayne Selden||2017-18||MEM||SG,8,knn,0.400167,0.6494
Eric Gordon||2020-21||HOU||SG,Will Barton||2016-17||DEN||SG,8,knn,0.452166,0.6039
Gary Harris||2019-20||DEN||SG,Will Barton||2021-22||DEN||SG,8,knn,0.453371,0.6028
Andrew Nembhard||2025-26||IND||PG,Chris Paul||2021-22||PHX||PG,9,mst+knn,0.263797,0.653432962061348
Bradley Beal||2021-22||WAS||SG,"De'Aaron Fox||2024-25||SAC,SAS||PG",9,mst,0.180217,0.7632
Bradley Beal||2021-22||WAS||SG,Dejounte Murray||2024-25||NOP||PG,9,mst+knn,0.151524,0.8009338661934463
Bradley Beal||2021-22||WAS||SG,Jalen Williams||2025-26||OKC||SG,9,mst+knn,0.146701,0.8073
Bradley Beal||2022-23||WAS||SG,Cade Cunningham||2023-24||DET||PG,9,mst+knn,0.152495,0.7997
Bradley Beal||2022-23||WAS||SG,Devin Booker||2022-23||PHX||SG,9,mst+knn,0.150511,0.8023
Cade Cunningham||2024-25||DET||PG,Cade Cunningham||2025-26||DET||PG,9,mst+knn,0.0865,0.8864
Cade Cunningham||2025-26||DET||PG,Dejounte Murray||2021-22||SAS||PG,9,mst+knn,0.150415,0.8024
Cade Cunningham||2025-26||DET||PG,Shai Gilgeous-Alexander||2024-25||OKC||PG,9,mst+knn,0.148532,0.8049
Chris Paul||2016-17||LAC||PG,Chris Paul||2022-23||PHX||PG,9,mst+knn,0.150991,0.8016331786534496
Chris Paul||2019-20||OKC||PG,Chris Paul||2020-21||PHX||PG,9,mst+knn,0.126699,0.8335472452644959
Chris Paul||2020-21||PHX||PG,Chris Paul||2021-22||PHX||PG,9,mst+knn,0.059671,0.9216070191783821
Chris Paul||2020-21||PHX||PG,Chris Paul||2022-23||PHX||PG,9,mst+knn,0.099866,0.8688
Chris Paul||2021-22||PHX||PG,Dejounte Murray||2021-22||SAS||PG,9,mst,0.180738,0.7626
Chris Paul||2021-22||PHX||PG,T.J. McConnell||2025-26||IND||PG,9,mst,0.215876,0.7164
Chris Paul||2022-23||PHX||PG,"Ish Smith||2021-22||CHA,WAS||PG",9,mst+knn,0.312735,0.5891400814280612
Cole Anthony||2025-26||MIL||PG,"Kevin Porter Jr.||2024-25||LAC,MIL||SG",9,mst+knn,0.471781,0.3802
Cole Anthony||2025-26||MIL||PG,Killian Hayes||2022-23||DET||PG,9,mst+knn,0.309256,0.5937110251184042
Cole Anthony||2025-26||MIL||PG,Reggie Jackson||2016-17||DET||PG,9,mst+knn,0.30626,0.5976471195686253
De'Aaron Fox||2020-21||SAC||PG,De'Aaron Fox||2022-23||SAC||PG,9,mst+knn,0.101616,0.8665010533736255
De'Aaron Fox||2021-22||SAC||PG,De'Aaron Fox||2022-23||SAC||PG,9,mst+knn,0.146392,0.8077
De'Aaron Fox||2021-22||SAC||PG,Dennis Schroder||2017-18||ATL||PG,9,mst+knn,0.149474,0.8036259127896042
De'Aaron Fox||2021-22||SAC||PG,Derrick Rose||2018-19||MIN||PG,9,mst+knn,0.174705,0.7705
De'Aaron Fox||2021-22||SAC||PG,Jalen Brunson||2022-23||NYK||PG,9,mst+knn,0.148816,0.8045
De'Aaron Fox||2021-22||SAC||PG,Reggie Jackson||2017-18||DET||PG,9,mst+knn,0.188103,0.7529
De'Aaron Fox||2022-23||SAC||PG,"De'Aaron Fox||2024-25||SAC,SAS||PG",9,mst+knn,0.16099,0.7885
De'Aaron Fox||2022-23||SAC||PG,Shai Gilgeous-Alexander||2023-24||OKC||PG,9,mst+knn,0.142408,0.8129100857028937
DeMar DeRozan||2016-17||TOR||SG,DeMar DeRozan||2017-18||TOR||SG,9,mst+knn,0.098959,0.87
DeMar DeRozan||2016-17||TOR||SG,DeMar DeRozan||2018-19||SAS||SG,9,mst+knn,0.128499,0.8312
DeMar DeRozan||2016-17||TOR||SG,Dwyane Wade||2016-17||CHI||SG,9,mst+knn,0.150462,0.80232804769578
DeMar DeRozan||2017-18||TOR||SG,Dejounte Murray||2022-23||ATL||SG,9,mst+knn,0.171739,0.7744
DeMar DeRozan||2017-18||TOR||SG,Devin Booker||2025-26||PHX||SG,9,mst,0.174501,0.7707
DeMar DeRozan||2017-18||TOR||SG,Lou Williams||2018-19||LAC||SG,9,mst+knn,0.226907,0.7019
Dejounte Murray||2019-20||SAS||PG,Dejounte Murray||2020-21||SAS||PG,9,mst+knn,0.32498,0.5731
Dejounte Murray||2020-21||SAS||PG,Dejounte Murray||2021-22||SAS||PG,9,mst+knn,0.191136,0.7489
Dejounte Murray||2020-21||SAS||PG,Markelle Fultz||2022-23||ORL||PG,9,mst+knn,0.26491,0.652
Dejounte Murray||2021-22||SAS||PG,Russell Westbrook||2017-18||OKC||PG,9,mst,0.179727,0.7639
Derrick Rose||2016-17||NYK||PG,Derrick Rose||2019-20||DET||PG,9,mst+knn,0.219283,0.7119144316368277
Derrick Rose||2018-19||MIN||PG,Derrick Rose||2019-20||DET||PG,9,mst+knn,0.158965,0.7912
"Derrick Rose||2020-21||DET,NYK||PG",Jalen Brunson||2025-26||NYK||PG,9,mst+knn,0.210992,0.7228069877441818
"Derrick Rose||2020-21||DET,NYK||PG","Trey Burke||2018-19||DAL,NYK||PG",9,mst+knn,0.321984,0.577
Devin Booker||2022-23||PHX||SG,Devin Booker||2023-24||PHX||PG,9,mst+knn,0.068018,0.9106400783670843
Devin Booker||2022-23||PHX||SG,Jamal Murray||2023-24||DEN||PG,9,mst+knn,0.202412,0.7341
Devin Booker||2023-24||PHX||PG,Devin Booker||2024-25||PHX||SG,9,mst+knn,0.093647,0.877
Devin Booker||2023-24||PHX||PG,Devin Booker||2025-26||PHX||SG,9,mst+knn,0.101067,0.867221780778288
Devin Booker||2023-24||PHX||PG,Kyrie Irving||2020-21||BKN||PG,9,mst+knn,0.124982,0.8358036431305482
Devin Booker||2023-24||PHX||PG,Trey Burke||2017-18||NYK||PG,9,mst+knn,0.208292,0.7264
Devin Booker||2025-26||PHX||SG,Jalen Brunson||2025-26||NYK||PG,9,mst+knn,0.09955,0.8692149210630815
Dwyane Wade||2016-17||CHI||SG,Jalen Williams||2024-25||OKC||SG,9,mst+knn,0.272364,0.6422
Ish Smith||2017-18||DET||PG,Ryan Nembhard||2025-26||DAL||PG,9,mst+knn,0.291355,0.6172287021601981
Ish Smith||2017-18||DET||PG,T.J. McConnell||2025-26||IND||PG,9,mst+knn,0.283417,0.6277
J.J. Barea||2018-19||DAL||PG,Jalen Brunson||2024-25||NYK||PG,9,mst+knn,0.185145,0.7568
Jalen Brunson||2021-22||DAL||SG,T.J. McConnell||2023-24||IND||PG,9,mst+knn,0.202895,0.7334437095543234
Jalen Brunson||2021-22||DAL||SG,T.J. McConnell||2025-26||IND||PG,9,mst+knn,0.156777,0.7940319487791596
Jalen Brunson||2022-23||NYK||PG,Jalen Brunson||2024-25||NYK||PG,9,mst+knn,0.091051,0.8804
Jalen Brunson||2023-24||NYK||PG,Jalen Brunson||2024-25||NYK||PG,9,mst+knn,0.07224,0.9051
Jalen Brunson||2023-24||NYK||PG,Jalen Brunson||2025-26||NYK||PG,9,mst+knn,0.108108,0.858
Jamal Murray||2023-24||DEN||PG,Jamal Murray||2024-25||DEN||PG,9,mst+knn,0.08171,0.8927
Jeff Dowtin Jr.||2024-25||PHI||PG,"Trey Burke||2018-19||DAL,NYK||PG",9,mst+knn,0.323465,0.5750429179304839
Jimmy Butler III||2017-18||MIN||SG,Shai Gilgeous-Alexander||2024-25||OKC||PG,9,mst+knn,0.361419,0.5252
John Wall||2016-17||WAS||PG,Russell Westbrook||2017-18||OKC||PG,9,mst+knn,0.078332,0.8971
Kevin Porter Jr.||2025-26||MIL||PG,Reggie Jackson||2016-17||DET||PG,9,mst+knn,0.186011,0.7556256190255257
"Lance Stephenson||2021-22||ATL,IND||SG",Tony Parker||2018-19||CHA||PG,9,mst+knn,0.226411,0.7026
Lou Williams||2018-19||LAC||SG,"Lou Williams||2020-21||ATL,LAC||PG",9,mst+knn,0.272484,0.6420210695879457
Reggie Jackson||2016-17||DET||PG,Reggie Jackson||2017-18||DET||PG,9,mst+knn,0.12561,0.835
Russell Westbrook||2017-18||OKC||PG,Russell Westbrook||2018-19||OKC||PG,9,mst+knn,0.063077,0.9171320476272844
Russell Westbrook||2017-18||OKC||PG,Russell Westbrook||2019-20||HOU||PG,9,mst+knn,0.245873,0.677
Russell Westbrook||2017-18||OKC||PG,Russell Westbrook||2020-21||WAS||PG,9,mst+knn,0.153568,0.7982476036483155
Shai Gilgeous-Alexander||2022-23||OKC||PG,Shai Gilgeous-Alexander||2023-24||OKC||PG,9,mst+knn,0.065757,0.9136112543189984
Shai Gilgeous-Alexander||2023-24||OKC||PG,Shai Gilgeous-Alexander||2024-25||OKC||PG,9,mst+knn,0.065707,0.9137
Shai Gilgeous-Alexander||2024-25||OKC||PG,Shai Gilgeous-Alexander||2025-26||OKC||PG,9,mst+knn,0.053317,0.93
T.J. McConnell||2023-24||IND||PG,T.J. McConnell||2024-25||IND||PG,9,mst+knn,0.189518,0.7510176447053714
T.J. McConnell||2025-26||IND||PG,Tony Parker||2016-17||SAS||PG,9,mst+knn,0.211139,0.7226130767716716
T.J. McConnell||2025-26||IND||PG,Tyler Ulis||2016-17||PHX||PG,9,mst+knn,0.289462,0.6197152177873202
Tony Parker||2016-17||SAS||PG,Tony Parker||2018-19||CHA||PG,9,mst+knn,0.187925,0.7531106851580113
Tony Parker||2017-18||SAS||PG,Tony Parker||2018-19||CHA||PG,9,mst+knn,0.121516,0.8404
Tony Parker||2018-19||CHA||PG,Tyrese Maxey||2020-21||PHI||SG,9,mst+knn,0.244719,0.6785
Tyler Ulis||2016-17||PHX||PG,Tyler Ulis||2017-18||PHX||PG,9,mst+knn,0.14657,0.8074422240554774
Andrew Nembhard||2025-26||IND||PG,Chris Paul||2020-21||PHX||PG,9,knn,0.264686,0.6523
Cade Cunningham||2023-24||DET||PG,Cade Cunningham||2024-25||DET||PG,9,knn,0.155468,0.7958
Chris Paul||2016-17||LAC||PG,Chris Paul||2021-22||PHX||PG,9,knn,0.173857,0.7716
Chris Paul||2019-20||OKC||PG,Chris Paul||2021-22||PHX||PG,9,knn,0.130048,0.8291
Chris Paul||2021-22||PHX||PG,Chris Paul||2022-23||PHX||PG,9,knn,0.105262,0.8617100613641473
De'Aaron Fox||2020-21||SAC||PG,De'Aaron Fox||2021-22||SAC||PG,9,knn,0.15063,0.8021
De'Aaron Fox||2021-22||SAC||PG,"De'Aaron Fox||2024-25||SAC,SAS||PG",9,knn,0.175513,0.7694
DeMar DeRozan||2017-18||TOR||SG,DeMar DeRozan||2018-19||SAS||SG,9,knn,0.195552,0.7431
Dejounte Murray||2019-20||SAS||PG,Markelle Fultz||2022-23||ORL||PG,9,knn,0.413332,0.457
Dejounte Murray||2020-21||SAS||PG,Dejounte Murray||2022-23||ATL||SG,9,knn,0.227309,0.7014
Dejounte Murray||2021-22||SAS||PG,Shai Gilgeous-Alexander||2024-25||OKC||PG,9,knn,0.163353,0.7854
Dejounte Murray||2022-23||ATL||SG,Devin Booker||2025-26||PHX||SG,9,knn,0.19529,0.7434
Cade Cunningham||2023-24||DET||PG,Dejounte Murray||2024-25||NOP||PG,9,knn,0.210771,0.7231
Dennis Schroder||2017-18||ATL||PG,Reggie Jackson||2017-18||DET||PG,9,knn,0.188871,0.7519
Derrick Rose||2016-17||NYK||PG,Derrick Rose||2018-19||MIN||PG,9,knn,0.226532,0.7024
De'Aaron Fox||2020-21||SAC||PG,Derrick Rose||2019-20||DET||PG,9,knn,0.177454,0.7669
Derrick Rose||2019-20||DET||PG,"Derrick Rose||2020-21||DET,NYK||PG",9,knn,0.211999,0.7215
Devin Booker||2024-25||PHX||SG,Devin Booker||2025-26||PHX||SG,9,knn,0.106021,0.8607
DeMar DeRozan||2017-18||TOR||SG,Dwyane Wade||2016-17||CHI||SG,9,knn,0.181541,0.7615
Ish Smith||2017-18||DET||PG,T.J. McConnell||2024-25||IND||PG,9,knn,0.28433,0.6265
"Ish Smith||2021-22||CHA,WAS||PG",Ryan Nembhard||2025-26||DAL||PG,9,knn,0.32137,0.5778
J.J. Barea||2018-19||DAL||PG,Jalen Brunson||2023-24||NYK||PG,9,knn,0.23757,0.6879
Jalen Brunson||2022-23||NYK||PG,Jalen Brunson||2023-24||NYK||PG,9,knn,0.091259,0.880107188334447
Jalen Williams||2024-25||OKC||SG,Russell Westbrook||2020-21||WAS||PG,9,knn,0.291254,0.6174
De'Aaron Fox||2021-22||SAC||PG,Jalen Williams||2025-26||OKC||SG,9,knn,0.247094,0.6754
Devin Booker||2022-23||PHX||SG,Jamal Murray||2024-25||DEN||PG,9,knn,0.23338,0.6934
Jeff Dowtin Jr.||2024-25||PHI||PG,Tony Parker||2016-17||SAS||PG,9,knn,0.329851,0.5667
Bradley Beal||2022-23||WAS||SG,Jimmy Butler III||2017-18||MIN||SG,9,knn,0.362675,0.5235
John Wall||2016-17||WAS||PG,Russell Westbrook||2018-19||OKC||PG,9,knn,0.112878,0.8517044915215306
"Ish Smith||2021-22||CHA,WAS||PG","Kevin Porter Jr.||2024-25||LAC,MIL||SG",9,knn,0.48788,0.359
Cade Cunningham||2023-24||DET||PG,Kevin Porter Jr.||2025-26||MIL||PG,9,knn,0.220755,0.71
Killian Hayes||2022-23||DET||PG,Tyler Ulis||2017-18||PHX||PG,9,knn,0.339904,0.5534471108717903
Jalen Brunson||2025-26||NYK||PG,Kyrie Irving||2020-21||BKN||PG,9,knn,0.135572,0.8219
"Lance Stephenson||2021-22||ATL,IND||SG","Lou Williams||2020-21||ATL,LAC||PG",9,knn,0.324152,0.5741411764398727
DeMar DeRozan||2018-19||SAS||SG,Markelle Fultz||2022-23||ORL||PG,9,knn,0.315047,0.5861
John Wall||2016-17||WAS||PG,Russell Westbrook||2019-20||HOU||PG,9,knn,0.257521,0.6617
Russell Westbrook||2018-19||OKC||PG,Russell Westbrook||2020-21||WAS||PG,9,knn,0.173578,0.772
Shai Gilgeous-Alexander||2022-23||OKC||PG,Shai Gilgeous-Alexander||2024-25||OKC||PG,9,knn,0.157386,0.7932
Shai Gilgeous-Alexander||2023-24||OKC||PG,Shai Gilgeous-Alexander||2025-26||OKC||PG,9,knn,0.098611,0.8704
T.J. McConnell||2024-25||IND||PG,T.J. McConnell||2025-26||IND||PG,9,knn,0.237828,0.6875
Tony Parker||2016-17||SAS||PG,Tony Parker||2017-18||SAS||PG,9,knn,0.208695,0.7258235334578609
Kyrie Irving||2020-21||BKN||PG,Trey Burke||2017-18||NYK||PG,9,knn,0.208999,0.7254
Jeff Dowtin Jr.||2024-25||PHI||PG,Tyrese Maxey||2020-21||PHI||SG,9,knn,0.333299,0.5621
A.J. Lawson||2024-25||TOR||SG,Isaac Okoro||2024-25||CLE||SG,10,mst+knn,0.344704,0.5502
Aaron Wiggins||2021-22||OKC||SG,DaQuan Jeffries||2024-25||CHA||SG,10,mst+knn,0.28678,0.6258
Aaron Wiggins||2021-22||OKC||SG,Josh Hart||2017-18||LAL||SG,10,mst+knn,0.230622,0.6990430089257946
Aaron Wiggins||2021-22||OKC||SG,Tyrone Wallace||2017-18||LAC||PG,10,mst+knn,0.417018,0.45580009955269085
Aaron Wiggins||2022-23||OKC||SG,Isaac Okoro||2020-21||CLE||SG,10,mst+knn,0.180991,0.7638105220303708
Aaron Wiggins||2023-24||OKC||SG,"Corey Brewer||2017-18||LAL,OKC||SG",10,mst+knn,0.396119,0.4831
Alex Caruso||2022-23||CHI||PG,Andre Roberson||2017-18||OKC||SG,10,mst+knn,0.247702,0.6768
Alex Caruso||2025-26||OKC||SG,Josh Okogie||2020-21||MIN||SG,10,mst+knn,0.219228,0.7139116079933774
Andre Roberson||2017-18||OKC||SG,Johnny Furphy||2025-26||IND||SG,10,mst+knn,0.122117,0.8406400981119972
Anthony Black||2023-24||ORL||PG,Christian Braun||2022-23||DEN||SG,10,mst+knn,0.201142,0.7375141735586874
Austin Reaves||2021-22||LAL||SG,"John Konchar||2025-26||MEM,UTA||SG",10,mst+knn,0.301959,0.606
Ayo Dosunmu||2022-23||CHI||SG,"John Konchar||2025-26||MEM,UTA||SG",10,mst+knn,0.325075,0.5758
Ben Sheppard||2024-25||IND||SG,Will Richard||2025-26||GSW||SG,10,mst+knn,0.249621,0.6742496046933862
Brandon Rush||2016-17||MIN||SG,Terrance Ferguson||2018-19||OKC||SG,10,mst+knn,0.182984,0.7612097940031883
Bruce Brown||2018-19||DET||SG,"Corey Brewer||2017-18||LAL,OKC||SG",10,mst+knn,0.231469,0.697938532643672
Bruce Brown||2020-21||BKN||PG,"Javonte Green||2024-25||CLE,NOP||SG",10,mst+knn,0.246405,0.6784465352782405
Bruce Brown||2025-26||DEN||SG,Christian Braun||2023-24||DEN||SG,10,mst+knn,0.247226,0.6774
Bryce McGowens||2022-23||CHA||SG,Christian Braun||2023-24||DEN||SG,10,mst+knn,0.248112,0.676219708415382
Bryce McGowens||2022-23||CHA||SG,Edmond Sumner||2020-21||IND||SG,10,mst+knn,0.277952,0.6373
Bryce McGowens||2025-26||NOP||SG,Isaac Okoro||2025-26||CHI||SG,10,mst+knn,0.358129,0.5327
Cason Wallace||2023-24||OKC||SG,Will Richard||2025-26||GSW||SG,10,mst+knn,0.236291,0.6916452003313913
Cason Wallace||2024-25||OKC||SG,"John Konchar||2025-26||MEM,UTA||SG",10,mst,0.342871,0.5526
Cason Wallace||2024-25||OKC||SG,Matisse Thybulle||2020-21||PHI||SG,10,mst+knn,0.270859,0.6465354745834403
Christian Braun||2022-23||DEN||SG,Christian Braun||2023-24||DEN||SG,10,mst+knn,0.161325,0.7895
Christian Braun||2022-23||DEN||SG,"Ochai Agbaji||2023-24||TOR,UTA||SG",10,mst+knn,0.174094,0.772811381557059
Christian Braun||2022-23||DEN||SG,Pat Connaughton||2019-20||MIL||SG,10,mst+knn,0.163488,0.7867
Christian Braun||2022-23||DEN||SG,Patrick McCaw||2016-17||GSW||SG,10,mst+knn,0.190756,0.7511
Christian Braun||2022-23||DEN||SG,Terance Mann||2020-21||LAC||SG,10,mst+knn,0.241968,0.6842368168696158
Christian Braun||2023-24||DEN||SG,Patrick McCaw||2017-18||GSW||SG,10,mst+knn,0.232313,0.6968369789034109
Christian Braun||2023-24||DEN||SG,"Romeo Langford||2021-22||BOS,SAS||SG",10,mst+knn,0.182385,0.762
Christian Braun||2024-25||DEN||SG,Terance Mann||2022-23||LAC||SG,10,mst+knn,0.382712,0.5006
Christian Braun||2025-26||DEN||SG,Isaac Okoro||2025-26||CHI||SG,10,mst+knn,0.34612,0.548321301793474
Cody Williams||2024-25||UTA||SG,Garrett Temple||2021-22||NOP||SG,10,mst+knn,0.232941,0.696017632149704
Cody Williams||2025-26||UTA||SG,Terance Mann||2023-24||LAC||SG,10,mst+knn,0.34903,0.544523299885215
"Corey Brewer||2017-18||LAL,OKC||SG",Matisse Thybulle||2020-21||PHI||SG,10,mst+knn,0.261201,0.6591380779104146
"Corey Brewer||2017-18||LAL,OKC||SG",Sindarius Thornwell||2017-18||LAC||SG,10,mst+knn,0.19889,0.7405
"DaQuan Jeffries||2020-21||HOU,SAC||SG",Isaac Okoro||2025-26||CHI||SG,10,mst+knn,0.305711,0.6011
"DaQuan Jeffries||2020-21||HOU,SAC||SG","Ochai Agbaji||2025-26||BKN,TOR||SG",10,mst+knn,0.270458,0.6471
David Nwaba||2017-18||CHI||SG,DeAndre' Bembry||2018-19||ATL||SG,10,mst+knn,0.242731,0.6832410044878742
David Nwaba||2017-18||CHI||SG,Isaac Okoro||2020-21||CLE||SG,10,mst+knn,0.157267,0.7948
David Nwaba||2017-18||CHI||SG,"Javonte Green||2024-25||CLE,NOP||SG",10,mst+knn,0.149928,0.8043467716343028
Donte DiVincenzo||2018-19||MIL||SG,Vit Krejci||2021-22||OKC||SG,10,mst+knn,0.280031,0.6346
Edmond Sumner||2020-21||IND||SG,Terance Mann||2022-23||LAC||SG,10,mst+knn,0.294583,0.6156
"Garrett Temple||2018-19||LAC,MEM||SG",Javonte Green||2025-26||DET||SG,10,mst+knn,0.210342,0.7255076297015215
"Garrett Temple||2018-19||LAC,MEM||SG","Keon Ellis||2025-26||CLE,SAC||SG",10,mst+knn,0.231347,0.6981
"Garrett Temple||2018-19||LAC,MEM||SG",Matisse Thybulle||2019-20||PHI||SG,10,mst+knn,0.245944,0.679048105874097
"Garrett Temple||2018-19||LAC,MEM||SG",Terrance Ferguson||2018-19||OKC||SG,10,mst+knn,0.251709,0.6715253609849996
Garrett Temple||2020-21||CHI||SG,Josh Hart||2017-18||LAL||SG,10,mst+knn,0.304421,0.6027367464653517
Garrett Temple||2021-22||NOP||SG,"Javonte Green||2024-25||CLE,NOP||SG",10,mst+knn,0.186069,0.7572
Garrett Temple||2021-22||NOP||SG,"Ochai Agbaji||2023-24||TOR,UTA||SG",10,mst+knn,0.177738,0.7681
Gary Payton II||2021-22||GSW||SG,Gary Payton II||2023-24||GSW||SG,10,mst+knn,0.202966,0.7351337559101789
Gary Payton II||2021-22||GSW||SG,Josh Green||2021-22||DAL||SG,10,mst+knn,0.236351,0.6916
Gary Payton II||2023-24||GSW||SG,Gary Payton II||2025-26||GSW||SG,10,mst+knn,0.265978,0.6529049415649635
Gary Payton II||2023-24||GSW||SG,Pat Connaughton||2020-21||MIL||SG,10,mst+knn,0.217243,0.7165023200062381
Gary Payton II||2023-24||GSW||SG,Tony Allen||2016-17||MEM||SG,10,mst+knn,0.237194,0.6905
Isaac Okoro||2024-25||CLE||SG,"Matisse Thybulle||2022-23||PHI,POR||SG",10,mst+knn,0.183812,0.7601296388101682
"James Ennis III||2019-20||ORL,PHI||SG",Josh Okogie||2019-20||MIN||SG,10,mst+knn,0.254395,0.6680200995938472
"James Ennis III||2019-20||ORL,PHI||SG",Josh Okogie||2025-26||HOU||SG,10,mst+knn,0.315259,0.5886
Jamir Watkins||2025-26||WAS||SG,Josh Hart||2017-18||LAL||SG,10,mst+knn,0.248053,0.6763
"Javonte Green||2024-25||CLE,NOP||SG",Will Richard||2025-26||GSW||SG,10,mst+knn,0.208639,0.7277311134969334
Javonte Green||2025-26||DET||SG,Josh Green||2021-22||DAL||SG,10,mst+knn,0.188919,0.7535
Javonte Green||2025-26||DET||SG,Josh Green||2024-25||CHA||SG,10,mst+knn,0.221867,0.7105
Johnny Furphy||2025-26||IND||SG,Josh Hart||2018-19||LAL||SG,10,mst+knn,0.157145,0.7949296635166856
Josh Green||2021-22||DAL||SG,Rodney McGruder||2019-20||LAC||SG,10,mst+knn,0.310442,0.5949
Josh Green||2022-23||DAL||SG,Josh Green||2023-24||DAL||SG,10,mst+knn,0.294749,0.6154
Josh Green||2023-24||DAL||SG,Josh Okogie||2018-19||MIN||SG,10,mst+knn,0.316857,0.5865090810448261
Josh Green||2024-25||CHA||SG,Rodney McGruder||2016-17||MIA||SG,10,mst+knn,0.241334,0.6851
Josh Hart||2017-18||LAL||SG,Josh Hart||2018-19||LAL||SG,10,mst,0.248342,0.6759
Josh Hart||2017-18||LAL||SG,Vit Krejci||2021-22||OKC||SG,10,mst+knn,0.263357,0.6563244157785515
Josh Hart||2018-19||LAL||SG,"Ochai Agbaji||2023-24||TOR,UTA||SG",10,mst,0.219912,0.713
Josh Okogie||2018-19||MIN||SG,Josh Okogie||2020-21||MIN||SG,10,mst+knn,0.133322,0.8260172610855362
Josh Okogie||2018-19||MIN||SG,Josh Okogie||2022-23||PHX||SG,10,mst+knn,0.155878,0.7966
Josh Okogie||2018-19||MIN||SG,"Josh Okogie||2024-25||CHA,PHX||SG",10,mst,0.275719,0.6402
Josh Okogie||2018-19||MIN||SG,"Ochai Agbaji||2025-26||BKN,TOR||SG",10,mst+knn,0.212729,0.7224
Josh Okogie||2019-20||MIN||SG,"Josh Okogie||2024-25||CHA,PHX||SG",10,mst+knn,0.226746,0.7041020603143504
Josh Okogie||2023-24||PHX||SG,"Josh Okogie||2024-25||CHA,PHX||SG",10,mst+knn,0.234569,0.6939
Juan Toscano-Anderson||2020-21||GSW||SG,Pat Connaughton||2019-20||MIL||SG,10,mst+knn,0.209442,0.7267
Matisse Thybulle||2019-20||PHI||SG,Matisse Thybulle||2020-21||PHI||SG,10,mst+knn,0.229379,0.7007
Matisse Thybulle||2019-20||PHI||SG,Terance Mann||2023-24||LAC||SG,10,mst+knn,0.295374,0.6145427580287353
Matisse Thybulle||2020-21||PHI||SG,Wesley Matthews||2021-22||MIL||SG,10,mst+knn,0.352739,0.5397
Matisse Thybulle||2021-22||PHI||SG,"Matisse Thybulle||2022-23||PHI,POR||SG",10,mst+knn,0.147012,0.8082
"Matisse Thybulle||2022-23||PHI,POR||SG",Will Richard||2025-26||GSW||SG,10,mst,0.231731,0.6976
"Ochai Agbaji||2023-24||TOR,UTA||SG",Ochai Agbaji||2024-25||TOR||SG,10,mst+knn,0.250477,0.6731324777215397
"Ochai Agbaji||2023-24||TOR,UTA||SG","Ochai Agbaji||2025-26||BKN,TOR||SG",10,mst+knn,0.095597,0.8752477056082375
Ochai Agbaji||2024-25||TOR||SG,Pat Connaughton||2018-19||MIL||SG,10,mst+knn,0.316936,0.586405758081995
Pat Connaughton||2019-20||MIL||SG,Pat Connaughton||2020-21||MIL||SG,10,mst+knn,0.150586,0.8035
A.J. Lawson||2024-25||TOR||SG,Isaac Okoro||2020-21||CLE||SG,10,knn,0.365721,0.5227
Aaron Wiggins||2021-22||OKC||SG,Johnny Furphy||2025-26||IND||SG,10,knn,0.285342,0.6276
Aaron Wiggins||2022-23||OKC||SG,Christian Braun||2022-23||DEN||SG,10,knn,0.199291,0.7399
Aaron Wiggins||2023-24||OKC||SG,Sindarius Thornwell||2017-18||LAC||SG,10,knn,0.424725,0.4457
Alex Caruso||2022-23||CHI||PG,Josh Okogie||2018-19||MIN||SG,10,knn,0.273953,0.6425
Alex Caruso||2025-26||OKC||SG,Javonte Green||2025-26||DET||SG,10,knn,0.240488,0.6862
Andre Roberson||2017-18||OKC||SG,Josh Hart||2018-19||LAL||SG,10,knn,0.212619,0.722536891255423
Anthony Black||2023-24||ORL||PG,Josh Okogie||2022-23||PHX||SG,10,knn,0.2229,0.7091
Austin Reaves||2021-22||LAL||SG,Jamir Watkins||2025-26||WAS||SG,10,knn,0.359807,0.5305
Ayo Dosunmu||2022-23||CHI||SG,Josh Green||2021-22||DAL||SG,10,knn,0.345659,0.5489
Ben Sheppard||2024-25||IND||SG,Patrick McCaw||2016-17||GSW||SG,10,knn,0.312063,0.5928
Brandon Rush||2016-17||MIN||SG,"Ochai Agbaji||2023-24||TOR,UTA||SG",10,knn,0.303516,0.6039
Bruce Brown||2018-19||DET||SG,Sindarius Thornwell||2017-18||LAC||SG,10,knn,0.259851,0.6609004638730211
Bruce Brown||2020-21||BKN||PG,Josh Green||2021-22||DAL||SG,10,knn,0.250229,0.6735
Bruce Brown||2025-26||DEN||SG,Patrick McCaw||2017-18||GSW||SG,10,knn,0.27363,0.6429
Bryce McGowens||2022-23||CHA||SG,"Javonte Green||2024-25||CLE,NOP||SG",10,knn,0.258525,0.6626
Austin Reaves||2021-22||LAL||SG,Bryce McGowens||2025-26||NOP||SG,10,knn,0.421591,0.4498
Cason Wallace||2023-24||OKC||SG,"Keon Ellis||2025-26||CLE,SAC||SG",10,knn,0.252501,0.6705
Cason Wallace||2024-25||OKC||SG,Terance Mann||2020-21||LAC||SG,10,knn,0.284659,0.6285262671621255
Christian Braun||2024-25||DEN||SG,Christian Braun||2025-26||DEN||SG,10,knn,0.393074,0.487
Christian Braun||2025-26||DEN||SG,Vit Krejci||2021-22||OKC||SG,10,knn,0.354825,0.537
Cody Williams||2024-25||UTA||SG,"Javonte Green||2024-25||CLE,NOP||SG",10,knn,0.273274,0.6434
Cody Williams||2025-26||UTA||SG,Josh Green||2021-22||DAL||SG,10,knn,0.350766,0.5423
"DaQuan Jeffries||2020-21||HOU,SAC||SG",DaQuan Jeffries||2024-25||CHA||SG,10,knn,0.291348,0.6198
DeAndre' Bembry||2018-19||ATL||SG,Tony Allen||2016-17||MEM||SG,10,knn,0.269217,0.6487
Donte DiVincenzo||2018-19||MIL||SG,Josh Hart||2018-19||LAL||SG,10,knn,0.337642,0.5594
Edmond Sumner||2020-21||IND||SG,"Ochai Agbaji||2023-24||TOR,UTA||SG",10,knn,0.29287,0.6178
"Garrett Temple||2018-19||LAC,MEM||SG",Garrett Temple||2020-21||CHI||SG,10,knn,0.347054,0.5471
Gary Payton II||2025-26||GSW||SG,Terance Mann||2023-24||LAC||SG,10,knn,0.316816,0.5866
Isaac Okoro||2020-21||CLE||SG,Isaac Okoro||2024-25||CLE||SG,10,knn,0.262593,0.6573
DaQuan Jeffries||2024-25||CHA||SG,Isaac Okoro||2025-26||CHI||SG,10,knn,0.308018,0.598
"James Ennis III||2019-20||ORL,PHI||SG",Terrance Ferguson||2018-19||OKC||SG,10,knn,0.298102,0.611
Jamir Watkins||2025-26||WAS||SG,Ochai Agbaji||2024-25||TOR||SG,10,knn,0.310212,0.5952
Josh Green||2021-22||DAL||SG,Josh Green||2024-25||CHA||SG,10,knn,0.235311,0.6929238633164587
Josh Green||2021-22||DAL||SG,Josh Green||2022-23||DAL||SG,10,knn,0.333968,0.5642
Josh Okogie||2020-21||MIN||SG,Josh Okogie||2022-23||PHX||SG,10,knn,0.182254,0.7622
Josh Okogie||2019-20||MIN||SG,Josh Okogie||2023-24||PHX||SG,10,knn,0.319427,0.5832
Josh Okogie||2025-26||HOU||SG,Matisse Thybulle||2019-20||PHI||SG,10,knn,0.334637,0.5633
Juan Toscano-Anderson||2020-21||GSW||SG,Pat Connaughton||2020-21||MIL||SG,10,knn,0.215324,0.719006702101273
Andre Roberson||2017-18||OKC||SG,Matisse Thybulle||2021-22||PHI||SG,10,knn,0.260962,0.6594
Josh Hart||2017-18||LAL||SG,Ochai Agbaji||2024-25||TOR||SG,10,knn,0.252166,0.6709
Pat Connaughton||2018-19||MIL||SG,Terance Mann||2022-23||LAC||SG,10,knn,0.352647,0.5398
Christian Braun||2023-24||DEN||SG,Patrick McCaw||2016-17||GSW||SG,10,knn,0.218458,0.7149
"Ochai Agbaji||2025-26||BKN,TOR||SG",Patrick McCaw||2017-18||GSW||SG,10,knn,0.260211,0.6604
Pat Connaughton||2020-21||MIL||SG,Rodney McGruder||2016-17||MIA||SG,10,knn,0.276205,0.6396
Patrick McCaw||2017-18||GSW||SG,Rodney McGruder||2019-20||LAC||SG,10,knn,0.321323,0.5807
Patrick McCaw||2017-18||GSW||SG,"Romeo Langford||2021-22||BOS,SAS||SG",10,knn,0.358381,0.5323
Terance Mann||2020-21||LAC||SG,Terance Mann||2022-23||LAC||SG,10,knn,0.301672,0.6063
Terance Mann||2022-23||LAC||SG,Terance Mann||2023-24||LAC||SG,10,knn,0.306436,0.6001
Isaac Okoro||2020-21||CLE||SG,Tony Allen||2016-17||MEM||SG,10,knn,0.24421,0.6813
Cody Williams||2024-25||UTA||SG,Tyrone Wallace||2017-18||LAC||PG,10,knn,0.451626,0.4106
Josh Okogie||2025-26||HOU||SG,Wesley Matthews||2021-22||MIL||SG,10,knn,0.394426,0.4853
Garrett Temple||2021-22||NOP||SG,Will Richard||2025-26||GSW||SG,10,knn,0.22591,0.7052
"AJ Johnson||2024-25||MIL,WAS||SG",Ayo Dosunmu||2024-25||CHI||SG,11,mst+knn,0.409151,0.5836264469204935
"AJ Johnson||2024-25||MIL,WAS||SG","Dalano Banton||2023-24||BOS,POR||PG",11,mst+knn,0.346101,0.6478
"AJ Johnson||2024-25||MIL,WAS||SG",Delon Wright||2016-17||TOR||PG,11,mst+knn,0.283432,0.7116
"AJ Johnson||2024-25||MIL,WAS||SG",Jahmai Mashack||2025-26||MEM||SG,11,mst+knn,0.208813,0.787501113821095
"AJ Johnson||2024-25||MIL,WAS||SG","Keon Johnson||2021-22||LAC,POR||SG",11,mst+knn,0.311876,0.6826189548127457
Alex Caruso||2017-18||LAL||PG,Dyson Daniels||2022-23||NOP||PG,11,mst+knn,0.336751,0.6573049760885672
Amen Thompson||2025-26||HOU||PG,Markelle Fultz||2023-24||ORL||PG,11,mst+knn,0.371816,0.6216206745624085
Amen Thompson||2025-26||HOU||PG,Russell Westbrook||2023-24||LAC||PG,11,mst+knn,0.306708,0.6879
Andrew Harrison||2016-17||MEM||PG,"Delon Wright||2024-25||MIL,NYK||PG",11,mst+knn,0.309319,0.6852212613719466
Andrew Harrison||2016-17||MEM||PG,Saben Lee||2021-22||DET||PG,11,mst+knn,0.250229,0.7454
Anthony Black||2024-25||ORL||PG,Dejounte Murray||2017-18||SAS||PG,11,mst+knn,0.177761,0.8191015488506558
Anthony Black||2024-25||ORL||PG,Dennis Smith Jr.||2023-24||BKN||PG,11,mst+knn,0.258888,0.7365418312894878
Anthony Black||2024-25||ORL||PG,Michael Carter-Williams||2017-18||CHA||PG,11,mst+knn,0.232009,0.7639
Ben Saraf||2025-26||BKN||SG,Dalano Banton||2024-25||POR||PG,11,mst+knn,0.326631,0.6676033876124825
Ben Saraf||2025-26||BKN||SG,Dennis Smith Jr.||2021-22||POR||PG,11,mst+knn,0.360222,0.6334188080500534
Blake Wesley||2022-23||SAS||SG,"Bruce Brown||2024-25||NOP,TOR||PG",11,mst+knn,0.379072,0.6142367747975032
Blake Wesley||2022-23||SAS||SG,R.J. Hampton||2021-22||ORL||SG,11,mst+knn,0.272539,0.7227
Brad Wanamaker||2019-20||BOS||PG,Frank Ntilikina||2017-18||NYK||PG,11,mst+knn,0.484517,0.5069302948432768
"Brad Wanamaker||2020-21||CHA,GSW||PG",Kris Dunn||2016-17||MIN||PG,11,mst+knn,0.302791,0.6919
"Brad Wanamaker||2020-21||CHA,GSW||PG",Shaun Livingston||2018-19||GSW||PG,11,mst,0.307399,0.6872
"Brad Wanamaker||2020-21||CHA,GSW||PG",Talen Horton-Tucker||2020-21||LAL||SG,11,mst+knn,0.269683,0.7256
Bruce Brown||2019-20||DET||PG,Delon Wright||2016-17||TOR||PG,11,mst+knn,0.250238,0.7453449173302065
Bruce Brown||2019-20||DET||PG,Kris Dunn||2019-20||CHI||PG,11,mst+knn,0.275574,0.7196
Bruce Brown||2019-20||DET||PG,Shaquille Harrison||2018-19||CHI||SG,11,mst+knn,0.234812,0.7610434785783996
Caris LeVert||2025-26||DET||SG,Raymond Felton||2016-17||LAC||PG,11,mst+knn,0.185229,0.8115015636580398
"Cory Joseph||2020-21||DET,SAC||PG",Jordan Goodwin||2022-23||WAS||PG,11,mst+knn,0.327928,0.6663
"Dalano Banton||2023-24||BOS,POR||PG",Elie Okobo||2018-19||PHX||PG,11,mst+knn,0.319714,0.6746426506485026
Dalano Banton||2024-25||POR||PG,R.J. Hampton||2021-22||ORL||SG,11,mst+knn,0.325653,0.6686
Dante Exum||2018-19||UTA||PG,DeAndre' Bembry||2019-20||ATL||SG,11,mst+knn,0.339007,0.6550082547618679
Dante Exum||2018-19||UTA||PG,Michael Carter-Williams||2017-18||CHA||PG,11,mst+knn,0.258897,0.7365329221182587
Dante Exum||2018-19||UTA||PG,Shaquille Harrison||2018-19||CHI||SG,11,mst+knn,0.246827,0.7488158444073232
De'Anthony Melton||2018-19||PHX||PG,De'Anthony Melton||2019-20||MEM||PG,11,mst+knn,0.329727,0.6645
De'Anthony Melton||2018-19||PHX||PG,Dyson Daniels||2024-25||ATL||SG,11,mst+knn,0.247318,0.7483162065358318
De'Anthony Melton||2018-19||PHX||PG,Killian Hayes||2021-22||DET||PG,11,mst+knn,0.2767,0.7184157837177992
De'Anthony Melton||2019-20||MEM||PG,Jonathon Simmons||2016-17||SAS||SG,11,mst+knn,0.245081,0.7506
Dejounte Murray||2017-18||SAS||PG,Evan Turner||2018-19||POR||PG,11,mst+knn,0.223665,0.7724
Dejounte Murray||2017-18||SAS||PG,Killian Hayes||2021-22||DET||PG,11,mst+knn,0.224722,0.7713112821921511
Dejounte Murray||2017-18||SAS||PG,Markelle Fultz||2023-24||ORL||PG,11,mst+knn,0.243782,0.751914740839251
Delon Wright||2017-18||TOR||PG,"Delon Wright||2018-19||MEM,TOR||PG",11,mst+knn,0.198971,0.7975162609008651
Delon Wright||2017-18||TOR||PG,Malcolm Brogdon||2016-17||MIL||SG,11,mst+knn,0.369951,0.6235187330087402
"Delon Wright||2018-19||MEM,TOR||PG",Delon Wright||2019-20||DAL||PG,11,mst+knn,0.119128,0.8788
"Delon Wright||2018-19||MEM,TOR||PG",Dru Smith||2025-26||MIA||SG,11,mst+knn,0.212594,0.7837
"Delon Wright||2018-19||MEM,TOR||PG","Patrick Beverley||2023-24||MIL,PHI||PG",11,mst+knn,0.217325,0.778838541408686
"Delon Wright||2018-19||MEM,TOR||PG",Scotty Pippen Jr.||2024-25||MEM||PG,11,mst+knn,0.366772,0.6268
"Delon Wright||2018-19||MEM,TOR||PG",Shaquille Harrison||2018-19||CHI||SG,11,mst+knn,0.148838,0.8485344411835893
Delon Wright||2019-20||DAL||PG,Kira Lewis Jr.||2020-21||NOP||PG,11,mst+knn,0.150115,0.8472350260812539
"Delon Wright||2024-25||MIL,NYK||PG",Ron Baker||2016-17||NYK||SG,11,mst+knn,0.221642,0.7744452887810526
Dennis Smith Jr.||2019-20||NYK||PG,"Keon Johnson||2021-22||LAC,POR||SG",11,mst+knn,0.335542,0.6585349413696489
Dennis Smith Jr.||2022-23||CHA||PG,Killian Hayes||2021-22||DET||PG,11,mst+knn,0.31614,0.6783
Derrick White||2018-19||SAS||PG,"Derrick White||2021-22||BOS,SAS||SG",11,mst+knn,0.230249,0.7657
"Derrick White||2021-22||BOS,SAS||SG",Elfrid Payton||2019-20||NYK||PG,11,mst,0.382403,0.6108
"Derrick White||2021-22||BOS,SAS||SG",Theo Maledon||2021-22||OKC||PG,11,mst+knn,0.366015,0.6275236736631453
Devin Carter||2025-26||SAC||PG,Jalen Suggs||2021-22||ORL||PG,11,mst+knn,0.290747,0.704120929994144
Dyson Daniels||2022-23||NOP||PG,Ron Baker||2016-17||NYK||SG,11,mst+knn,0.2589,0.7365298015436412
Dyson Daniels||2022-23||NOP||PG,Shaquille Harrison||2018-19||CHI||SG,11,mst+knn,0.276004,0.7191243629660078
Dyson Daniels||2024-25||ATL||SG,Dyson Daniels||2025-26||ATL||SG,11,mst+knn,0.204457,0.7919336890006836
Dyson Daniels||2025-26||ATL||SG,Elfrid Payton||2019-20||NYK||PG,11,mst+knn,0.265995,0.7293092687242846
Dyson Daniels||2025-26||ATL||SG,Josh Giddey||2023-24||OKC||SG,11,mst+knn,0.268195,0.7271
Dyson Daniels||2025-26||ATL||SG,Josh Hart||2024-25||NYK||SG,11,mst+knn,0.289474,0.7054160670124885
Dyson Daniels||2025-26||ATL||SG,Kris Dunn||2023-24||UTA||PG,11,mst+knn,0.351817,0.642
Elfrid Payton||2016-17||ORL||PG,Elfrid Payton||2019-20||NYK||PG,11,mst+knn,0.182613,0.8142
Elfrid Payton||2018-19||NOP||PG,Elfrid Payton||2019-20||NYK||PG,11,mst+knn,0.270917,0.7243011410481288
Elfrid Payton||2019-20||NYK||PG,Theo Maledon||2022-23||CHA||PG,11,mst+knn,0.389475,0.6036496743412849
Elfrid Payton||2020-21||NYK||PG,Evan Turner||2018-19||POR||PG,11,mst+knn,0.357785,0.6359
Elijah Harkless||2025-26||UTA||SG,Michael Carter-Williams||2020-21||ORL||SG,11,mst+knn,0.297096,0.6977
Eric Bledsoe||2021-22||LAC||PG,Michael Carter-Williams||2017-18||CHA||PG,11,mst+knn,0.322107,0.6722070786015332
Frank Ntilikina||2017-18||NYK||PG,Kris Dunn||2016-17||MIN||PG,11,mst+knn,0.298184,0.6966
Frank Ntilikina||2018-19||NYK||PG,Jawun Evans||2017-18||LAC||PG,11,mst+knn,0.342985,0.651
Frank Ntilikina||2018-19||NYK||PG,Keaton Wallace||2024-25||ATL||PG,11,mst+knn,0.359439,0.6342158199040308
Isaiah Collier||2024-25||UTA||PG,Isaiah Taylor||2017-18||ATL||PG,11,mst+knn,0.341275,0.6527003131013192
Isaiah Collier||2024-25||UTA||PG,Stephon Castle||2024-25||SAS||SG,11,mst+knn,0.386374,0.6068057915197396
Isaiah Taylor||2017-18||ATL||PG,Ramon Sessions||2016-17||CHA||PG,11,mst+knn,0.357024,0.6367
Isaiah Whitehead||2016-17||BKN||PG,Shaquille Harrison||2018-19||CHI||SG,11,mst+knn,0.29469,0.7001078725086387
Jalen Suggs||2021-22||ORL||PG,KJ Simpson||2024-25||CHA||PG,11,mst+knn,0.258517,0.7369193903623077
Jalen Suggs||2021-22||ORL||PG,Michael Carter-Williams||2020-21||ORL||SG,11,mst+knn,0.248596,0.7470156828775002
Jawun Evans||2017-18||LAC||PG,Mario Chalmers||2017-18||MEM||PG,11,mst+knn,0.22118,0.7749158664425739
Jawun Evans||2017-18||LAC||PG,Michael Carter-Williams||2017-18||CHA||PG,11,mst+knn,0.302211,0.6925
John Wall||2022-23||LAC||PG,Russell Westbrook||2024-25||DEN||PG,11,mst+knn,0.528948,0.46171508156884733
Jordan Goodwin||2022-23||WAS||PG,Ky Bowman||2019-20||GSW||PG,11,mst+knn,0.340486,0.6535037780015891
Jordan Goodwin||2022-23||WAS||PG,Raymond Felton||2016-17||LAC||PG,11,mst+knn,0.272889,0.7223
"Jordan Goodwin||2023-24||MEM,PHX||PG",Raymond Felton||2016-17||LAC||PG,11,mst+knn,0.21739,0.7788
KJ Simpson||2024-25||CHA||PG,Kobi Simmons||2017-18||MEM||PG,11,mst+knn,0.4642,0.5276059935624879
Killian Hayes||2020-21||DET||PG,Michael Carter-Williams||2020-21||ORL||SG,11,mst+knn,0.331461,0.6627
Kira Lewis Jr.||2020-21||NOP||PG,R.J. Hampton||2021-22||ORL||SG,11,mst,0.342674,0.6513
Kira Lewis Jr.||2020-21||NOP||PG,Ramon Sessions||2016-17||CHA||PG,11,mst+knn,0.34283,0.6511180100272463
Michael Carter-Williams||2016-17||CHI||PG,Michael Carter-Williams||2017-18||CHA||PG,11,mst+knn,0.198282,0.79821779250142
Michael Carter-Williams||2016-17||CHI||PG,Michael Carter-Williams||2020-21||ORL||SG,11,mst+knn,0.182048,0.8147386088331012
Michael Carter-Williams||2017-18||CHA||PG,Michael Carter-Williams||2019-20||ORL||SG,11,mst+knn,0.197323,0.7992
Michael Carter-Williams||2019-20||ORL||SG,Quenton Jackson||2025-26||IND||PG,11,mst+knn,0.328605,0.6656
Michael Carter-Williams||2020-21||ORL||SG,Tyler Johnson||2016-17||MIA||PG,11,mst+knn,0.463528,0.5283
"Patrick Beverley||2023-24||MIL,PHI||PG",Raymond Felton||2016-17||LAC||PG,11,mst+knn,0.237803,0.758
Russell Westbrook||2023-24||LAC||PG,Russell Westbrook||2024-25||DEN||PG,11,mst+knn,0.352501,0.6413
Shaquille Harrison||2018-19||CHI||SG,Talen Horton-Tucker||2020-21||LAL||SG,11,mst+knn,0.259407,0.7360139543957984
Shaun Livingston||2016-17||GSW||PG,Shaun Livingston||2018-19||GSW||PG,11,mst+knn,0.185742,0.811
Shaun Livingston||2017-18||GSW||PG,Shaun Livingston||2018-19||GSW||PG,11,mst+knn,0.171644,0.8253263116465972
Talen Horton-Tucker||2020-21||LAL||SG,Talen Horton-Tucker||2021-22||LAL||SG,11,mst+knn,0.264661,0.7307
Alex Caruso||2017-18||LAL||PG,"Delon Wright||2024-25||MIL,NYK||PG",11,knn,0.343324,0.6506
Ayo Dosunmu||2024-25||CHI||SG,Delon Wright||2016-17||TOR||PG,11,knn,0.436772,0.5555
"AJ Johnson||2024-25||MIL,WAS||SG",Ben Saraf||2025-26||BKN||SG,11,knn,0.347807,0.6461
Brad Wanamaker||2019-20||BOS||PG,"Patrick Beverley||2023-24||MIL,PHI||PG",11,knn,0.490987,0.5003
"Brad Wanamaker||2020-21||CHA,GSW||PG",Raymond Felton||2016-17||LAC||PG,11,knn,0.296386,0.6984
"Bruce Brown||2024-25||NOP,TOR||PG",Kira Lewis Jr.||2020-21||NOP||PG,11,knn,0.509073,0.4819
Caris LeVert||2025-26||DET||SG,"Jordan Goodwin||2023-24||MEM,PHX||PG",11,knn,0.237996,0.7578031178594933
"Cory Joseph||2020-21||DET,SAC||PG",Killian Hayes||2021-22||DET||PG,11,knn,0.348996,0.6448
DeAndre' Bembry||2019-20||ATL||SG,Jonathon Simmons||2016-17||SAS||SG,11,knn,0.343822,0.6501082642157902
Delon Wright||2017-18||TOR||PG,Delon Wright||2019-20||DAL||PG,11,knn,0.228272,0.7677
Ben Saraf||2025-26||BKN||SG,Dennis Smith Jr.||2019-20||NYK||PG,11,knn,0.350747,0.6431
Dennis Smith Jr.||2021-22||POR||PG,Dennis Smith Jr.||2022-23||CHA||PG,11,knn,0.381608,0.6117
Dennis Smith Jr.||2022-23||CHA||PG,Elfrid Payton||2019-20||NYK||PG,11,knn,0.334168,0.6599
Dennis Smith Jr.||2023-24||BKN||PG,Shaquille Harrison||2018-19||CHI||SG,11,knn,0.282883,0.7121
Derrick White||2018-19||SAS||PG,Dyson Daniels||2024-25||ATL||SG,11,knn,0.384022,0.6092
Devin Carter||2025-26||SAC||PG,KJ Simpson||2024-25||CHA||PG,11,knn,0.324861,0.6694
Delon Wright||2019-20||DAL||PG,Dru Smith||2025-26||MIA||SG,11,knn,0.218001,0.7782
Dyson Daniels||2025-26||ATL||SG,Elfrid Payton||2016-17||ORL||PG,11,knn,0.369552,0.6239
Dyson Daniels||2025-26||ATL||SG,Elfrid Payton||2018-19||NOP||PG,11,knn,0.371079,0.6224
Elfrid Payton||2020-21||NYK||PG,Shaquille Harrison||2018-19||CHI||SG,11,knn,0.367686,0.6258
Elie Okobo||2018-19||PHX||PG,"Keon Johnson||2021-22||LAC,POR||SG",11,knn,0.361221,0.6324
Elijah Harkless||2025-26||UTA||SG,KJ Simpson||2024-25||CHA||PG,11,knn,0.321898,0.6724
Eric Bledsoe||2021-22||LAC||PG,Michael Carter-Williams||2016-17||CHI||PG,11,knn,0.328824,0.6654
Evan Turner||2018-19||POR||PG,Killian Hayes||2021-22||DET||PG,11,knn,0.280027,0.715
Frank Ntilikina||2017-18||NYK||PG,"Jordan Goodwin||2023-24||MEM,PHX||PG",11,knn,0.3755,0.6179
Frank Ntilikina||2018-19||NYK||PG,Killian Hayes||2020-21||DET||PG,11,knn,0.357696,0.636
Ben Saraf||2025-26||BKN||SG,Isaiah Collier||2024-25||UTA||PG,11,knn,0.378738,0.6146
Dyson Daniels||2022-23||NOP||PG,Isaiah Whitehead||2016-17||BKN||PG,11,knn,0.392357,0.6007
Jahmai Mashack||2025-26||MEM||SG,Talen Horton-Tucker||2021-22||LAL||SG,11,knn,0.362303,0.6313
Jalen Suggs||2021-22||ORL||PG,Michael Carter-Williams||2016-17||CHI||PG,11,knn,0.252819,0.7427
"Dalano Banton||2023-24||BOS,POR||PG",John Wall||2022-23||LAC||PG,11,knn,0.550806,0.4395
Jordan Goodwin||2022-23||WAS||PG,"Jordan Goodwin||2023-24||MEM,PHX||PG",11,knn,0.275484,0.7197
Josh Giddey||2023-24||OKC||SG,Josh Hart||2024-25||NYK||SG,11,knn,0.424837,0.5677
Dyson Daniels||2024-25||ATL||SG,Josh Hart||2024-25||NYK||SG,11,knn,0.393815,0.5992
KJ Simpson||2024-25||CHA||PG,Michael Carter-Williams||2020-21||ORL||SG,11,knn,0.284078,0.7109
Keaton Wallace||2024-25||ATL||PG,Killian Hayes||2020-21||DET||PG,11,knn,0.375793,0.6176
KJ Simpson||2024-25||CHA||PG,Killian Hayes||2020-21||DET||PG,11,knn,0.345143,0.6488
"Delon Wright||2018-19||MEM,TOR||PG",Kira Lewis Jr.||2020-21||NOP||PG,11,knn,0.171961,0.825
Kobi Simmons||2017-18||MEM||PG,Stephon Castle||2024-25||SAS||SG,11,knn,0.525932,0.4648
Dyson Daniels||2024-25||ATL||SG,Kris Dunn||2019-20||CHI||PG,11,knn,0.284187,0.7108
Elfrid Payton||2016-17||ORL||PG,Kris Dunn||2023-24||UTA||PG,11,knn,0.378554,0.6148
Dennis Smith Jr.||2019-20||NYK||PG,Ky Bowman||2019-20||GSW||PG,11,knn,0.376868,0.6165
Elfrid Payton||2016-17||ORL||PG,Malcolm Brogdon||2016-17||MIL||SG,11,knn,0.508505,0.4825
Mario Chalmers||2017-18||MEM||PG,Michael Carter-Williams||2017-18||CHA||PG,11,knn,0.31066,0.6839
Evan Turner||2018-19||POR||PG,Markelle Fultz||2023-24||ORL||PG,11,knn,0.307533,0.687
Michael Carter-Williams||2016-17||CHI||PG,Michael Carter-Williams||2019-20||ORL||SG,11,knn,0.25638,0.7391
Quenton Jackson||2025-26||IND||PG,Saben Lee||2021-22||DET||PG,11,knn,0.461556,0.5303
Amen Thompson||2025-26||HOU||PG,Russell Westbrook||2024-25||DEN||PG,11,knn,0.411634,0.5811
Saben Lee||2021-22||DET||PG,Talen Horton-Tucker||2021-22||LAL||SG,11,knn,0.325862,0.6684
Dru Smith||2025-26||MIA||SG,Scotty Pippen Jr.||2024-25||MEM||PG,11,knn,0.37282,0.6206
Shaun Livingston||2016-17||GSW||PG,Shaun Livingston||2017-18||GSW||PG,11,knn,0.238291,0.7575026871665873
Russell Westbrook||2023-24||LAC||PG,Stephon Castle||2024-25||SAS||SG,11,knn,0.403822,0.589
Shaquille Harrison||2018-19||CHI||SG,Talen Horton-Tucker||2021-22||LAL||SG,11,knn,0.284053,0.7109
Dyson Daniels||2022-23||NOP||PG,Theo Maledon||2021-22||OKC||PG,11,knn,0.394876,0.5982
Dennis Smith Jr.||2022-23||CHA||PG,Theo Maledon||2022-23||CHA||PG,11,knn,0.428492,0.5639
Ky Bowman||2019-20||GSW||PG,Tyler Johnson||2016-17||MIA||PG,11,knn,0.485042,0.5064
Allonzo Trier||2018-19||NYK||SG,Collin Sexton||2018-19||CLE||PG,12,mst+knn,0.327151,0.6610181317180018
Anfernee Simons||2021-22||POR||SG,Anfernee Simons||2022-23||POR||SG,12,mst+knn,0.234587,0.7569290827768317
Anfernee Simons||2021-22||POR||SG,CJ McCollum||2024-25||NOP||PG,12,mst+knn,0.244174,0.747
Anfernee Simons||2021-22||POR||SG,Terry Rozier||2020-21||CHA||SG,12,mst+knn,0.294108,0.6953
Anfernee Simons||2024-25||POR||SG,Dejounte Murray||2023-24||ATL||SG,12,mst+knn,0.228727,0.76300077282544
"Anfernee Simons||2025-26||BOS,CHI||SG","CJ McCollum||2025-26||ATL,WAS||PG",12,mst+knn,0.263175,0.7273071187918585
Anthony Edwards||2022-23||MIN||SG,Anthony Edwards||2023-24||MIN||SG,12,mst+knn,0.132666,0.862535918642759
Anthony Edwards||2022-23||MIN||SG,Zach LaVine||2018-19||CHI||SG,12,mst+knn,0.176777,0.8168294403939812
Anthony Edwards||2023-24||MIN||SG,Anthony Edwards||2024-25||MIN||SG,12,mst+knn,0.138582,0.8564058996816497
Anthony Edwards||2023-24||MIN||SG,Anthony Edwards||2025-26||MIN||SG,12,mst+knn,0.187215,0.8060145667412504
Anthony Edwards||2024-25||MIN||SG,Jalen Green||2024-25||HOU||SG,12,mst+knn,0.186942,0.8063
Anthony Edwards||2025-26||MIN||SG,Kyrie Irving||2024-25||DAL||SG,12,mst,0.192115,0.8009
Bradley Beal||2017-18||WAS||SG,Bradley Beal||2018-19||WAS||SG,12,mst+knn,0.167187,0.8268
Bradley Beal||2018-19||WAS||SG,Bradley Beal||2019-20||WAS||SG,12,mst+knn,0.143857,0.8509404314610827
Bradley Beal||2019-20||WAS||SG,Bradley Beal||2020-21||WAS||SG,12,mst+knn,0.135508,0.8596
Bradley Beal||2019-20||WAS||SG,Devin Booker||2018-19||PHX||SG,12,mst,0.171617,0.8222
Bradley Beal||2020-21||WAS||SG,Devin Booker||2019-20||PHX||SG,12,mst+knn,0.132584,0.8626216102929745
Bradley Beal||2020-21||WAS||SG,Devin Booker||2020-21||PHX||SG,12,mst+knn,0.124226,0.8713
Bradley Beal||2020-21||WAS||SG,Jaylen Brown||2020-21||BOS||SG,12,mst+knn,0.232025,0.7596
Bradley Beal||2023-24||PHX||SG,Bradley Beal||2024-25||PHX||SG,12,mst+knn,0.267477,0.7228497240356743
Bradley Beal||2023-24||PHX||SG,CJ McCollum||2016-17||POR||SG,12,mst+knn,0.295446,0.6939
Brandon Boston||2024-25||NOP||SG,"Jordan McRae||2019-20||DEN,DET,WAS||SG",12,mst+knn,0.399317,0.5862423008993854
Brandon Knight||2016-17||PHX||SG,Collin Sexton||2018-19||CLE||PG,12,mst+knn,0.237743,0.7537
CJ McCollum||2016-17||POR||SG,CJ McCollum||2018-19||POR||SG,12,mst+knn,0.082797,0.9142086989236978
CJ McCollum||2016-17||POR||SG,Kendrick Nunn||2019-20||MIA||PG,12,mst+knn,0.367669,0.619033978053772
CJ McCollum||2017-18||POR||SG,CJ McCollum||2018-19||POR||SG,12,mst+knn,0.169636,0.8242293277761544
CJ McCollum||2018-19||POR||SG,CJ McCollum||2019-20||POR||SG,12,mst+knn,0.117707,0.8780357257085971
CJ McCollum||2018-19||POR||SG,Devin Booker||2021-22||PHX||SG,12,mst+knn,0.15644,0.8379022060054119
CJ McCollum||2019-20||POR||SG,"CJ McCollum||2021-22||NOP,POR||PG",12,mst+knn,0.055862,0.9421172574506491
CJ McCollum||2019-20||POR||SG,CJ McCollum||2024-25||NOP||PG,12,mst+knn,0.155004,0.8394
CJ McCollum||2019-20||POR||SG,Isaiah Thomas||2019-20||WAS||PG,12,mst+knn,0.249215,0.7418
CJ McCollum||2020-21||POR||SG,"CJ McCollum||2021-22||NOP,POR||PG",12,mst+knn,0.141944,0.8529225123385882
"CJ McCollum||2021-22||NOP,POR||PG",CJ McCollum||2022-23||NOP||PG,12,mst+knn,0.057003,0.9409355960330689
"CJ McCollum||2021-22||NOP,POR||PG","CJ McCollum||2025-26||ATL,WAS||PG",12,mst+knn,0.190388,0.8027266849520345
"CJ McCollum||2021-22||NOP,POR||PG",Jamal Murray||2022-23||DEN||PG,12,mst+knn,0.148156,0.8465
"CJ McCollum||2021-22||NOP,POR||PG","Kyrie Irving||2022-23||BKN,DAL||SG",12,mst+knn,0.123516,0.8720166566460453
CJ McCollum||2023-24||NOP||PG,Tyler Herro||2023-24||MIA||SG,12,mst+knn,0.167291,0.8267
CJ McCollum||2024-25||NOP||PG,Jordan Clarkson||2022-23||UTA||SG,12,mst+knn,0.242389,0.7488449614276835
"CJ McCollum||2025-26||ATL,WAS||PG",Dejounte Murray||2023-24||ATL||SG,12,mst+knn,0.198585,0.7942334550240038
"CJ McCollum||2025-26||ATL,WAS||PG",Reggie Jackson||2021-22||LAC||SG,12,mst+knn,0.291617,0.6978363872573254
"CJ McCollum||2025-26||ATL,WAS||PG",Tyler Herro||2021-22||MIA||SG,12,mst+knn,0.190163,0.803
Cam Thomas||2021-22||BKN||SG,"Jordan Clarkson||2017-18||CLE,LAL||SG",12,mst+knn,0.303444,0.6856
Cam Thomas||2022-23||BKN||SG,Collin Sexton||2018-19||CLE||PG,12,mst+knn,0.250384,0.7406
Cam Thomas||2022-23||BKN||SG,Rodney Stuckey||2016-17||IND||PG,12,mst+knn,0.476902,0.5059
Cam Thomas||2023-24||BKN||SG,"Cam Thomas||2025-26||BKN,MIL||SG",12,mst+knn,0.103645,0.8926068795627448
Cam Thomas||2023-24||BKN||SG,Collin Sexton||2018-19||CLE||PG,12,mst,0.26018,0.7304
Cam Thomas||2023-24||BKN||SG,Dennis Schroder||2019-20||OKC||PG,12,mst+knn,0.283651,0.7061
"Cam Thomas||2025-26||BKN,MIL||SG",Lou Williams||2019-20||LAC||PG,12,mst,0.279777,0.7101
"Cam Thomas||2025-26||BKN,MIL||SG",Tyler Herro||2021-22||MIA||SG,12,mst+knn,0.173373,0.8204
Collin Sexton||2019-20||CLE||PG,Collin Sexton||2020-21||CLE||SG,12,mst+knn,0.171918,0.8219
Collin Sexton||2020-21||CLE||SG,Devin Booker||2018-19||PHX||SG,12,mst+knn,0.179382,0.8141308260815345
Collin Sexton||2024-25||UTA||SG,Donovan Mitchell||2019-20||UTA||SG,12,mst+knn,0.281399,0.7084241550274808
"D'Angelo Russell||2019-20||GSW,MIN||PG",D'Angelo Russell||2020-21||MIN||PG,12,mst+knn,0.148622,0.8460036032142974
"D'Angelo Russell||2019-20||GSW,MIN||PG",Devin Booker||2017-18||PHX||SG,12,mst+knn,0.155345,0.8390369123397423
D'Angelo Russell||2025-26||DAL||PG,Tyler Herro||2023-24||MIA||SG,12,mst+knn,0.243569,0.7476220880843827
De'Aaron Fox||2023-24||SAC||PG,Donovan Mitchell||2019-20||UTA||SG,12,mst+knn,0.206184,0.7864
Dennis Schroder||2019-20||OKC||PG,Shake Milton||2020-21||PHI||SG,12,mst+knn,0.326736,0.6614481407462607
Desmond Bane||2023-24||MEM||SG,Kyrie Irving||2021-22||BKN||PG,12,mst+knn,0.19226,0.8008
Desmond Bane||2024-25||MEM||SG,Desmond Bane||2025-26||ORL||SG,12,mst+knn,0.290651,0.6988377812108735
Desmond Bane||2025-26||ORL||SG,Norman Powell||2024-25||LAC||SG,12,mst+knn,0.312271,0.676436078554852
Devin Booker||2016-17||PHX||SG,Devin Booker||2018-19||PHX||SG,12,mst+knn,0.160296,0.8339071192234505
Devin Booker||2017-18||PHX||SG,Kyrie Irving||2021-22||BKN||PG,12,mst+knn,0.146765,0.8479270976319622
Devin Booker||2018-19||PHX||SG,Keyonte George||2025-26||UTA||PG,12,mst+knn,0.158521,0.8357458166473164
Devin Booker||2018-19||PHX||SG,Lou Williams||2017-18||LAC||SG,12,mst+knn,0.165617,0.8284
Devin Booker||2019-20||PHX||SG,Jamal Murray||2018-19||DEN||PG,12,mst+knn,0.225843,0.766
Devin Booker||2020-21||PHX||SG,Devin Booker||2021-22||PHX||SG,12,mst+knn,0.134442,0.8607
Devin Booker||2020-21||PHX||SG,Jeremy Lamb||2017-18||CHA||SG,12,mst+knn,0.46731,0.5158
Devin Booker||2021-22||PHX||SG,Tyler Herro||2022-23||MIA||SG,12,mst+knn,0.267819,0.7225
Devin Booker||2021-22||PHX||SG,VJ Edgecombe||2025-26||PHI||SG,12,mst+knn,0.471407,0.5115448561042626
Devin Vassell||2023-24||SAS||SG,Devin Vassell||2024-25||SAS||SG,12,mst+knn,0.158691,0.8356
Devin Vassell||2023-24||SAS||SG,Norman Powell||2025-26||MIA||SG,12,mst+knn,0.333285,0.6547
Devin Vassell||2024-25||SAS||SG,"Rodney Hood||2017-18||CLE,UTA||SG",12,mst+knn,0.301812,0.6873
Devin Vassell||2024-25||SAS||SG,Terrence Ross||2020-21||ORL||SG,12,mst+knn,0.203046,0.7896109840563491
Dillon Brooks||2019-20||MEM||SG,Josh Richardson||2019-20||PHI||SG,12,mst+knn,0.269393,0.7209
Dillon Brooks||2019-20||MEM||SG,"Mikal Bridges||2022-23||BKN,PHX||SG",12,mst+knn,0.36416,0.6227
Dion Waiters||2016-17||MIA||SG,"Victor Oladipo||2020-21||HOU,IND,MIA||SG",12,mst+knn,0.212349,0.78
Donovan Mitchell||2017-18||UTA||SG,Donovan Mitchell||2018-19||UTA||SG,12,mst+knn,0.251951,0.738937407994362
Donovan Mitchell||2018-19||UTA||SG,Donovan Mitchell||2019-20||UTA||SG,12,mst+knn,0.152056,0.8424449695713442
Donovan Mitchell||2019-20||UTA||SG,Kyrie Irving||2023-24||DAL||SG,12,mst+knn,0.186526,0.8067283828621773
"Dwyane Wade||2017-18||CLE,MIA||SG",Dwyane Wade||2018-19||MIA||SG,12,mst+knn,0.287633,0.702
Dwyane Wade||2018-19||MIA||SG,Lou Williams||2019-20||LAC||PG,12,mst+knn,0.207265,0.7852388216862185
"Isaiah Thomas||2017-18||CLE,LAL||PG",Terry Rozier||2022-23||CHA||SG,12,mst+knn,0.224714,0.7672
"Isaiah Thomas||2017-18||CLE,LAL||PG","Victor Oladipo||2020-21||HOU,IND,MIA||SG",12,mst+knn,0.23508,0.7564184830745646
Jaden Hardy||2024-25||DAL||SG,"Jordan Clarkson||2017-18||CLE,LAL||SG",12,mst+knn,0.323989,0.6643
Jalen Green||2022-23||HOU||SG,Jalen Green||2023-24||HOU||SG,12,mst+knn,0.241944,0.7493059178682986
Jalen Green||2022-23||HOU||SG,Lou Williams||2017-18||LAC||SG,12,mst+knn,0.24122,0.7501
Jalen Green||2022-23||HOU||SG,Malik Monk||2025-26||SAC||SG,12,mst+knn,0.369996,0.6166231442766152
Jalen Green||2023-24||HOU||SG,Shaedon Sharpe||2024-25||POR||SG,12,mst+knn,0.283106,0.7067
Jalen Green||2025-26||PHX||SG,Kyrie Irving||2021-22||BKN||PG,12,mst+knn,0.217618,0.774512370580706
Jamal Crawford||2016-17||LAC||SG,Jamal Crawford||2017-18||MIN||SG,12,mst+knn,0.112458,0.8835
Jamal Crawford||2016-17||LAC||SG,Jordan Poole||2023-24||WAS||SG,12,mst+knn,0.303238,0.6858
Jamal Crawford||2016-17||LAC||SG,Lou Williams||2019-20||LAC||PG,12,mst+knn,0.277342,0.7126283824636006
Jamal Crawford||2016-17||LAC||SG,"Rodney Hood||2018-19||CLE,POR||SG",12,mst+knn,0.342466,0.6451491082362161
Jamal Crawford||2017-18||MIN||SG,Jamal Crawford||2018-19||PHX||SG,12,mst+knn,0.092757,0.9039
Jamal Crawford||2017-18||MIN||SG,Tre Johnson||2025-26||WAS||SG,12,mst+knn,0.296614,0.6927
Jamal Murray||2019-20||DEN||PG,Jamal Murray||2020-21||DEN||PG,12,mst+knn,0.207303,0.7852
Jamal Murray||2020-21||DEN||PG,Jamal Murray||2022-23||DEN||PG,12,mst+knn,0.19489,0.7981
Jamal Murray||2020-21||DEN||PG,Victor Oladipo||2017-18||IND||SG,12,mst+knn,0.274598,0.7155
Jeremy Lamb||2016-17||CHA||SG,Jeremy Lamb||2017-18||CHA||SG,12,mst+knn,0.425347,0.5593
Jeremy Lamb||2019-20||IND||SG,Josh Richardson||2019-20||PHI||SG,12,mst+knn,0.346255,0.6412229696383216
"Jimmy Butler III||2018-19||MIN,PHI||SG",Zach LaVine||2018-19||CHI||SG,12,mst+knn,0.414907,0.5701
Jordan Clarkson||2016-17||LAL||SG,"Jordan Clarkson||2017-18||CLE,LAL||SG",12,mst+knn,0.204699,0.7879
Jordan Clarkson||2016-17||LAL||SG,Jordan Clarkson||2018-19||CLE||SG,12,mst+knn,0.197586,0.7953
Jordan Clarkson||2018-19||CLE||SG,Lou Williams||2017-18||LAC||SG,12,mst+knn,0.216351,0.7758246092433716
Jordan Clarkson||2020-21||UTA||SG,Jordan Clarkson||2021-22||UTA||SG,12,mst+knn,0.183606,0.8098
Jordan Clarkson||2020-21||UTA||SG,"Lou Williams||2016-17||HOU,LAL||SG",12,mst+knn,0.217803,0.774320299891379
Jordan Clarkson||2022-23||UTA||SG,Jordan Clarkson||2023-24||UTA||SG,12,mst+knn,0.250538,0.7404013561016741
Jordan Clarkson||2023-24||UTA||SG,Jordan Clarkson||2024-25||UTA||SG,12,mst+knn,0.21191,0.7804261438723471
"Jordan McRae||2019-20||DEN,DET,WAS||SG",Victor Oladipo||2018-19||IND||SG,12,mst+knn,0.231493,0.7601349884153838
Josh Richardson||2019-20||PHI||SG,Terrence Ross||2020-21||ORL||SG,12,mst,0.388099,0.5979
Kyrie Irving||2018-19||BOS||PG,Kyrie Irving||2023-24||DAL||SG,12,mst+knn,0.115628,0.8802
Kyrie Irving||2021-22||BKN||PG,"Kyrie Irving||2022-23||BKN,DAL||SG",12,mst+knn,0.126241,0.8692
Kyrie Irving||2021-22||BKN||PG,Tyler Herro||2025-26||MIA||SG,12,mst+knn,0.111941,0.8840109083809269
Kyrie Irving||2021-22||BKN||PG,Victor Oladipo||2018-19||IND||SG,12,mst+knn,0.204745,0.7879
"Kyrie Irving||2022-23||BKN,DAL||SG",Kyrie Irving||2023-24||DAL||SG,12,mst,0.147758,0.8469
"Kyrie Irving||2022-23||BKN,DAL||SG",Tyler Herro||2024-25||MIA||SG,12,mst+knn,0.229221,0.7625
Kyrie Irving||2023-24||DAL||SG,Kyrie Irving||2024-25||DAL||SG,12,mst+knn,0.115152,0.8807
"Lou Williams||2016-17||HOU,LAL||SG",Lou Williams||2017-18||LAC||SG,12,mst+knn,0.17963,0.8139
Nick Smith Jr.||2024-25||CHA||SG,Tre Johnson||2025-26||WAS||SG,12,mst+knn,0.26901,0.7213
Norman Powell||2024-25||LAC||SG,Norman Powell||2025-26||MIA||SG,12,mst+knn,0.179774,0.8137249191987834
Rodney Hood||2016-17||UTA||SG,Tyler Herro||2022-23||MIA||SG,12,mst+knn,0.373391,0.613105243741277
"Rodney Hood||2017-18||CLE,UTA||SG",Tre Johnson||2025-26||WAS||SG,12,mst+knn,0.317612,0.670902124123309
Shaedon Sharpe||2025-26||POR||SG,Zach LaVine||2018-19||CHI||SG,12,mst+knn,0.231587,0.7600373213109454
Terrence Ross||2020-21||ORL||SG,Tyler Herro||2020-21||MIA||SG,12,mst+knn,0.330071,0.658
Terry Rozier||2022-23||CHA||SG,"Terry Rozier||2023-24||CHA,MIA||SG",12,mst+knn,0.194178,0.7988
Tyler Herro||2023-24||MIA||SG,Tyler Herro||2025-26||MIA||SG,12,mst+knn,0.140902,0.8540021401541733
Victor Oladipo||2018-19||IND||SG,"Victor Oladipo||2020-21||HOU,IND,MIA||SG",12,mst+knn,0.12692,0.8685
Zach LaVine||2018-19||CHI||SG,Zach LaVine||2021-22||CHI||SG,12,mst+knn,0.179235,0.8143
Zach LaVine||2020-21||CHI||SG,Zach LaVine||2022-23||CHI||SG,12,mst+knn,0.148627,0.846
Zach LaVine||2020-21||CHI||SG,"Zach LaVine||2024-25||CHI,SAC||SG",12,mst+knn,0.162417,0.8317090574242261
Zach LaVine||2021-22||CHI||SG,Zach LaVine||2022-23||CHI||SG,12,mst+knn,0.07882,0.9183299597993004
Zach LaVine||2022-23||CHI||SG,Zach LaVine||2025-26||SAC||SG,12,mst+knn,0.279575,0.7103145890385288
Allonzo Trier||2018-19||NYK||SG,Cam Thomas||2022-23||BKN||SG,12,knn,0.345789,0.6417
Anfernee Simons||2022-23||POR||SG,CJ McCollum||2024-25||NOP||PG,12,knn,0.248288,0.7427
Anfernee Simons||2024-25||POR||SG,"CJ McCollum||2025-26||ATL,WAS||PG",12,knn,0.261663,0.7289
Anfernee Simons||2024-25||POR||SG,"Anfernee Simons||2025-26||BOS,CHI||SG",12,knn,0.288367,0.7012
Anthony Edwards||2022-23||MIN||SG,Anthony Edwards||2024-25||MIN||SG,12,knn,0.16345,0.8306384431733087
Anthony Edwards||2024-25||MIN||SG,Anthony Edwards||2025-26||MIN||SG,12,knn,0.190011,0.8031
Bradley Beal||2017-18||WAS||SG,Devin Booker||2019-20||PHX||SG,12,knn,0.188104,0.8051
Bradley Beal||2024-25||PHX||SG,CJ McCollum||2016-17||POR||SG,12,knn,0.306508,0.6824
Brandon Boston||2024-25||NOP||SG,Collin Sexton||2018-19||CLE||PG,12,knn,0.445628,0.5383
Brandon Knight||2016-17||PHX||SG,Cam Thomas||2022-23||BKN||SG,12,knn,0.344211,0.6433
CJ McCollum||2016-17||POR||SG,"CJ McCollum||2021-22||NOP,POR||PG",12,knn,0.134756,0.8604
CJ McCollum||2016-17||POR||SG,CJ McCollum||2017-18||POR||SG,12,knn,0.18393,0.8094
CJ McCollum||2019-20||POR||SG,CJ McCollum||2022-23||NOP||PG,12,knn,0.082652,0.9144
CJ McCollum||2020-21||POR||SG,"Kyrie Irving||2022-23||BKN,DAL||SG",12,knn,0.142575,0.8523
CJ McCollum||2020-21||POR||SG,CJ McCollum||2023-24||NOP||PG,12,knn,0.213161,0.7791
"CJ McCollum||2021-22||NOP,POR||PG",CJ McCollum||2024-25||NOP||PG,12,knn,0.163089,0.831
Cam Thomas||2021-22||BKN||SG,Jamal Crawford||2016-17||LAC||SG,12,knn,0.338711,0.649
Cam Thomas||2022-23||BKN||SG,"Cam Thomas||2025-26||BKN,MIL||SG",12,knn,0.268571,0.7217
Cam Thomas||2023-24||BKN||SG,Tyler Herro||2021-22||MIA||SG,12,knn,0.189436,0.8037129257741382
Collin Sexton||2019-20||CLE||PG,Devin Booker||2016-17||PHX||SG,12,knn,0.283161,0.7066
Collin Sexton||2020-21||CLE||SG,Collin Sexton||2024-25||UTA||SG,12,knn,0.284559,0.7052
CJ McCollum||2022-23||NOP||PG,D'Angelo Russell||2020-21||MIN||PG,12,knn,0.184586,0.8087
"D'Angelo Russell||2019-20||GSW,MIN||PG",D'Angelo Russell||2025-26||DAL||PG,12,knn,0.24984,0.7411
De'Aaron Fox||2023-24||SAC||PG,Donovan Mitchell||2018-19||UTA||SG,12,knn,0.220733,0.7713
Dejounte Murray||2023-24||ATL||SG,Kyrie Irving||2024-25||DAL||SG,12,knn,0.221161,0.7708
Dennis Schroder||2019-20||OKC||PG,Devin Booker||2020-21||PHX||SG,12,knn,0.293038,0.6964
Desmond Bane||2023-24||MEM||SG,"Victor Oladipo||2020-21||HOU,IND,MIA||SG",12,knn,0.23308,0.7585
Desmond Bane||2024-25||MEM||SG,Kyrie Irving||2018-19||BOS||PG,12,knn,0.347312,0.6401
Bradley Beal||2020-21||WAS||SG,Devin Booker||2016-17||PHX||SG,12,knn,0.179208,0.8143
Devin Booker||2019-20||PHX||SG,Devin Booker||2020-21||PHX||SG,12,knn,0.153523,0.8409
Devin Vassell||2023-24||SAS||SG,Terrence Ross||2020-21||ORL||SG,12,knn,0.263437,0.7270356390117312
Dion Waiters||2016-17||MIA||SG,Victor Oladipo||2018-19||IND||SG,12,knn,0.214448,0.7778
Donovan Mitchell||2017-18||UTA||SG,Donovan Mitchell||2019-20||UTA||SG,12,knn,0.330966,0.6571
"Dwyane Wade||2017-18||CLE,MIA||SG",Jalen Green||2024-25||HOU||SG,12,knn,0.478695,0.504
Dejounte Murray||2023-24||ATL||SG,Dwyane Wade||2018-19||MIA||SG,12,knn,0.281011,0.7088
CJ McCollum||2022-23||NOP||PG,Isaiah Thomas||2019-20||WAS||PG,12,knn,0.272819,0.7173
Jaden Hardy||2024-25||DAL||SG,Jamal Crawford||2016-17||LAC||SG,12,knn,0.350722,0.6366
Jalen Green||2023-24||HOU||SG,Jalen Green||2024-25||HOU||SG,12,knn,0.249628,0.7413
Anthony Edwards||2022-23||MIN||SG,Jalen Green||2024-25||HOU||SG,12,knn,0.240641,0.7507
Desmond Bane||2023-24||MEM||SG,Jalen Green||2025-26||PHX||SG,12,knn,0.233413,0.7581
Jamal Crawford||2016-17||LAC||SG,Jamal Crawford||2018-19||PHX||SG,12,knn,0.171351,0.8225
Jamal Murray||2018-19||DEN||PG,Kyrie Irving||2023-24||DAL||SG,12,knn,0.244127,0.747
Jamal Murray||2019-20||DEN||PG,Jamal Murray||2022-23||DEN||PG,12,knn,0.264295,0.7261
CJ McCollum||2020-21||POR||SG,Jamal Murray||2022-23||DEN||PG,12,knn,0.176177,0.8175
Bradley Beal||2019-20||WAS||SG,Jaylen Brown||2020-21||BOS||SG,12,knn,0.296747,0.6925
Bradley Beal||2024-25||PHX||SG,Jeremy Lamb||2016-17||CHA||SG,12,knn,0.501508,0.4804
Jeremy Lamb||2019-20||IND||SG,Victor Oladipo||2018-19||IND||SG,12,knn,0.389177,0.5967
"Jimmy Butler III||2018-19||MIN,PHI||SG",Zach LaVine||2021-22||CHI||SG,12,knn,0.456297,0.5272
"Jordan Clarkson||2017-18||CLE,LAL||SG",Jordan Clarkson||2018-19||CLE||SG,12,knn,0.237036,0.7544
Jordan Clarkson||2016-17||LAL||SG,Jordan Clarkson||2021-22||UTA||SG,12,knn,0.268946,0.7213
Devin Booker||2017-18||PHX||SG,Jordan Clarkson||2024-25||UTA||SG,12,knn,0.268461,0.7218
"Jordan McRae||2019-20||DEN,DET,WAS||SG","Victor Oladipo||2020-21||HOU,IND,MIA||SG",12,knn,0.298006,0.6912
Jordan Clarkson||2023-24||UTA||SG,Jordan Poole||2023-24||WAS||SG,12,knn,0.335823,0.652
CJ McCollum||2019-20||POR||SG,Kendrick Nunn||2019-20||MIA||PG,12,knn,0.403648,0.5818
Devin Booker||2017-18||PHX||SG,Keyonte George||2025-26||UTA||PG,12,knn,0.183791,0.8096
Kyrie Irving||2018-19||BOS||PG,"Kyrie Irving||2022-23||BKN,DAL||SG",12,knn,0.197446,0.7954
"Kyrie Irving||2022-23||BKN,DAL||SG",Kyrie Irving||2024-25||DAL||SG,12,knn,0.15366,0.8408
Lou Williams||2017-18||LAC||SG,Malik Monk||2025-26||SAC||SG,12,knn,0.394292,0.5914
Bradley Beal||2024-25||PHX||SG,"Mikal Bridges||2022-23||BKN,PHX||SG",12,knn,0.394372,0.5914
Jamal Crawford||2016-17||LAC||SG,Nick Smith Jr.||2024-25||CHA||SG,12,knn,0.35218,0.6351
D'Angelo Russell||2025-26||DAL||PG,Reggie Jackson||2021-22||LAC||SG,12,knn,0.402739,0.5827
Norman Powell||2024-25||LAC||SG,Rodney Hood||2016-17||UTA||SG,12,knn,0.398197,0.5874
Jamal Crawford||2017-18||MIN||SG,"Rodney Hood||2018-19||CLE,POR||SG",12,knn,0.346832,0.6406
Jamal Crawford||2016-17||LAC||SG,Rodney Stuckey||2016-17||IND||PG,12,knn,0.48961,0.4927
Shaedon Sharpe||2024-25||POR||SG,Shaedon Sharpe||2025-26||POR||SG,12,knn,0.294049,0.6953
Anthony Edwards||2025-26||MIN||SG,Shaedon Sharpe||2025-26||POR||SG,12,knn,0.273785,0.7163
Lou Williams||2019-20||LAC||PG,Shake Milton||2020-21||PHI||SG,12,knn,0.353745,0.6335
Terry Rozier||2020-21||CHA||SG,Tyler Herro||2024-25||MIA||SG,12,knn,0.334853,0.653
"Isaiah Thomas||2017-18||CLE,LAL||PG","Terry Rozier||2023-24||CHA,MIA||SG",12,knn,0.279398,0.7105
"CJ McCollum||2025-26||ATL,WAS||PG",Tyler Herro||2020-21||MIA||SG,12,knn,0.342999,0.6446
Tyler Herro||2022-23||MIA||SG,Tyler Herro||2024-25||MIA||SG,12,knn,0.279704,0.7102
Kyrie Irving||2018-19||BOS||PG,Tyler Herro||2024-25||MIA||SG,12,knn,0.249084,0.7419
Brandon Boston||2024-25||NOP||SG,VJ Edgecombe||2025-26||PHI||SG,12,knn,0.483244,0.4993
Anthony Edwards||2023-24||MIN||SG,Victor Oladipo||2017-18||IND||SG,12,knn,0.317444,0.6711
Zach LaVine||2021-22||CHI||SG,"Zach LaVine||2024-25||CHI,SAC||SG",12,knn,0.163324,0.8308
Desmond Bane||2023-24||MEM||SG,Zach LaVine||2025-26||SAC||SG,12,knn,0.291915,0.6975
