Player Name,Season,cluster_raw,cluster,cluster_label,archetype_name
AJ Green,2024-25,0,1,3PT-Reliant Sharpshooter,3PT-Reliant Sharpshooter
AJ Green,2025-26,0,1,3PT-Reliant Sharpshooter,3PT-Reliant Sharpshooter
Alec Burks,2024-25,0,1,3PT-Reliant Sharpshooter,3PT-Reliant Sharpshooter
Alex Abrines,2016-17,0,1,3PT-Reliant Sharpshooter,3PT-Reliant Sharpshooter
Alex Abrines,2017-18,0,1,3PT-Reliant Sharpshooter,3PT-Reliant Sharpshooter
Alex Abrines,2018-19,0,1,3PT-Reliant Sharpshooter,3PT-Reliant Sharpshooter
Allen Crabbe,2017-18,0,1,3PT-Reliant Sharpshooter,3PT-Reliant Sharpshooter
Allen Crabbe,2018-19,0,1,3PT-Reliant Sharpshooter,3PT-Reliant Sharpshooter
Armoni Brooks,2021-22,0,1,3PT-Reliant Sharpshooter,3PT-Reliant Sharpshooter
Avery Bradley,2020-21,0,1,3PT-Reliant Sharpshooter,3PT-Reliant Sharpshooter
Avery Bradley,2021-22,0,1,3PT-Reliant Sharpshooter,3PT-Reliant Sharpshooter
Baylor Scheierman,2025-26,0,1,3PT-Reliant Sharpshooter,3PT-Reliant Sharpshooter
Ben McLemore,2016-17,0,1,3PT-Reliant Sharpshooter,3PT-Reliant Sharpshooter
Ben McLemore,2020-21,0,1,3PT-Reliant Sharpshooter,3PT-Reliant Sharpshooter
Ben McLemore,2021-22,0,1,3PT-Reliant Sharpshooter,3PT-Reliant Sharpshooter
Ben Sheppard,2025-26,0,1,3PT-Reliant Sharpshooter,3PT-Reliant Sharpshooter
Buddy Hield,2020-21,0,1,3PT-Reliant Sharpshooter,3PT-Reliant Sharpshooter
Buddy Hield,2021-22,0,1,3PT-Reliant Sharpshooter,3PT-Reliant Sharpshooter
Buddy Hield,2024-25,0,1,3PT-Reliant Sharpshooter,3PT-Reliant Sharpshooter
Buddy Hield,2025-26,0,1,3PT-Reliant Sharpshooter,3PT-Reliant Sharpshooter
Daeqwon Plowden,2025-26,0,1,3PT-Reliant Sharpshooter,3PT-Reliant Sharpshooter
Damion Lee,2020-21,0,1,3PT-Reliant Sharpshooter,3PT-Reliant Sharpshooter
Damion Lee,2021-22,0,1,3PT-Reliant Sharpshooter,3PT-Reliant Sharpshooter
Damion Lee,2022-23,0,1,3PT-Reliant Sharpshooter,3PT-Reliant Sharpshooter
Danny Green,2017-18,0,1,3PT-Reliant Sharpshooter,3PT-Reliant Sharpshooter
Danny Green,2018-19,0,1,3PT-Reliant Sharpshooter,3PT-Reliant Sharpshooter
Danny Green,2019-20,0,1,3PT-Reliant Sharpshooter,3PT-Reliant Sharpshooter
Denzel Valentine,2016-17,0,1,3PT-Reliant Sharpshooter,3PT-Reliant Sharpshooter
Desmond Bane,2020-21,0,1,3PT-Reliant Sharpshooter,3PT-Reliant Sharpshooter
Donte DiVincenzo,2023-24,0,1,3PT-Reliant Sharpshooter,3PT-Reliant Sharpshooter
Donte DiVincenzo,2025-26,0,1,3PT-Reliant Sharpshooter,3PT-Reliant Sharpshooter
Duncan Robinson,2019-20,0,1,3PT-Reliant Sharpshooter,3PT-Reliant Sharpshooter
Duncan Robinson,2021-22,0,1,3PT-Reliant Sharpshooter,3PT-Reliant Sharpshooter
Eric Gordon,2016-17,0,1,3PT-Reliant Sharpshooter,3PT-Reliant Sharpshooter
Eric Gordon,2018-19,0,1,3PT-Reliant Sharpshooter,3PT-Reliant Sharpshooter
Eric Gordon,2023-24,0,1,3PT-Reliant Sharpshooter,3PT-Reliant Sharpshooter
Eric Gordon,2024-25,0,1,3PT-Reliant Sharpshooter,3PT-Reliant Sharpshooter
Ethan Thompson,2025-26,0,1,3PT-Reliant Sharpshooter,3PT-Reliant Sharpshooter
Evan Fournier,2022-23,0,1,3PT-Reliant Sharpshooter,3PT-Reliant Sharpshooter
Furkan Korkmaz,2019-20,0,1,3PT-Reliant Sharpshooter,3PT-Reliant Sharpshooter
Furkan Korkmaz,2020-21,0,1,3PT-Reliant Sharpshooter,3PT-Reliant Sharpshooter
Gabe Vincent,2024-25,0,1,3PT-Reliant Sharpshooter,3PT-Reliant Sharpshooter
Garrett Temple,2019-20,0,1,3PT-Reliant Sharpshooter,3PT-Reliant Sharpshooter
Garrison Mathews,2020-21,0,1,3PT-Reliant Sharpshooter,3PT-Reliant Sharpshooter
Garrison Mathews,2021-22,0,1,3PT-Reliant Sharpshooter,3PT-Reliant Sharpshooter
Garrison Mathews,2023-24,0,1,3PT-Reliant Sharpshooter,3PT-Reliant Sharpshooter
Garrison Mathews,2024-25,0,1,3PT-Reliant Sharpshooter,3PT-Reliant Sharpshooter
Gary Harris,2022-23,0,1,3PT-Reliant Sharpshooter,3PT-Reliant Sharpshooter
Gary Harris,2023-24,0,1,3PT-Reliant Sharpshooter,3PT-Reliant Sharpshooter
Gerald Green,2017-18,0,1,3PT-Reliant Sharpshooter,3PT-Reliant Sharpshooter
Gerald Green,2018-19,0,1,3PT-Reliant Sharpshooter,3PT-Reliant Sharpshooter
Gradey Dick,2023-24,0,1,3PT-Reliant Sharpshooter,3PT-Reliant Sharpshooter
Grayson Allen,2019-20,0,1,3PT-Reliant Sharpshooter,3PT-Reliant Sharpshooter
Grayson Allen,2020-21,0,1,3PT-Reliant Sharpshooter,3PT-Reliant Sharpshooter
Grayson Allen,2021-22,0,1,3PT-Reliant Sharpshooter,3PT-Reliant Sharpshooter
Grayson Allen,2022-23,0,1,3PT-Reliant Sharpshooter,3PT-Reliant Sharpshooter
Grayson Allen,2023-24,0,1,3PT-Reliant Sharpshooter,3PT-Reliant Sharpshooter
Grayson Allen,2024-25,0,1,3PT-Reliant Sharpshooter,3PT-Reliant Sharpshooter
Hollis Thompson,2016-17,0,1,3PT-Reliant Sharpshooter,3PT-Reliant Sharpshooter
Iman Shumpert,2018-19,0,1,3PT-Reliant Sharpshooter,3PT-Reliant Sharpshooter
Isaiah Joe,2022-23,0,1,3PT-Reliant Sharpshooter,3PT-Reliant Sharpshooter
Isaiah Joe,2023-24,0,1,3PT-Reliant Sharpshooter,3PT-Reliant Sharpshooter
Isaiah Joe,2024-25,0,1,3PT-Reliant Sharpshooter,3PT-Reliant Sharpshooter
Isaiah Joe,2025-26,0,1,3PT-Reliant Sharpshooter,3PT-Reliant Sharpshooter
JR Smith,2016-17,0,1,3PT-Reliant Sharpshooter,3PT-Reliant Sharpshooter
Ja'Kobe Walter,2025-26,0,1,3PT-Reliant Sharpshooter,3PT-Reliant Sharpshooter
Jason Terry,2017-18,0,1,3PT-Reliant Sharpshooter,3PT-Reliant Sharpshooter
Jaylen Wells,2024-25,0,1,3PT-Reliant Sharpshooter,3PT-Reliant Sharpshooter
Jaylon Tyson,2025-26,0,1,3PT-Reliant Sharpshooter,3PT-Reliant Sharpshooter
Jerryd Bayless,2017-18,0,1,3PT-Reliant Sharpshooter,3PT-Reliant Sharpshooter
Jodie Meeks,2016-17,0,1,3PT-Reliant Sharpshooter,3PT-Reliant Sharpshooter
Joe Harris,2016-17,0,1,3PT-Reliant Sharpshooter,3PT-Reliant Sharpshooter
Joe Harris,2017-18,0,1,3PT-Reliant Sharpshooter,3PT-Reliant Sharpshooter
Joe Harris,2018-19,0,1,3PT-Reliant Sharpshooter,3PT-Reliant Sharpshooter
Johnny Juzang,2024-25,0,1,3PT-Reliant Sharpshooter,3PT-Reliant Sharpshooter
Josh Green,2025-26,0,1,3PT-Reliant Sharpshooter,3PT-Reliant Sharpshooter
Justin Holiday,2016-17,0,1,3PT-Reliant Sharpshooter,3PT-Reliant Sharpshooter
Justin Holiday,2017-18,0,1,3PT-Reliant Sharpshooter,3PT-Reliant Sharpshooter
Justin Holiday,2018-19,0,1,3PT-Reliant Sharpshooter,3PT-Reliant Sharpshooter
Justin Holiday,2020-21,0,1,3PT-Reliant Sharpshooter,3PT-Reliant Sharpshooter
Justin Holiday,2023-24,0,1,3PT-Reliant Sharpshooter,3PT-Reliant Sharpshooter
Kentavious Caldwell-Pope,2017-18,0,1,3PT-Reliant Sharpshooter,3PT-Reliant Sharpshooter
Kentavious Caldwell-Pope,2018-19,0,1,3PT-Reliant Sharpshooter,3PT-Reliant Sharpshooter
Kentavious Caldwell-Pope,2019-20,0,1,3PT-Reliant Sharpshooter,3PT-Reliant Sharpshooter
Kentavious Caldwell-Pope,2020-21,0,1,3PT-Reliant Sharpshooter,3PT-Reliant Sharpshooter
Kevin Huerter,2022-23,0,1,3PT-Reliant Sharpshooter,3PT-Reliant Sharpshooter
Kevin Huerter,2023-24,0,1,3PT-Reliant Sharpshooter,3PT-Reliant Sharpshooter
Kevin Huerter,2024-25,0,1,3PT-Reliant Sharpshooter,3PT-Reliant Sharpshooter
Kyle Korver,2016-17,0,1,3PT-Reliant Sharpshooter,3PT-Reliant Sharpshooter
Kyle Korver,2017-18,0,1,3PT-Reliant Sharpshooter,3PT-Reliant Sharpshooter
Landry Shamet,2018-19,0,1,3PT-Reliant Sharpshooter,3PT-Reliant Sharpshooter
Landry Shamet,2019-20,0,1,3PT-Reliant Sharpshooter,3PT-Reliant Sharpshooter
Landry Shamet,2020-21,0,1,3PT-Reliant Sharpshooter,3PT-Reliant Sharpshooter
Landry Shamet,2021-22,0,1,3PT-Reliant Sharpshooter,3PT-Reliant Sharpshooter
Landry Shamet,2022-23,0,1,3PT-Reliant Sharpshooter,3PT-Reliant Sharpshooter
Landry Shamet,2024-25,0,1,3PT-Reliant Sharpshooter,3PT-Reliant Sharpshooter
Landry Shamet,2025-26,0,1,3PT-Reliant Sharpshooter,3PT-Reliant Sharpshooter
Langston Galloway,2018-19,0,1,3PT-Reliant Sharpshooter,3PT-Reliant Sharpshooter
Langston Galloway,2019-20,0,1,3PT-Reliant Sharpshooter,3PT-Reliant Sharpshooter
Luke Kennard,2022-23,0,1,3PT-Reliant Sharpshooter,3PT-Reliant Sharpshooter
Luke Kennard,2023-24,0,1,3PT-Reliant Sharpshooter,3PT-Reliant Sharpshooter
Malik Beasley,2018-19,0,1,3PT-Reliant Sharpshooter,3PT-Reliant Sharpshooter
Malik Beasley,2021-22,0,1,3PT-Reliant Sharpshooter,3PT-Reliant Sharpshooter
Malik Beasley,2023-24,0,1,3PT-Reliant Sharpshooter,3PT-Reliant Sharpshooter
Max Christie,2025-26,0,1,3PT-Reliant Sharpshooter,3PT-Reliant Sharpshooter
Moses Moody,2024-25,0,1,3PT-Reliant Sharpshooter,3PT-Reliant Sharpshooter
Moses Moody,2025-26,0,1,3PT-Reliant Sharpshooter,3PT-Reliant Sharpshooter
Ochai Agbaji,2022-23,0,1,3PT-Reliant Sharpshooter,3PT-Reliant Sharpshooter
Pat Connaughton,2017-18,0,1,3PT-Reliant Sharpshooter,3PT-Reliant Sharpshooter
Quentin Grimes,2021-22,0,1,3PT-Reliant Sharpshooter,3PT-Reliant Sharpshooter
Quentin Grimes,2022-23,0,1,3PT-Reliant Sharpshooter,3PT-Reliant Sharpshooter
Quentin Grimes,2023-24,0,1,3PT-Reliant Sharpshooter,3PT-Reliant Sharpshooter
Reggie Bullock,2018-19,0,1,3PT-Reliant Sharpshooter,3PT-Reliant Sharpshooter
Rodney McGruder,2022-23,0,1,3PT-Reliant Sharpshooter,3PT-Reliant Sharpshooter
Sam Merrill,2023-24,0,1,3PT-Reliant Sharpshooter,3PT-Reliant Sharpshooter
Sam Merrill,2024-25,0,1,3PT-Reliant Sharpshooter,3PT-Reliant Sharpshooter
Sam Merrill,2025-26,0,1,3PT-Reliant Sharpshooter,3PT-Reliant Sharpshooter
Sterling Brown,2020-21,0,1,3PT-Reliant Sharpshooter,3PT-Reliant Sharpshooter
Tony Snell,2016-17,0,1,3PT-Reliant Sharpshooter,3PT-Reliant Sharpshooter
Tony Snell,2017-18,0,1,3PT-Reliant Sharpshooter,3PT-Reliant Sharpshooter
Tony Snell,2020-21,0,1,3PT-Reliant Sharpshooter,3PT-Reliant Sharpshooter
Tony Snell,2021-22,0,1,3PT-Reliant Sharpshooter,3PT-Reliant Sharpshooter
Treveon Graham,2017-18,0,1,3PT-Reliant Sharpshooter,3PT-Reliant Sharpshooter
Treveon Graham,2018-19,0,1,3PT-Reliant Sharpshooter,3PT-Reliant Sharpshooter
Troy Daniels,2016-17,0,1,3PT-Reliant Sharpshooter,3PT-Reliant Sharpshooter
Troy Daniels,2017-18,0,1,3PT-Reliant Sharpshooter,3PT-Reliant Sharpshooter
Tyler Johnson,2020-21,0,1,3PT-Reliant Sharpshooter,3PT-Reliant Sharpshooter
Vit Krejci,2025-26,0,1,3PT-Reliant Sharpshooter,3PT-Reliant Sharpshooter
Wayne Ellington,2016-17,0,1,3PT-Reliant Sharpshooter,3PT-Reliant Sharpshooter
Wayne Ellington,2017-18,0,1,3PT-Reliant Sharpshooter,3PT-Reliant Sharpshooter
Wayne Ellington,2018-19,0,1,3PT-Reliant Sharpshooter,3PT-Reliant Sharpshooter
Wayne Ellington,2019-20,0,1,3PT-Reliant Sharpshooter,3PT-Reliant Sharpshooter
Wayne Ellington,2020-21,0,1,3PT-Reliant Sharpshooter,3PT-Reliant Sharpshooter
Wayne Ellington,2021-22,0,1,3PT-Reliant Sharpshooter,3PT-Reliant Sharpshooter
Wesley Matthews,2016-17,0,1,3PT-Reliant Sharpshooter,3PT-Reliant Sharpshooter
Wesley Matthews,2019-20,0,1,3PT-Reliant Sharpshooter,3PT-Reliant Sharpshooter
Wesley Matthews,2020-21,0,1,3PT-Reliant Sharpshooter,3PT-Reliant Sharpshooter
Aaron Holiday,2021-22,1,2,"Slashing Oriented, Scoring + Playmaking Threat","Slashing Oriented, Scoring + Playmaking Threat"
Ajay Mitchell,2024-25,1,2,"Slashing Oriented, Scoring + Playmaking Threat","Slashing Oriented, Scoring + Playmaking Threat"
Ajay Mitchell,2025-26,1,2,"Slashing Oriented, Scoring + Playmaking Threat","Slashing Oriented, Scoring + Playmaking Threat"
Andrew Harrison,2017-18,1,2,"Slashing Oriented, Scoring + Playmaking Threat","Slashing Oriented, Scoring + Playmaking Threat"
Andrew Nembhard,2023-24,1,2,"Slashing Oriented, Scoring + Playmaking Threat","Slashing Oriented, Scoring + Playmaking Threat"
Austin Reaves,2023-24,1,2,"Slashing Oriented, Scoring + Playmaking Threat","Slashing Oriented, Scoring + Playmaking Threat"
Austin Reaves,2025-26,1,2,"Slashing Oriented, Scoring + Playmaking Threat","Slashing Oriented, Scoring + Playmaking Threat"
Austin Rivers,2017-18,1,2,"Slashing Oriented, Scoring + Playmaking Threat","Slashing Oriented, Scoring + Playmaking Threat"
Brandon Williams,2025-26,1,2,"Slashing Oriented, Scoring + Playmaking Threat","Slashing Oriented, Scoring + Playmaking Threat"
Cade Cunningham,2021-22,1,2,"Slashing Oriented, Scoring + Playmaking Threat","Slashing Oriented, Scoring + Playmaking Threat"
Cameron Payne,2018-19,1,2,"Slashing Oriented, Scoring + Playmaking Threat","Slashing Oriented, Scoring + Playmaking Threat"
Cameron Payne,2021-22,1,2,"Slashing Oriented, Scoring + Playmaking Threat","Slashing Oriented, Scoring + Playmaking Threat"
Cameron Payne,2022-23,1,2,"Slashing Oriented, Scoring + Playmaking Threat","Slashing Oriented, Scoring + Playmaking Threat"
Caris LeVert,2019-20,1,2,"Slashing Oriented, Scoring + Playmaking Threat","Slashing Oriented, Scoring + Playmaking Threat"
Caris LeVert,2020-21,1,2,"Slashing Oriented, Scoring + Playmaking Threat","Slashing Oriented, Scoring + Playmaking Threat"
Caris LeVert,2021-22,1,2,"Slashing Oriented, Scoring + Playmaking Threat","Slashing Oriented, Scoring + Playmaking Threat"
Caris LeVert,2023-24,1,2,"Slashing Oriented, Scoring + Playmaking Threat","Slashing Oriented, Scoring + Playmaking Threat"
Coby White,2023-24,1,2,"Slashing Oriented, Scoring + Playmaking Threat","Slashing Oriented, Scoring + Playmaking Threat"
Cole Anthony,2020-21,1,2,"Slashing Oriented, Scoring + Playmaking Threat","Slashing Oriented, Scoring + Playmaking Threat"
Cole Anthony,2021-22,1,2,"Slashing Oriented, Scoring + Playmaking Threat","Slashing Oriented, Scoring + Playmaking Threat"
Cole Anthony,2022-23,1,2,"Slashing Oriented, Scoring + Playmaking Threat","Slashing Oriented, Scoring + Playmaking Threat"
Cole Anthony,2023-24,1,2,"Slashing Oriented, Scoring + Playmaking Threat","Slashing Oriented, Scoring + Playmaking Threat"
Cole Anthony,2024-25,1,2,"Slashing Oriented, Scoring + Playmaking Threat","Slashing Oriented, Scoring + Playmaking Threat"
Collin Sexton,2022-23,1,2,"Slashing Oriented, Scoring + Playmaking Threat","Slashing Oriented, Scoring + Playmaking Threat"
Collin Sexton,2023-24,1,2,"Slashing Oriented, Scoring + Playmaking Threat","Slashing Oriented, Scoring + Playmaking Threat"
Collin Sexton,2025-26,1,2,"Slashing Oriented, Scoring + Playmaking Threat","Slashing Oriented, Scoring + Playmaking Threat"
Cory Joseph,2016-17,1,2,"Slashing Oriented, Scoring + Playmaking Threat","Slashing Oriented, Scoring + Playmaking Threat"
Daniss Jenkins,2025-26,1,2,"Slashing Oriented, Scoring + Playmaking Threat","Slashing Oriented, Scoring + Playmaking Threat"
Darius Garland,2020-21,1,2,"Slashing Oriented, Scoring + Playmaking Threat","Slashing Oriented, Scoring + Playmaking Threat"
Darius Garland,2023-24,1,2,"Slashing Oriented, Scoring + Playmaking Threat","Slashing Oriented, Scoring + Playmaking Threat"
Davion Mitchell,2021-22,1,2,"Slashing Oriented, Scoring + Playmaking Threat","Slashing Oriented, Scoring + Playmaking Threat"
De'Aaron Fox,2017-18,1,2,"Slashing Oriented, Scoring + Playmaking Threat","Slashing Oriented, Scoring + Playmaking Threat"
De'Aaron Fox,2018-19,1,2,"Slashing Oriented, Scoring + Playmaking Threat","Slashing Oriented, Scoring + Playmaking Threat"
De'Aaron Fox,2019-20,1,2,"Slashing Oriented, Scoring + Playmaking Threat","Slashing Oriented, Scoring + Playmaking Threat"
De'Aaron Fox,2025-26,1,2,"Slashing Oriented, Scoring + Playmaking Threat","Slashing Oriented, Scoring + Playmaking Threat"
Dennis Schroder,2016-17,1,2,"Slashing Oriented, Scoring + Playmaking Threat","Slashing Oriented, Scoring + Playmaking Threat"
Dennis Schroder,2018-19,1,2,"Slashing Oriented, Scoring + Playmaking Threat","Slashing Oriented, Scoring + Playmaking Threat"
Dennis Schroder,2020-21,1,2,"Slashing Oriented, Scoring + Playmaking Threat","Slashing Oriented, Scoring + Playmaking Threat"
Dennis Schroder,2021-22,1,2,"Slashing Oriented, Scoring + Playmaking Threat","Slashing Oriented, Scoring + Playmaking Threat"
Dennis Schroder,2022-23,1,2,"Slashing Oriented, Scoring + Playmaking Threat","Slashing Oriented, Scoring + Playmaking Threat"
Dennis Schroder,2023-24,1,2,"Slashing Oriented, Scoring + Playmaking Threat","Slashing Oriented, Scoring + Playmaking Threat"
Dennis Schroder,2024-25,1,2,"Slashing Oriented, Scoring + Playmaking Threat","Slashing Oriented, Scoring + Playmaking Threat"
Dennis Schroder,2025-26,1,2,"Slashing Oriented, Scoring + Playmaking Threat","Slashing Oriented, Scoring + Playmaking Threat"
Dennis Smith Jr.,2017-18,1,2,"Slashing Oriented, Scoring + Playmaking Threat","Slashing Oriented, Scoring + Playmaking Threat"
Dennis Smith Jr.,2018-19,1,2,"Slashing Oriented, Scoring + Playmaking Threat","Slashing Oriented, Scoring + Playmaking Threat"
Derrick Rose,2021-22,1,2,"Slashing Oriented, Scoring + Playmaking Threat","Slashing Oriented, Scoring + Playmaking Threat"
Dylan Harper,2025-26,1,2,"Slashing Oriented, Scoring + Playmaking Threat","Slashing Oriented, Scoring + Playmaking Threat"
Elfrid Payton,2017-18,1,2,"Slashing Oriented, Scoring + Playmaking Threat","Slashing Oriented, Scoring + Playmaking Threat"
Emmanuel Mudiay,2017-18,1,2,"Slashing Oriented, Scoring + Playmaking Threat","Slashing Oriented, Scoring + Playmaking Threat"
Emmanuel Mudiay,2018-19,1,2,"Slashing Oriented, Scoring + Playmaking Threat","Slashing Oriented, Scoring + Playmaking Threat"
Emmanuel Mudiay,2019-20,1,2,"Slashing Oriented, Scoring + Playmaking Threat","Slashing Oriented, Scoring + Playmaking Threat"
Eric Bledsoe,2016-17,1,2,"Slashing Oriented, Scoring + Playmaking Threat","Slashing Oriented, Scoring + Playmaking Threat"
Eric Bledsoe,2017-18,1,2,"Slashing Oriented, Scoring + Playmaking Threat","Slashing Oriented, Scoring + Playmaking Threat"
Eric Bledsoe,2018-19,1,2,"Slashing Oriented, Scoring + Playmaking Threat","Slashing Oriented, Scoring + Playmaking Threat"
Eric Bledsoe,2019-20,1,2,"Slashing Oriented, Scoring + Playmaking Threat","Slashing Oriented, Scoring + Playmaking Threat"
Frank Mason,2017-18,1,2,"Slashing Oriented, Scoring + Playmaking Threat","Slashing Oriented, Scoring + Playmaking Threat"
Goran Dragic,2016-17,1,2,"Slashing Oriented, Scoring + Playmaking Threat","Slashing Oriented, Scoring + Playmaking Threat"
Goran Dragic,2017-18,1,2,"Slashing Oriented, Scoring + Playmaking Threat","Slashing Oriented, Scoring + Playmaking Threat"
Goran Dragic,2018-19,1,2,"Slashing Oriented, Scoring + Playmaking Threat","Slashing Oriented, Scoring + Playmaking Threat"
Ish Smith,2018-19,1,2,"Slashing Oriented, Scoring + Playmaking Threat","Slashing Oriented, Scoring + Playmaking Threat"
Ja Morant,2019-20,1,2,"Slashing Oriented, Scoring + Playmaking Threat","Slashing Oriented, Scoring + Playmaking Threat"
Ja Morant,2020-21,1,2,"Slashing Oriented, Scoring + Playmaking Threat","Slashing Oriented, Scoring + Playmaking Threat"
Ja Morant,2021-22,1,2,"Slashing Oriented, Scoring + Playmaking Threat","Slashing Oriented, Scoring + Playmaking Threat"
Ja Morant,2022-23,1,2,"Slashing Oriented, Scoring + Playmaking Threat","Slashing Oriented, Scoring + Playmaking Threat"
Ja Morant,2024-25,1,2,"Slashing Oriented, Scoring + Playmaking Threat","Slashing Oriented, Scoring + Playmaking Threat"
Jaden Ivey,2022-23,1,2,"Slashing Oriented, Scoring + Playmaking Threat","Slashing Oriented, Scoring + Playmaking Threat"
Jaden Ivey,2024-25,1,2,"Slashing Oriented, Scoring + Playmaking Threat","Slashing Oriented, Scoring + Playmaking Threat"
Jalen Brunson,2018-19,1,2,"Slashing Oriented, Scoring + Playmaking Threat","Slashing Oriented, Scoring + Playmaking Threat"
Jalen Brunson,2019-20,1,2,"Slashing Oriented, Scoring + Playmaking Threat","Slashing Oriented, Scoring + Playmaking Threat"
Jalen Brunson,2020-21,1,2,"Slashing Oriented, Scoring + Playmaking Threat","Slashing Oriented, Scoring + Playmaking Threat"
Jalen Suggs,2024-25,1,2,"Slashing Oriented, Scoring + Playmaking Threat","Slashing Oriented, Scoring + Playmaking Threat"
Jared Butler,2024-25,1,2,"Slashing Oriented, Scoring + Playmaking Threat","Slashing Oriented, Scoring + Playmaking Threat"
Jeff Teague,2016-17,1,2,"Slashing Oriented, Scoring + Playmaking Threat","Slashing Oriented, Scoring + Playmaking Threat"
Jeff Teague,2017-18,1,2,"Slashing Oriented, Scoring + Playmaking Threat","Slashing Oriented, Scoring + Playmaking Threat"
Jeff Teague,2018-19,1,2,"Slashing Oriented, Scoring + Playmaking Threat","Slashing Oriented, Scoring + Playmaking Threat"
Jeff Teague,2019-20,1,2,"Slashing Oriented, Scoring + Playmaking Threat","Slashing Oriented, Scoring + Playmaking Threat"
Jeff Teague,2020-21,1,2,"Slashing Oriented, Scoring + Playmaking Threat","Slashing Oriented, Scoring + Playmaking Threat"
Jeremiah Fears,2025-26,1,2,"Slashing Oriented, Scoring + Playmaking Threat","Slashing Oriented, Scoring + Playmaking Threat"
Jeremy Lin,2016-17,1,2,"Slashing Oriented, Scoring + Playmaking Threat","Slashing Oriented, Scoring + Playmaking Threat"
Jeremy Lin,2018-19,1,2,"Slashing Oriented, Scoring + Playmaking Threat","Slashing Oriented, Scoring + Playmaking Threat"
John Wall,2017-18,1,2,"Slashing Oriented, Scoring + Playmaking Threat","Slashing Oriented, Scoring + Playmaking Threat"
John Wall,2018-19,1,2,"Slashing Oriented, Scoring + Playmaking Threat","Slashing Oriented, Scoring + Playmaking Threat"
John Wall,2020-21,1,2,"Slashing Oriented, Scoring + Playmaking Threat","Slashing Oriented, Scoring + Playmaking Threat"
Josh Giddey,2024-25,1,2,"Slashing Oriented, Scoring + Playmaking Threat","Slashing Oriented, Scoring + Playmaking Threat"
Josh Giddey,2025-26,1,2,"Slashing Oriented, Scoring + Playmaking Threat","Slashing Oriented, Scoring + Playmaking Threat"
Jrue Holiday,2016-17,1,2,"Slashing Oriented, Scoring + Playmaking Threat","Slashing Oriented, Scoring + Playmaking Threat"
Jrue Holiday,2017-18,1,2,"Slashing Oriented, Scoring + Playmaking Threat","Slashing Oriented, Scoring + Playmaking Threat"
Jrue Holiday,2018-19,1,2,"Slashing Oriented, Scoring + Playmaking Threat","Slashing Oriented, Scoring + Playmaking Threat"
Jrue Holiday,2019-20,1,2,"Slashing Oriented, Scoring + Playmaking Threat","Slashing Oriented, Scoring + Playmaking Threat"
Jrue Holiday,2020-21,1,2,"Slashing Oriented, Scoring + Playmaking Threat","Slashing Oriented, Scoring + Playmaking Threat"
Jrue Holiday,2021-22,1,2,"Slashing Oriented, Scoring + Playmaking Threat","Slashing Oriented, Scoring + Playmaking Threat"
Kevin Porter Jr.,2020-21,1,2,"Slashing Oriented, Scoring + Playmaking Threat","Slashing Oriented, Scoring + Playmaking Threat"
Kevin Porter Jr.,2022-23,1,2,"Slashing Oriented, Scoring + Playmaking Threat","Slashing Oriented, Scoring + Playmaking Threat"
Kris Dunn,2017-18,1,2,"Slashing Oriented, Scoring + Playmaking Threat","Slashing Oriented, Scoring + Playmaking Threat"
Kris Dunn,2018-19,1,2,"Slashing Oriented, Scoring + Playmaking Threat","Slashing Oriented, Scoring + Playmaking Threat"
LaMelo Ball,2020-21,1,2,"Slashing Oriented, Scoring + Playmaking Threat","Slashing Oriented, Scoring + Playmaking Threat"
LaMelo Ball,2021-22,1,2,"Slashing Oriented, Scoring + Playmaking Threat","Slashing Oriented, Scoring + Playmaking Threat"
Lance Stephenson,2017-18,1,2,"Slashing Oriented, Scoring + Playmaking Threat","Slashing Oriented, Scoring + Playmaking Threat"
Malcolm Brogdon,2019-20,1,2,"Slashing Oriented, Scoring + Playmaking Threat","Slashing Oriented, Scoring + Playmaking Threat"
Malcolm Brogdon,2020-21,1,2,"Slashing Oriented, Scoring + Playmaking Threat","Slashing Oriented, Scoring + Playmaking Threat"
Malcolm Brogdon,2021-22,1,2,"Slashing Oriented, Scoring + Playmaking Threat","Slashing Oriented, Scoring + Playmaking Threat"
Malcolm Brogdon,2023-24,1,2,"Slashing Oriented, Scoring + Playmaking Threat","Slashing Oriented, Scoring + Playmaking Threat"
Malik Monk,2024-25,1,2,"Slashing Oriented, Scoring + Playmaking Threat","Slashing Oriented, Scoring + Playmaking Threat"
Markelle Fultz,2019-20,1,2,"Slashing Oriented, Scoring + Playmaking Threat","Slashing Oriented, Scoring + Playmaking Threat"
Mike Conley,2018-19,1,2,"Slashing Oriented, Scoring + Playmaking Threat","Slashing Oriented, Scoring + Playmaking Threat"
Mike James,2017-18,1,2,"Slashing Oriented, Scoring + Playmaking Threat","Slashing Oriented, Scoring + Playmaking Threat"
Nolan Traore,2025-26,1,2,"Slashing Oriented, Scoring + Playmaking Threat","Slashing Oriented, Scoring + Playmaking Threat"
Pat Spencer,2025-26,1,2,"Slashing Oriented, Scoring + Playmaking Threat","Slashing Oriented, Scoring + Playmaking Threat"
Rajon Rondo,2018-19,1,2,"Slashing Oriented, Scoring + Playmaking Threat","Slashing Oriented, Scoring + Playmaking Threat"
Raul Neto,2021-22,1,2,"Slashing Oriented, Scoring + Playmaking Threat","Slashing Oriented, Scoring + Playmaking Threat"
Reggie Jackson,2023-24,1,2,"Slashing Oriented, Scoring + Playmaking Threat","Slashing Oriented, Scoring + Playmaking Threat"
Ricky Rubio,2017-18,1,2,"Slashing Oriented, Scoring + Playmaking Threat","Slashing Oriented, Scoring + Playmaking Threat"
Ricky Rubio,2018-19,1,2,"Slashing Oriented, Scoring + Playmaking Threat","Slashing Oriented, Scoring + Playmaking Threat"
Ricky Rubio,2021-22,1,2,"Slashing Oriented, Scoring + Playmaking Threat","Slashing Oriented, Scoring + Playmaking Threat"
Russell Westbrook,2021-22,1,2,"Slashing Oriented, Scoring + Playmaking Threat","Slashing Oriented, Scoring + Playmaking Threat"
Russell Westbrook,2022-23,1,2,"Slashing Oriented, Scoring + Playmaking Threat","Slashing Oriented, Scoring + Playmaking Threat"
Ryan Rollins,2025-26,1,2,"Slashing Oriented, Scoring + Playmaking Threat","Slashing Oriented, Scoring + Playmaking Threat"
Scoot Henderson,2023-24,1,2,"Slashing Oriented, Scoring + Playmaking Threat","Slashing Oriented, Scoring + Playmaking Threat"
Scoot Henderson,2024-25,1,2,"Slashing Oriented, Scoring + Playmaking Threat","Slashing Oriented, Scoring + Playmaking Threat"
Scoot Henderson,2025-26,1,2,"Slashing Oriented, Scoring + Playmaking Threat","Slashing Oriented, Scoring + Playmaking Threat"
Shai Gilgeous-Alexander,2018-19,1,2,"Slashing Oriented, Scoring + Playmaking Threat","Slashing Oriented, Scoring + Playmaking Threat"
Shai Gilgeous-Alexander,2019-20,1,2,"Slashing Oriented, Scoring + Playmaking Threat","Slashing Oriented, Scoring + Playmaking Threat"
Shai Gilgeous-Alexander,2020-21,1,2,"Slashing Oriented, Scoring + Playmaking Threat","Slashing Oriented, Scoring + Playmaking Threat"
Shai Gilgeous-Alexander,2021-22,1,2,"Slashing Oriented, Scoring + Playmaking Threat","Slashing Oriented, Scoring + Playmaking Threat"
Shake Milton,2021-22,1,2,"Slashing Oriented, Scoring + Playmaking Threat","Slashing Oriented, Scoring + Playmaking Threat"
Shake Milton,2022-23,1,2,"Slashing Oriented, Scoring + Playmaking Threat","Slashing Oriented, Scoring + Playmaking Threat"
Sharife Cooper,2025-26,1,2,"Slashing Oriented, Scoring + Playmaking Threat","Slashing Oriented, Scoring + Playmaking Threat"
Shelvin Mack,2016-17,1,2,"Slashing Oriented, Scoring + Playmaking Threat","Slashing Oriented, Scoring + Playmaking Threat"
Spencer Dinwiddie,2018-19,1,2,"Slashing Oriented, Scoring + Playmaking Threat","Slashing Oriented, Scoring + Playmaking Threat"
Spencer Dinwiddie,2019-20,1,2,"Slashing Oriented, Scoring + Playmaking Threat","Slashing Oriented, Scoring + Playmaking Threat"
Spencer Dinwiddie,2021-22,1,2,"Slashing Oriented, Scoring + Playmaking Threat","Slashing Oriented, Scoring + Playmaking Threat"
Spencer Dinwiddie,2024-25,1,2,"Slashing Oriented, Scoring + Playmaking Threat","Slashing Oriented, Scoring + Playmaking Threat"
Stephon Castle,2025-26,1,2,"Slashing Oriented, Scoring + Playmaking Threat","Slashing Oriented, Scoring + Playmaking Threat"
T.J. McConnell,2022-23,1,2,"Slashing Oriented, Scoring + Playmaking Threat","Slashing Oriented, Scoring + Playmaking Threat"
Talen Horton-Tucker,2022-23,1,2,"Slashing Oriented, Scoring + Playmaking Threat","Slashing Oriented, Scoring + Playmaking Threat"
Talen Horton-Tucker,2023-24,1,2,"Slashing Oriented, Scoring + Playmaking Threat","Slashing Oriented, Scoring + Playmaking Threat"
Tre Mann,2023-24,1,2,"Slashing Oriented, Scoring + Playmaking Threat","Slashing Oriented, Scoring + Playmaking Threat"
Ty Jerome,2024-25,1,2,"Slashing Oriented, Scoring + Playmaking Threat","Slashing Oriented, Scoring + Playmaking Threat"
Tyreke Evans,2017-18,1,2,"Slashing Oriented, Scoring + Playmaking Threat","Slashing Oriented, Scoring + Playmaking Threat"
Vasilije Micic,2023-24,1,2,"Slashing Oriented, Scoring + Playmaking Threat","Slashing Oriented, Scoring + Playmaking Threat"
Vasilije Micic,2024-25,1,2,"Slashing Oriented, Scoring + Playmaking Threat","Slashing Oriented, Scoring + Playmaking Threat"
Alex Caruso,2019-20,2,3,3PT Oriented Lock-Down Secondary Handler,3PT Oriented Lock-Down Secondary Handler
Alex Caruso,2020-21,2,3,3PT Oriented Lock-Down Secondary Handler,3PT Oriented Lock-Down Secondary Handler
Alex Caruso,2021-22,2,3,3PT Oriented Lock-Down Secondary Handler,3PT Oriented Lock-Down Secondary Handler
Alex Caruso,2023-24,2,3,3PT Oriented Lock-Down Secondary Handler,3PT Oriented Lock-Down Secondary Handler
Alex Caruso,2024-25,2,3,3PT Oriented Lock-Down Secondary Handler,3PT Oriented Lock-Down Secondary Handler
Austin Rivers,2018-19,2,3,3PT Oriented Lock-Down Secondary Handler,3PT Oriented Lock-Down Secondary Handler
Austin Rivers,2019-20,2,3,3PT Oriented Lock-Down Secondary Handler,3PT Oriented Lock-Down Secondary Handler
Austin Rivers,2020-21,2,3,3PT Oriented Lock-Down Secondary Handler,3PT Oriented Lock-Down Secondary Handler
Austin Rivers,2021-22,2,3,3PT Oriented Lock-Down Secondary Handler,3PT Oriented Lock-Down Secondary Handler
Austin Rivers,2022-23,2,3,3PT Oriented Lock-Down Secondary Handler,3PT Oriented Lock-Down Secondary Handler
Brandin Podziemski,2023-24,2,3,3PT Oriented Lock-Down Secondary Handler,3PT Oriented Lock-Down Secondary Handler
Cason Wallace,2025-26,2,3,3PT Oriented Lock-Down Secondary Handler,3PT Oriented Lock-Down Secondary Handler
Chasson Randle,2018-19,2,3,3PT Oriented Lock-Down Secondary Handler,3PT Oriented Lock-Down Secondary Handler
Daishen Nix,2022-23,2,3,3PT Oriented Lock-Down Secondary Handler,3PT Oriented Lock-Down Secondary Handler
Danny Green,2016-17,2,3,3PT Oriented Lock-Down Secondary Handler,3PT Oriented Lock-Down Secondary Handler
Dante Exum,2023-24,2,3,3PT Oriented Lock-Down Secondary Handler,3PT Oriented Lock-Down Secondary Handler
De'Anthony Melton,2020-21,2,3,3PT Oriented Lock-Down Secondary Handler,3PT Oriented Lock-Down Secondary Handler
De'Anthony Melton,2021-22,2,3,3PT Oriented Lock-Down Secondary Handler,3PT Oriented Lock-Down Secondary Handler
De'Anthony Melton,2022-23,2,3,3PT Oriented Lock-Down Secondary Handler,3PT Oriented Lock-Down Secondary Handler
De'Anthony Melton,2023-24,2,3,3PT Oriented Lock-Down Secondary Handler,3PT Oriented Lock-Down Secondary Handler
Derrick White,2020-21,2,3,3PT Oriented Lock-Down Secondary Handler,3PT Oriented Lock-Down Secondary Handler
Derrick White,2022-23,2,3,3PT Oriented Lock-Down Secondary Handler,3PT Oriented Lock-Down Secondary Handler
Derrick White,2023-24,2,3,3PT Oriented Lock-Down Secondary Handler,3PT Oriented Lock-Down Secondary Handler
Devin Harris,2016-17,2,3,3PT Oriented Lock-Down Secondary Handler,3PT Oriented Lock-Down Secondary Handler
Devin Harris,2017-18,2,3,3PT Oriented Lock-Down Secondary Handler,3PT Oriented Lock-Down Secondary Handler
Devin Harris,2018-19,2,3,3PT Oriented Lock-Down Secondary Handler,3PT Oriented Lock-Down Secondary Handler
Donte DiVincenzo,2019-20,2,3,3PT Oriented Lock-Down Secondary Handler,3PT Oriented Lock-Down Secondary Handler
Donte DiVincenzo,2020-21,2,3,3PT Oriented Lock-Down Secondary Handler,3PT Oriented Lock-Down Secondary Handler
Donte DiVincenzo,2021-22,2,3,3PT Oriented Lock-Down Secondary Handler,3PT Oriented Lock-Down Secondary Handler
Donte DiVincenzo,2022-23,2,3,3PT Oriented Lock-Down Secondary Handler,3PT Oriented Lock-Down Secondary Handler
Donte DiVincenzo,2024-25,2,3,3PT Oriented Lock-Down Secondary Handler,3PT Oriented Lock-Down Secondary Handler
Dyson Daniels,2023-24,2,3,3PT Oriented Lock-Down Secondary Handler,3PT Oriented Lock-Down Secondary Handler
Facundo Campazzo,2020-21,2,3,3PT Oriented Lock-Down Secondary Handler,3PT Oriented Lock-Down Secondary Handler
Facundo Campazzo,2021-22,2,3,3PT Oriented Lock-Down Secondary Handler,3PT Oriented Lock-Down Secondary Handler
Fred VanVleet,2017-18,2,3,3PT Oriented Lock-Down Secondary Handler,3PT Oriented Lock-Down Secondary Handler
Fred VanVleet,2019-20,2,3,3PT Oriented Lock-Down Secondary Handler,3PT Oriented Lock-Down Secondary Handler
Garrett Temple,2016-17,2,3,3PT Oriented Lock-Down Secondary Handler,3PT Oriented Lock-Down Secondary Handler
George Hill,2019-20,2,3,3PT Oriented Lock-Down Secondary Handler,3PT Oriented Lock-Down Secondary Handler
George Hill,2021-22,2,3,3PT Oriented Lock-Down Secondary Handler,3PT Oriented Lock-Down Secondary Handler
Jalen Suggs,2022-23,2,3,3PT Oriented Lock-Down Secondary Handler,3PT Oriented Lock-Down Secondary Handler
Jalen Suggs,2023-24,2,3,3PT Oriented Lock-Down Secondary Handler,3PT Oriented Lock-Down Secondary Handler
Jason Terry,2016-17,2,3,3PT Oriented Lock-Down Secondary Handler,3PT Oriented Lock-Down Secondary Handler
Jevon Carter,2019-20,2,3,3PT Oriented Lock-Down Secondary Handler,3PT Oriented Lock-Down Secondary Handler
John Konchar,2021-22,2,3,3PT Oriented Lock-Down Secondary Handler,3PT Oriented Lock-Down Secondary Handler
Jordan Goodwin,2024-25,2,3,3PT Oriented Lock-Down Secondary Handler,3PT Oriented Lock-Down Secondary Handler
Jordan Goodwin,2025-26,2,3,3PT Oriented Lock-Down Secondary Handler,3PT Oriented Lock-Down Secondary Handler
Jose Alvarado,2022-23,2,3,3PT Oriented Lock-Down Secondary Handler,3PT Oriented Lock-Down Secondary Handler
Jose Alvarado,2023-24,2,3,3PT Oriented Lock-Down Secondary Handler,3PT Oriented Lock-Down Secondary Handler
Josh Richardson,2016-17,2,3,3PT Oriented Lock-Down Secondary Handler,3PT Oriented Lock-Down Secondary Handler
Jrue Holiday,2023-24,2,3,3PT Oriented Lock-Down Secondary Handler,3PT Oriented Lock-Down Secondary Handler
Jrue Holiday,2024-25,2,3,3PT Oriented Lock-Down Secondary Handler,3PT Oriented Lock-Down Secondary Handler
Kasparas Jakucionis,2025-26,2,3,3PT Oriented Lock-Down Secondary Handler,3PT Oriented Lock-Down Secondary Handler
Keon Ellis,2023-24,2,3,3PT Oriented Lock-Down Secondary Handler,3PT Oriented Lock-Down Secondary Handler
Keon Ellis,2024-25,2,3,3PT Oriented Lock-Down Secondary Handler,3PT Oriented Lock-Down Secondary Handler
Kris Dunn,2024-25,2,3,3PT Oriented Lock-Down Secondary Handler,3PT Oriented Lock-Down Secondary Handler
Kris Dunn,2025-26,2,3,3PT Oriented Lock-Down Secondary Handler,3PT Oriented Lock-Down Secondary Handler
Kyle Lowry,2018-19,2,3,3PT Oriented Lock-Down Secondary Handler,3PT Oriented Lock-Down Secondary Handler
Kyle Lowry,2023-24,2,3,3PT Oriented Lock-Down Secondary Handler,3PT Oriented Lock-Down Secondary Handler
Kyshawn George,2024-25,2,3,3PT Oriented Lock-Down Secondary Handler,3PT Oriented Lock-Down Secondary Handler
Lonzo Ball,2017-18,2,3,3PT Oriented Lock-Down Secondary Handler,3PT Oriented Lock-Down Secondary Handler
Lonzo Ball,2018-19,2,3,3PT Oriented Lock-Down Secondary Handler,3PT Oriented Lock-Down Secondary Handler
Lonzo Ball,2019-20,2,3,3PT Oriented Lock-Down Secondary Handler,3PT Oriented Lock-Down Secondary Handler
Lonzo Ball,2020-21,2,3,3PT Oriented Lock-Down Secondary Handler,3PT Oriented Lock-Down Secondary Handler
Lonzo Ball,2021-22,2,3,3PT Oriented Lock-Down Secondary Handler,3PT Oriented Lock-Down Secondary Handler
Lonzo Ball,2024-25,2,3,3PT Oriented Lock-Down Secondary Handler,3PT Oriented Lock-Down Secondary Handler
Lonzo Ball,2025-26,2,3,3PT Oriented Lock-Down Secondary Handler,3PT Oriented Lock-Down Secondary Handler
Manu Ginobili,2016-17,2,3,3PT Oriented Lock-Down Secondary Handler,3PT Oriented Lock-Down Secondary Handler
Marcus Smart,2016-17,2,3,3PT Oriented Lock-Down Secondary Handler,3PT Oriented Lock-Down Secondary Handler
Marcus Smart,2017-18,2,3,3PT Oriented Lock-Down Secondary Handler,3PT Oriented Lock-Down Secondary Handler
Marcus Smart,2018-19,2,3,3PT Oriented Lock-Down Secondary Handler,3PT Oriented Lock-Down Secondary Handler
Marcus Smart,2019-20,2,3,3PT Oriented Lock-Down Secondary Handler,3PT Oriented Lock-Down Secondary Handler
Marcus Smart,2020-21,2,3,3PT Oriented Lock-Down Secondary Handler,3PT Oriented Lock-Down Secondary Handler
Marcus Smart,2021-22,2,3,3PT Oriented Lock-Down Secondary Handler,3PT Oriented Lock-Down Secondary Handler
Marcus Smart,2022-23,2,3,3PT Oriented Lock-Down Secondary Handler,3PT Oriented Lock-Down Secondary Handler
Marcus Smart,2024-25,2,3,3PT Oriented Lock-Down Secondary Handler,3PT Oriented Lock-Down Secondary Handler
Marcus Smart,2025-26,2,3,3PT Oriented Lock-Down Secondary Handler,3PT Oriented Lock-Down Secondary Handler
Matisse Thybulle,2025-26,2,3,3PT Oriented Lock-Down Secondary Handler,3PT Oriented Lock-Down Secondary Handler
Nickeil Alexander-Walker,2023-24,2,3,3PT Oriented Lock-Down Secondary Handler,3PT Oriented Lock-Down Secondary Handler
Nickeil Alexander-Walker,2024-25,2,3,3PT Oriented Lock-Down Secondary Handler,3PT Oriented Lock-Down Secondary Handler
Patrick Beverley,2016-17,2,3,3PT Oriented Lock-Down Secondary Handler,3PT Oriented Lock-Down Secondary Handler
Patrick Beverley,2018-19,2,3,3PT Oriented Lock-Down Secondary Handler,3PT Oriented Lock-Down Secondary Handler
Patrick Beverley,2019-20,2,3,3PT Oriented Lock-Down Secondary Handler,3PT Oriented Lock-Down Secondary Handler
Patrick Beverley,2020-21,2,3,3PT Oriented Lock-Down Secondary Handler,3PT Oriented Lock-Down Secondary Handler
Patrick Beverley,2021-22,2,3,3PT Oriented Lock-Down Secondary Handler,3PT Oriented Lock-Down Secondary Handler
Patrick Beverley,2022-23,2,3,3PT Oriented Lock-Down Secondary Handler,3PT Oriented Lock-Down Secondary Handler
Randy Foye,2016-17,2,3,3PT Oriented Lock-Down Secondary Handler,3PT Oriented Lock-Down Secondary Handler
Rayan Rupert,2023-24,2,3,3PT Oriented Lock-Down Secondary Handler,3PT Oriented Lock-Down Secondary Handler
Ryan Arcidiacono,2019-20,2,3,3PT Oriented Lock-Down Secondary Handler,3PT Oriented Lock-Down Secondary Handler
Sion James,2025-26,2,3,3PT Oriented Lock-Down Secondary Handler,3PT Oriented Lock-Down Secondary Handler
Terence Davis,2019-20,2,3,3PT Oriented Lock-Down Secondary Handler,3PT Oriented Lock-Down Secondary Handler
Tyler Johnson,2018-19,2,3,3PT Oriented Lock-Down Secondary Handler,3PT Oriented Lock-Down Secondary Handler
Tyrese Martin,2025-26,2,3,3PT Oriented Lock-Down Secondary Handler,3PT Oriented Lock-Down Secondary Handler
Victor Oladipo,2022-23,2,3,3PT Oriented Lock-Down Secondary Handler,3PT Oriented Lock-Down Secondary Handler
Vince Williams Jr.,2023-24,2,3,3PT Oriented Lock-Down Secondary Handler,3PT Oriented Lock-Down Secondary Handler
Vince Williams Jr.,2025-26,2,3,3PT Oriented Lock-Down Secondary Handler,3PT Oriented Lock-Down Secondary Handler
Vit Krejci,2024-25,2,3,3PT Oriented Lock-Down Secondary Handler,3PT Oriented Lock-Down Secondary Handler
Alec Burks,2020-21,3,4,Expanded Role Sharpshooter,Expanded Role Sharpshooter
Alec Burks,2022-23,3,4,Expanded Role Sharpshooter,Expanded Role Sharpshooter
Alec Burks,2023-24,3,4,Expanded Role Sharpshooter,Expanded Role Sharpshooter
Allen Crabbe,2016-17,3,4,Expanded Role Sharpshooter,Expanded Role Sharpshooter
Amir Coffey,2024-25,3,4,Expanded Role Sharpshooter,Expanded Role Sharpshooter
Antonio Reeves,2024-25,3,4,Expanded Role Sharpshooter,Expanded Role Sharpshooter
Arron Afflalo,2016-17,3,4,Expanded Role Sharpshooter,Expanded Role Sharpshooter
Avery Bradley,2016-17,3,4,Expanded Role Sharpshooter,Expanded Role Sharpshooter
Avery Bradley,2017-18,3,4,Expanded Role Sharpshooter,Expanded Role Sharpshooter
Avery Bradley,2018-19,3,4,Expanded Role Sharpshooter,Expanded Role Sharpshooter
Avery Bradley,2019-20,3,4,Expanded Role Sharpshooter,Expanded Role Sharpshooter
Bogdan Bogdanovic,2019-20,3,4,Expanded Role Sharpshooter,Expanded Role Sharpshooter
Bogdan Bogdanovic,2020-21,3,4,Expanded Role Sharpshooter,Expanded Role Sharpshooter
Bogdan Bogdanovic,2021-22,3,4,Expanded Role Sharpshooter,Expanded Role Sharpshooter
Bogdan Bogdanovic,2022-23,3,4,Expanded Role Sharpshooter,Expanded Role Sharpshooter
Bogdan Bogdanovic,2023-24,3,4,Expanded Role Sharpshooter,Expanded Role Sharpshooter
Bogdan Bogdanovic,2024-25,3,4,Expanded Role Sharpshooter,Expanded Role Sharpshooter
Bryn Forbes,2017-18,3,4,Expanded Role Sharpshooter,Expanded Role Sharpshooter
Bryn Forbes,2018-19,3,4,Expanded Role Sharpshooter,Expanded Role Sharpshooter
Bryn Forbes,2019-20,3,4,Expanded Role Sharpshooter,Expanded Role Sharpshooter
Bryn Forbes,2020-21,3,4,Expanded Role Sharpshooter,Expanded Role Sharpshooter
Bryn Forbes,2021-22,3,4,Expanded Role Sharpshooter,Expanded Role Sharpshooter
Buddy Hield,2017-18,3,4,Expanded Role Sharpshooter,Expanded Role Sharpshooter
Buddy Hield,2018-19,3,4,Expanded Role Sharpshooter,Expanded Role Sharpshooter
Buddy Hield,2019-20,3,4,Expanded Role Sharpshooter,Expanded Role Sharpshooter
Courtney Lee,2016-17,3,4,Expanded Role Sharpshooter,Expanded Role Sharpshooter
Courtney Lee,2017-18,3,4,Expanded Role Sharpshooter,Expanded Role Sharpshooter
Damion Lee,2019-20,3,4,Expanded Role Sharpshooter,Expanded Role Sharpshooter
Damyean Dotson,2018-19,3,4,Expanded Role Sharpshooter,Expanded Role Sharpshooter
Damyean Dotson,2019-20,3,4,Expanded Role Sharpshooter,Expanded Role Sharpshooter
Desmond Bane,2021-22,3,4,Expanded Role Sharpshooter,Expanded Role Sharpshooter
Devin Vassell,2022-23,3,4,Expanded Role Sharpshooter,Expanded Role Sharpshooter
Devin Vassell,2025-26,3,4,Expanded Role Sharpshooter,Expanded Role Sharpshooter
E'Twaun Moore,2018-19,3,4,Expanded Role Sharpshooter,Expanded Role Sharpshooter
Evan Fournier,2021-22,3,4,Expanded Role Sharpshooter,Expanded Role Sharpshooter
Evan Fournier,2023-24,3,4,Expanded Role Sharpshooter,Expanded Role Sharpshooter
Garrett Temple,2017-18,3,4,Expanded Role Sharpshooter,Expanded Role Sharpshooter
Gary Harris,2021-22,3,4,Expanded Role Sharpshooter,Expanded Role Sharpshooter
Gary Trent Jr.,2020-21,3,4,Expanded Role Sharpshooter,Expanded Role Sharpshooter
Gary Trent Jr.,2021-22,3,4,Expanded Role Sharpshooter,Expanded Role Sharpshooter
Gary Trent Jr.,2022-23,3,4,Expanded Role Sharpshooter,Expanded Role Sharpshooter
Gary Trent Jr.,2023-24,3,4,Expanded Role Sharpshooter,Expanded Role Sharpshooter
Gary Trent Jr.,2024-25,3,4,Expanded Role Sharpshooter,Expanded Role Sharpshooter
Gary Trent Jr.,2025-26,3,4,Expanded Role Sharpshooter,Expanded Role Sharpshooter
Gradey Dick,2024-25,3,4,Expanded Role Sharpshooter,Expanded Role Sharpshooter
JJ Redick,2016-17,3,4,Expanded Role Sharpshooter,Expanded Role Sharpshooter
JJ Redick,2017-18,3,4,Expanded Role Sharpshooter,Expanded Role Sharpshooter
JJ Redick,2018-19,3,4,Expanded Role Sharpshooter,Expanded Role Sharpshooter
JJ Redick,2019-20,3,4,Expanded Role Sharpshooter,Expanded Role Sharpshooter
JJ Redick,2020-21,3,4,Expanded Role Sharpshooter,Expanded Role Sharpshooter
JR Smith,2017-18,3,4,Expanded Role Sharpshooter,Expanded Role Sharpshooter
Jaden Hardy,2025-26,3,4,Expanded Role Sharpshooter,Expanded Role Sharpshooter
Jaylen Wells,2025-26,3,4,Expanded Role Sharpshooter,Expanded Role Sharpshooter
Jordan Hawkins,2023-24,3,4,Expanded Role Sharpshooter,Expanded Role Sharpshooter
Jordan Hawkins,2024-25,3,4,Expanded Role Sharpshooter,Expanded Role Sharpshooter
Josh Richardson,2021-22,3,4,Expanded Role Sharpshooter,Expanded Role Sharpshooter
Josh Richardson,2022-23,3,4,Expanded Role Sharpshooter,Expanded Role Sharpshooter
Kentavious Caldwell-Pope,2016-17,3,4,Expanded Role Sharpshooter,Expanded Role Sharpshooter
Kentavious Caldwell-Pope,2021-22,3,4,Expanded Role Sharpshooter,Expanded Role Sharpshooter
Kentavious Caldwell-Pope,2022-23,3,4,Expanded Role Sharpshooter,Expanded Role Sharpshooter
Kentavious Caldwell-Pope,2023-24,3,4,Expanded Role Sharpshooter,Expanded Role Sharpshooter
Kentavious Caldwell-Pope,2024-25,3,4,Expanded Role Sharpshooter,Expanded Role Sharpshooter
Kentavious Caldwell-Pope,2025-26,3,4,Expanded Role Sharpshooter,Expanded Role Sharpshooter
Klay Thompson,2016-17,3,4,Expanded Role Sharpshooter,Expanded Role Sharpshooter
Klay Thompson,2017-18,3,4,Expanded Role Sharpshooter,Expanded Role Sharpshooter
Klay Thompson,2018-19,3,4,Expanded Role Sharpshooter,Expanded Role Sharpshooter
Klay Thompson,2021-22,3,4,Expanded Role Sharpshooter,Expanded Role Sharpshooter
Kyle Korver,2018-19,3,4,Expanded Role Sharpshooter,Expanded Role Sharpshooter
Langston Galloway,2016-17,3,4,Expanded Role Sharpshooter,Expanded Role Sharpshooter
Luke Kennard,2017-18,3,4,Expanded Role Sharpshooter,Expanded Role Sharpshooter
Luke Kennard,2018-19,3,4,Expanded Role Sharpshooter,Expanded Role Sharpshooter
Luke Kennard,2019-20,3,4,Expanded Role Sharpshooter,Expanded Role Sharpshooter
Luke Kennard,2020-21,3,4,Expanded Role Sharpshooter,Expanded Role Sharpshooter
Luke Kennard,2021-22,3,4,Expanded Role Sharpshooter,Expanded Role Sharpshooter
Luke Kennard,2024-25,3,4,Expanded Role Sharpshooter,Expanded Role Sharpshooter
Luke Kennard,2025-26,3,4,Expanded Role Sharpshooter,Expanded Role Sharpshooter
Malik Beasley,2019-20,3,4,Expanded Role Sharpshooter,Expanded Role Sharpshooter
Malik Beasley,2020-21,3,4,Expanded Role Sharpshooter,Expanded Role Sharpshooter
Malik Beasley,2022-23,3,4,Expanded Role Sharpshooter,Expanded Role Sharpshooter
Malik Beasley,2024-25,3,4,Expanded Role Sharpshooter,Expanded Role Sharpshooter
Marco Belinelli,2016-17,3,4,Expanded Role Sharpshooter,Expanded Role Sharpshooter
Marco Belinelli,2017-18,3,4,Expanded Role Sharpshooter,Expanded Role Sharpshooter
Marco Belinelli,2018-19,3,4,Expanded Role Sharpshooter,Expanded Role Sharpshooter
Marco Belinelli,2019-20,3,4,Expanded Role Sharpshooter,Expanded Role Sharpshooter
Nick Young,2016-17,3,4,Expanded Role Sharpshooter,Expanded Role Sharpshooter
Nick Young,2017-18,3,4,Expanded Role Sharpshooter,Expanded Role Sharpshooter
Nicolas Batum,2016-17,3,4,Expanded Role Sharpshooter,Expanded Role Sharpshooter
Nicolas Batum,2017-18,3,4,Expanded Role Sharpshooter,Expanded Role Sharpshooter
Norman Powell,2023-24,3,4,Expanded Role Sharpshooter,Expanded Role Sharpshooter
Patty Mills,2019-20,3,4,Expanded Role Sharpshooter,Expanded Role Sharpshooter
Patty Mills,2020-21,3,4,Expanded Role Sharpshooter,Expanded Role Sharpshooter
Patty Mills,2021-22,3,4,Expanded Role Sharpshooter,Expanded Role Sharpshooter
Reggie Bullock,2019-20,3,4,Expanded Role Sharpshooter,Expanded Role Sharpshooter
Seth Curry,2018-19,3,4,Expanded Role Sharpshooter,Expanded Role Sharpshooter
Seth Curry,2019-20,3,4,Expanded Role Sharpshooter,Expanded Role Sharpshooter
Seth Curry,2020-21,3,4,Expanded Role Sharpshooter,Expanded Role Sharpshooter
Seth Curry,2021-22,3,4,Expanded Role Sharpshooter,Expanded Role Sharpshooter
Seth Curry,2022-23,3,4,Expanded Role Sharpshooter,Expanded Role Sharpshooter
Seth Curry,2024-25,3,4,Expanded Role Sharpshooter,Expanded Role Sharpshooter
Stephen Curry,2018-19,3,4,Expanded Role Sharpshooter,Expanded Role Sharpshooter
Terrence Ross,2018-19,3,4,Expanded Role Sharpshooter,Expanded Role Sharpshooter
Terrence Ross,2019-20,3,4,Expanded Role Sharpshooter,Expanded Role Sharpshooter
Terrence Ross,2021-22,3,4,Expanded Role Sharpshooter,Expanded Role Sharpshooter
Terrence Ross,2022-23,3,4,Expanded Role Sharpshooter,Expanded Role Sharpshooter
Tim Hardaway Jr.,2018-19,3,4,Expanded Role Sharpshooter,Expanded Role Sharpshooter
Tim Hardaway Jr.,2019-20,3,4,Expanded Role Sharpshooter,Expanded Role Sharpshooter
Tim Hardaway Jr.,2020-21,3,4,Expanded Role Sharpshooter,Expanded Role Sharpshooter
Tim Hardaway Jr.,2021-22,3,4,Expanded Role Sharpshooter,Expanded Role Sharpshooter
Tim Hardaway Jr.,2024-25,3,4,Expanded Role Sharpshooter,Expanded Role Sharpshooter
Tim Hardaway Jr.,2025-26,3,4,Expanded Role Sharpshooter,Expanded Role Sharpshooter
Tyler Herro,2019-20,3,4,Expanded Role Sharpshooter,Expanded Role Sharpshooter
Aaron Holiday,2019-20,4,5,Playmaking and 3PT Spark Plug,Playmaking and 3PT Spark Plug
Aaron Holiday,2023-24,4,5,Playmaking and 3PT Spark Plug,Playmaking and 3PT Spark Plug
Alec Burks,2021-22,4,5,Playmaking and 3PT Spark Plug,Playmaking and 3PT Spark Plug
Andrew Nembhard,2022-23,4,5,Playmaking and 3PT Spark Plug,Playmaking and 3PT Spark Plug
Anfernee Simons,2020-21,4,5,Playmaking and 3PT Spark Plug,Playmaking and 3PT Spark Plug
Austin Reaves,2024-25,4,5,Playmaking and 3PT Spark Plug,Playmaking and 3PT Spark Plug
Bogdan Bogdanovic,2017-18,4,5,Playmaking and 3PT Spark Plug,Playmaking and 3PT Spark Plug
Bogdan Bogdanovic,2018-19,4,5,Playmaking and 3PT Spark Plug,Playmaking and 3PT Spark Plug
Bones Hyland,2021-22,4,5,Playmaking and 3PT Spark Plug,Playmaking and 3PT Spark Plug
Bones Hyland,2022-23,4,5,Playmaking and 3PT Spark Plug,Playmaking and 3PT Spark Plug
Bones Hyland,2025-26,4,5,Playmaking and 3PT Spark Plug,Playmaking and 3PT Spark Plug
Brandin Podziemski,2024-25,4,5,Playmaking and 3PT Spark Plug,Playmaking and 3PT Spark Plug
Brandin Podziemski,2025-26,4,5,Playmaking and 3PT Spark Plug,Playmaking and 3PT Spark Plug
Brandon Knight,2018-19,4,5,Playmaking and 3PT Spark Plug,Playmaking and 3PT Spark Plug
Bub Carrington,2024-25,4,5,Playmaking and 3PT Spark Plug,Playmaking and 3PT Spark Plug
Bub Carrington,2025-26,4,5,Playmaking and 3PT Spark Plug,Playmaking and 3PT Spark Plug
C.J. Watson,2016-17,4,5,Playmaking and 3PT Spark Plug,Playmaking and 3PT Spark Plug
Cam Spencer,2025-26,4,5,Playmaking and 3PT Spark Plug,Playmaking and 3PT Spark Plug
Cameron Payne,2023-24,4,5,Playmaking and 3PT Spark Plug,Playmaking and 3PT Spark Plug
Cameron Payne,2024-25,4,5,Playmaking and 3PT Spark Plug,Playmaking and 3PT Spark Plug
Chasson Randle,2020-21,4,5,Playmaking and 3PT Spark Plug,Playmaking and 3PT Spark Plug
Coby White,2020-21,4,5,Playmaking and 3PT Spark Plug,Playmaking and 3PT Spark Plug
Collin Gillespie,2025-26,4,5,Playmaking and 3PT Spark Plug,Playmaking and 3PT Spark Plug
D'Angelo Russell,2021-22,4,5,Playmaking and 3PT Spark Plug,Playmaking and 3PT Spark Plug
D'Angelo Russell,2022-23,4,5,Playmaking and 3PT Spark Plug,Playmaking and 3PT Spark Plug
D'Angelo Russell,2023-24,4,5,Playmaking and 3PT Spark Plug,Playmaking and 3PT Spark Plug
D'Angelo Russell,2024-25,4,5,Playmaking and 3PT Spark Plug,Playmaking and 3PT Spark Plug
D.J. Augustin,2016-17,4,5,Playmaking and 3PT Spark Plug,Playmaking and 3PT Spark Plug
D.J. Augustin,2017-18,4,5,Playmaking and 3PT Spark Plug,Playmaking and 3PT Spark Plug
D.J. Augustin,2020-21,4,5,Playmaking and 3PT Spark Plug,Playmaking and 3PT Spark Plug
D.J. Augustin,2021-22,4,5,Playmaking and 3PT Spark Plug,Playmaking and 3PT Spark Plug
Darius Garland,2019-20,4,5,Playmaking and 3PT Spark Plug,Playmaking and 3PT Spark Plug
Davion Mitchell,2023-24,4,5,Playmaking and 3PT Spark Plug,Playmaking and 3PT Spark Plug
Denzel Valentine,2017-18,4,5,Playmaking and 3PT Spark Plug,Playmaking and 3PT Spark Plug
Deron Williams,2016-17,4,5,Playmaking and 3PT Spark Plug,Playmaking and 3PT Spark Plug
Derrick White,2019-20,4,5,Playmaking and 3PT Spark Plug,Playmaking and 3PT Spark Plug
Derrick White,2024-25,4,5,Playmaking and 3PT Spark Plug,Playmaking and 3PT Spark Plug
Derrick White,2025-26,4,5,Playmaking and 3PT Spark Plug,Playmaking and 3PT Spark Plug
Devonte' Graham,2019-20,4,5,Playmaking and 3PT Spark Plug,Playmaking and 3PT Spark Plug
Devonte' Graham,2020-21,4,5,Playmaking and 3PT Spark Plug,Playmaking and 3PT Spark Plug
Devonte' Graham,2021-22,4,5,Playmaking and 3PT Spark Plug,Playmaking and 3PT Spark Plug
Devonte' Graham,2022-23,4,5,Playmaking and 3PT Spark Plug,Playmaking and 3PT Spark Plug
Dion Waiters,2018-19,4,5,Playmaking and 3PT Spark Plug,Playmaking and 3PT Spark Plug
Egor Demin,2025-26,4,5,Playmaking and 3PT Spark Plug,Playmaking and 3PT Spark Plug
Fred VanVleet,2018-19,4,5,Playmaking and 3PT Spark Plug,Playmaking and 3PT Spark Plug
Fred VanVleet,2020-21,4,5,Playmaking and 3PT Spark Plug,Playmaking and 3PT Spark Plug
Fred VanVleet,2021-22,4,5,Playmaking and 3PT Spark Plug,Playmaking and 3PT Spark Plug
Fred VanVleet,2022-23,4,5,Playmaking and 3PT Spark Plug,Playmaking and 3PT Spark Plug
Fred VanVleet,2023-24,4,5,Playmaking and 3PT Spark Plug,Playmaking and 3PT Spark Plug
Fred VanVleet,2024-25,4,5,Playmaking and 3PT Spark Plug,Playmaking and 3PT Spark Plug
Gabe Vincent,2021-22,4,5,Playmaking and 3PT Spark Plug,Playmaking and 3PT Spark Plug
Gabe Vincent,2022-23,4,5,Playmaking and 3PT Spark Plug,Playmaking and 3PT Spark Plug
Gabe Vincent,2025-26,4,5,Playmaking and 3PT Spark Plug,Playmaking and 3PT Spark Plug
George Hill,2016-17,4,5,Playmaking and 3PT Spark Plug,Playmaking and 3PT Spark Plug
George Hill,2017-18,4,5,Playmaking and 3PT Spark Plug,Playmaking and 3PT Spark Plug
George Hill,2020-21,4,5,Playmaking and 3PT Spark Plug,Playmaking and 3PT Spark Plug
Goran Dragic,2019-20,4,5,Playmaking and 3PT Spark Plug,Playmaking and 3PT Spark Plug
Goran Dragic,2020-21,4,5,Playmaking and 3PT Spark Plug,Playmaking and 3PT Spark Plug
Goran Dragic,2022-23,4,5,Playmaking and 3PT Spark Plug,Playmaking and 3PT Spark Plug
Grayson Allen,2025-26,4,5,Playmaking and 3PT Spark Plug,Playmaking and 3PT Spark Plug
Immanuel Quickley,2020-21,4,5,Playmaking and 3PT Spark Plug,Playmaking and 3PT Spark Plug
Immanuel Quickley,2021-22,4,5,Playmaking and 3PT Spark Plug,Playmaking and 3PT Spark Plug
Immanuel Quickley,2022-23,4,5,Playmaking and 3PT Spark Plug,Playmaking and 3PT Spark Plug
Immanuel Quickley,2023-24,4,5,Playmaking and 3PT Spark Plug,Playmaking and 3PT Spark Plug
Immanuel Quickley,2024-25,4,5,Playmaking and 3PT Spark Plug,Playmaking and 3PT Spark Plug
Immanuel Quickley,2025-26,4,5,Playmaking and 3PT Spark Plug,Playmaking and 3PT Spark Plug
Isaiah Canaan,2018-19,4,5,Playmaking and 3PT Spark Plug,Playmaking and 3PT Spark Plug
Jalen Pickett,2025-26,4,5,Playmaking and 3PT Spark Plug,Playmaking and 3PT Spark Plug
Jalen Suggs,2025-26,4,5,Playmaking and 3PT Spark Plug,Playmaking and 3PT Spark Plug
Jamal Murray,2017-18,4,5,Playmaking and 3PT Spark Plug,Playmaking and 3PT Spark Plug
Jameer Nelson,2016-17,4,5,Playmaking and 3PT Spark Plug,Playmaking and 3PT Spark Plug
Jared McCain,2025-26,4,5,Playmaking and 3PT Spark Plug,Playmaking and 3PT Spark Plug
Javon Small,2025-26,4,5,Playmaking and 3PT Spark Plug,Playmaking and 3PT Spark Plug
Jaylen Nowell,2021-22,4,5,Playmaking and 3PT Spark Plug,Playmaking and 3PT Spark Plug
Jeremy Lamb,2020-21,4,5,Playmaking and 3PT Spark Plug,Playmaking and 3PT Spark Plug
Jerian Grant,2016-17,4,5,Playmaking and 3PT Spark Plug,Playmaking and 3PT Spark Plug
Jerryd Bayless,2018-19,4,5,Playmaking and 3PT Spark Plug,Playmaking and 3PT Spark Plug
Jevon Carter,2022-23,4,5,Playmaking and 3PT Spark Plug,Playmaking and 3PT Spark Plug
Jevon Carter,2025-26,4,5,Playmaking and 3PT Spark Plug,Playmaking and 3PT Spark Plug
Jose Alvarado,2024-25,4,5,Playmaking and 3PT Spark Plug,Playmaking and 3PT Spark Plug
Jose Alvarado,2025-26,4,5,Playmaking and 3PT Spark Plug,Playmaking and 3PT Spark Plug
Josh Richardson,2018-19,4,5,Playmaking and 3PT Spark Plug,Playmaking and 3PT Spark Plug
Kemba Walker,2021-22,4,5,Playmaking and 3PT Spark Plug,Playmaking and 3PT Spark Plug
Kevin Huerter,2020-21,4,5,Playmaking and 3PT Spark Plug,Playmaking and 3PT Spark Plug
Keyonte George,2023-24,4,5,Playmaking and 3PT Spark Plug,Playmaking and 3PT Spark Plug
Keyonte George,2024-25,4,5,Playmaking and 3PT Spark Plug,Playmaking and 3PT Spark Plug
Kyle Lowry,2017-18,4,5,Playmaking and 3PT Spark Plug,Playmaking and 3PT Spark Plug
Kyle Lowry,2019-20,4,5,Playmaking and 3PT Spark Plug,Playmaking and 3PT Spark Plug
Kyle Lowry,2020-21,4,5,Playmaking and 3PT Spark Plug,Playmaking and 3PT Spark Plug
Kyle Lowry,2021-22,4,5,Playmaking and 3PT Spark Plug,Playmaking and 3PT Spark Plug
Kyle Lowry,2022-23,4,5,Playmaking and 3PT Spark Plug,Playmaking and 3PT Spark Plug
Malachi Flynn,2020-21,4,5,Playmaking and 3PT Spark Plug,Playmaking and 3PT Spark Plug
Malcolm Brogdon,2022-23,4,5,Playmaking and 3PT Spark Plug,Playmaking and 3PT Spark Plug
Malcolm Delaney,2017-18,4,5,Playmaking and 3PT Spark Plug,Playmaking and 3PT Spark Plug
Marcus Sasser,2023-24,4,5,Playmaking and 3PT Spark Plug,Playmaking and 3PT Spark Plug
Matthew Dellavedova,2016-17,4,5,Playmaking and 3PT Spark Plug,Playmaking and 3PT Spark Plug
Mike Conley,2019-20,4,5,Playmaking and 3PT Spark Plug,Playmaking and 3PT Spark Plug
Mike Conley,2020-21,4,5,Playmaking and 3PT Spark Plug,Playmaking and 3PT Spark Plug
Mike Conley,2021-22,4,5,Playmaking and 3PT Spark Plug,Playmaking and 3PT Spark Plug
Mike Conley,2023-24,4,5,Playmaking and 3PT Spark Plug,Playmaking and 3PT Spark Plug
Miles McBride,2023-24,4,5,Playmaking and 3PT Spark Plug,Playmaking and 3PT Spark Plug
Miles McBride,2024-25,4,5,Playmaking and 3PT Spark Plug,Playmaking and 3PT Spark Plug
Miles McBride,2025-26,4,5,Playmaking and 3PT Spark Plug,Playmaking and 3PT Spark Plug
Milos Teodosic,2017-18,4,5,Playmaking and 3PT Spark Plug,Playmaking and 3PT Spark Plug
Patty Mills,2016-17,4,5,Playmaking and 3PT Spark Plug,Playmaking and 3PT Spark Plug
Patty Mills,2017-18,4,5,Playmaking and 3PT Spark Plug,Playmaking and 3PT Spark Plug
Patty Mills,2018-19,4,5,Playmaking and 3PT Spark Plug,Playmaking and 3PT Spark Plug
Payton Pritchard,2020-21,4,5,Playmaking and 3PT Spark Plug,Playmaking and 3PT Spark Plug
Payton Pritchard,2023-24,4,5,Playmaking and 3PT Spark Plug,Playmaking and 3PT Spark Plug
Payton Pritchard,2024-25,4,5,Playmaking and 3PT Spark Plug,Playmaking and 3PT Spark Plug
Payton Pritchard,2025-26,4,5,Playmaking and 3PT Spark Plug,Playmaking and 3PT Spark Plug
Quinn Cook,2017-18,4,5,Playmaking and 3PT Spark Plug,Playmaking and 3PT Spark Plug
Raul Neto,2020-21,4,5,Playmaking and 3PT Spark Plug,Playmaking and 3PT Spark Plug
Raymond Felton,2017-18,4,5,Playmaking and 3PT Spark Plug,Playmaking and 3PT Spark Plug
Reed Sheppard,2025-26,4,5,Playmaking and 3PT Spark Plug,Playmaking and 3PT Spark Plug
Reggie Jackson,2018-19,4,5,Playmaking and 3PT Spark Plug,Playmaking and 3PT Spark Plug
Reggie Jackson,2019-20,4,5,Playmaking and 3PT Spark Plug,Playmaking and 3PT Spark Plug
Reggie Jackson,2020-21,4,5,Playmaking and 3PT Spark Plug,Playmaking and 3PT Spark Plug
Reggie Jackson,2022-23,4,5,Playmaking and 3PT Spark Plug,Playmaking and 3PT Spark Plug
Sergio Rodriguez,2016-17,4,5,Playmaking and 3PT Spark Plug,Playmaking and 3PT Spark Plug
Seth Curry,2016-17,4,5,Playmaking and 3PT Spark Plug,Playmaking and 3PT Spark Plug
Shabazz Napier,2017-18,4,5,Playmaking and 3PT Spark Plug,Playmaking and 3PT Spark Plug
Shabazz Napier,2018-19,4,5,Playmaking and 3PT Spark Plug,Playmaking and 3PT Spark Plug
Shabazz Napier,2019-20,4,5,Playmaking and 3PT Spark Plug,Playmaking and 3PT Spark Plug
Shake Milton,2019-20,4,5,Playmaking and 3PT Spark Plug,Playmaking and 3PT Spark Plug
Spencer Dinwiddie,2022-23,4,5,Playmaking and 3PT Spark Plug,Playmaking and 3PT Spark Plug
Spencer Dinwiddie,2023-24,4,5,Playmaking and 3PT Spark Plug,Playmaking and 3PT Spark Plug
Terry Rozier,2016-17,4,5,Playmaking and 3PT Spark Plug,Playmaking and 3PT Spark Plug
Terry Rozier,2017-18,4,5,Playmaking and 3PT Spark Plug,Playmaking and 3PT Spark Plug
Terry Rozier,2018-19,4,5,Playmaking and 3PT Spark Plug,Playmaking and 3PT Spark Plug
Terry Rozier,2019-20,4,5,Playmaking and 3PT Spark Plug,Playmaking and 3PT Spark Plug
Terry Rozier,2021-22,4,5,Playmaking and 3PT Spark Plug,Playmaking and 3PT Spark Plug
Theo Maledon,2020-21,4,5,Playmaking and 3PT Spark Plug,Playmaking and 3PT Spark Plug
Trey Burke,2019-20,4,5,Playmaking and 3PT Spark Plug,Playmaking and 3PT Spark Plug
Ty Jerome,2020-21,4,5,Playmaking and 3PT Spark Plug,Playmaking and 3PT Spark Plug
Ty Jerome,2021-22,4,5,Playmaking and 3PT Spark Plug,Playmaking and 3PT Spark Plug
Tyler Johnson,2019-20,4,5,Playmaking and 3PT Spark Plug,Playmaking and 3PT Spark Plug
Tyrese Haliburton,2020-21,4,5,Playmaking and 3PT Spark Plug,Playmaking and 3PT Spark Plug
Tyrese Maxey,2021-22,4,5,Playmaking and 3PT Spark Plug,Playmaking and 3PT Spark Plug
Tyrese Maxey,2022-23,4,5,Playmaking and 3PT Spark Plug,Playmaking and 3PT Spark Plug
Walter Clayton Jr.,2025-26,4,5,Playmaking and 3PT Spark Plug,Playmaking and 3PT Spark Plug
Will Barton,2022-23,4,5,Playmaking and 3PT Spark Plug,Playmaking and 3PT Spark Plug
Yogi Ferrell,2016-17,4,5,Playmaking and 3PT Spark Plug,Playmaking and 3PT Spark Plug
Yogi Ferrell,2017-18,4,5,Playmaking and 3PT Spark Plug,Playmaking and 3PT Spark Plug
Yogi Ferrell,2018-19,4,5,Playmaking and 3PT Spark Plug,Playmaking and 3PT Spark Plug
Anfernee Simons,2023-24,5,6,3-Level Scoring and Playmaking Machine,3-Level Scoring and Playmaking Machine
Chris Paul,2017-18,5,6,3-Level Scoring and Playmaking Machine,3-Level Scoring and Playmaking Machine
Chris Paul,2018-19,5,6,3-Level Scoring and Playmaking Machine,3-Level Scoring and Playmaking Machine
Coby White,2025-26,5,6,3-Level Scoring and Playmaking Machine,3-Level Scoring and Playmaking Machine
D'Angelo Russell,2016-17,5,6,3-Level Scoring and Playmaking Machine,3-Level Scoring and Playmaking Machine
D'Angelo Russell,2017-18,5,6,3-Level Scoring and Playmaking Machine,3-Level Scoring and Playmaking Machine
D'Angelo Russell,2018-19,5,6,3-Level Scoring and Playmaking Machine,3-Level Scoring and Playmaking Machine
Damian Lillard,2016-17,5,6,3-Level Scoring and Playmaking Machine,3-Level Scoring and Playmaking Machine
Damian Lillard,2017-18,5,6,3-Level Scoring and Playmaking Machine,3-Level Scoring and Playmaking Machine
Damian Lillard,2018-19,5,6,3-Level Scoring and Playmaking Machine,3-Level Scoring and Playmaking Machine
Damian Lillard,2019-20,5,6,3-Level Scoring and Playmaking Machine,3-Level Scoring and Playmaking Machine
Damian Lillard,2020-21,5,6,3-Level Scoring and Playmaking Machine,3-Level Scoring and Playmaking Machine
Damian Lillard,2021-22,5,6,3-Level Scoring and Playmaking Machine,3-Level Scoring and Playmaking Machine
Damian Lillard,2022-23,5,6,3-Level Scoring and Playmaking Machine,3-Level Scoring and Playmaking Machine
Damian Lillard,2023-24,5,6,3-Level Scoring and Playmaking Machine,3-Level Scoring and Playmaking Machine
Damian Lillard,2024-25,5,6,3-Level Scoring and Playmaking Machine,3-Level Scoring and Playmaking Machine
Darius Garland,2021-22,5,6,3-Level Scoring and Playmaking Machine,3-Level Scoring and Playmaking Machine
Darius Garland,2022-23,5,6,3-Level Scoring and Playmaking Machine,3-Level Scoring and Playmaking Machine
Darius Garland,2024-25,5,6,3-Level Scoring and Playmaking Machine,3-Level Scoring and Playmaking Machine
Darius Garland,2025-26,5,6,3-Level Scoring and Playmaking Machine,3-Level Scoring and Playmaking Machine
Donovan Mitchell,2020-21,5,6,3-Level Scoring and Playmaking Machine,3-Level Scoring and Playmaking Machine
Donovan Mitchell,2021-22,5,6,3-Level Scoring and Playmaking Machine,3-Level Scoring and Playmaking Machine
Donovan Mitchell,2022-23,5,6,3-Level Scoring and Playmaking Machine,3-Level Scoring and Playmaking Machine
Donovan Mitchell,2023-24,5,6,3-Level Scoring and Playmaking Machine,3-Level Scoring and Playmaking Machine
Donovan Mitchell,2024-25,5,6,3-Level Scoring and Playmaking Machine,3-Level Scoring and Playmaking Machine
Donovan Mitchell,2025-26,5,6,3-Level Scoring and Playmaking Machine,3-Level Scoring and Playmaking Machine
Isaiah Thomas,2016-17,5,6,3-Level Scoring and Playmaking Machine,3-Level Scoring and Playmaking Machine
J.J. Barea,2016-17,5,6,3-Level Scoring and Playmaking Machine,3-Level Scoring and Playmaking Machine
J.J. Barea,2017-18,5,6,3-Level Scoring and Playmaking Machine,3-Level Scoring and Playmaking Machine
J.J. Barea,2019-20,5,6,3-Level Scoring and Playmaking Machine,3-Level Scoring and Playmaking Machine
Jamal Murray,2025-26,5,6,3-Level Scoring and Playmaking Machine,3-Level Scoring and Playmaking Machine
James Harden,2016-17,5,6,3-Level Scoring and Playmaking Machine,3-Level Scoring and Playmaking Machine
James Harden,2017-18,5,6,3-Level Scoring and Playmaking Machine,3-Level Scoring and Playmaking Machine
James Harden,2018-19,5,6,3-Level Scoring and Playmaking Machine,3-Level Scoring and Playmaking Machine
James Harden,2019-20,5,6,3-Level Scoring and Playmaking Machine,3-Level Scoring and Playmaking Machine
James Harden,2020-21,5,6,3-Level Scoring and Playmaking Machine,3-Level Scoring and Playmaking Machine
James Harden,2021-22,5,6,3-Level Scoring and Playmaking Machine,3-Level Scoring and Playmaking Machine
James Harden,2022-23,5,6,3-Level Scoring and Playmaking Machine,3-Level Scoring and Playmaking Machine
James Harden,2023-24,5,6,3-Level Scoring and Playmaking Machine,3-Level Scoring and Playmaking Machine
James Harden,2024-25,5,6,3-Level Scoring and Playmaking Machine,3-Level Scoring and Playmaking Machine
James Harden,2025-26,5,6,3-Level Scoring and Playmaking Machine,3-Level Scoring and Playmaking Machine
Jordan Poole,2024-25,5,6,3-Level Scoring and Playmaking Machine,3-Level Scoring and Playmaking Machine
Jrue Holiday,2022-23,5,6,3-Level Scoring and Playmaking Machine,3-Level Scoring and Playmaking Machine
Jrue Holiday,2025-26,5,6,3-Level Scoring and Playmaking Machine,3-Level Scoring and Playmaking Machine
Kemba Walker,2016-17,5,6,3-Level Scoring and Playmaking Machine,3-Level Scoring and Playmaking Machine
Kemba Walker,2017-18,5,6,3-Level Scoring and Playmaking Machine,3-Level Scoring and Playmaking Machine
Kemba Walker,2018-19,5,6,3-Level Scoring and Playmaking Machine,3-Level Scoring and Playmaking Machine
Kemba Walker,2019-20,5,6,3-Level Scoring and Playmaking Machine,3-Level Scoring and Playmaking Machine
Kemba Walker,2020-21,5,6,3-Level Scoring and Playmaking Machine,3-Level Scoring and Playmaking Machine
Kevin Porter Jr.,2021-22,5,6,3-Level Scoring and Playmaking Machine,3-Level Scoring and Playmaking Machine
Kyle Lowry,2016-17,5,6,3-Level Scoring and Playmaking Machine,3-Level Scoring and Playmaking Machine
Kyrie Irving,2016-17,5,6,3-Level Scoring and Playmaking Machine,3-Level Scoring and Playmaking Machine
Kyrie Irving,2017-18,5,6,3-Level Scoring and Playmaking Machine,3-Level Scoring and Playmaking Machine
LaMelo Ball,2022-23,5,6,3-Level Scoring and Playmaking Machine,3-Level Scoring and Playmaking Machine
LaMelo Ball,2024-25,5,6,3-Level Scoring and Playmaking Machine,3-Level Scoring and Playmaking Machine
LaMelo Ball,2025-26,5,6,3-Level Scoring and Playmaking Machine,3-Level Scoring and Playmaking Machine
Luka Doncic,2018-19,5,6,3-Level Scoring and Playmaking Machine,3-Level Scoring and Playmaking Machine
Luka Doncic,2019-20,5,6,3-Level Scoring and Playmaking Machine,3-Level Scoring and Playmaking Machine
Luka Doncic,2020-21,5,6,3-Level Scoring and Playmaking Machine,3-Level Scoring and Playmaking Machine
Luka Doncic,2021-22,5,6,3-Level Scoring and Playmaking Machine,3-Level Scoring and Playmaking Machine
Luka Doncic,2022-23,5,6,3-Level Scoring and Playmaking Machine,3-Level Scoring and Playmaking Machine
Luka Doncic,2023-24,5,6,3-Level Scoring and Playmaking Machine,3-Level Scoring and Playmaking Machine
Luka Doncic,2024-25,5,6,3-Level Scoring and Playmaking Machine,3-Level Scoring and Playmaking Machine
Luka Doncic,2025-26,5,6,3-Level Scoring and Playmaking Machine,3-Level Scoring and Playmaking Machine
Mike Conley,2016-17,5,6,3-Level Scoring and Playmaking Machine,3-Level Scoring and Playmaking Machine
Russell Westbrook,2016-17,5,6,3-Level Scoring and Playmaking Machine,3-Level Scoring and Playmaking Machine
Stephen Curry,2016-17,5,6,3-Level Scoring and Playmaking Machine,3-Level Scoring and Playmaking Machine
Stephen Curry,2017-18,5,6,3-Level Scoring and Playmaking Machine,3-Level Scoring and Playmaking Machine
Stephen Curry,2020-21,5,6,3-Level Scoring and Playmaking Machine,3-Level Scoring and Playmaking Machine
Stephen Curry,2021-22,5,6,3-Level Scoring and Playmaking Machine,3-Level Scoring and Playmaking Machine
Stephen Curry,2022-23,5,6,3-Level Scoring and Playmaking Machine,3-Level Scoring and Playmaking Machine
Stephen Curry,2023-24,5,6,3-Level Scoring and Playmaking Machine,3-Level Scoring and Playmaking Machine
Stephen Curry,2024-25,5,6,3-Level Scoring and Playmaking Machine,3-Level Scoring and Playmaking Machine
Stephen Curry,2025-26,5,6,3-Level Scoring and Playmaking Machine,3-Level Scoring and Playmaking Machine
Trae Young,2018-19,5,6,3-Level Scoring and Playmaking Machine,3-Level Scoring and Playmaking Machine
Trae Young,2019-20,5,6,3-Level Scoring and Playmaking Machine,3-Level Scoring and Playmaking Machine
Trae Young,2020-21,5,6,3-Level Scoring and Playmaking Machine,3-Level Scoring and Playmaking Machine
Trae Young,2021-22,5,6,3-Level Scoring and Playmaking Machine,3-Level Scoring and Playmaking Machine
Trae Young,2022-23,5,6,3-Level Scoring and Playmaking Machine,3-Level Scoring and Playmaking Machine
Trae Young,2023-24,5,6,3-Level Scoring and Playmaking Machine,3-Level Scoring and Playmaking Machine
Trae Young,2024-25,5,6,3-Level Scoring and Playmaking Machine,3-Level Scoring and Playmaking Machine
Tyrese Haliburton,2022-23,5,6,3-Level Scoring and Playmaking Machine,3-Level Scoring and Playmaking Machine
Tyrese Haliburton,2023-24,5,6,3-Level Scoring and Playmaking Machine,3-Level Scoring and Playmaking Machine
Tyrese Maxey,2023-24,5,6,3-Level Scoring and Playmaking Machine,3-Level Scoring and Playmaking Machine
Tyrese Maxey,2024-25,5,6,3-Level Scoring and Playmaking Machine,3-Level Scoring and Playmaking Machine
Tyrese Maxey,2025-26,5,6,3-Level Scoring and Playmaking Machine,3-Level Scoring and Playmaking Machine
Andrew Nembhard,2024-25,6,7,Talented Pass-First Point,Talented Pass-First Point
Brandon Jennings,2016-17,6,7,Talented Pass-First Point,Talented Pass-First Point
Cameron Payne,2020-21,6,7,Talented Pass-First Point,Talented Pass-First Point
Chris Paul,2023-24,6,7,Talented Pass-First Point,Talented Pass-First Point
Chris Paul,2024-25,6,7,Talented Pass-First Point,Talented Pass-First Point
Cory Joseph,2017-18,6,7,Talented Pass-First Point,Talented Pass-First Point
Cory Joseph,2018-19,6,7,Talented Pass-First Point,Talented Pass-First Point
Cory Joseph,2019-20,6,7,Talented Pass-First Point,Talented Pass-First Point
Cory Joseph,2021-22,6,7,Talented Pass-First Point,Talented Pass-First Point
Cory Joseph,2022-23,6,7,Talented Pass-First Point,Talented Pass-First Point
Craig Porter Jr.,2025-26,6,7,Talented Pass-First Point,Talented Pass-First Point
D.J. Augustin,2018-19,6,7,Talented Pass-First Point,Talented Pass-First Point
D.J. Augustin,2019-20,6,7,Talented Pass-First Point,Talented Pass-First Point
Darren Collison,2016-17,6,7,Talented Pass-First Point,Talented Pass-First Point
Darren Collison,2017-18,6,7,Talented Pass-First Point,Talented Pass-First Point
Darren Collison,2018-19,6,7,Talented Pass-First Point,Talented Pass-First Point
Davion Mitchell,2022-23,6,7,Talented Pass-First Point,Talented Pass-First Point
Davion Mitchell,2024-25,6,7,Talented Pass-First Point,Talented Pass-First Point
Davion Mitchell,2025-26,6,7,Talented Pass-First Point,Talented Pass-First Point
Delon Wright,2020-21,6,7,Talented Pass-First Point,Talented Pass-First Point
Delon Wright,2021-22,6,7,Talented Pass-First Point,Talented Pass-First Point
Delon Wright,2022-23,6,7,Talented Pass-First Point,Talented Pass-First Point
Delon Wright,2023-24,6,7,Talented Pass-First Point,Talented Pass-First Point
Frank Ntilikina,2019-20,6,7,Talented Pass-First Point,Talented Pass-First Point
George Hill,2022-23,6,7,Talented Pass-First Point,Talented Pass-First Point
Isaiah Collier,2025-26,6,7,Talented Pass-First Point,Talented Pass-First Point
Ish Smith,2016-17,6,7,Talented Pass-First Point,Talented Pass-First Point
Ish Smith,2019-20,6,7,Talented Pass-First Point,Talented Pass-First Point
Ish Smith,2020-21,6,7,Talented Pass-First Point,Talented Pass-First Point
Ish Smith,2023-24,6,7,Talented Pass-First Point,Talented Pass-First Point
Jacob Gilyard,2023-24,6,7,Talented Pass-First Point,Talented Pass-First Point
Jamal Shead,2024-25,6,7,Talented Pass-First Point,Talented Pass-First Point
Jamal Shead,2025-26,6,7,Talented Pass-First Point,Talented Pass-First Point
Jameer Nelson,2017-18,6,7,Talented Pass-First Point,Talented Pass-First Point
Jarrett Jack,2017-18,6,7,Talented Pass-First Point,Talented Pass-First Point
Jerian Grant,2017-18,6,7,Talented Pass-First Point,Talented Pass-First Point
Jerian Grant,2018-19,6,7,Talented Pass-First Point,Talented Pass-First Point
Jordan McLaughlin,2019-20,6,7,Talented Pass-First Point,Talented Pass-First Point
Jordan McLaughlin,2020-21,6,7,Talented Pass-First Point,Talented Pass-First Point
Jordan McLaughlin,2022-23,6,7,Talented Pass-First Point,Talented Pass-First Point
Jose Alvarado,2021-22,6,7,Talented Pass-First Point,Talented Pass-First Point
Jose Calderon,2017-18,6,7,Talented Pass-First Point,Talented Pass-First Point
Kam Jones,2025-26,6,7,Talented Pass-First Point,Talented Pass-First Point
Killian Hayes,2023-24,6,7,Talented Pass-First Point,Talented Pass-First Point
Kyle Lowry,2024-25,6,7,Talented Pass-First Point,Talented Pass-First Point
Malcolm Delaney,2016-17,6,7,Talented Pass-First Point,Talented Pass-First Point
Matthew Dellavedova,2017-18,6,7,Talented Pass-First Point,Talented Pass-First Point
Matthew Dellavedova,2018-19,6,7,Talented Pass-First Point,Talented Pass-First Point
Mike Conley,2022-23,6,7,Talented Pass-First Point,Talented Pass-First Point
Mike Conley,2024-25,6,7,Talented Pass-First Point,Talented Pass-First Point
Mike Conley,2025-26,6,7,Talented Pass-First Point,Talented Pass-First Point
Monte Morris,2018-19,6,7,Talented Pass-First Point,Talented Pass-First Point
Monte Morris,2019-20,6,7,Talented Pass-First Point,Talented Pass-First Point
Monte Morris,2020-21,6,7,Talented Pass-First Point,Talented Pass-First Point
Monte Morris,2021-22,6,7,Talented Pass-First Point,Talented Pass-First Point
Monte Morris,2022-23,6,7,Talented Pass-First Point,Talented Pass-First Point
Rajon Rondo,2016-17,6,7,Talented Pass-First Point,Talented Pass-First Point
Rajon Rondo,2017-18,6,7,Talented Pass-First Point,Talented Pass-First Point
Rajon Rondo,2019-20,6,7,Talented Pass-First Point,Talented Pass-First Point
Rajon Rondo,2020-21,6,7,Talented Pass-First Point,Talented Pass-First Point
Rajon Rondo,2021-22,6,7,Talented Pass-First Point,Talented Pass-First Point
Ricky Rubio,2016-17,6,7,Talented Pass-First Point,Talented Pass-First Point
Ricky Rubio,2019-20,6,7,Talented Pass-First Point,Talented Pass-First Point
Ricky Rubio,2020-21,6,7,Talented Pass-First Point,Talented Pass-First Point
Ricky Rubio,2022-23,6,7,Talented Pass-First Point,Talented Pass-First Point
Ryan Arcidiacono,2018-19,6,7,Talented Pass-First Point,Talented Pass-First Point
Saben Lee,2020-21,6,7,Talented Pass-First Point,Talented Pass-First Point
Semaj Christon,2016-17,6,7,Talented Pass-First Point,Talented Pass-First Point
Shelvin Mack,2017-18,6,7,Talented Pass-First Point,Talented Pass-First Point
Shelvin Mack,2018-19,6,7,Talented Pass-First Point,Talented Pass-First Point
Spencer Dinwiddie,2016-17,6,7,Talented Pass-First Point,Talented Pass-First Point
Spencer Dinwiddie,2017-18,6,7,Talented Pass-First Point,Talented Pass-First Point
T.J. McConnell,2016-17,6,7,Talented Pass-First Point,Talented Pass-First Point
T.J. McConnell,2017-18,6,7,Talented Pass-First Point,Talented Pass-First Point
T.J. McConnell,2018-19,6,7,Talented Pass-First Point,Talented Pass-First Point
T.J. McConnell,2019-20,6,7,Talented Pass-First Point,Talented Pass-First Point
T.J. McConnell,2020-21,6,7,Talented Pass-First Point,Talented Pass-First Point
T.J. McConnell,2021-22,6,7,Talented Pass-First Point,Talented Pass-First Point
Terance Mann,2025-26,6,7,Talented Pass-First Point,Talented Pass-First Point
Tim Frazier,2016-17,6,7,Talented Pass-First Point,Talented Pass-First Point
Tim Frazier,2018-19,6,7,Talented Pass-First Point,Talented Pass-First Point
Tomas Satoransky,2017-18,6,7,Talented Pass-First Point,Talented Pass-First Point
Tomas Satoransky,2018-19,6,7,Talented Pass-First Point,Talented Pass-First Point
Tomas Satoransky,2019-20,6,7,Talented Pass-First Point,Talented Pass-First Point
Tomas Satoransky,2020-21,6,7,Talented Pass-First Point,Talented Pass-First Point
Tomas Satoransky,2021-22,6,7,Talented Pass-First Point,Talented Pass-First Point
Tre Jones,2021-22,6,7,Talented Pass-First Point,Talented Pass-First Point
Tre Jones,2022-23,6,7,Talented Pass-First Point,Talented Pass-First Point
Tre Jones,2023-24,6,7,Talented Pass-First Point,Talented Pass-First Point
Tre Jones,2024-25,6,7,Talented Pass-First Point,Talented Pass-First Point
Tre Jones,2025-26,6,7,Talented Pass-First Point,Talented Pass-First Point
Ty Jerome,2022-23,6,7,Talented Pass-First Point,Talented Pass-First Point
Ty Lawson,2016-17,6,7,Talented Pass-First Point,Talented Pass-First Point
Tyrese Haliburton,2021-22,6,7,Talented Pass-First Point,Talented Pass-First Point
Tyrese Haliburton,2024-25,6,7,Talented Pass-First Point,Talented Pass-First Point
Tyus Jones,2017-18,6,7,Talented Pass-First Point,Talented Pass-First Point
Tyus Jones,2018-19,6,7,Talented Pass-First Point,Talented Pass-First Point
Tyus Jones,2019-20,6,7,Talented Pass-First Point,Talented Pass-First Point
Tyus Jones,2020-21,6,7,Talented Pass-First Point,Talented Pass-First Point
Tyus Jones,2021-22,6,7,Talented Pass-First Point,Talented Pass-First Point
Tyus Jones,2022-23,6,7,Talented Pass-First Point,Talented Pass-First Point
Tyus Jones,2023-24,6,7,Talented Pass-First Point,Talented Pass-First Point
Tyus Jones,2024-25,6,7,Talented Pass-First Point,Talented Pass-First Point
Aaron Holiday,2020-21,7,8,Limited Playmaking Spark Plug,Limited Playmaking Spark Plug
Aaron Wiggins,2024-25,7,8,Limited Playmaking Spark Plug,Limited Playmaking Spark Plug
Aaron Wiggins,2025-26,7,8,Limited Playmaking Spark Plug,Limited Playmaking Spark Plug
Alec Burks,2016-17,7,8,Limited Playmaking Spark Plug,Limited Playmaking Spark Plug
Alec Burks,2017-18,7,8,Limited Playmaking Spark Plug,Limited Playmaking Spark Plug
Alec Burks,2018-19,7,8,Limited Playmaking Spark Plug,Limited Playmaking Spark Plug
Amir Coffey,2021-22,7,8,Limited Playmaking Spark Plug,Limited Playmaking Spark Plug
Anfernee Simons,2019-20,7,8,Limited Playmaking Spark Plug,Limited Playmaking Spark Plug
Anthony Black,2025-26,7,8,Limited Playmaking Spark Plug,Limited Playmaking Spark Plug
Anthony Edwards,2020-21,7,8,Limited Playmaking Spark Plug,Limited Playmaking Spark Plug
Anthony Edwards,2021-22,7,8,Limited Playmaking Spark Plug,Limited Playmaking Spark Plug
Austin Reaves,2022-23,7,8,Limited Playmaking Spark Plug,Limited Playmaking Spark Plug
Austin Rivers,2016-17,7,8,Limited Playmaking Spark Plug,Limited Playmaking Spark Plug
Ayo Dosunmu,2021-22,7,8,Limited Playmaking Spark Plug,Limited Playmaking Spark Plug
Ayo Dosunmu,2023-24,7,8,Limited Playmaking Spark Plug,Limited Playmaking Spark Plug
Ayo Dosunmu,2025-26,7,8,Limited Playmaking Spark Plug,Limited Playmaking Spark Plug
Ben McLemore,2017-18,7,8,Limited Playmaking Spark Plug,Limited Playmaking Spark Plug
Bennedict Mathurin,2022-23,7,8,Limited Playmaking Spark Plug,Limited Playmaking Spark Plug
Bilal Coulibaly,2025-26,7,8,Limited Playmaking Spark Plug,Limited Playmaking Spark Plug
Bradley Beal,2016-17,7,8,Limited Playmaking Spark Plug,Limited Playmaking Spark Plug
Bruce Brown,2023-24,7,8,Limited Playmaking Spark Plug,Limited Playmaking Spark Plug
Buddy Hield,2016-17,7,8,Limited Playmaking Spark Plug,Limited Playmaking Spark Plug
C.J. Williams,2017-18,7,8,Limited Playmaking Spark Plug,Limited Playmaking Spark Plug
Caleb Love,2025-26,7,8,Limited Playmaking Spark Plug,Limited Playmaking Spark Plug
Caris LeVert,2022-23,7,8,Limited Playmaking Spark Plug,Limited Playmaking Spark Plug
Caris LeVert,2024-25,7,8,Limited Playmaking Spark Plug,Limited Playmaking Spark Plug
Cedric Coward,2025-26,7,8,Limited Playmaking Spark Plug,Limited Playmaking Spark Plug
Chris Duarte,2021-22,7,8,Limited Playmaking Spark Plug,Limited Playmaking Spark Plug
Coby White,2019-20,7,8,Limited Playmaking Spark Plug,Limited Playmaking Spark Plug
Coby White,2021-22,7,8,Limited Playmaking Spark Plug,Limited Playmaking Spark Plug
Coby White,2022-23,7,8,Limited Playmaking Spark Plug,Limited Playmaking Spark Plug
Coby White,2024-25,7,8,Limited Playmaking Spark Plug,Limited Playmaking Spark Plug
Damyean Dotson,2020-21,7,8,Limited Playmaking Spark Plug,Limited Playmaking Spark Plug
Dante Exum,2016-17,7,8,Limited Playmaking Spark Plug,Limited Playmaking Spark Plug
De'Anthony Melton,2025-26,7,8,Limited Playmaking Spark Plug,Limited Playmaking Spark Plug
Denzel Valentine,2020-21,7,8,Limited Playmaking Spark Plug,Limited Playmaking Spark Plug
Desmond Bane,2022-23,7,8,Limited Playmaking Spark Plug,Limited Playmaking Spark Plug
Dion Waiters,2017-18,7,8,Limited Playmaking Spark Plug,Limited Playmaking Spark Plug
Drake Powell,2025-26,7,8,Limited Playmaking Spark Plug,Limited Playmaking Spark Plug
Duane Washington Jr.,2021-22,7,8,Limited Playmaking Spark Plug,Limited Playmaking Spark Plug
Dwayne Bacon,2018-19,7,8,Limited Playmaking Spark Plug,Limited Playmaking Spark Plug
Dwayne Bacon,2019-20,7,8,Limited Playmaking Spark Plug,Limited Playmaking Spark Plug
Dwayne Bacon,2020-21,7,8,Limited Playmaking Spark Plug,Limited Playmaking Spark Plug
E'Twaun Moore,2016-17,7,8,Limited Playmaking Spark Plug,Limited Playmaking Spark Plug
E'Twaun Moore,2017-18,7,8,Limited Playmaking Spark Plug,Limited Playmaking Spark Plug
E'Twaun Moore,2019-20,7,8,Limited Playmaking Spark Plug,Limited Playmaking Spark Plug
Emmanuel Mudiay,2016-17,7,8,Limited Playmaking Spark Plug,Limited Playmaking Spark Plug
Eric Bledsoe,2020-21,7,8,Limited Playmaking Spark Plug,Limited Playmaking Spark Plug
Eric Gordon,2017-18,7,8,Limited Playmaking Spark Plug,Limited Playmaking Spark Plug
Eric Gordon,2020-21,7,8,Limited Playmaking Spark Plug,Limited Playmaking Spark Plug
Eric Gordon,2021-22,7,8,Limited Playmaking Spark Plug,Limited Playmaking Spark Plug
Eric Gordon,2022-23,7,8,Limited Playmaking Spark Plug,Limited Playmaking Spark Plug
Evan Fournier,2016-17,7,8,Limited Playmaking Spark Plug,Limited Playmaking Spark Plug
Evan Fournier,2018-19,7,8,Limited Playmaking Spark Plug,Limited Playmaking Spark Plug
Frank Jackson,2018-19,7,8,Limited Playmaking Spark Plug,Limited Playmaking Spark Plug
Frank Jackson,2020-21,7,8,Limited Playmaking Spark Plug,Limited Playmaking Spark Plug
Frank Jackson,2021-22,7,8,Limited Playmaking Spark Plug,Limited Playmaking Spark Plug
Furkan Korkmaz,2021-22,7,8,Limited Playmaking Spark Plug,Limited Playmaking Spark Plug
Gary Harris,2016-17,7,8,Limited Playmaking Spark Plug,Limited Playmaking Spark Plug
Gary Harris,2017-18,7,8,Limited Playmaking Spark Plug,Limited Playmaking Spark Plug
Gary Harris,2018-19,7,8,Limited Playmaking Spark Plug,Limited Playmaking Spark Plug
Gary Harris,2019-20,7,8,Limited Playmaking Spark Plug,Limited Playmaking Spark Plug
Gary Harris,2020-21,7,8,Limited Playmaking Spark Plug,Limited Playmaking Spark Plug
George Hill,2018-19,7,8,Limited Playmaking Spark Plug,Limited Playmaking Spark Plug
Gerald Henderson,2016-17,7,8,Limited Playmaking Spark Plug,Limited Playmaking Spark Plug
Hamidou Diallo,2021-22,7,8,Limited Playmaking Spark Plug,Limited Playmaking Spark Plug
Ian Clark,2017-18,7,8,Limited Playmaking Spark Plug,Limited Playmaking Spark Plug
Ian Clark,2018-19,7,8,Limited Playmaking Spark Plug,Limited Playmaking Spark Plug
Iman Shumpert,2016-17,7,8,Limited Playmaking Spark Plug,Limited Playmaking Spark Plug
Isaiah Canaan,2016-17,7,8,Limited Playmaking Spark Plug,Limited Playmaking Spark Plug
Ja'Kobe Walter,2024-25,7,8,Limited Playmaking Spark Plug,Limited Playmaking Spark Plug
Jaden Ivey,2023-24,7,8,Limited Playmaking Spark Plug,Limited Playmaking Spark Plug
Jaden Ivey,2025-26,7,8,Limited Playmaking Spark Plug,Limited Playmaking Spark Plug
Jalen Green,2021-22,7,8,Limited Playmaking Spark Plug,Limited Playmaking Spark Plug
Jalen Williams,2022-23,7,8,Limited Playmaking Spark Plug,Limited Playmaking Spark Plug
Jamal Murray,2016-17,7,8,Limited Playmaking Spark Plug,Limited Playmaking Spark Plug
James Bouknight,2022-23,7,8,Limited Playmaking Spark Plug,Limited Playmaking Spark Plug
Jarrett Culver,2019-20,7,8,Limited Playmaking Spark Plug,Limited Playmaking Spark Plug
Jaylen Brown,2017-18,7,8,Limited Playmaking Spark Plug,Limited Playmaking Spark Plug
Jaylen Brown,2018-19,7,8,Limited Playmaking Spark Plug,Limited Playmaking Spark Plug
Jaylen Brown,2019-20,7,8,Limited Playmaking Spark Plug,Limited Playmaking Spark Plug
Jaylen Nowell,2020-21,7,8,Limited Playmaking Spark Plug,Limited Playmaking Spark Plug
Jaylen Nowell,2022-23,7,8,Limited Playmaking Spark Plug,Limited Playmaking Spark Plug
Jeremy Lamb,2018-19,7,8,Limited Playmaking Spark Plug,Limited Playmaking Spark Plug
Jerome Robinson,2019-20,7,8,Limited Playmaking Spark Plug,Limited Playmaking Spark Plug
Johnny Davis,2022-23,7,8,Limited Playmaking Spark Plug,Limited Playmaking Spark Plug
Jonathon Simmons,2017-18,7,8,Limited Playmaking Spark Plug,Limited Playmaking Spark Plug
Jordan Clarkson,2019-20,7,8,Limited Playmaking Spark Plug,Limited Playmaking Spark Plug
Jordan Clarkson,2025-26,7,8,Limited Playmaking Spark Plug,Limited Playmaking Spark Plug
Jordan Poole,2019-20,7,8,Limited Playmaking Spark Plug,Limited Playmaking Spark Plug
Jordan Poole,2020-21,7,8,Limited Playmaking Spark Plug,Limited Playmaking Spark Plug
Jordan Poole,2021-22,7,8,Limited Playmaking Spark Plug,Limited Playmaking Spark Plug
Jordan Poole,2022-23,7,8,Limited Playmaking Spark Plug,Limited Playmaking Spark Plug
Jordan Poole,2025-26,7,8,Limited Playmaking Spark Plug,Limited Playmaking Spark Plug
Josh Christopher,2021-22,7,8,Limited Playmaking Spark Plug,Limited Playmaking Spark Plug
Josh Hart,2021-22,7,8,Limited Playmaking Spark Plug,Limited Playmaking Spark Plug
Josh Jackson,2018-19,7,8,Limited Playmaking Spark Plug,Limited Playmaking Spark Plug
Josh Jackson,2020-21,7,8,Limited Playmaking Spark Plug,Limited Playmaking Spark Plug
Josh Richardson,2020-21,7,8,Limited Playmaking Spark Plug,Limited Playmaking Spark Plug
Josh Richardson,2023-24,7,8,Limited Playmaking Spark Plug,Limited Playmaking Spark Plug
Julian Strawther,2024-25,7,8,Limited Playmaking Spark Plug,Limited Playmaking Spark Plug
Julian Strawther,2025-26,7,8,Limited Playmaking Spark Plug,Limited Playmaking Spark Plug
Keifer Sykes,2021-22,7,8,Limited Playmaking Spark Plug,Limited Playmaking Spark Plug
Kendrick Nunn,2020-21,7,8,Limited Playmaking Spark Plug,Limited Playmaking Spark Plug
Kent Bazemore,2017-18,7,8,Limited Playmaking Spark Plug,Limited Playmaking Spark Plug
Kent Bazemore,2018-19,7,8,Limited Playmaking Spark Plug,Limited Playmaking Spark Plug
Keon Johnson,2024-25,7,8,Limited Playmaking Spark Plug,Limited Playmaking Spark Plug
Kevin Huerter,2018-19,7,8,Limited Playmaking Spark Plug,Limited Playmaking Spark Plug
Kevin Huerter,2019-20,7,8,Limited Playmaking Spark Plug,Limited Playmaking Spark Plug
Kobe Sanders,2025-26,7,8,Limited Playmaking Spark Plug,Limited Playmaking Spark Plug
Lance Stephenson,2018-19,7,8,Limited Playmaking Spark Plug,Limited Playmaking Spark Plug
Landry Shamet,2023-24,7,8,Limited Playmaking Spark Plug,Limited Playmaking Spark Plug
Lonnie Walker IV,2019-20,7,8,Limited Playmaking Spark Plug,Limited Playmaking Spark Plug
Lonnie Walker IV,2020-21,7,8,Limited Playmaking Spark Plug,Limited Playmaking Spark Plug
Lonnie Walker IV,2021-22,7,8,Limited Playmaking Spark Plug,Limited Playmaking Spark Plug
Lonnie Walker IV,2022-23,7,8,Limited Playmaking Spark Plug,Limited Playmaking Spark Plug
Lonnie Walker IV,2023-24,7,8,Limited Playmaking Spark Plug,Limited Playmaking Spark Plug
Luguentz Dort,2020-21,7,8,Limited Playmaking Spark Plug,Limited Playmaking Spark Plug
Luguentz Dort,2021-22,7,8,Limited Playmaking Spark Plug,Limited Playmaking Spark Plug
Malaki Branham,2022-23,7,8,Limited Playmaking Spark Plug,Limited Playmaking Spark Plug
Malaki Branham,2023-24,7,8,Limited Playmaking Spark Plug,Limited Playmaking Spark Plug
Malcolm Brogdon,2017-18,7,8,Limited Playmaking Spark Plug,Limited Playmaking Spark Plug
Malcolm Brogdon,2018-19,7,8,Limited Playmaking Spark Plug,Limited Playmaking Spark Plug
Malik Monk,2018-19,7,8,Limited Playmaking Spark Plug,Limited Playmaking Spark Plug
Malik Monk,2019-20,7,8,Limited Playmaking Spark Plug,Limited Playmaking Spark Plug
Malik Monk,2020-21,7,8,Limited Playmaking Spark Plug,Limited Playmaking Spark Plug
Malik Monk,2021-22,7,8,Limited Playmaking Spark Plug,Limited Playmaking Spark Plug
Malik Monk,2022-23,7,8,Limited Playmaking Spark Plug,Limited Playmaking Spark Plug
Malik Monk,2023-24,7,8,Limited Playmaking Spark Plug,Limited Playmaking Spark Plug
Manu Ginobili,2017-18,7,8,Limited Playmaking Spark Plug,Limited Playmaking Spark Plug
Marcus Thornton,2016-17,7,8,Limited Playmaking Spark Plug,Limited Playmaking Spark Plug
Max Christie,2024-25,7,8,Limited Playmaking Spark Plug,Limited Playmaking Spark Plug
Monta Ellis,2016-17,7,8,Limited Playmaking Spark Plug,Limited Playmaking Spark Plug
Moses Moody,2023-24,7,8,Limited Playmaking Spark Plug,Limited Playmaking Spark Plug
Nickeil Alexander-Walker,2020-21,7,8,Limited Playmaking Spark Plug,Limited Playmaking Spark Plug
Nickeil Alexander-Walker,2021-22,7,8,Limited Playmaking Spark Plug,Limited Playmaking Spark Plug
Nickeil Alexander-Walker,2025-26,7,8,Limited Playmaking Spark Plug,Limited Playmaking Spark Plug
Nik Stauskas,2016-17,7,8,Limited Playmaking Spark Plug,Limited Playmaking Spark Plug
Nique Clifford,2025-26,7,8,Limited Playmaking Spark Plug,Limited Playmaking Spark Plug
Norman Powell,2016-17,7,8,Limited Playmaking Spark Plug,Limited Playmaking Spark Plug
Norman Powell,2017-18,7,8,Limited Playmaking Spark Plug,Limited Playmaking Spark Plug
Norman Powell,2018-19,7,8,Limited Playmaking Spark Plug,Limited Playmaking Spark Plug
Norman Powell,2019-20,7,8,Limited Playmaking Spark Plug,Limited Playmaking Spark Plug
Norman Powell,2020-21,7,8,Limited Playmaking Spark Plug,Limited Playmaking Spark Plug
Norman Powell,2022-23,7,8,Limited Playmaking Spark Plug,Limited Playmaking Spark Plug
PJ Dozier,2020-21,7,8,Limited Playmaking Spark Plug,Limited Playmaking Spark Plug
Pelle Larsson,2025-26,7,8,Limited Playmaking Spark Plug,Limited Playmaking Spark Plug
Quentin Grimes,2024-25,7,8,Limited Playmaking Spark Plug,Limited Playmaking Spark Plug
Quentin Grimes,2025-26,7,8,Limited Playmaking Spark Plug,Limited Playmaking Spark Plug
R.J. Hampton,2020-21,7,8,Limited Playmaking Spark Plug,Limited Playmaking Spark Plug
R.J. Hampton,2022-23,7,8,Limited Playmaking Spark Plug,Limited Playmaking Spark Plug
RJ Barrett,2019-20,7,8,Limited Playmaking Spark Plug,Limited Playmaking Spark Plug
RJ Barrett,2020-21,7,8,Limited Playmaking Spark Plug,Limited Playmaking Spark Plug
RJ Barrett,2022-23,7,8,Limited Playmaking Spark Plug,Limited Playmaking Spark Plug
RJ Barrett,2023-24,7,8,Limited Playmaking Spark Plug,Limited Playmaking Spark Plug
Rayan Rupert,2025-26,7,8,Limited Playmaking Spark Plug,Limited Playmaking Spark Plug
Rodney McGruder,2018-19,7,8,Limited Playmaking Spark Plug,Limited Playmaking Spark Plug
Romeo Langford,2022-23,7,8,Limited Playmaking Spark Plug,Limited Playmaking Spark Plug
Sean Kilpatrick,2016-17,7,8,Limited Playmaking Spark Plug,Limited Playmaking Spark Plug
Shaedon Sharpe,2022-23,7,8,Limited Playmaking Spark Plug,Limited Playmaking Spark Plug
Shaedon Sharpe,2023-24,7,8,Limited Playmaking Spark Plug,Limited Playmaking Spark Plug
Sterling Brown,2018-19,7,8,Limited Playmaking Spark Plug,Limited Playmaking Spark Plug
Terance Mann,2024-25,7,8,Limited Playmaking Spark Plug,Limited Playmaking Spark Plug
Terence Davis,2020-21,7,8,Limited Playmaking Spark Plug,Limited Playmaking Spark Plug
Terence Davis,2021-22,7,8,Limited Playmaking Spark Plug,Limited Playmaking Spark Plug
Terry Rozier,2024-25,7,8,Limited Playmaking Spark Plug,Limited Playmaking Spark Plug
Tim Hardaway Jr.,2016-17,7,8,Limited Playmaking Spark Plug,Limited Playmaking Spark Plug
Tim Hardaway Jr.,2017-18,7,8,Limited Playmaking Spark Plug,Limited Playmaking Spark Plug
Tre Mann,2021-22,7,8,Limited Playmaking Spark Plug,Limited Playmaking Spark Plug
Tre Mann,2022-23,7,8,Limited Playmaking Spark Plug,Limited Playmaking Spark Plug
Tyler Dorsey,2017-18,7,8,Limited Playmaking Spark Plug,Limited Playmaking Spark Plug
Tyler Johnson,2017-18,7,8,Limited Playmaking Spark Plug,Limited Playmaking Spark Plug
Tyreke Evans,2018-19,7,8,Limited Playmaking Spark Plug,Limited Playmaking Spark Plug
Tyrese Martin,2024-25,7,8,Limited Playmaking Spark Plug,Limited Playmaking Spark Plug
Victor Oladipo,2016-17,7,8,Limited Playmaking Spark Plug,Limited Playmaking Spark Plug
Vince Williams Jr.,2024-25,7,8,Limited Playmaking Spark Plug,Limited Playmaking Spark Plug
Wayne Selden,2017-18,7,8,Limited Playmaking Spark Plug,Limited Playmaking Spark Plug
Wayne Selden,2018-19,7,8,Limited Playmaking Spark Plug,Limited Playmaking Spark Plug
Will Barton,2016-17,7,8,Limited Playmaking Spark Plug,Limited Playmaking Spark Plug
Will Barton,2017-18,7,8,Limited Playmaking Spark Plug,Limited Playmaking Spark Plug
Will Barton,2021-22,7,8,Limited Playmaking Spark Plug,Limited Playmaking Spark Plug
Zach LaVine,2016-17,7,8,Limited Playmaking Spark Plug,Limited Playmaking Spark Plug
Andrew Nembhard,2025-26,8,9,Inside-the-Arc Scoring and Playmaking Machine,Inside-the-Arc Scoring and Playmaking Machine
Bradley Beal,2021-22,8,9,Inside-the-Arc Scoring and Playmaking Machine,Inside-the-Arc Scoring and Playmaking Machine
Bradley Beal,2022-23,8,9,Inside-the-Arc Scoring and Playmaking Machine,Inside-the-Arc Scoring and Playmaking Machine
Cade Cunningham,2023-24,8,9,Inside-the-Arc Scoring and Playmaking Machine,Inside-the-Arc Scoring and Playmaking Machine
Cade Cunningham,2024-25,8,9,Inside-the-Arc Scoring and Playmaking Machine,Inside-the-Arc Scoring and Playmaking Machine
Cade Cunningham,2025-26,8,9,Inside-the-Arc Scoring and Playmaking Machine,Inside-the-Arc Scoring and Playmaking Machine
Chris Paul,2016-17,8,9,Inside-the-Arc Scoring and Playmaking Machine,Inside-the-Arc Scoring and Playmaking Machine
Chris Paul,2019-20,8,9,Inside-the-Arc Scoring and Playmaking Machine,Inside-the-Arc Scoring and Playmaking Machine
Chris Paul,2020-21,8,9,Inside-the-Arc Scoring and Playmaking Machine,Inside-the-Arc Scoring and Playmaking Machine
Chris Paul,2021-22,8,9,Inside-the-Arc Scoring and Playmaking Machine,Inside-the-Arc Scoring and Playmaking Machine
Chris Paul,2022-23,8,9,Inside-the-Arc Scoring and Playmaking Machine,Inside-the-Arc Scoring and Playmaking Machine
Cole Anthony,2025-26,8,9,Inside-the-Arc Scoring and Playmaking Machine,Inside-the-Arc Scoring and Playmaking Machine
De'Aaron Fox,2020-21,8,9,Inside-the-Arc Scoring and Playmaking Machine,Inside-the-Arc Scoring and Playmaking Machine
De'Aaron Fox,2021-22,8,9,Inside-the-Arc Scoring and Playmaking Machine,Inside-the-Arc Scoring and Playmaking Machine
De'Aaron Fox,2022-23,8,9,Inside-the-Arc Scoring and Playmaking Machine,Inside-the-Arc Scoring and Playmaking Machine
De'Aaron Fox,2024-25,8,9,Inside-the-Arc Scoring and Playmaking Machine,Inside-the-Arc Scoring and Playmaking Machine
DeMar DeRozan,2016-17,8,9,Inside-the-Arc Scoring and Playmaking Machine,Inside-the-Arc Scoring and Playmaking Machine
DeMar DeRozan,2017-18,8,9,Inside-the-Arc Scoring and Playmaking Machine,Inside-the-Arc Scoring and Playmaking Machine
DeMar DeRozan,2018-19,8,9,Inside-the-Arc Scoring and Playmaking Machine,Inside-the-Arc Scoring and Playmaking Machine
Dejounte Murray,2019-20,8,9,Inside-the-Arc Scoring and Playmaking Machine,Inside-the-Arc Scoring and Playmaking Machine
Dejounte Murray,2020-21,8,9,Inside-the-Arc Scoring and Playmaking Machine,Inside-the-Arc Scoring and Playmaking Machine
Dejounte Murray,2021-22,8,9,Inside-the-Arc Scoring and Playmaking Machine,Inside-the-Arc Scoring and Playmaking Machine
Dejounte Murray,2022-23,8,9,Inside-the-Arc Scoring and Playmaking Machine,Inside-the-Arc Scoring and Playmaking Machine
Dejounte Murray,2024-25,8,9,Inside-the-Arc Scoring and Playmaking Machine,Inside-the-Arc Scoring and Playmaking Machine
Dennis Schroder,2017-18,8,9,Inside-the-Arc Scoring and Playmaking Machine,Inside-the-Arc Scoring and Playmaking Machine
Derrick Rose,2016-17,8,9,Inside-the-Arc Scoring and Playmaking Machine,Inside-the-Arc Scoring and Playmaking Machine
Derrick Rose,2018-19,8,9,Inside-the-Arc Scoring and Playmaking Machine,Inside-the-Arc Scoring and Playmaking Machine
Derrick Rose,2019-20,8,9,Inside-the-Arc Scoring and Playmaking Machine,Inside-the-Arc Scoring and Playmaking Machine
Derrick Rose,2020-21,8,9,Inside-the-Arc Scoring and Playmaking Machine,Inside-the-Arc Scoring and Playmaking Machine
Devin Booker,2022-23,8,9,Inside-the-Arc Scoring and Playmaking Machine,Inside-the-Arc Scoring and Playmaking Machine
Devin Booker,2023-24,8,9,Inside-the-Arc Scoring and Playmaking Machine,Inside-the-Arc Scoring and Playmaking Machine
Devin Booker,2024-25,8,9,Inside-the-Arc Scoring and Playmaking Machine,Inside-the-Arc Scoring and Playmaking Machine
Devin Booker,2025-26,8,9,Inside-the-Arc Scoring and Playmaking Machine,Inside-the-Arc Scoring and Playmaking Machine
Dwyane Wade,2016-17,8,9,Inside-the-Arc Scoring and Playmaking Machine,Inside-the-Arc Scoring and Playmaking Machine
Ish Smith,2017-18,8,9,Inside-the-Arc Scoring and Playmaking Machine,Inside-the-Arc Scoring and Playmaking Machine
Ish Smith,2021-22,8,9,Inside-the-Arc Scoring and Playmaking Machine,Inside-the-Arc Scoring and Playmaking Machine
J.J. Barea,2018-19,8,9,Inside-the-Arc Scoring and Playmaking Machine,Inside-the-Arc Scoring and Playmaking Machine
Jalen Brunson,2021-22,8,9,Inside-the-Arc Scoring and Playmaking Machine,Inside-the-Arc Scoring and Playmaking Machine
Jalen Brunson,2022-23,8,9,Inside-the-Arc Scoring and Playmaking Machine,Inside-the-Arc Scoring and Playmaking Machine
Jalen Brunson,2023-24,8,9,Inside-the-Arc Scoring and Playmaking Machine,Inside-the-Arc Scoring and Playmaking Machine
Jalen Brunson,2024-25,8,9,Inside-the-Arc Scoring and Playmaking Machine,Inside-the-Arc Scoring and Playmaking Machine
Jalen Brunson,2025-26,8,9,Inside-the-Arc Scoring and Playmaking Machine,Inside-the-Arc Scoring and Playmaking Machine
Jalen Williams,2024-25,8,9,Inside-the-Arc Scoring and Playmaking Machine,Inside-the-Arc Scoring and Playmaking Machine
Jalen Williams,2025-26,8,9,Inside-the-Arc Scoring and Playmaking Machine,Inside-the-Arc Scoring and Playmaking Machine
Jamal Murray,2023-24,8,9,Inside-the-Arc Scoring and Playmaking Machine,Inside-the-Arc Scoring and Playmaking Machine
Jamal Murray,2024-25,8,9,Inside-the-Arc Scoring and Playmaking Machine,Inside-the-Arc Scoring and Playmaking Machine
Jeff Dowtin Jr.,2024-25,8,9,Inside-the-Arc Scoring and Playmaking Machine,Inside-the-Arc Scoring and Playmaking Machine
Jimmy Butler III,2017-18,8,9,Inside-the-Arc Scoring and Playmaking Machine,Inside-the-Arc Scoring and Playmaking Machine
John Wall,2016-17,8,9,Inside-the-Arc Scoring and Playmaking Machine,Inside-the-Arc Scoring and Playmaking Machine
Kevin Porter Jr.,2024-25,8,9,Inside-the-Arc Scoring and Playmaking Machine,Inside-the-Arc Scoring and Playmaking Machine
Kevin Porter Jr.,2025-26,8,9,Inside-the-Arc Scoring and Playmaking Machine,Inside-the-Arc Scoring and Playmaking Machine
Killian Hayes,2022-23,8,9,Inside-the-Arc Scoring and Playmaking Machine,Inside-the-Arc Scoring and Playmaking Machine
Kyrie Irving,2020-21,8,9,Inside-the-Arc Scoring and Playmaking Machine,Inside-the-Arc Scoring and Playmaking Machine
Lance Stephenson,2021-22,8,9,Inside-the-Arc Scoring and Playmaking Machine,Inside-the-Arc Scoring and Playmaking Machine
Lou Williams,2018-19,8,9,Inside-the-Arc Scoring and Playmaking Machine,Inside-the-Arc Scoring and Playmaking Machine
Lou Williams,2020-21,8,9,Inside-the-Arc Scoring and Playmaking Machine,Inside-the-Arc Scoring and Playmaking Machine
Markelle Fultz,2022-23,8,9,Inside-the-Arc Scoring and Playmaking Machine,Inside-the-Arc Scoring and Playmaking Machine
Reggie Jackson,2016-17,8,9,Inside-the-Arc Scoring and Playmaking Machine,Inside-the-Arc Scoring and Playmaking Machine
Reggie Jackson,2017-18,8,9,Inside-the-Arc Scoring and Playmaking Machine,Inside-the-Arc Scoring and Playmaking Machine
Russell Westbrook,2017-18,8,9,Inside-the-Arc Scoring and Playmaking Machine,Inside-the-Arc Scoring and Playmaking Machine
Russell Westbrook,2018-19,8,9,Inside-the-Arc Scoring and Playmaking Machine,Inside-the-Arc Scoring and Playmaking Machine
Russell Westbrook,2019-20,8,9,Inside-the-Arc Scoring and Playmaking Machine,Inside-the-Arc Scoring and Playmaking Machine
Russell Westbrook,2020-21,8,9,Inside-the-Arc Scoring and Playmaking Machine,Inside-the-Arc Scoring and Playmaking Machine
Ryan Nembhard,2025-26,8,9,Inside-the-Arc Scoring and Playmaking Machine,Inside-the-Arc Scoring and Playmaking Machine
Shai Gilgeous-Alexander,2022-23,8,9,Inside-the-Arc Scoring and Playmaking Machine,Inside-the-Arc Scoring and Playmaking Machine
Shai Gilgeous-Alexander,2023-24,8,9,Inside-the-Arc Scoring and Playmaking Machine,Inside-the-Arc Scoring and Playmaking Machine
Shai Gilgeous-Alexander,2024-25,8,9,Inside-the-Arc Scoring and Playmaking Machine,Inside-the-Arc Scoring and Playmaking Machine
Shai Gilgeous-Alexander,2025-26,8,9,Inside-the-Arc Scoring and Playmaking Machine,Inside-the-Arc Scoring and Playmaking Machine
T.J. McConnell,2023-24,8,9,Inside-the-Arc Scoring and Playmaking Machine,Inside-the-Arc Scoring and Playmaking Machine
T.J. McConnell,2024-25,8,9,Inside-the-Arc Scoring and Playmaking Machine,Inside-the-Arc Scoring and Playmaking Machine
T.J. McConnell,2025-26,8,9,Inside-the-Arc Scoring and Playmaking Machine,Inside-the-Arc Scoring and Playmaking Machine
Tony Parker,2016-17,8,9,Inside-the-Arc Scoring and Playmaking Machine,Inside-the-Arc Scoring and Playmaking Machine
Tony Parker,2017-18,8,9,Inside-the-Arc Scoring and Playmaking Machine,Inside-the-Arc Scoring and Playmaking Machine
Tony Parker,2018-19,8,9,Inside-the-Arc Scoring and Playmaking Machine,Inside-the-Arc Scoring and Playmaking Machine
Trey Burke,2017-18,8,9,Inside-the-Arc Scoring and Playmaking Machine,Inside-the-Arc Scoring and Playmaking Machine
Trey Burke,2018-19,8,9,Inside-the-Arc Scoring and Playmaking Machine,Inside-the-Arc Scoring and Playmaking Machine
Tyler Ulis,2016-17,8,9,Inside-the-Arc Scoring and Playmaking Machine,Inside-the-Arc Scoring and Playmaking Machine
Tyler Ulis,2017-18,8,9,Inside-the-Arc Scoring and Playmaking Machine,Inside-the-Arc Scoring and Playmaking Machine
Tyrese Maxey,2020-21,8,9,Inside-the-Arc Scoring and Playmaking Machine,Inside-the-Arc Scoring and Playmaking Machine
A.J. Lawson,2024-25,9,10,Streaky Shooting Defensive Savant,Streaky Shooting Defensive Savant
Aaron Wiggins,2021-22,9,10,Streaky Shooting Defensive Savant,Streaky Shooting Defensive Savant
Aaron Wiggins,2022-23,9,10,Streaky Shooting Defensive Savant,Streaky Shooting Defensive Savant
Aaron Wiggins,2023-24,9,10,Streaky Shooting Defensive Savant,Streaky Shooting Defensive Savant
Alex Caruso,2022-23,9,10,Streaky Shooting Defensive Savant,Streaky Shooting Defensive Savant
Alex Caruso,2025-26,9,10,Streaky Shooting Defensive Savant,Streaky Shooting Defensive Savant
Andre Roberson,2017-18,9,10,Streaky Shooting Defensive Savant,Streaky Shooting Defensive Savant
Anthony Black,2023-24,9,10,Streaky Shooting Defensive Savant,Streaky Shooting Defensive Savant
Austin Reaves,2021-22,9,10,Streaky Shooting Defensive Savant,Streaky Shooting Defensive Savant
Ayo Dosunmu,2022-23,9,10,Streaky Shooting Defensive Savant,Streaky Shooting Defensive Savant
Ben Sheppard,2024-25,9,10,Streaky Shooting Defensive Savant,Streaky Shooting Defensive Savant
Brandon Rush,2016-17,9,10,Streaky Shooting Defensive Savant,Streaky Shooting Defensive Savant
Bruce Brown,2018-19,9,10,Streaky Shooting Defensive Savant,Streaky Shooting Defensive Savant
Bruce Brown,2020-21,9,10,Streaky Shooting Defensive Savant,Streaky Shooting Defensive Savant
Bruce Brown,2025-26,9,10,Streaky Shooting Defensive Savant,Streaky Shooting Defensive Savant
Bryce McGowens,2022-23,9,10,Streaky Shooting Defensive Savant,Streaky Shooting Defensive Savant
Bryce McGowens,2025-26,9,10,Streaky Shooting Defensive Savant,Streaky Shooting Defensive Savant
Cason Wallace,2023-24,9,10,Streaky Shooting Defensive Savant,Streaky Shooting Defensive Savant
Cason Wallace,2024-25,9,10,Streaky Shooting Defensive Savant,Streaky Shooting Defensive Savant
Christian Braun,2022-23,9,10,Streaky Shooting Defensive Savant,Streaky Shooting Defensive Savant
Christian Braun,2023-24,9,10,Streaky Shooting Defensive Savant,Streaky Shooting Defensive Savant
Christian Braun,2024-25,9,10,Streaky Shooting Defensive Savant,Streaky Shooting Defensive Savant
Christian Braun,2025-26,9,10,Streaky Shooting Defensive Savant,Streaky Shooting Defensive Savant
Cody Williams,2024-25,9,10,Streaky Shooting Defensive Savant,Streaky Shooting Defensive Savant
Cody Williams,2025-26,9,10,Streaky Shooting Defensive Savant,Streaky Shooting Defensive Savant
Corey Brewer,2017-18,9,10,Streaky Shooting Defensive Savant,Streaky Shooting Defensive Savant
DaQuan Jeffries,2020-21,9,10,Streaky Shooting Defensive Savant,Streaky Shooting Defensive Savant
DaQuan Jeffries,2024-25,9,10,Streaky Shooting Defensive Savant,Streaky Shooting Defensive Savant
David Nwaba,2017-18,9,10,Streaky Shooting Defensive Savant,Streaky Shooting Defensive Savant
DeAndre' Bembry,2018-19,9,10,Streaky Shooting Defensive Savant,Streaky Shooting Defensive Savant
Donte DiVincenzo,2018-19,9,10,Streaky Shooting Defensive Savant,Streaky Shooting Defensive Savant
Edmond Sumner,2020-21,9,10,Streaky Shooting Defensive Savant,Streaky Shooting Defensive Savant
Garrett Temple,2018-19,9,10,Streaky Shooting Defensive Savant,Streaky Shooting Defensive Savant
Garrett Temple,2020-21,9,10,Streaky Shooting Defensive Savant,Streaky Shooting Defensive Savant
Garrett Temple,2021-22,9,10,Streaky Shooting Defensive Savant,Streaky Shooting Defensive Savant
Gary Payton II,2021-22,9,10,Streaky Shooting Defensive Savant,Streaky Shooting Defensive Savant
Gary Payton II,2023-24,9,10,Streaky Shooting Defensive Savant,Streaky Shooting Defensive Savant
Gary Payton II,2025-26,9,10,Streaky Shooting Defensive Savant,Streaky Shooting Defensive Savant
Isaac Okoro,2020-21,9,10,Streaky Shooting Defensive Savant,Streaky Shooting Defensive Savant
Isaac Okoro,2024-25,9,10,Streaky Shooting Defensive Savant,Streaky Shooting Defensive Savant
Isaac Okoro,2025-26,9,10,Streaky Shooting Defensive Savant,Streaky Shooting Defensive Savant
James Ennis III,2019-20,9,10,Streaky Shooting Defensive Savant,Streaky Shooting Defensive Savant
Jamir Watkins,2025-26,9,10,Streaky Shooting Defensive Savant,Streaky Shooting Defensive Savant
Javonte Green,2024-25,9,10,Streaky Shooting Defensive Savant,Streaky Shooting Defensive Savant
Javonte Green,2025-26,9,10,Streaky Shooting Defensive Savant,Streaky Shooting Defensive Savant
John Konchar,2025-26,9,10,Streaky Shooting Defensive Savant,Streaky Shooting Defensive Savant
Johnny Furphy,2025-26,9,10,Streaky Shooting Defensive Savant,Streaky Shooting Defensive Savant
Josh Green,2021-22,9,10,Streaky Shooting Defensive Savant,Streaky Shooting Defensive Savant
Josh Green,2022-23,9,10,Streaky Shooting Defensive Savant,Streaky Shooting Defensive Savant
Josh Green,2023-24,9,10,Streaky Shooting Defensive Savant,Streaky Shooting Defensive Savant
Josh Green,2024-25,9,10,Streaky Shooting Defensive Savant,Streaky Shooting Defensive Savant
Josh Hart,2017-18,9,10,Streaky Shooting Defensive Savant,Streaky Shooting Defensive Savant
Josh Hart,2018-19,9,10,Streaky Shooting Defensive Savant,Streaky Shooting Defensive Savant
Josh Okogie,2018-19,9,10,Streaky Shooting Defensive Savant,Streaky Shooting Defensive Savant
Josh Okogie,2019-20,9,10,Streaky Shooting Defensive Savant,Streaky Shooting Defensive Savant
Josh Okogie,2020-21,9,10,Streaky Shooting Defensive Savant,Streaky Shooting Defensive Savant
Josh Okogie,2022-23,9,10,Streaky Shooting Defensive Savant,Streaky Shooting Defensive Savant
Josh Okogie,2023-24,9,10,Streaky Shooting Defensive Savant,Streaky Shooting Defensive Savant
Josh Okogie,2024-25,9,10,Streaky Shooting Defensive Savant,Streaky Shooting Defensive Savant
Josh Okogie,2025-26,9,10,Streaky Shooting Defensive Savant,Streaky Shooting Defensive Savant
Juan Toscano-Anderson,2020-21,9,10,Streaky Shooting Defensive Savant,Streaky Shooting Defensive Savant
Keon Ellis,2025-26,9,10,Streaky Shooting Defensive Savant,Streaky Shooting Defensive Savant
Matisse Thybulle,2019-20,9,10,Streaky Shooting Defensive Savant,Streaky Shooting Defensive Savant
Matisse Thybulle,2020-21,9,10,Streaky Shooting Defensive Savant,Streaky Shooting Defensive Savant
Matisse Thybulle,2021-22,9,10,Streaky Shooting Defensive Savant,Streaky Shooting Defensive Savant
Matisse Thybulle,2022-23,9,10,Streaky Shooting Defensive Savant,Streaky Shooting Defensive Savant
Ochai Agbaji,2023-24,9,10,Streaky Shooting Defensive Savant,Streaky Shooting Defensive Savant
Ochai Agbaji,2024-25,9,10,Streaky Shooting Defensive Savant,Streaky Shooting Defensive Savant
Ochai Agbaji,2025-26,9,10,Streaky Shooting Defensive Savant,Streaky Shooting Defensive Savant
Pat Connaughton,2018-19,9,10,Streaky Shooting Defensive Savant,Streaky Shooting Defensive Savant
Pat Connaughton,2019-20,9,10,Streaky Shooting Defensive Savant,Streaky Shooting Defensive Savant
Pat Connaughton,2020-21,9,10,Streaky Shooting Defensive Savant,Streaky Shooting Defensive Savant
Patrick McCaw,2016-17,9,10,Streaky Shooting Defensive Savant,Streaky Shooting Defensive Savant
Patrick McCaw,2017-18,9,10,Streaky Shooting Defensive Savant,Streaky Shooting Defensive Savant
Rodney McGruder,2016-17,9,10,Streaky Shooting Defensive Savant,Streaky Shooting Defensive Savant
Rodney McGruder,2019-20,9,10,Streaky Shooting Defensive Savant,Streaky Shooting Defensive Savant
Romeo Langford,2021-22,9,10,Streaky Shooting Defensive Savant,Streaky Shooting Defensive Savant
Sindarius Thornwell,2017-18,9,10,Streaky Shooting Defensive Savant,Streaky Shooting Defensive Savant
Terance Mann,2020-21,9,10,Streaky Shooting Defensive Savant,Streaky Shooting Defensive Savant
Terance Mann,2022-23,9,10,Streaky Shooting Defensive Savant,Streaky Shooting Defensive Savant
Terance Mann,2023-24,9,10,Streaky Shooting Defensive Savant,Streaky Shooting Defensive Savant
Terrance Ferguson,2018-19,9,10,Streaky Shooting Defensive Savant,Streaky Shooting Defensive Savant
Tony Allen,2016-17,9,10,Streaky Shooting Defensive Savant,Streaky Shooting Defensive Savant
Tyrone Wallace,2017-18,9,10,Streaky Shooting Defensive Savant,Streaky Shooting Defensive Savant
Vit Krejci,2021-22,9,10,Streaky Shooting Defensive Savant,Streaky Shooting Defensive Savant
Wesley Matthews,2021-22,9,10,Streaky Shooting Defensive Savant,Streaky Shooting Defensive Savant
Will Richard,2025-26,9,10,Streaky Shooting Defensive Savant,Streaky Shooting Defensive Savant
AJ Johnson,2024-25,10,11,Slashing Oriented Lock-Down Point,Slashing Oriented Lock-Down Point
Alex Caruso,2017-18,10,11,Slashing Oriented Lock-Down Point,Slashing Oriented Lock-Down Point
Amen Thompson,2025-26,10,11,Slashing Oriented Lock-Down Point,Slashing Oriented Lock-Down Point
Andrew Harrison,2016-17,10,11,Slashing Oriented Lock-Down Point,Slashing Oriented Lock-Down Point
Anthony Black,2024-25,10,11,Slashing Oriented Lock-Down Point,Slashing Oriented Lock-Down Point
Ayo Dosunmu,2024-25,10,11,Slashing Oriented Lock-Down Point,Slashing Oriented Lock-Down Point
Ben Saraf,2025-26,10,11,Slashing Oriented Lock-Down Point,Slashing Oriented Lock-Down Point
Blake Wesley,2022-23,10,11,Slashing Oriented Lock-Down Point,Slashing Oriented Lock-Down Point
Brad Wanamaker,2019-20,10,11,Slashing Oriented Lock-Down Point,Slashing Oriented Lock-Down Point
Brad Wanamaker,2020-21,10,11,Slashing Oriented Lock-Down Point,Slashing Oriented Lock-Down Point
Bruce Brown,2019-20,10,11,Slashing Oriented Lock-Down Point,Slashing Oriented Lock-Down Point
Bruce Brown,2024-25,10,11,Slashing Oriented Lock-Down Point,Slashing Oriented Lock-Down Point
Caris LeVert,2025-26,10,11,Slashing Oriented Lock-Down Point,Slashing Oriented Lock-Down Point
Cory Joseph,2020-21,10,11,Slashing Oriented Lock-Down Point,Slashing Oriented Lock-Down Point
Dalano Banton,2023-24,10,11,Slashing Oriented Lock-Down Point,Slashing Oriented Lock-Down Point
Dalano Banton,2024-25,10,11,Slashing Oriented Lock-Down Point,Slashing Oriented Lock-Down Point
Dante Exum,2018-19,10,11,Slashing Oriented Lock-Down Point,Slashing Oriented Lock-Down Point
De'Anthony Melton,2018-19,10,11,Slashing Oriented Lock-Down Point,Slashing Oriented Lock-Down Point
De'Anthony Melton,2019-20,10,11,Slashing Oriented Lock-Down Point,Slashing Oriented Lock-Down Point
DeAndre' Bembry,2019-20,10,11,Slashing Oriented Lock-Down Point,Slashing Oriented Lock-Down Point
Dejounte Murray,2017-18,10,11,Slashing Oriented Lock-Down Point,Slashing Oriented Lock-Down Point
Delon Wright,2016-17,10,11,Slashing Oriented Lock-Down Point,Slashing Oriented Lock-Down Point
Delon Wright,2017-18,10,11,Slashing Oriented Lock-Down Point,Slashing Oriented Lock-Down Point
Delon Wright,2018-19,10,11,Slashing Oriented Lock-Down Point,Slashing Oriented Lock-Down Point
Delon Wright,2019-20,10,11,Slashing Oriented Lock-Down Point,Slashing Oriented Lock-Down Point
Delon Wright,2024-25,10,11,Slashing Oriented Lock-Down Point,Slashing Oriented Lock-Down Point
Dennis Smith Jr.,2019-20,10,11,Slashing Oriented Lock-Down Point,Slashing Oriented Lock-Down Point
Dennis Smith Jr.,2021-22,10,11,Slashing Oriented Lock-Down Point,Slashing Oriented Lock-Down Point
Dennis Smith Jr.,2022-23,10,11,Slashing Oriented Lock-Down Point,Slashing Oriented Lock-Down Point
Dennis Smith Jr.,2023-24,10,11,Slashing Oriented Lock-Down Point,Slashing Oriented Lock-Down Point
Derrick White,2018-19,10,11,Slashing Oriented Lock-Down Point,Slashing Oriented Lock-Down Point
Derrick White,2021-22,10,11,Slashing Oriented Lock-Down Point,Slashing Oriented Lock-Down Point
Devin Carter,2025-26,10,11,Slashing Oriented Lock-Down Point,Slashing Oriented Lock-Down Point
Dru Smith,2025-26,10,11,Slashing Oriented Lock-Down Point,Slashing Oriented Lock-Down Point
Dyson Daniels,2022-23,10,11,Slashing Oriented Lock-Down Point,Slashing Oriented Lock-Down Point
Dyson Daniels,2024-25,10,11,Slashing Oriented Lock-Down Point,Slashing Oriented Lock-Down Point
Dyson Daniels,2025-26,10,11,Slashing Oriented Lock-Down Point,Slashing Oriented Lock-Down Point
Elfrid Payton,2016-17,10,11,Slashing Oriented Lock-Down Point,Slashing Oriented Lock-Down Point
Elfrid Payton,2018-19,10,11,Slashing Oriented Lock-Down Point,Slashing Oriented Lock-Down Point
Elfrid Payton,2019-20,10,11,Slashing Oriented Lock-Down Point,Slashing Oriented Lock-Down Point
Elfrid Payton,2020-21,10,11,Slashing Oriented Lock-Down Point,Slashing Oriented Lock-Down Point
Elie Okobo,2018-19,10,11,Slashing Oriented Lock-Down Point,Slashing Oriented Lock-Down Point
Elijah Harkless,2025-26,10,11,Slashing Oriented Lock-Down Point,Slashing Oriented Lock-Down Point
Eric Bledsoe,2021-22,10,11,Slashing Oriented Lock-Down Point,Slashing Oriented Lock-Down Point
Evan Turner,2018-19,10,11,Slashing Oriented Lock-Down Point,Slashing Oriented Lock-Down Point
Frank Ntilikina,2017-18,10,11,Slashing Oriented Lock-Down Point,Slashing Oriented Lock-Down Point
Frank Ntilikina,2018-19,10,11,Slashing Oriented Lock-Down Point,Slashing Oriented Lock-Down Point
Isaiah Collier,2024-25,10,11,Slashing Oriented Lock-Down Point,Slashing Oriented Lock-Down Point
Isaiah Taylor,2017-18,10,11,Slashing Oriented Lock-Down Point,Slashing Oriented Lock-Down Point
Isaiah Whitehead,2016-17,10,11,Slashing Oriented Lock-Down Point,Slashing Oriented Lock-Down Point
Jahmai Mashack,2025-26,10,11,Slashing Oriented Lock-Down Point,Slashing Oriented Lock-Down Point
Jalen Suggs,2021-22,10,11,Slashing Oriented Lock-Down Point,Slashing Oriented Lock-Down Point
Jawun Evans,2017-18,10,11,Slashing Oriented Lock-Down Point,Slashing Oriented Lock-Down Point
John Wall,2022-23,10,11,Slashing Oriented Lock-Down Point,Slashing Oriented Lock-Down Point
Jonathon Simmons,2016-17,10,11,Slashing Oriented Lock-Down Point,Slashing Oriented Lock-Down Point
Jordan Goodwin,2022-23,10,11,Slashing Oriented Lock-Down Point,Slashing Oriented Lock-Down Point
Jordan Goodwin,2023-24,10,11,Slashing Oriented Lock-Down Point,Slashing Oriented Lock-Down Point
Josh Giddey,2023-24,10,11,Slashing Oriented Lock-Down Point,Slashing Oriented Lock-Down Point
Josh Hart,2024-25,10,11,Slashing Oriented Lock-Down Point,Slashing Oriented Lock-Down Point
KJ Simpson,2024-25,10,11,Slashing Oriented Lock-Down Point,Slashing Oriented Lock-Down Point
Keaton Wallace,2024-25,10,11,Slashing Oriented Lock-Down Point,Slashing Oriented Lock-Down Point
Keon Johnson,2021-22,10,11,Slashing Oriented Lock-Down Point,Slashing Oriented Lock-Down Point
Killian Hayes,2020-21,10,11,Slashing Oriented Lock-Down Point,Slashing Oriented Lock-Down Point
Killian Hayes,2021-22,10,11,Slashing Oriented Lock-Down Point,Slashing Oriented Lock-Down Point
Kira Lewis Jr.,2020-21,10,11,Slashing Oriented Lock-Down Point,Slashing Oriented Lock-Down Point
Kobi Simmons,2017-18,10,11,Slashing Oriented Lock-Down Point,Slashing Oriented Lock-Down Point
Kris Dunn,2016-17,10,11,Slashing Oriented Lock-Down Point,Slashing Oriented Lock-Down Point
Kris Dunn,2019-20,10,11,Slashing Oriented Lock-Down Point,Slashing Oriented Lock-Down Point
Kris Dunn,2023-24,10,11,Slashing Oriented Lock-Down Point,Slashing Oriented Lock-Down Point
Ky Bowman,2019-20,10,11,Slashing Oriented Lock-Down Point,Slashing Oriented Lock-Down Point
Malcolm Brogdon,2016-17,10,11,Slashing Oriented Lock-Down Point,Slashing Oriented Lock-Down Point
Mario Chalmers,2017-18,10,11,Slashing Oriented Lock-Down Point,Slashing Oriented Lock-Down Point
Markelle Fultz,2023-24,10,11,Slashing Oriented Lock-Down Point,Slashing Oriented Lock-Down Point
Michael Carter-Williams,2016-17,10,11,Slashing Oriented Lock-Down Point,Slashing Oriented Lock-Down Point
Michael Carter-Williams,2017-18,10,11,Slashing Oriented Lock-Down Point,Slashing Oriented Lock-Down Point
Michael Carter-Williams,2019-20,10,11,Slashing Oriented Lock-Down Point,Slashing Oriented Lock-Down Point
Michael Carter-Williams,2020-21,10,11,Slashing Oriented Lock-Down Point,Slashing Oriented Lock-Down Point
Patrick Beverley,2023-24,10,11,Slashing Oriented Lock-Down Point,Slashing Oriented Lock-Down Point
Quenton Jackson,2025-26,10,11,Slashing Oriented Lock-Down Point,Slashing Oriented Lock-Down Point
R.J. Hampton,2021-22,10,11,Slashing Oriented Lock-Down Point,Slashing Oriented Lock-Down Point
Ramon Sessions,2016-17,10,11,Slashing Oriented Lock-Down Point,Slashing Oriented Lock-Down Point
Raymond Felton,2016-17,10,11,Slashing Oriented Lock-Down Point,Slashing Oriented Lock-Down Point
Ron Baker,2016-17,10,11,Slashing Oriented Lock-Down Point,Slashing Oriented Lock-Down Point
Russell Westbrook,2023-24,10,11,Slashing Oriented Lock-Down Point,Slashing Oriented Lock-Down Point
Russell Westbrook,2024-25,10,11,Slashing Oriented Lock-Down Point,Slashing Oriented Lock-Down Point
Saben Lee,2021-22,10,11,Slashing Oriented Lock-Down Point,Slashing Oriented Lock-Down Point
Scotty Pippen Jr.,2024-25,10,11,Slashing Oriented Lock-Down Point,Slashing Oriented Lock-Down Point
Shaquille Harrison,2018-19,10,11,Slashing Oriented Lock-Down Point,Slashing Oriented Lock-Down Point
Shaun Livingston,2016-17,10,11,Slashing Oriented Lock-Down Point,Slashing Oriented Lock-Down Point
Shaun Livingston,2017-18,10,11,Slashing Oriented Lock-Down Point,Slashing Oriented Lock-Down Point
Shaun Livingston,2018-19,10,11,Slashing Oriented Lock-Down Point,Slashing Oriented Lock-Down Point
Stephon Castle,2024-25,10,11,Slashing Oriented Lock-Down Point,Slashing Oriented Lock-Down Point
Talen Horton-Tucker,2020-21,10,11,Slashing Oriented Lock-Down Point,Slashing Oriented Lock-Down Point
Talen Horton-Tucker,2021-22,10,11,Slashing Oriented Lock-Down Point,Slashing Oriented Lock-Down Point
Theo Maledon,2021-22,10,11,Slashing Oriented Lock-Down Point,Slashing Oriented Lock-Down Point
Theo Maledon,2022-23,10,11,Slashing Oriented Lock-Down Point,Slashing Oriented Lock-Down Point
Tyler Johnson,2016-17,10,11,Slashing Oriented Lock-Down Point,Slashing Oriented Lock-Down Point
Allonzo Trier,2018-19,11,12,3-Level Scoring Machine,3-Level Scoring Machine
Anfernee Simons,2021-22,11,12,3-Level Scoring Machine,3-Level Scoring Machine
Anfernee Simons,2022-23,11,12,3-Level Scoring Machine,3-Level Scoring Machine
Anfernee Simons,2024-25,11,12,3-Level Scoring Machine,3-Level Scoring Machine
Anfernee Simons,2025-26,11,12,3-Level Scoring Machine,3-Level Scoring Machine
Anthony Edwards,2022-23,11,12,3-Level Scoring Machine,3-Level Scoring Machine
Anthony Edwards,2023-24,11,12,3-Level Scoring Machine,3-Level Scoring Machine
Anthony Edwards,2024-25,11,12,3-Level Scoring Machine,3-Level Scoring Machine
Anthony Edwards,2025-26,11,12,3-Level Scoring Machine,3-Level Scoring Machine
Bradley Beal,2017-18,11,12,3-Level Scoring Machine,3-Level Scoring Machine
Bradley Beal,2018-19,11,12,3-Level Scoring Machine,3-Level Scoring Machine
Bradley Beal,2019-20,11,12,3-Level Scoring Machine,3-Level Scoring Machine
Bradley Beal,2020-21,11,12,3-Level Scoring Machine,3-Level Scoring Machine
Bradley Beal,2023-24,11,12,3-Level Scoring Machine,3-Level Scoring Machine
Bradley Beal,2024-25,11,12,3-Level Scoring Machine,3-Level Scoring Machine
Brandon Boston,2024-25,11,12,3-Level Scoring Machine,3-Level Scoring Machine
Brandon Knight,2016-17,11,12,3-Level Scoring Machine,3-Level Scoring Machine
CJ McCollum,2016-17,11,12,3-Level Scoring Machine,3-Level Scoring Machine
CJ McCollum,2017-18,11,12,3-Level Scoring Machine,3-Level Scoring Machine
CJ McCollum,2018-19,11,12,3-Level Scoring Machine,3-Level Scoring Machine
CJ McCollum,2019-20,11,12,3-Level Scoring Machine,3-Level Scoring Machine
CJ McCollum,2020-21,11,12,3-Level Scoring Machine,3-Level Scoring Machine
CJ McCollum,2021-22,11,12,3-Level Scoring Machine,3-Level Scoring Machine
CJ McCollum,2022-23,11,12,3-Level Scoring Machine,3-Level Scoring Machine
CJ McCollum,2023-24,11,12,3-Level Scoring Machine,3-Level Scoring Machine
CJ McCollum,2024-25,11,12,3-Level Scoring Machine,3-Level Scoring Machine
CJ McCollum,2025-26,11,12,3-Level Scoring Machine,3-Level Scoring Machine
Cam Thomas,2021-22,11,12,3-Level Scoring Machine,3-Level Scoring Machine
Cam Thomas,2022-23,11,12,3-Level Scoring Machine,3-Level Scoring Machine
Cam Thomas,2023-24,11,12,3-Level Scoring Machine,3-Level Scoring Machine
Cam Thomas,2025-26,11,12,3-Level Scoring Machine,3-Level Scoring Machine
Collin Sexton,2018-19,11,12,3-Level Scoring Machine,3-Level Scoring Machine
Collin Sexton,2019-20,11,12,3-Level Scoring Machine,3-Level Scoring Machine
Collin Sexton,2020-21,11,12,3-Level Scoring Machine,3-Level Scoring Machine
Collin Sexton,2024-25,11,12,3-Level Scoring Machine,3-Level Scoring Machine
D'Angelo Russell,2019-20,11,12,3-Level Scoring Machine,3-Level Scoring Machine
D'Angelo Russell,2020-21,11,12,3-Level Scoring Machine,3-Level Scoring Machine
D'Angelo Russell,2025-26,11,12,3-Level Scoring Machine,3-Level Scoring Machine
De'Aaron Fox,2023-24,11,12,3-Level Scoring Machine,3-Level Scoring Machine
Dejounte Murray,2023-24,11,12,3-Level Scoring Machine,3-Level Scoring Machine
Dennis Schroder,2019-20,11,12,3-Level Scoring Machine,3-Level Scoring Machine
Desmond Bane,2023-24,11,12,3-Level Scoring Machine,3-Level Scoring Machine
Desmond Bane,2024-25,11,12,3-Level Scoring Machine,3-Level Scoring Machine
Desmond Bane,2025-26,11,12,3-Level Scoring Machine,3-Level Scoring Machine
Devin Booker,2016-17,11,12,3-Level Scoring Machine,3-Level Scoring Machine
Devin Booker,2017-18,11,12,3-Level Scoring Machine,3-Level Scoring Machine
Devin Booker,2018-19,11,12,3-Level Scoring Machine,3-Level Scoring Machine
Devin Booker,2019-20,11,12,3-Level Scoring Machine,3-Level Scoring Machine
Devin Booker,2020-21,11,12,3-Level Scoring Machine,3-Level Scoring Machine
Devin Booker,2021-22,11,12,3-Level Scoring Machine,3-Level Scoring Machine
Devin Vassell,2023-24,11,12,3-Level Scoring Machine,3-Level Scoring Machine
Devin Vassell,2024-25,11,12,3-Level Scoring Machine,3-Level Scoring Machine
Dillon Brooks,2019-20,11,12,3-Level Scoring Machine,3-Level Scoring Machine
Dion Waiters,2016-17,11,12,3-Level Scoring Machine,3-Level Scoring Machine
Donovan Mitchell,2017-18,11,12,3-Level Scoring Machine,3-Level Scoring Machine
Donovan Mitchell,2018-19,11,12,3-Level Scoring Machine,3-Level Scoring Machine
Donovan Mitchell,2019-20,11,12,3-Level Scoring Machine,3-Level Scoring Machine
Dwyane Wade,2017-18,11,12,3-Level Scoring Machine,3-Level Scoring Machine
Dwyane Wade,2018-19,11,12,3-Level Scoring Machine,3-Level Scoring Machine
Isaiah Thomas,2017-18,11,12,3-Level Scoring Machine,3-Level Scoring Machine
Isaiah Thomas,2019-20,11,12,3-Level Scoring Machine,3-Level Scoring Machine
Jaden Hardy,2024-25,11,12,3-Level Scoring Machine,3-Level Scoring Machine
Jalen Green,2022-23,11,12,3-Level Scoring Machine,3-Level Scoring Machine
Jalen Green,2023-24,11,12,3-Level Scoring Machine,3-Level Scoring Machine
Jalen Green,2024-25,11,12,3-Level Scoring Machine,3-Level Scoring Machine
Jalen Green,2025-26,11,12,3-Level Scoring Machine,3-Level Scoring Machine
Jamal Crawford,2016-17,11,12,3-Level Scoring Machine,3-Level Scoring Machine
Jamal Crawford,2017-18,11,12,3-Level Scoring Machine,3-Level Scoring Machine
Jamal Crawford,2018-19,11,12,3-Level Scoring Machine,3-Level Scoring Machine
Jamal Murray,2018-19,11,12,3-Level Scoring Machine,3-Level Scoring Machine
Jamal Murray,2019-20,11,12,3-Level Scoring Machine,3-Level Scoring Machine
Jamal Murray,2020-21,11,12,3-Level Scoring Machine,3-Level Scoring Machine
Jamal Murray,2022-23,11,12,3-Level Scoring Machine,3-Level Scoring Machine
Jaylen Brown,2020-21,11,12,3-Level Scoring Machine,3-Level Scoring Machine
Jeremy Lamb,2016-17,11,12,3-Level Scoring Machine,3-Level Scoring Machine
Jeremy Lamb,2017-18,11,12,3-Level Scoring Machine,3-Level Scoring Machine
Jeremy Lamb,2019-20,11,12,3-Level Scoring Machine,3-Level Scoring Machine
Jimmy Butler III,2018-19,11,12,3-Level Scoring Machine,3-Level Scoring Machine
Jordan Clarkson,2016-17,11,12,3-Level Scoring Machine,3-Level Scoring Machine
Jordan Clarkson,2017-18,11,12,3-Level Scoring Machine,3-Level Scoring Machine
Jordan Clarkson,2018-19,11,12,3-Level Scoring Machine,3-Level Scoring Machine
Jordan Clarkson,2020-21,11,12,3-Level Scoring Machine,3-Level Scoring Machine
Jordan Clarkson,2021-22,11,12,3-Level Scoring Machine,3-Level Scoring Machine
Jordan Clarkson,2022-23,11,12,3-Level Scoring Machine,3-Level Scoring Machine
Jordan Clarkson,2023-24,11,12,3-Level Scoring Machine,3-Level Scoring Machine
Jordan Clarkson,2024-25,11,12,3-Level Scoring Machine,3-Level Scoring Machine
Jordan McRae,2019-20,11,12,3-Level Scoring Machine,3-Level Scoring Machine
Jordan Poole,2023-24,11,12,3-Level Scoring Machine,3-Level Scoring Machine
Josh Richardson,2019-20,11,12,3-Level Scoring Machine,3-Level Scoring Machine
Kendrick Nunn,2019-20,11,12,3-Level Scoring Machine,3-Level Scoring Machine
Keyonte George,2025-26,11,12,3-Level Scoring Machine,3-Level Scoring Machine
Kyrie Irving,2018-19,11,12,3-Level Scoring Machine,3-Level Scoring Machine
Kyrie Irving,2021-22,11,12,3-Level Scoring Machine,3-Level Scoring Machine
Kyrie Irving,2022-23,11,12,3-Level Scoring Machine,3-Level Scoring Machine
Kyrie Irving,2023-24,11,12,3-Level Scoring Machine,3-Level Scoring Machine
Kyrie Irving,2024-25,11,12,3-Level Scoring Machine,3-Level Scoring Machine
Lou Williams,2016-17,11,12,3-Level Scoring Machine,3-Level Scoring Machine
Lou Williams,2017-18,11,12,3-Level Scoring Machine,3-Level Scoring Machine
Lou Williams,2019-20,11,12,3-Level Scoring Machine,3-Level Scoring Machine
Malik Monk,2025-26,11,12,3-Level Scoring Machine,3-Level Scoring Machine
Mikal Bridges,2022-23,11,12,3-Level Scoring Machine,3-Level Scoring Machine
Nick Smith Jr.,2024-25,11,12,3-Level Scoring Machine,3-Level Scoring Machine
Norman Powell,2024-25,11,12,3-Level Scoring Machine,3-Level Scoring Machine
Norman Powell,2025-26,11,12,3-Level Scoring Machine,3-Level Scoring Machine
Reggie Jackson,2021-22,11,12,3-Level Scoring Machine,3-Level Scoring Machine
Rodney Hood,2016-17,11,12,3-Level Scoring Machine,3-Level Scoring Machine
Rodney Hood,2017-18,11,12,3-Level Scoring Machine,3-Level Scoring Machine
Rodney Hood,2018-19,11,12,3-Level Scoring Machine,3-Level Scoring Machine
Rodney Stuckey,2016-17,11,12,3-Level Scoring Machine,3-Level Scoring Machine
Shaedon Sharpe,2024-25,11,12,3-Level Scoring Machine,3-Level Scoring Machine
Shaedon Sharpe,2025-26,11,12,3-Level Scoring Machine,3-Level Scoring Machine
Shake Milton,2020-21,11,12,3-Level Scoring Machine,3-Level Scoring Machine
Terrence Ross,2020-21,11,12,3-Level Scoring Machine,3-Level Scoring Machine
Terry Rozier,2020-21,11,12,3-Level Scoring Machine,3-Level Scoring Machine
Terry Rozier,2022-23,11,12,3-Level Scoring Machine,3-Level Scoring Machine
Terry Rozier,2023-24,11,12,3-Level Scoring Machine,3-Level Scoring Machine
Tre Johnson,2025-26,11,12,3-Level Scoring Machine,3-Level Scoring Machine
Tyler Herro,2020-21,11,12,3-Level Scoring Machine,3-Level Scoring Machine
Tyler Herro,2021-22,11,12,3-Level Scoring Machine,3-Level Scoring Machine
Tyler Herro,2022-23,11,12,3-Level Scoring Machine,3-Level Scoring Machine
Tyler Herro,2023-24,11,12,3-Level Scoring Machine,3-Level Scoring Machine
Tyler Herro,2024-25,11,12,3-Level Scoring Machine,3-Level Scoring Machine
Tyler Herro,2025-26,11,12,3-Level Scoring Machine,3-Level Scoring Machine
VJ Edgecombe,2025-26,11,12,3-Level Scoring Machine,3-Level Scoring Machine
Victor Oladipo,2017-18,11,12,3-Level Scoring Machine,3-Level Scoring Machine
Victor Oladipo,2018-19,11,12,3-Level Scoring Machine,3-Level Scoring Machine
Victor Oladipo,2020-21,11,12,3-Level Scoring Machine,3-Level Scoring Machine
Zach LaVine,2018-19,11,12,3-Level Scoring Machine,3-Level Scoring Machine
Zach LaVine,2020-21,11,12,3-Level Scoring Machine,3-Level Scoring Machine
Zach LaVine,2021-22,11,12,3-Level Scoring Machine,3-Level Scoring Machine
Zach LaVine,2022-23,11,12,3-Level Scoring Machine,3-Level Scoring Machine
Zach LaVine,2024-25,11,12,3-Level Scoring Machine,3-Level Scoring Machine
Zach LaVine,2025-26,11,12,3-Level Scoring Machine,3-Level Scoring Machine
