Player Name,teams_played,Season,GP,MP,Avg2ptShotDistance,Avg3ptShotDistance,OffPoss,DefPoss,Offensive Fouls Drawn,pullup_gp,pullup_w,pullup_l,pullup_min,pullup_pull_up_fgm,pullup_pull_up_fga,pullup_pull_up_fg_pct,pullup_pull_up_pts,pullup_pull_up_fg3m,pullup_pull_up_fg3a,pullup_pull_up_fg3_pct,pullup_pull_up_efg_pct
AJ Green,MIL,2025-26,78.0,29.102564102564106,10.3328125,25.710469314079425,4609.0,4627.0,13.0,78.0,31.0,47.0,29.1,0.9,2.2,0.425,2.7,0.8,1.8,0.424,0.595
Aaron Brooks,"DEN,HOU",2013-14,72.0,21.625,7.225225225225225,25.94838709677419,3169.0,3170.0,13.0,72.0,42.0,30.0,21.6,0.9,2.6,0.34,2.2,0.4,1.3,0.301,0.415
Aaron Brooks,CHI,2014-15,82.0,22.98780487804878,6.7595238095238095,25.885303514376997,3630.0,3602.0,7.0,82.0,50.0,32.0,23.0,1.4,3.6,0.391,3.5,0.6,1.8,0.358,0.481
Aaron Brooks,CHI,2015-16,69.0,16.057971014492754,7.273591549295774,26.452972972972972,2181.0,2184.0,7.0,69.0,36.0,33.0,16.1,1.0,2.8,0.338,2.3,0.4,1.4,0.303,0.415
Aaron Gordon,ORL,2014-15,47.0,16.95744680851064,4.8875,24.989583333333332,1527.0,1574.0,3.0,47.0,14.0,33.0,17.0,0.1,0.4,0.3,0.3,0.0,0.0,0.5,0.325
Aaron Gordon,ORL,2015-16,78.0,23.884615384615383,5.692677345537757,26.10211267605634,3726.0,3760.0,3.0,78.0,32.0,46.0,23.9,0.4,1.2,0.355,0.9,0.0,0.1,0.182,0.366
Aaron Gordon,ORL,2016-17,80.0,28.725,7.074080267558529,25.281273408239706,4598.0,4636.0,7.0,80.0,29.0,51.0,28.7,1.0,3.0,0.331,2.2,0.2,0.8,0.231,0.362
Aaron Gordon,ORL,2017-18,58.0,32.91379310344828,7.495793499043978,25.42485380116959,3943.0,3934.0,4.0,58.0,19.0,39.0,32.9,1.3,4.4,0.295,3.0,0.4,1.8,0.219,0.341
Aaron Gordon,DEN,2025-26,36.0,27.916666666666668,6.096680497925311,25.350955414012734,2056.0,2067.0,1.0,36.0,27.0,9.0,27.9,1.0,2.8,0.364,2.4,0.4,1.3,0.311,0.434
Aaron Nesmith,IND,2025-26,45.0,29.666666666666668,7.479148936170213,25.528880866425993,2808.0,2818.0,21.0,45.0,10.0,35.0,29.7,1.0,2.8,0.352,2.2,0.3,1.1,0.255,0.404
Aaron Wiggins,OKC,2025-26,65.0,21.753846153846155,4.717293233082707,25.26407407407407,2925.0,2943.0,1.0,65.0,50.0,15.0,21.8,0.6,1.6,0.359,1.4,0.3,1.0,0.323,0.456
Ace Bailey,UTA,2025-26,72.0,27.61111111111111,9.494331983805669,25.058040201005024,4241.0,4266.0,2.0,72.0,19.0,53.0,27.6,1.8,4.3,0.416,4.2,0.6,1.4,0.413,0.485
Adem Bona,PHI,2025-26,71.0,17.380281690140844,2.0714953271028036,23.53333333333333,2555.0,2592.0,5.0,71.0,41.0,30.0,17.4,0.0,0.0,0.0,0.0,0.0,0.0,0.0,0.0
Adreian Payne,"ATL,MIN",2014-15,32.0,23.09375,9.930805687203792,24.5,1417.0,1421.0,4.0,32.0,7.0,25.0,23.1,0.3,0.7,0.435,0.6,0.0,0.0,0.0,0.435
Ajay Mitchell,OKC,2025-26,57.0,25.842105263157897,6.333333333333333,25.005113636363635,3082.0,3069.0,22.0,57.0,50.0,7.0,25.8,1.2,2.5,0.472,2.7,0.3,0.9,0.373,0.538
Al Harrington,WAS,2013-14,34.0,15.029411764705882,5.34766355140187,25.421999999999997,986.0,976.0,8.0,34.0,20.0,14.0,15.0,0.1,0.5,0.125,0.1,0.0,0.1,0.0,0.125
Al Horford,ATL,2013-14,29.0,33.03448275862069,9.81442542787286,23.436363636363637,1900.0,1890.0,2.0,29.0,16.0,13.0,33.0,0.2,0.8,0.25,0.4,0.0,0.1,0.0,0.25
Al Horford,ATL,2014-15,76.0,30.5,10.08611410118407,24.12777777777778,4503.0,4505.0,2.0,76.0,56.0,20.0,30.5,0.2,0.5,0.405,0.4,0.0,0.0,0.0,0.405
Al Horford,ATL,2015-16,82.0,32.08536585365854,8.879419191919192,24.555859375,5319.0,5291.0,1.0,82.0,48.0,34.0,32.1,0.1,0.4,0.345,0.2,0.0,0.0,0.0,0.345
Al Horford,BOS,2016-17,68.0,32.25,8.500894454382827,24.884710743801655,4393.0,4370.0,3.0,68.0,46.0,22.0,32.3,0.4,1.2,0.304,0.7,0.0,0.0,0.333,0.31
Al Horford,BOS,2017-18,72.0,31.625,8.107210626185958,25.47920353982301,4512.0,4504.0,3.0,72.0,47.0,25.0,31.6,0.6,1.5,0.37,1.2,0.1,0.1,0.833,0.394
Al Horford,GSW,2025-26,45.0,21.533333333333335,5.86,25.55268292682927,1997.0,1984.0,0.0,45.0,22.0,23.0,21.5,0.1,0.3,0.429,0.3,0.0,0.1,0.25,0.464
Al Jefferson,CHA,2013-14,73.0,34.97260273972603,8.631520940484938,38.17333333333333,4893.0,4885.0,10.0,73.0,38.0,35.0,35.0,0.7,1.7,0.408,1.4,0.0,0.0,1.0,0.416
Al Jefferson,CHA,2014-15,65.0,30.646153846153847,8.125771144278607,25.619999999999997,3845.0,3815.0,6.0,65.0,25.0,40.0,30.6,0.5,1.5,0.34,1.1,0.0,0.0,1.0,0.345
Al Jefferson,CHA,2015-16,47.0,23.340425531914892,8.313465346534654,0.0,2164.0,2171.0,2.0,47.0,33.0,14.0,23.3,0.3,0.9,0.366,0.6,0.0,0.0,0.0,0.366
Al Farouq Aminu,NOP,2013-14,80.0,25.5625,6.94439461883408,24.38125,3896.0,3958.0,8.0,80.0,33.0,47.0,25.6,0.2,0.4,0.343,0.3,0.0,0.0,0.0,0.343
Al Farouq Aminu,DAL,2014-15,74.0,18.45945945945946,4.603004291845494,24.0991935483871,2693.0,2751.0,5.0,74.0,45.0,29.0,18.5,0.1,0.3,0.381,0.2,0.0,0.0,0.0,0.381
Al Farouq Aminu,POR,2015-16,82.0,28.548780487804876,6.698108108108109,24.445558739255013,4716.0,4725.0,15.0,82.0,44.0,38.0,28.5,0.5,1.3,0.375,1.0,0.1,0.3,0.381,0.413
Al Farouq Aminu,POR,2016-17,61.0,29.0655737704918,4.867716535433071,24.604716981132075,3520.0,3538.0,11.0,61.0,33.0,28.0,29.1,0.2,0.6,0.378,0.5,0.0,0.1,0.167,0.392
Al Farouq Aminu,POR,2017-18,69.0,30.028985507246375,5.826337448559671,24.938348082595873,4169.0,4156.0,8.0,69.0,40.0,29.0,30.0,0.2,1.0,0.209,0.5,0.1,0.4,0.36,0.276
Alan Anderson,BKN,2013-14,78.0,22.71794871794872,8.89493670886076,24.821370967741935,3350.0,3372.0,25.0,78.0,43.0,35.0,22.7,0.5,1.5,0.333,1.1,0.1,0.5,0.25,0.376
Alan Anderson,BKN,2014-15,74.0,23.56756756756757,7.587826086956522,25.46904761904762,3385.0,3399.0,19.0,74.0,35.0,39.0,23.6,0.5,1.4,0.34,1.1,0.2,0.6,0.317,0.403
Alan Williams,PHX,2016-17,47.0,15.063829787234043,4.385338345864661,77.1,1476.0,1487.0,1.0,47.0,11.0,36.0,15.1,0.0,0.1,0.167,0.0,0.0,0.0,0.0,0.167
Alec Burks,UTA,2013-14,78.0,28.115384615384617,8.25843023255814,26.887412587412587,4178.0,4190.0,20.0,78.0,24.0,54.0,28.1,1.2,3.3,0.349,2.5,0.1,0.6,0.22,0.37
Alec Burks,UTA,2014-15,27.0,33.2962962962963,9.086637931034485,25.420588235294115,1693.0,1692.0,11.0,27.0,9.0,18.0,33.3,1.6,4.3,0.365,3.4,0.3,0.9,0.333,0.4
Alec Burks,UTA,2015-16,31.0,25.70967741935484,8.729803921568626,24.936708860759495,1540.0,1552.0,6.0,31.0,13.0,18.0,25.7,1.6,4.4,0.363,3.6,0.4,1.0,0.406,0.411
Alec Burks,UTA,2016-17,42.0,15.547619047619047,7.755232558139536,24.61842105263158,1266.0,1274.0,2.0,42.0,26.0,16.0,15.5,0.8,1.9,0.425,1.7,0.1,0.5,0.238,0.456
Alec Burks,UTA,2017-18,64.0,16.546875,7.69264705882353,25.37957746478873,2093.0,2094.0,4.0,64.0,37.0,27.0,16.5,0.9,2.3,0.367,2.1,0.4,1.1,0.353,0.447
Alex Abrines,OKC,2016-17,68.0,15.514705882352942,8.390425531914895,25.221457489878546,2172.0,2138.0,10.0,68.0,37.0,31.0,15.5,0.2,0.7,0.271,0.5,0.1,0.4,0.208,0.323
Alex Abrines,OKC,2017-18,75.0,15.12,6.8,25.302262443438917,2256.0,2231.0,3.0,75.0,42.0,33.0,15.1,0.1,0.3,0.286,0.2,0.0,0.1,0.091,0.31
Alex Caruso,LAL,2017-18,37.0,15.18918918918919,6.5,26.651162790697676,1159.0,1168.0,5.0,37.0,16.0,21.0,15.2,0.3,1.0,0.289,0.8,0.2,0.5,0.3,0.368
Alex Caruso,OKC,2025-26,56.0,18.214285714285715,3.953781512605042,24.639226519337015,2129.0,2141.0,14.0,56.0,47.0,9.0,18.2,0.1,0.5,0.267,0.3,0.1,0.4,0.15,0.317
Alex Len,PHX,2014-15,69.0,22.0,5.991999999999999,29.666666666666668,3070.0,3070.0,7.0,69.0,35.0,34.0,22.0,0.1,0.2,0.308,0.1,0.0,0.0,0.0,0.308
Alex Len,PHX,2015-16,78.0,23.346153846153847,7.1131280388978935,24.4,3711.0,3690.0,2.0,78.0,23.0,55.0,23.3,0.1,0.4,0.25,0.2,0.0,0.0,0.0,0.25
Alex Len,PHX,2016-17,77.0,20.25974025974026,5.67649667405765,29.53333333333333,3244.0,3263.0,1.0,77.0,21.0,56.0,20.3,0.1,0.2,0.294,0.1,0.0,0.0,0.0,0.294
Alex Len,PHX,2017-18,69.0,20.217391304347824,3.012,25.133333333333336,2919.0,2910.0,2.0,69.0,20.0,49.0,20.2,0.0,0.0,0.0,0.0,0.0,0.0,0.0,0.0
Alex Sarr,WAS,2025-26,48.0,27.1875,5.961067193675889,25.893333333333334,2755.0,2774.0,1.0,48.0,11.0,37.0,27.2,0.6,1.6,0.342,1.2,0.1,0.4,0.278,0.373
Alexey Shved,"HOU,NYK,PHI",2014-15,42.0,18.261904761904763,6.125,26.399280575539567,1516.0,1511.0,4.0,42.0,10.0,32.0,18.3,0.9,2.7,0.319,2.2,0.5,1.6,0.319,0.416
Alexis Ajinca,NOP,2013-14,56.0,16.964285714285715,6.670967741935484,26.2,1804.0,1801.0,5.0,56.0,22.0,34.0,17.0,0.0,0.1,0.333,0.1,0.0,0.0,0.0,0.333
Allen Crabbe,POR,2015-16,81.0,25.987654320987655,12.636641221374044,24.584561403508772,4235.0,4209.0,3.0,81.0,43.0,38.0,26.0,1.2,2.7,0.44,2.4,0.0,0.3,0.19,0.449
Allen Crabbe,POR,2016-17,79.0,28.531645569620252,11.521159420289855,24.6635761589404,4568.0,4530.0,3.0,79.0,39.0,40.0,28.5,0.8,1.7,0.457,1.7,0.1,0.2,0.294,0.475
Allen Crabbe,BKN,2017-18,75.0,29.226666666666667,10.910169491525425,25.802443609022557,4519.0,4488.0,7.0,75.0,25.0,50.0,29.3,0.9,2.7,0.323,2.0,0.2,1.0,0.247,0.368
Alonzo Gee,CLE,2013-14,65.0,15.692307692307692,6.860674157303371,25.4948275862069,1983.0,2027.0,1.0,65.0,29.0,36.0,15.7,0.1,0.7,0.13,0.2,0.0,0.1,0.143,0.141
Alonzo Gee,NOP,2015-16,73.0,22.356164383561644,3.918974358974359,23.778333333333332,3280.0,3323.0,8.0,73.0,27.0,46.0,22.4,0.1,0.3,0.174,0.1,0.0,0.1,0.2,0.196
Alperen Sengun,HOU,2025-26,72.0,33.30555555555556,6.177217741935484,26.427480916030536,4788.0,4777.0,14.0,72.0,46.0,26.0,33.3,0.9,2.8,0.338,2.0,0.1,0.4,0.346,0.361
Amare Stoudemire,NYK,2013-14,65.0,22.553846153846155,7.646057347670251,0.0,2708.0,2694.0,7.0,65.0,26.0,39.0,22.6,0.1,0.3,0.294,0.2,0.0,0.0,0.0,0.294
Amare Stoudemire,"DAL,NYK",2014-15,59.0,21.10169491525424,5.525925925925926,37.05,2373.0,2349.0,9.0,59.0,19.0,40.0,21.1,0.1,0.4,0.333,0.2,0.0,0.0,0.0,0.333
Amen Thompson,HOU,2025-26,79.0,37.37974683544304,5.689116379310345,24.601724137931036,5880.0,5952.0,11.0,79.0,49.0,30.0,37.4,0.6,2.1,0.301,1.3,0.0,0.2,0.105,0.307
Amir Johnson,TOR,2013-14,77.0,28.753246753246753,5.754395604395604,24.886363636363637,4206.0,4192.0,13.0,77.0,43.0,34.0,28.8,0.1,0.2,0.385,0.1,0.0,0.0,0.0,0.385
Amir Johnson,TOR,2014-15,75.0,26.386666666666667,4.052431289640592,24.980434782608693,3820.0,3836.0,5.0,75.0,44.0,31.0,26.4,0.0,0.0,0.667,0.1,0.0,0.0,0.0,0.667
Amir Johnson,BOS,2015-16,79.0,22.78481012658228,3.308355091383812,25.88372093023256,3619.0,3655.0,8.0,79.0,45.0,34.0,22.8,0.1,0.1,0.4,0.1,0.0,0.1,0.25,0.45
Amir Johnson,BOS,2016-17,80.0,20.1,3.196710526315789,24.759090909090908,3156.0,3195.0,6.0,80.0,51.0,29.0,20.1,0.0,0.1,0.375,0.1,0.0,0.1,0.4,0.5
Amir Johnson,PHI,2017-18,74.0,15.81081081081081,4.385964912280702,25.625,2418.0,2442.0,4.0,74.0,47.0,27.0,15.8,0.0,0.1,0.333,0.1,0.0,0.0,0.0,0.333
Anderson Varejao,CLE,2013-14,65.0,27.692307692307693,7.88716814159292,33.785714285714285,3419.0,3431.0,21.0,65.0,25.0,40.0,27.7,0.2,0.4,0.407,0.3,0.0,0.0,0.0,0.407
Anderson Varejao,CLE,2014-15,26.0,24.46153846153846,6.651515151515151,24.8,1207.0,1204.0,9.0,26.0,16.0,10.0,24.4,0.2,0.2,0.667,0.3,0.0,0.0,0.0,0.667
Andray Blatche,BKN,2013-14,73.0,22.16438356164383,8.645483870967741,28.14074074074074,3100.0,3097.0,6.0,73.0,40.0,33.0,22.2,0.6,1.8,0.367,1.3,0.0,0.1,0.1,0.371
Andre Drummond,DET,2013-14,81.0,32.333333333333336,1.7615384615384615,54.3,5112.0,5120.0,13.0,81.0,29.0,52.0,32.3,0.0,0.1,0.222,0.0,0.0,0.0,0.0,0.222
Andre Drummond,DET,2014-15,82.0,30.51219512195122,2.6478623566214807,80.45,4827.0,4809.0,7.0,82.0,32.0,50.0,30.5,0.1,0.3,0.273,0.1,0.0,0.0,0.0,0.273
Andre Drummond,DET,2015-16,81.0,32.91358024691358,3.2500948766603415,56.3,5245.0,5262.0,3.0,81.0,43.0,38.0,32.9,0.2,0.5,0.366,0.4,0.0,0.0,0.25,0.378
Andre Drummond,DET,2016-17,81.0,29.753086419753085,4.074446902654867,49.642857142857146,4707.0,4705.0,6.0,81.0,36.0,45.0,29.7,0.2,0.8,0.265,0.5,0.0,0.0,0.667,0.279
Andre Drummond,DET,2017-18,78.0,33.65384615384615,3.2221839080459773,40.57272727272727,5257.0,5235.0,8.0,78.0,37.0,41.0,33.7,0.1,0.4,0.242,0.2,0.0,0.1,0.0,0.242
Andre Drummond,PHI,2025-26,63.0,19.53968253968254,2.448582995951417,23.965555555555557,2510.0,2541.0,2.0,63.0,33.0,30.0,19.5,0.0,0.1,0.4,0.1,0.0,0.0,0.667,0.6
Andre Iguodala,GSW,2013-14,63.0,32.38095238095238,7.495053003533568,25.046285714285716,4063.0,4069.0,13.0,63.0,41.0,22.0,32.4,0.6,1.8,0.345,1.3,0.1,0.5,0.172,0.366
Andre Iguodala,GSW,2014-15,77.0,26.857142857142858,7.4,25.64009433962264,4174.0,4193.0,15.0,77.0,64.0,13.0,26.9,0.5,1.4,0.381,1.2,0.1,0.3,0.385,0.429
Andre Iguodala,GSW,2015-16,65.0,26.646153846153847,7.157009345794392,25.655194805194807,3565.0,3587.0,10.0,65.0,59.0,6.0,26.6,0.5,1.4,0.337,1.0,0.1,0.5,0.194,0.37
Andre Iguodala,GSW,2016-17,76.0,26.289473684210527,6.052521008403361,24.959322033898307,4133.0,4120.0,7.0,76.0,64.0,12.0,26.3,0.4,0.8,0.5,0.9,0.1,0.3,0.421,0.563
Andre Iguodala,GSW,2017-18,64.0,25.34375,7.143349753694581,26.52991452991453,3322.0,3329.0,5.0,64.0,46.0,18.0,25.4,0.4,1.1,0.356,1.0,0.2,0.5,0.379,0.432
Andre Miller,"DEN,WAS",2013-14,58.0,16.913793103448278,6.551904761904762,33.86666666666666,1854.0,1861.0,5.0,58.0,32.0,26.0,16.9,0.4,1.0,0.386,0.8,0.0,0.1,0.25,0.395
Andre Miller,"SAC,WAS",2014-15,81.0,15.469135802469136,6.666796875,28.6,2358.0,2395.0,14.0,81.0,44.0,37.0,15.5,0.5,1.1,0.451,1.0,0.0,0.1,0.111,0.456
Andre Roberson,OKC,2014-15,67.0,19.19402985074627,1.831896551724138,24.401176470588233,2558.0,2606.0,2.0,67.0,41.0,26.0,19.2,0.0,0.1,0.2,0.0,0.0,0.1,0.25,0.3
Andre Roberson,OKC,2015-16,70.0,22.185714285714287,1.794736842105263,24.193203883495148,3082.0,3123.0,6.0,70.0,48.0,22.0,22.2,0.0,0.1,0.0,0.0,0.0,0.0,0.0,0.0
Andre Roberson,OKC,2016-17,79.0,30.075949367088608,1.9949820788530463,24.43423913043478,4828.0,4848.0,13.0,79.0,46.0,33.0,30.1,0.0,0.1,0.125,0.0,0.0,0.1,0.0,0.125
Andre Roberson,OKC,2017-18,39.0,26.58974358974359,1.511111111111111,24.475,2024.0,2045.0,8.0,39.0,24.0,15.0,26.6,0.0,0.0,0.0,0.0,0.0,0.0,0.0,0.0
Andrea Bargnani,NYK,2013-14,42.0,29.928571428571427,10.48959390862944,25.371296296296297,2361.0,2331.0,11.0,42.0,15.0,27.0,29.9,0.6,1.7,0.357,1.2,0.0,0.0,0.5,0.364
Andrea Bargnani,NYK,2014-15,29.0,27.06896551724138,11.998125,25.49512195121951,1510.0,1505.0,2.0,29.0,5.0,24.0,27.1,0.8,1.8,0.442,1.6,0.0,0.0,0.0,0.442
Andrei Kirilenko,BKN,2013-14,45.0,19.044444444444444,5.161935483870968,24.48,1626.0,1638.0,6.0,45.0,30.0,15.0,19.1,0.0,0.1,0.4,0.1,0.0,0.0,0.0,0.4
Andrew Bogut,GSW,2013-14,67.0,26.41791044776119,3.0504,0.0,3542.0,3557.0,18.0,67.0,40.0,27.0,26.4,0.1,0.1,0.625,0.1,0.0,0.0,0.0,0.625
Andrew Bogut,GSW,2014-15,67.0,23.62686567164179,3.710422535211267,0.0,3212.0,3197.0,10.0,67.0,58.0,9.0,23.6,0.1,0.3,0.278,0.1,0.0,0.0,0.0,0.278
Andrew Bogut,GSW,2015-16,70.0,20.728571428571428,3.0,26.3,2973.0,2977.0,3.0,70.0,62.0,8.0,20.7,0.1,0.2,0.286,0.1,0.0,0.0,1.0,0.321
Andrew Bogut,"CLE,DAL",2016-17,27.0,21.59259259259259,4.06625,25.2,1103.0,1108.0,2.0,27.0,8.0,19.0,21.6,0.1,0.2,0.333,0.1,0.0,0.0,0.0,0.333
Andrew Bynum,"CLE,IND",2013-14,26.0,19.846153846153847,7.057333333333334,0.0,1003.0,1001.0,0.0,26.0,11.0,15.0,19.8,0.2,0.8,0.286,0.5,0.0,0.0,0.0,0.286
Andrew Harrison,MEM,2016-17,72.0,20.47222222222222,7.533823529411765,26.241666666666667,2813.0,2827.0,10.0,72.0,38.0,34.0,20.5,0.5,1.8,0.268,1.2,0.2,0.9,0.266,0.335
Andrew Harrison,MEM,2017-18,56.0,23.678571428571427,8.051567944250872,25.19788732394366,2541.0,2548.0,12.0,56.0,17.0,39.0,23.7,1.0,2.8,0.354,2.3,0.3,0.9,0.346,0.411
Andrew Nembhard,IND,2025-26,57.0,31.333333333333332,9.845951859956235,26.955067567567568,3728.0,3740.0,11.0,57.0,13.0,44.0,31.3,2.7,7.0,0.382,6.2,0.9,2.7,0.32,0.443
Andrew Nicholson,ORL,2013-14,76.0,15.447368421052632,11.914501510574018,23.957303370786516,2276.0,2282.0,4.0,76.0,19.0,57.0,15.4,0.1,0.4,0.333,0.3,0.0,0.0,0.0,0.333
Andrew Wiggins,MIN,2014-15,82.0,36.207317073170735,8.928684470820968,25.02619047619048,5805.0,5792.0,12.0,82.0,16.0,66.0,36.2,1.3,4.1,0.315,2.6,0.1,0.3,0.179,0.323
Andrew Wiggins,MIN,2015-16,81.0,35.123456790123456,9.03306159420289,25.147368421052633,5684.0,5673.0,7.0,81.0,29.0,52.0,35.1,2.0,5.4,0.363,4.1,0.1,0.6,0.231,0.376
Andrew Wiggins,MIN,2016-17,82.0,37.170731707317074,9.618891491022636,25.688581314878892,6036.0,6044.0,13.0,82.0,31.0,51.0,37.2,3.0,8.1,0.371,6.4,0.4,1.3,0.292,0.394
Andrew Wiggins,MIN,2017-18,82.0,36.329268292682926,9.41039501039501,25.544970414201185,5959.0,5946.0,8.0,82.0,47.0,35.0,36.3,1.9,5.7,0.323,4.0,0.2,0.9,0.26,0.345
Andrew Wiggins,MIA,2025-26,68.0,30.33823529411765,6.683401639344262,25.403603603603603,4422.0,4449.0,8.0,68.0,35.0,33.0,30.3,1.1,2.6,0.412,2.5,0.3,0.7,0.44,0.475
Anfernee Simons,"BOS,CHI",2025-26,55.0,24.945454545454545,9.972490706319702,26.3598944591029,2736.0,2723.0,1.0,55.0,31.0,24.0,24.9,2.3,5.8,0.394,5.7,1.1,3.3,0.337,0.491
Anthony Bennett,MIN,2014-15,57.0,15.68421052631579,11.671897810218978,25.530434782608697,1781.0,1782.0,3.0,57.0,12.0,45.0,15.7,0.2,0.6,0.273,0.3,0.0,0.0,0.0,0.273
Anthony Black,ORL,2025-26,64.0,29.84375,5.668008474576272,25.37076411960133,3927.0,3992.0,13.0,64.0,36.0,28.0,29.8,1.0,3.2,0.319,2.6,0.5,1.7,0.318,0.403
Anthony Brown,LAL,2015-16,29.0,20.655172413793103,10.660714285714286,24.79857142857143,1192.0,1197.0,1.0,29.0,4.0,25.0,20.6,0.3,0.8,0.417,0.7,0.0,0.2,0.2,0.438
Anthony Davis,NOP,2013-14,67.0,35.19402985074627,8.166465863453816,23.700000000000003,4539.0,4548.0,16.0,67.0,29.0,38.0,35.2,0.7,1.8,0.407,1.5,0.0,0.0,0.0,0.407
Anthony Davis,NOP,2014-15,68.0,36.10294117647059,9.24262847514743,34.125,4709.0,4697.0,9.0,68.0,39.0,29.0,36.1,1.3,3.0,0.423,2.5,0.0,0.0,0.0,0.423
Anthony Davis,NOP,2015-16,61.0,35.47540983606557,9.230544747081712,25.51388888888889,4372.0,4370.0,6.0,61.0,24.0,37.0,35.5,1.4,3.4,0.399,2.8,0.0,0.1,0.286,0.404
Anthony Davis,NOP,2016-17,75.0,36.10666666666667,9.132327586206896,25.827611940298507,5500.0,5507.0,9.0,75.0,31.0,44.0,36.1,1.9,4.5,0.424,3.8,0.0,0.1,0.2,0.426
Anthony Davis,NOP,2017-18,75.0,36.36,7.627000000000001,26.25493827160494,5720.0,5720.0,9.0,75.0,45.0,30.0,36.4,1.8,4.7,0.388,3.8,0.1,0.2,0.444,0.399
Anthony Edwards,MIN,2025-26,61.0,35.032786885245905,8.666387726638773,25.71284046692607,4462.0,4477.0,4.0,61.0,37.0,24.0,35.0,4.6,11.2,0.407,11.2,2.1,6.0,0.353,0.501
Anthony Gill,WAS,2025-26,55.0,17.29090909090909,3.877245508982036,25.135416666666668,2011.0,2051.0,1.0,55.0,6.0,49.0,17.3,0.1,0.2,0.4,0.1,0.0,0.0,0.0,0.4
Anthony Morrow,NOP,2013-14,76.0,18.76315789473684,11.982153846153846,24.744102564102565,2721.0,2686.0,9.0,76.0,32.0,44.0,18.8,0.9,2.2,0.408,1.9,0.1,0.2,0.4,0.426
Anthony Morrow,OKC,2014-15,74.0,24.405405405405407,11.195172413793102,24.351076923076924,3644.0,3604.0,17.0,74.0,42.0,32.0,24.4,0.8,1.9,0.435,1.7,0.0,0.3,0.158,0.446
Anthony Tolliver,CHA,2013-14,64.0,20.28125,8.13,24.95506072874494,2535.0,2537.0,13.0,64.0,33.0,31.0,20.3,0.1,0.2,0.357,0.2,0.0,0.0,0.0,0.357
Anthony Tolliver,"DET,PHX",2014-15,76.0,18.842105263157897,6.225242718446602,24.905862068965515,2803.0,2793.0,8.0,76.0,36.0,40.0,18.9,0.0,0.1,0.3,0.1,0.0,0.1,0.0,0.3
Anthony Tolliver,DET,2015-16,72.0,18.625,7.116666666666666,25.022426470588236,2616.0,2622.0,8.0,72.0,36.0,36.0,18.6,0.0,0.1,0.143,0.0,0.0,0.0,0.0,0.143
Anthony Tolliver,SAC,2016-17,65.0,22.723076923076924,6.87603305785124,24.76,2936.0,2925.0,6.0,65.0,26.0,39.0,22.7,0.1,0.2,0.333,0.2,0.0,0.0,0.0,0.333
Anthony Tolliver,DET,2017-18,79.0,22.240506329113924,4.2401869158878505,25.339726027397266,3485.0,3487.0,6.0,79.0,37.0,42.0,22.2,0.1,0.2,0.375,0.2,0.0,0.1,0.222,0.438
Archie Goodwin,PHX,2015-16,57.0,19.54385964912281,4.345820433436533,25.735353535353536,2297.0,2294.0,15.0,57.0,14.0,43.0,19.5,0.3,1.4,0.247,0.8,0.1,0.6,0.167,0.286
Aron Baynes,SAS,2014-15,70.0,16.02857142857143,4.837151702786378,25.3,2206.0,2211.0,3.0,70.0,49.0,21.0,16.0,0.0,0.0,0.333,0.0,0.0,0.0,0.0,0.333
Aron Baynes,DET,2015-16,81.0,15.22222222222222,5.721727748691099,30.55,2444.0,2419.0,4.0,81.0,43.0,38.0,15.2,0.1,0.1,0.5,0.1,0.0,0.0,0.0,0.5
Aron Baynes,DET,2016-17,75.0,15.493333333333334,5.617204301075269,0.0,2280.0,2294.0,3.0,75.0,34.0,41.0,15.5,0.0,0.1,0.4,0.1,0.0,0.0,0.0,0.4
Aron Baynes,BOS,2017-18,81.0,18.333333333333332,7.657411764705882,24.366666666666667,2896.0,2913.0,4.0,81.0,54.0,27.0,18.3,0.0,0.2,0.286,0.1,0.0,0.0,0.0,0.286
Arron Afflalo,ORL,2013-14,73.0,34.95890410958904,12.382278481012657,25.054,4972.0,4966.0,14.0,73.0,21.0,52.0,35.0,2.1,4.7,0.452,4.5,0.3,0.6,0.422,0.48
Arron Afflalo,"DEN,POR",2014-15,78.0,32.07692307692308,11.348638838475498,24.5996996996997,4919.0,4916.0,8.0,78.0,35.0,43.0,32.1,1.6,3.5,0.442,3.2,0.1,0.5,0.27,0.46
Arron Afflalo,NYK,2015-16,71.0,33.394366197183096,11.360249554367202,24.639495798319327,4564.0,4563.0,4.0,71.0,27.0,44.0,33.4,1.9,4.1,0.452,3.9,0.2,0.5,0.324,0.473
Arron Afflalo,SAC,2016-17,61.0,25.901639344262296,12.443494423791822,24.803311258278143,3085.0,3083.0,3.0,61.0,23.0,38.0,25.9,0.9,2.2,0.432,2.0,0.1,0.2,0.333,0.451
Ausar Thompson,DET,2025-26,73.0,25.972602739726028,4.638336347197106,25.795833333333334,3859.0,3931.0,13.0,73.0,53.0,20.0,26.0,0.4,1.1,0.358,0.8,0.0,0.0,0.667,0.37
Austin Reaves,LAL,2025-26,51.0,34.549019607843135,6.682718894009217,26.32713414634146,3613.0,3627.0,21.0,51.0,36.0,15.0,34.5,2.2,6.0,0.366,5.5,1.1,3.4,0.322,0.458
Austin Rivers,NOP,2013-14,69.0,19.39130434782609,5.243733333333333,26.854545454545455,2522.0,2567.0,9.0,69.0,27.0,42.0,19.4,0.3,1.3,0.276,0.7,0.0,0.3,0.13,0.293
Austin Rivers,"LAC,NOP",2014-15,76.0,20.56578947368421,7.13945205479452,24.909160305343516,3016.0,3048.0,9.0,76.0,46.0,30.0,20.6,0.5,1.7,0.305,1.1,0.1,0.3,0.273,0.328
Austin Rivers,LAC,2015-16,67.0,21.83582089552239,7.25226586102719,25.574594594594597,2916.0,2967.0,6.0,67.0,42.0,25.0,21.8,0.8,2.4,0.346,1.9,0.2,0.9,0.254,0.392
Austin Rivers,LAC,2016-17,74.0,27.75675675675676,5.448611111111112,25.361204013377925,4107.0,4101.0,12.0,74.0,43.0,31.0,27.8,1.1,2.7,0.401,2.7,0.5,1.4,0.377,0.503
Austin Rivers,LAC,2017-18,61.0,33.721311475409834,4.98876404494382,25.484166666666663,4109.0,4101.0,9.0,61.0,30.0,31.0,33.7,1.6,4.3,0.379,4.4,1.2,3.1,0.38,0.519
Avery Bradley,BOS,2013-14,60.0,30.916666666666668,13.13616,24.266,3629.0,3631.0,12.0,60.0,19.0,41.0,30.9,1.9,4.6,0.416,3.9,0.1,0.3,0.333,0.425
Avery Bradley,BOS,2014-15,77.0,31.532467532467532,13.27624810892587,24.863920454545458,4892.0,4871.0,12.0,77.0,37.0,40.0,31.5,1.9,4.6,0.399,4.0,0.3,0.9,0.288,0.429
Avery Bradley,BOS,2015-16,76.0,33.36842105263158,11.656699346405228,24.723832923832926,5172.0,5183.0,10.0,76.0,45.0,31.0,33.4,1.5,3.8,0.391,3.3,0.4,1.1,0.341,0.439
Avery Bradley,BOS,2016-17,55.0,33.36363636363637,9.63433734939759,25.028880866425993,3682.0,3674.0,6.0,55.0,34.0,21.0,33.4,1.8,4.1,0.453,4.2,0.6,1.4,0.413,0.522
Avery Bradley,"DET,LAC",2017-18,46.0,31.152173913043477,9.925592417061612,25.03251231527094,2866.0,2863.0,7.0,46.0,22.0,24.0,31.2,1.3,3.4,0.374,2.7,0.2,0.7,0.267,0.4
Ayo Dosunmu,"CHI,MIN",2025-26,69.0,27.26086956521739,4.070663811563169,25.33178571428571,3955.0,3977.0,1.0,69.0,36.0,33.0,27.3,0.7,1.4,0.505,1.8,0.3,0.7,0.479,0.621
Bam Adebayo,MIA,2017-18,69.0,19.82608695652174,3.866566265060241,50.271428571428565,2638.0,2695.0,11.0,69.0,34.0,35.0,19.8,0.0,0.2,0.167,0.1,0.0,0.0,0.0,0.167
Bam Adebayo,MIA,2025-26,73.0,32.397260273972606,7.027248322147651,25.0675,5024.0,5044.0,2.0,73.0,37.0,36.0,32.4,1.3,3.8,0.347,2.9,0.3,0.8,0.323,0.383
Baylor Scheierman,BOS,2025-26,77.0,18.55844155844156,8.203333333333333,25.519341563786007,2799.0,2830.0,26.0,77.0,54.0,23.0,18.6,0.5,1.2,0.451,1.4,0.3,0.7,0.442,0.577
Ben McLemore,SAC,2013-14,82.0,26.67073170731707,9.605759162303665,25.48956228956229,4312.0,4315.0,10.0,82.0,28.0,54.0,26.7,0.5,1.5,0.339,1.1,0.1,0.5,0.25,0.384
Ben McLemore,SAC,2014-15,82.0,32.5609756097561,8.226818181818182,24.95728900255754,5306.0,5315.0,7.0,82.0,29.0,53.0,32.6,0.8,1.9,0.413,1.8,0.2,0.6,0.347,0.468
Ben McLemore,SAC,2015-16,68.0,21.220588235294116,7.792222222222223,24.657297297297298,3035.0,3037.0,11.0,68.0,28.0,40.0,21.2,0.4,1.1,0.375,0.9,0.1,0.3,0.412,0.424
Ben McLemore,SAC,2016-17,61.0,19.27868852459016,9.806425702811246,25.070588235294117,2317.0,2330.0,5.0,61.0,27.0,34.0,19.3,0.6,1.7,0.365,1.4,0.2,0.5,0.375,0.423
Ben McLemore,MEM,2017-18,56.0,19.482142857142858,8.028504672897196,25.125157232704403,2158.0,2180.0,7.0,56.0,7.0,49.0,19.5,0.6,1.5,0.388,1.3,0.1,0.6,0.222,0.435
Ben Saraf,BKN,2025-26,44.0,20.818181818181817,4.328169014084507,25.506666666666664,1876.0,1879.0,4.0,44.0,10.0,34.0,20.8,0.1,0.8,0.171,0.4,0.1,0.5,0.2,0.229
Ben Sheppard,IND,2025-26,65.0,21.384615384615383,4.836129032258064,25.38491379310345,2931.0,2948.0,7.0,65.0,16.0,49.0,21.4,0.2,0.7,0.292,0.5,0.1,0.4,0.269,0.365
Ben Simmons,PHI,2017-18,81.0,33.72839506172839,5.454407294832826,59.00909090909091,5666.0,5665.0,9.0,81.0,51.0,30.0,33.7,0.8,2.4,0.33,1.6,0.0,0.0,0.0,0.33
Bennedict Mathurin,"IND,LAC",2025-26,54.0,30.0,7.949202733485194,25.951680672268907,3342.0,3362.0,8.0,54.0,22.0,32.0,30.0,1.8,4.9,0.357,4.2,0.7,2.3,0.29,0.425
Beno Udrih,"MEM,NYK",2013-14,41.0,15.682926829268292,11.43455882352941,24.735714285714284,1237.0,1233.0,11.0,41.0,18.0,23.0,15.7,0.8,2.0,0.383,1.6,0.0,0.1,0.333,0.395
Beno Udrih,MEM,2014-15,79.0,18.911392405063292,11.496078431372547,25.52577319587629,2854.0,2863.0,9.0,79.0,55.0,24.0,18.9,1.5,3.1,0.492,3.1,0.1,0.3,0.174,0.5
Beno Udrih,"MEM,MIA",2015-16,44.0,16.068181818181817,12.077272727272728,26.140909090909087,1356.0,1371.0,5.0,44.0,26.0,18.0,16.1,1.0,2.3,0.436,2.0,0.0,0.2,0.111,0.441
Bilal Coulibaly,WAS,2025-26,56.0,26.214285714285715,5.25786350148368,25.362745098039216,3139.0,3147.0,3.0,56.0,14.0,42.0,26.2,0.5,1.6,0.295,1.0,0.1,0.6,0.176,0.33
Bismack Biyombo,CHA,2014-15,64.0,19.421875,2.4268817204301074,0.0,2348.0,2358.0,4.0,64.0,26.0,38.0,19.4,0.0,0.0,0.0,0.0,0.0,0.0,0.0,0.0
Bismack Biyombo,TOR,2015-16,82.0,22.048780487804876,3.782926829268293,38.1,3432.0,3478.0,5.0,82.0,56.0,26.0,22.0,0.0,0.2,0.286,0.1,0.0,0.0,0.0,0.286
Bismack Biyombo,ORL,2016-17,81.0,22.135802469135804,4.014749262536873,0.0,3464.0,3512.0,3.0,81.0,29.0,52.0,22.1,0.0,0.1,0.091,0.0,0.0,0.0,0.0,0.091
Bismack Biyombo,ORL,2017-18,82.0,18.23170731707317,4.783760683760684,82.5,2964.0,2988.0,4.0,82.0,25.0,57.0,18.2,0.0,0.1,0.125,0.0,0.0,0.0,0.0,0.125
Blake Griffin,LAC,2013-14,80.0,35.8,8.241520912547529,25.836363636363636,5704.0,5675.0,24.0,80.0,56.0,24.0,35.8,0.5,1.5,0.342,1.1,0.0,0.1,0.25,0.35
Blake Griffin,LAC,2014-15,67.0,35.16417910447761,10.060500446827524,26.671999999999997,4647.0,4619.0,11.0,67.0,47.0,20.0,35.2,1.0,2.6,0.366,2.0,0.0,0.1,0.333,0.374
Blake Griffin,LAC,2015-16,35.0,33.42857142857143,11.219487179487178,25.583333333333332,2363.0,2352.0,7.0,35.0,22.0,13.0,33.4,1.1,3.3,0.322,2.2,0.1,0.2,0.25,0.33
Blake Griffin,LAC,2016-17,61.0,34.032786885245905,8.716083916083916,25.36283185840708,4155.0,4140.0,11.0,61.0,40.0,21.0,34.0,1.1,2.7,0.411,2.2,0.0,0.2,0.133,0.417
Blake Griffin,"DET,LAC",2017-18,58.0,33.96551724137931,6.867210682492582,25.723913043478262,3970.0,3973.0,15.0,58.0,28.0,30.0,34.0,1.2,4.3,0.291,3.2,0.7,2.3,0.321,0.377
Bobby Portis,CHI,2015-16,62.0,17.774193548387096,8.983854166666667,25.715384615384615,2170.0,2176.0,3.0,62.0,29.0,33.0,17.8,0.2,1.1,0.211,0.5,0.0,0.1,0.0,0.211
Bobby Portis,CHI,2016-17,64.0,15.625,9.036200716845878,25.103125,1982.0,1979.0,0.0,64.0,30.0,34.0,15.6,0.4,1.1,0.362,0.8,0.0,0.0,0.0,0.362
Bobby Portis,CHI,2017-18,73.0,22.493150684931507,7.464455782312926,25.439013452914796,3342.0,3349.0,4.0,73.0,25.0,48.0,22.5,0.5,1.2,0.442,1.1,0.0,0.1,0.286,0.453
Bobby Portis,MIL,2025-26,67.0,24.16417910447761,10.526872246696035,25.072297297297297,3248.0,3279.0,0.0,67.0,26.0,41.0,24.2,1.3,2.7,0.459,2.6,0.1,0.3,0.45,0.484
Bogdan Bogdanovic,SAC,2017-18,78.0,27.884615384615383,10.575395033860044,26.19422492401216,4295.0,4289.0,8.0,78.0,26.0,52.0,27.9,1.7,3.8,0.439,3.9,0.5,1.4,0.393,0.51
Bojan Bogdanovic,BKN,2014-15,78.0,23.76923076923077,6.610625000000001,24.426171875,3564.0,3587.0,6.0,78.0,36.0,42.0,23.8,0.4,1.1,0.36,0.9,0.1,0.3,0.19,0.382
Bojan Bogdanovic,BKN,2015-16,79.0,26.772151898734176,6.603892944038929,24.680473372781066,4177.0,4193.0,5.0,79.0,21.0,58.0,26.8,0.7,1.7,0.404,1.6,0.2,0.6,0.354,0.467
Bojan Bogdanovic,"BKN,WAS",2016-17,81.0,25.71604938271605,6.177483443708608,25.40280612244898,4351.0,4310.0,6.0,81.0,23.0,58.0,25.7,0.7,2.0,0.358,1.7,0.3,1.0,0.325,0.435
Bojan Bogdanovic,IND,2017-18,80.0,30.8,6.595708154506438,25.49378238341969,4919.0,4909.0,10.0,80.0,47.0,33.0,30.8,0.9,2.0,0.441,2.1,0.3,0.6,0.431,0.509
Bones Hyland,MIN,2025-26,71.0,16.577464788732396,5.620118343195266,25.682943143812707,2468.0,2469.0,5.0,71.0,42.0,29.0,16.6,1.0,2.4,0.408,2.6,0.7,1.9,0.361,0.55
Boris Diaw,SAS,2013-14,79.0,24.9873417721519,7.168162393162393,25.548214285714288,3892.0,3907.0,13.0,79.0,60.0,19.0,25.0,0.4,0.8,0.446,0.7,0.0,0.1,0.0,0.446
Boris Diaw,SAS,2014-15,81.0,24.493827160493822,6.655507559395248,25.12485207100592,3851.0,3832.0,8.0,81.0,55.0,26.0,24.5,0.4,1.0,0.378,0.8,0.0,0.1,0.333,0.396
Boris Diaw,SAS,2015-16,76.0,18.23684210526316,5.587579617834395,25.394202898550724,2760.0,2743.0,7.0,76.0,64.0,12.0,18.2,0.2,0.5,0.317,0.4,0.0,0.1,0.4,0.341
Boris Diaw,UTA,2016-17,73.0,17.575342465753426,7.278048780487805,24.530864197530864,2410.0,2415.0,11.0,73.0,45.0,28.0,17.6,0.3,0.9,0.328,0.6,0.0,0.1,0.143,0.336
Bradley Beal,WAS,2013-14,73.0,34.657534246575345,13.108560794044664,25.0530612244898,4874.0,4871.0,19.0,73.0,40.0,33.0,34.7,2.7,7.1,0.381,5.5,0.2,0.6,0.302,0.393
Bradley Beal,WAS,2014-15,63.0,33.46031746031746,11.129222972972974,25.24131274131274,4100.0,4068.0,11.0,63.0,37.0,26.0,33.5,1.8,4.9,0.36,3.8,0.3,0.7,0.39,0.386
Bradley Beal,WAS,2015-16,55.0,31.054545454545455,9.485227272727272,25.78782287822878,3504.0,3502.0,8.0,55.0,28.0,27.0,31.1,2.1,5.5,0.387,4.9,0.6,1.6,0.395,0.444
Bradley Beal,WAS,2016-17,77.0,34.857142857142854,8.733896103896104,25.767210144927535,5472.0,5441.0,9.0,77.0,48.0,29.0,34.9,2.6,5.6,0.458,5.9,0.8,2.1,0.373,0.527
Bradley Beal,WAS,2017-18,82.0,36.30487804878049,10.06132075471698,25.787169811320755,5971.0,5951.0,15.0,82.0,43.0,39.0,36.3,3.1,7.7,0.404,7.0,0.7,2.4,0.3,0.452
Brandan Wright,DAL,2013-14,58.0,18.56896551724138,3.962235649546827,0.0,2072.0,2063.0,1.0,58.0,36.0,22.0,18.6,0.1,0.3,0.4,0.2,0.0,0.0,0.0,0.4
Brandan Wright,"BOS,DAL,PHX",2014-15,75.0,19.32,3.4591666666666674,34.93333333333333,2838.0,2855.0,4.0,75.0,37.0,38.0,19.3,0.0,0.2,0.25,0.1,0.0,0.0,0.0,0.25
Brandan Wright,MEM,2016-17,28.0,15.964285714285714,3.685074626865672,25.5,849.0,843.0,0.0,28.0,14.0,14.0,16.0,0.0,0.3,0.143,0.1,0.0,0.0,0.0,0.143
Brandin Podziemski,GSW,2025-26,82.0,28.451219512195124,8.018502202643171,25.94077669902913,4805.0,4804.0,17.0,82.0,37.0,45.0,28.4,1.5,4.0,0.361,3.6,0.6,1.9,0.335,0.44
Brandon Bass,BOS,2013-14,82.0,27.646341463414632,9.086230876216968,33.81666666666667,4380.0,4402.0,6.0,82.0,25.0,57.0,27.6,0.7,1.5,0.455,1.4,0.0,0.0,0.5,0.463
Brandon Bass,BOS,2014-15,82.0,23.52439024390244,8.878033794162826,24.090625,3790.0,3853.0,6.0,82.0,40.0,42.0,23.5,0.5,1.2,0.432,1.0,0.0,0.0,0.0,0.432
Brandon Bass,LAL,2015-16,66.0,20.333333333333332,5.287301587301587,35.35,2673.0,2665.0,4.0,66.0,16.0,50.0,20.3,0.1,0.3,0.3,0.2,0.0,0.0,0.0,0.3
Brandon Davies,"BKN,PHI",2014-15,27.0,15.666666666666666,7.053398058252427,25.105882352941173,846.0,845.0,5.0,27.0,6.0,21.0,15.7,0.2,0.4,0.545,0.4,0.0,0.1,0.0,0.545
Brandon Ingram,LAL,2016-17,79.0,28.848101265822784,8.51182364729459,24.763101604278074,4638.0,4670.0,8.0,79.0,26.0,53.0,28.9,0.9,2.6,0.346,1.8,0.0,0.2,0.105,0.351
Brandon Ingram,LAL,2017-18,59.0,33.47457627118644,8.21204268292683,25.283809523809527,4098.0,4103.0,4.0,59.0,27.0,32.0,33.5,1.5,3.9,0.386,3.1,0.1,0.2,0.4,0.395
Brandon Ingram,TOR,2025-26,77.0,33.81818181818182,10.744064171122996,25.427195467422095,5290.0,5308.0,1.0,77.0,43.0,34.0,33.8,3.8,8.2,0.464,7.9,0.3,1.0,0.291,0.483
Brandon Jennings,DET,2013-14,80.0,34.1,8.953982300884956,26.218380743982493,5431.0,5412.0,9.0,80.0,28.0,52.0,34.1,2.5,7.1,0.352,6.3,1.2,3.5,0.357,0.439
Brandon Jennings,DET,2014-15,41.0,28.609756097560975,7.488554216867469,25.700947867298577,2316.0,2301.0,6.0,41.0,17.0,24.0,28.6,2.3,6.4,0.359,5.7,1.1,3.2,0.351,0.447
Brandon Jennings,"DET,ORL",2015-16,48.0,18.083333333333332,9.413422818791943,26.008387096774193,1752.0,1764.0,6.0,48.0,20.0,28.0,18.1,1.0,3.3,0.308,2.5,0.5,1.8,0.262,0.377
Brandon Jennings,"NYK,WAS",2016-17,81.0,22.234567901234566,8.23886925795053,25.578571428571426,3642.0,3624.0,12.0,81.0,37.0,44.0,22.2,1.1,3.4,0.326,2.8,0.6,1.9,0.29,0.408
Brandon Knight,MIL,2013-14,72.0,33.333333333333336,8.320689655172414,25.631065088757396,4595.0,4616.0,24.0,72.0,13.0,59.0,33.3,2.3,6.1,0.368,5.2,0.7,2.2,0.323,0.427
Brandon Knight,"MIL,PHX",2014-15,63.0,32.301587301587304,9.38183421516755,25.187850467289717,4064.0,4079.0,17.0,63.0,33.0,30.0,32.3,2.2,6.0,0.372,5.2,0.8,2.0,0.39,0.436
Brandon Knight,PHX,2015-16,52.0,35.96153846153846,10.064889705882353,25.173789173789174,3840.0,3824.0,12.0,52.0,16.0,36.0,36.0,3.1,8.4,0.364,7.3,1.2,3.7,0.318,0.434
Brandon Knight,PHX,2016-17,54.0,21.11111111111111,9.537564766839376,25.292086330935252,2358.0,2370.0,15.0,54.0,16.0,38.0,21.1,1.7,4.5,0.378,3.8,0.4,1.1,0.339,0.421
Brandon Miller,CHA,2025-26,65.0,30.276923076923076,7.992563600782779,26.133771106941836,3983.0,3969.0,6.0,65.0,41.0,24.0,30.3,2.3,5.9,0.389,5.5,0.9,2.6,0.361,0.467
Brandon Rush,MIN,2016-17,47.0,21.91489361702128,8.908219178082192,23.88947368421053,2022.0,2033.0,3.0,47.0,15.0,32.0,21.9,0.2,0.6,0.276,0.3,0.0,0.1,0.0,0.276
Brandon Williams,DAL,2025-26,66.0,22.166666666666668,5.773593073593074,25.35483870967742,3147.0,3161.0,18.0,66.0,23.0,43.0,22.2,0.9,2.2,0.424,2.0,0.1,0.6,0.231,0.455
Brian Roberts,NOP,2013-14,72.0,23.15277777777778,12.278411910669975,26.21797752808989,3204.0,3175.0,18.0,72.0,28.0,44.0,23.2,1.7,3.9,0.435,3.6,0.3,0.8,0.317,0.469
Brian Roberts,CHA,2014-15,72.0,18.47222222222222,13.143243243243242,25.81917098445596,2543.0,2541.0,11.0,72.0,30.0,42.0,18.5,1.2,3.1,0.395,2.8,0.3,1.0,0.347,0.451
Brice Sensabaugh,UTA,2025-26,75.0,23.493333333333332,7.84433734939759,25.59049773755656,3768.0,3802.0,3.0,75.0,18.0,57.0,23.5,1.5,3.7,0.398,3.5,0.6,1.6,0.361,0.477
Brook Lopez,BKN,2014-15,72.0,29.180555555555557,8.243909928352098,24.97,4059.0,4039.0,8.0,72.0,34.0,38.0,29.2,0.5,1.3,0.378,0.9,0.0,0.0,0.0,0.378
Brook Lopez,BKN,2015-16,73.0,33.657534246575345,8.054155730533683,25.814285714285713,4868.0,4823.0,6.0,73.0,21.0,52.0,33.7,0.7,1.9,0.379,1.5,0.0,0.0,0.0,0.379
Brook Lopez,BKN,2016-17,75.0,29.626666666666665,6.364331210191083,25.289405684754524,4706.0,4664.0,3.0,75.0,20.0,55.0,29.6,0.7,1.8,0.377,1.5,0.1,0.3,0.4,0.406
Brook Lopez,LAL,2017-18,74.0,23.445945945945947,6.989957264957265,25.736615384615384,3627.0,3597.0,4.0,74.0,34.0,40.0,23.4,0.5,1.3,0.368,1.0,0.0,0.1,0.375,0.384
Brook Lopez,LAC,2025-26,75.0,21.8,6.767555555555556,26.45552050473186,3252.0,3271.0,3.0,75.0,41.0,34.0,21.8,0.4,1.0,0.397,0.9,0.1,0.3,0.391,0.455
Bruce Brown,DEN,2025-26,82.0,24.365853658536587,5.114973262032086,24.7,4060.0,4117.0,5.0,82.0,54.0,28.0,24.4,0.3,0.9,0.314,0.6,0.0,0.1,0.375,0.336
Bryce McGowens,NOP,2025-26,42.0,20.952380952380953,4.613888888888889,25.010752688172044,1855.0,1869.0,10.0,42.0,14.0,28.0,21.0,0.4,1.0,0.425,0.9,0.1,0.3,0.417,0.488
Bryn Forbes,SAS,2017-18,80.0,18.9625,11.862453531598511,25.145175438596493,3017.0,3002.0,11.0,80.0,46.0,34.0,19.0,0.9,2.0,0.459,2.0,0.2,0.4,0.419,0.5
Bub Carrington,WAS,2025-26,82.0,27.695121951219512,12.19388379204893,26.322946859903382,4822.0,4850.0,6.0,82.0,17.0,65.0,27.7,2.4,5.3,0.452,5.9,1.1,2.7,0.407,0.555
Buddy Hield,"NOP,SAC",2016-17,82.0,23.02439024390244,8.69278350515464,25.244327176781,3807.0,3789.0,1.0,82.0,31.0,51.0,23.0,1.4,3.6,0.388,3.3,0.5,1.6,0.336,0.464
Buddy Hield,SAC,2017-18,80.0,25.3,10.45752380952381,25.26299019607843,3956.0,3974.0,5.0,80.0,27.0,53.0,25.3,2.0,5.2,0.379,4.7,0.8,2.1,0.359,0.451
Buddy Hield,"ATL,GSW",2025-26,51.0,16.058823529411764,6.202608695652174,25.75943396226415,1723.0,1747.0,0.0,51.0,25.0,26.0,16.1,0.4,1.7,0.259,1.2,0.3,1.2,0.246,0.347
CJ Watson,IND,2013-14,63.0,18.936507936507937,9.627513227513226,25.38413793103448,2337.0,2352.0,20.0,63.0,48.0,15.0,18.9,0.7,1.8,0.416,1.6,0.1,0.5,0.273,0.456
CJ Watson,IND,2014-15,57.0,24.94736842105263,10.93595041322314,25.53314285714286,2793.0,2792.0,20.0,57.0,25.0,32.0,24.9,1.2,2.9,0.398,2.6,0.3,0.9,0.314,0.446
CJ Watson,ORL,2015-16,33.0,19.87878787878788,10.902247191011236,26.37291666666667,1339.0,1345.0,1.0,33.0,14.0,19.0,19.9,0.4,1.6,0.269,0.9,0.1,0.3,0.182,0.288
CJ Watson,ORL,2016-17,62.0,16.322580645161292,11.15034965034965,25.153333333333332,2020.0,2030.0,9.0,62.0,20.0,42.0,16.3,0.7,1.7,0.411,1.7,0.2,0.6,0.429,0.481
CJ Williams,LAC,2017-18,38.0,18.57894736842105,8.016806722689076,24.815384615384612,1433.0,1453.0,2.0,38.0,17.0,21.0,18.6,0.6,1.6,0.383,1.4,0.2,0.6,0.348,0.45
CJ McCollum,POR,2014-15,62.0,15.693548387096774,9.544690265486723,24.632374100719424,1922.0,1894.0,5.0,62.0,37.0,25.0,15.7,0.8,2.0,0.402,1.8,0.2,0.4,0.435,0.441
CJ McCollum,POR,2015-16,80.0,34.75,10.35912408759124,24.8864406779661,5573.0,5550.0,7.0,80.0,44.0,36.0,34.7,3.8,8.3,0.458,8.4,0.9,2.2,0.395,0.51
CJ McCollum,POR,2016-17,80.0,34.95,10.543712574850298,25.440546697038723,5619.0,5593.0,12.0,80.0,40.0,40.0,34.9,3.9,8.1,0.478,8.6,0.8,1.9,0.434,0.529
CJ McCollum,POR,2017-18,81.0,36.08641975308642,10.0712342079689,25.39810924369748,5860.0,5822.0,7.0,81.0,48.0,33.0,36.1,3.9,9.1,0.428,8.9,1.1,3.0,0.372,0.488
CJ McCollum,"ATL,WAS",2025-26,76.0,29.789473684210527,8.84332298136646,25.747647058823528,4777.0,4759.0,0.0,76.0,37.0,39.0,29.8,3.2,7.3,0.435,7.7,1.3,3.4,0.386,0.525
CJ Miles,CLE,2013-14,51.0,19.294117647058822,9.275252525252526,25.46303317535545,1911.0,1899.0,3.0,51.0,21.0,30.0,19.3,0.8,1.7,0.448,1.7,0.2,0.4,0.45,0.5
CJ Miles,IND,2014-15,70.0,26.3,10.607874015748031,25.820403587443945,3627.0,3621.0,6.0,70.0,31.0,39.0,26.3,0.9,2.3,0.379,1.9,0.2,0.8,0.245,0.419
CJ Miles,IND,2015-16,64.0,22.875,8.68906882591093,25.50749354005168,3019.0,3004.0,5.0,64.0,34.0,30.0,22.9,0.9,2.3,0.399,2.2,0.3,1.0,0.328,0.473
CJ Miles,IND,2016-17,76.0,23.36842105263158,9.8281512605042,25.31124694376528,3524.0,3503.0,5.0,76.0,39.0,37.0,23.4,0.5,1.2,0.385,1.0,0.1,0.4,0.281,0.434
CJ Miles,TOR,2017-18,70.0,19.085714285714285,7.912413793103448,25.559030837004403,2714.0,2658.0,0.0,70.0,50.0,20.0,19.1,0.5,1.3,0.352,1.2,0.3,0.8,0.377,0.462
Cade Cunningham,DET,2025-26,64.0,33.9375,7.426974483596597,26.262295081967213,4486.0,4494.0,8.0,64.0,47.0,17.0,33.9,3.1,7.6,0.411,7.5,1.2,3.4,0.359,0.493
Caleb Love,POR,2025-26,49.0,20.6734693877551,7.2035353535353535,26.170205479452058,2124.0,2131.0,1.0,49.0,24.0,25.0,20.7,1.0,2.9,0.326,2.4,0.5,1.9,0.247,0.406
Cam Spencer,MEM,2025-26,72.0,23.805555555555557,10.892608695652177,25.749693251533746,3556.0,3547.0,2.0,72.0,23.0,49.0,23.8,2.0,4.3,0.46,5.1,1.1,2.4,0.44,0.583
Cam Thomas,"BKN,MIL",2025-26,42.0,20.97619047619047,9.612286689419795,25.89041916167665,1735.0,1734.0,6.0,42.0,12.0,30.0,21.0,2.3,6.2,0.373,5.4,0.7,2.6,0.282,0.433
Cameron Johnson,DEN,2025-26,54.0,30.5,6.486301369863014,25.17109375,3414.0,3425.0,5.0,54.0,37.0,17.0,30.5,0.7,1.7,0.407,1.7,0.3,0.7,0.459,0.5
Caris LeVert,BKN,2016-17,57.0,21.70175438596491,6.054081632653061,24.90380434782609,2625.0,2646.0,3.0,57.0,15.0,42.0,21.7,0.8,2.0,0.409,2.0,0.3,1.1,0.311,0.491
Caris LeVert,BKN,2017-18,71.0,26.253521126760564,6.1879591836734695,25.377551020408163,3840.0,3852.0,12.0,71.0,25.0,46.0,26.2,0.9,2.8,0.318,2.2,0.4,1.3,0.315,0.389
Caris LeVert,DET,2025-26,60.0,19.233333333333334,6.423696682464455,25.749444444444443,2367.0,2388.0,7.0,60.0,44.0,16.0,19.2,0.8,2.2,0.348,1.9,0.4,1.2,0.319,0.436
Carl Landry,SAC,2014-15,70.0,17.02857142857143,9.25609756097561,0.0,2331.0,2345.0,6.0,70.0,26.0,44.0,17.0,0.3,0.4,0.6,0.5,0.0,0.0,0.0,0.6
Carl Landry,PHI,2015-16,36.0,15.805555555555555,9.941772151898734,25.246153846153845,1161.0,1157.0,2.0,36.0,5.0,31.0,15.8,0.2,0.5,0.333,0.3,0.0,0.0,0.0,0.333
Carlos Boozer,CHI,2013-14,76.0,28.17105263157895,9.48047034764826,25.25,4077.0,4075.0,3.0,76.0,43.0,33.0,28.2,0.5,1.8,0.279,1.0,0.0,0.0,0.0,0.279
Carlos Boozer,LAL,2014-15,71.0,23.830985915492956,8.608882907133243,0.0,3335.0,3334.0,0.0,71.0,18.0,53.0,23.8,0.9,2.0,0.434,1.8,0.0,0.0,0.0,0.434
Carmelo Anthony,NYK,2013-14,77.0,38.72727272727273,11.63656351791531,25.653493975903615,5615.0,5577.0,12.0,77.0,35.0,42.0,38.7,3.5,8.6,0.41,7.7,0.7,1.9,0.357,0.448
Carmelo Anthony,NYK,2014-15,40.0,35.7,11.266188197767145,25.518994413407817,2691.0,2681.0,3.0,40.0,10.0,30.0,35.7,2.5,6.9,0.369,5.4,0.4,1.2,0.298,0.394
Carmelo Anthony,NYK,2015-16,72.0,35.138888888888886,11.148244734202606,25.315806451612904,4910.0,4908.0,6.0,72.0,32.0,40.0,35.1,3.2,7.7,0.417,6.9,0.5,1.7,0.286,0.448
Carmelo Anthony,NYK,2016-17,74.0,34.2972972972973,12.64297520661157,25.68099762470309,5064.0,5055.0,5.0,74.0,29.0,45.0,34.3,3.6,9.0,0.404,7.7,0.5,2.0,0.233,0.43
Carmelo Anthony,OKC,2017-18,78.0,32.06410256410256,12.463256484149856,25.187974683544304,5068.0,5040.0,8.0,78.0,46.0,32.0,32.1,2.2,5.4,0.398,4.6,0.3,1.0,0.293,0.424
Caron Butler,"MIL,OKC",2013-14,56.0,25.339285714285715,14.452577319587627,25.106827309236948,2769.0,2752.0,4.0,56.0,21.0,35.0,25.3,1.2,3.1,0.378,2.5,0.2,0.7,0.268,0.41
Caron Butler,DET,2014-15,78.0,20.807692307692307,14.708474576271186,25.837899543378995,3095.0,3101.0,3.0,78.0,30.0,48.0,20.8,0.8,1.7,0.441,1.7,0.1,0.4,0.3,0.474
Cason Wallace,OKC,2025-26,77.0,26.571428571428573,4.345945945945946,24.921527777777776,4244.0,4273.0,4.0,77.0,61.0,16.0,26.6,0.4,1.1,0.354,0.9,0.2,0.6,0.319,0.445
Cedric Coward,MEM,2025-26,62.0,25.774193548387096,5.900536193029491,24.946181818181817,3377.0,3384.0,8.0,62.0,20.0,42.0,25.8,0.9,2.4,0.371,2.2,0.4,1.1,0.377,0.457
Chandler Parsons,HOU,2013-14,74.0,37.608108108108105,5.67185534591195,25.088888888888892,5574.0,5564.0,17.0,74.0,50.0,24.0,37.6,0.7,1.9,0.373,1.6,0.1,0.6,0.222,0.408
Chandler Parsons,DAL,2014-15,66.0,33.121212121212125,5.670124481327801,24.72478386167147,4355.0,4326.0,13.0,66.0,41.0,25.0,33.1,0.8,1.9,0.448,2.0,0.3,0.7,0.429,0.532
Chandler Parsons,DAL,2015-16,61.0,29.49180327868853,7.104500000000001,25.19760956175299,3494.0,3503.0,13.0,61.0,29.0,32.0,29.5,0.9,2.1,0.441,2.1,0.3,0.9,0.365,0.516
Chandler Parsons,MEM,2016-17,34.0,19.852941176470587,7.631007751937984,25.32150537634409,1293.0,1290.0,4.0,34.0,18.0,16.0,19.8,0.4,1.6,0.241,0.9,0.2,0.6,0.316,0.296
Chandler Parsons,MEM,2017-18,36.0,19.194444444444443,10.370796460176992,25.50495867768595,1370.0,1360.0,2.0,36.0,12.0,24.0,19.2,1.1,2.4,0.448,2.6,0.4,1.0,0.405,0.534
Channing Frye,PHX,2013-14,82.0,28.195121951219512,11.189017341040463,25.15740740740741,4589.0,4562.0,13.0,82.0,48.0,34.0,28.2,0.3,0.8,0.444,0.7,0.0,0.1,0.111,0.452
Channing Frye,ORL,2014-15,75.0,24.933333333333337,13.422695035460992,25.383236994219654,3660.0,3627.0,4.0,75.0,23.0,52.0,24.9,0.1,0.5,0.282,0.3,0.0,0.1,0.1,0.295
Channing Frye,"CLE,ORL",2015-16,70.0,17.142857142857142,9.341964285714283,24.83106382978723,2296.0,2293.0,6.0,70.0,35.0,35.0,17.1,0.1,0.3,0.429,0.3,0.0,0.1,0.25,0.452
Channing Frye,CLE,2016-17,74.0,18.89189189189189,8.917297297297297,24.975223880597017,2793.0,2781.0,3.0,74.0,44.0,30.0,18.9,0.3,0.6,0.478,0.6,0.1,0.1,0.444,0.522
Chase Budinger,MIN,2013-14,41.0,18.317073170731707,9.480597014925374,24.589166666666664,1477.0,1473.0,3.0,41.0,21.0,20.0,18.3,0.2,0.7,0.321,0.5,0.1,0.1,0.75,0.375
Chase Budinger,MIN,2014-15,67.0,19.19402985074627,7.77004048582996,24.757342657342654,2543.0,2547.0,3.0,67.0,8.0,59.0,19.2,0.2,0.6,0.357,0.4,0.0,0.1,0.0,0.357
Chet Holmgren,OKC,2025-26,69.0,28.94202898550725,5.377425373134328,25.2440329218107,4117.0,4128.0,12.0,69.0,56.0,13.0,28.9,0.9,2.1,0.441,2.0,0.1,0.5,0.281,0.472
Chris Andersen,MIA,2013-14,72.0,19.38888888888889,2.9243346007604565,29.90833333333333,2600.0,2614.0,7.0,72.0,49.0,23.0,19.4,0.0,0.0,0.5,0.0,0.0,0.0,0.0,0.5
Chris Andersen,MIA,2014-15,60.0,18.866666666666667,3.758247422680412,33.45384615384615,2129.0,2136.0,8.0,60.0,27.0,33.0,18.9,0.0,0.1,0.0,0.0,0.0,0.0,0.0,0.0
Chris Bosh,MIA,2013-14,79.0,32.037974683544306,10.009251700680272,24.845412844036694,4819.0,4804.0,8.0,79.0,53.0,26.0,32.0,0.6,1.4,0.418,1.2,0.0,0.1,0.333,0.432
Chris Bosh,MIA,2014-15,44.0,35.36363636363637,11.775389948006932,25.048809523809524,2911.0,2904.0,5.0,44.0,19.0,25.0,35.4,1.8,4.0,0.441,3.6,0.0,0.2,0.2,0.446
Chris Bosh,MIA,2015-16,53.0,33.54716981132076,10.983302752293577,24.517567567567564,3405.0,3408.0,3.0,53.0,29.0,24.0,33.5,1.0,2.5,0.393,2.0,0.0,0.1,0.286,0.4
Chris Copeland,IND,2014-15,49.0,16.877551020408163,6.324475524475524,25.132934131736526,1597.0,1591.0,3.0,50.0,19.0,31.0,16.5,0.2,1.0,0.231,0.6,0.1,0.5,0.154,0.269
Chris Douglas Roberts,CHA,2013-14,49.0,20.73469387755102,5.0225,24.863636363636363,1955.0,1972.0,4.0,49.0,27.0,22.0,20.7,0.2,0.7,0.281,0.4,0.1,0.2,0.3,0.328
Chris Johnson,BOS,2013-14,40.0,19.725,6.039080459770115,24.722047244094487,1537.0,1522.0,3.0,40.0,11.0,29.0,19.7,0.2,0.5,0.35,0.4,0.1,0.1,0.5,0.4
Chris Johnson,"MIL,PHI,UTA",2014-15,29.0,18.13793103448276,4.933898305084746,24.497894736842103,1056.0,1057.0,6.0,29.0,9.0,20.0,18.2,0.2,0.5,0.333,0.4,0.1,0.2,0.333,0.4
Chris Kaman,LAL,2013-14,39.0,18.871794871794872,8.77055393586006,27.0,1527.0,1519.0,1.0,39.0,13.0,26.0,18.9,0.5,1.1,0.5,1.1,0.0,0.0,0.0,0.5
Chris Kaman,POR,2014-15,74.0,18.89189189189189,7.76903460837887,0.0,2693.0,2687.0,1.0,74.0,47.0,27.0,18.9,0.2,0.4,0.448,0.4,0.0,0.0,0.0,0.448
Chris Paul,LAC,2013-14,62.0,35.016129032258064,11.5838905775076,25.720283018867924,4388.0,4356.0,17.0,62.0,44.0,18.0,35.0,3.6,8.3,0.437,8.0,0.7,2.1,0.336,0.479
Chris Paul,LAC,2014-15,82.0,34.853658536585364,12.70925700365408,25.30458452722063,5651.0,5628.0,17.0,82.0,56.0,26.0,34.8,4.6,9.6,0.476,10.1,1.0,2.6,0.377,0.528
Chris Paul,LAC,2015-16,74.0,32.7027027027027,12.140127388535031,25.96322188449848,4865.0,4831.0,15.0,74.0,50.0,24.0,32.7,4.3,9.9,0.435,9.7,1.0,3.0,0.333,0.486
Chris Paul,LAC,2016-17,61.0,31.49180327868853,13.389648033126294,25.593377483443707,3833.0,3808.0,8.0,61.0,43.0,18.0,31.5,4.3,9.3,0.462,9.9,1.3,3.5,0.387,0.534
Chris Paul,HOU,2017-18,58.0,31.844827586206897,10.90238663484487,26.102902374670183,3689.0,3657.0,2.0,58.0,50.0,8.0,31.8,4.4,9.7,0.448,10.7,2.0,5.3,0.381,0.551
Christian Braun,DEN,2025-26,44.0,31.795454545454547,4.024796747967479,24.834265734265735,2908.0,2924.0,2.0,44.0,29.0,15.0,31.8,0.2,0.8,0.235,0.5,0.1,0.4,0.211,0.294
Cleanthony Early,NYK,2014-15,39.0,16.58974358974359,8.032307692307693,25.05952380952381,1248.0,1256.0,2.0,39.0,6.0,33.0,16.6,0.3,0.7,0.448,0.7,0.1,0.2,0.333,0.483
Clint Capela,HOU,2015-16,77.0,19.103896103896105,1.9472222222222224,50.1,2963.0,2983.0,1.0,77.0,39.0,38.0,19.1,0.0,0.0,0.0,0.0,0.0,0.0,0.0,0.0
Clint Capela,HOU,2016-17,65.0,23.861538461538466,1.9827708703374776,0.0,3164.0,3170.0,6.0,65.0,44.0,21.0,23.9,0.0,0.0,0.0,0.0,0.0,0.0,0.0,0.0
Clint Capela,HOU,2017-18,74.0,27.486486486486488,2.204148148148148,25.1,4058.0,4066.0,4.0,74.0,62.0,12.0,27.5,0.0,0.0,0.0,0.0,0.0,0.0,0.0,0.0
Coby White,"CHA,CHI",2025-26,50.0,24.98,5.9698360655737694,26.22704402515723,2582.0,2587.0,7.0,50.0,29.0,21.0,25.0,1.5,4.3,0.341,3.8,0.8,2.7,0.311,0.439
Cody Williams,UTA,2025-26,67.0,24.34328358208955,6.2518518518518515,24.20763358778626,3504.0,3537.0,5.0,67.0,16.0,51.0,24.3,0.6,1.6,0.396,1.3,0.0,0.2,0.0,0.396
Cody Zeller,CHA,2013-14,82.0,17.28048780487805,8.34317617866005,26.2,2774.0,2794.0,9.0,82.0,43.0,39.0,17.3,0.2,0.6,0.383,0.4,0.0,0.0,0.0,0.383
Cody Zeller,CHA,2014-15,62.0,23.983870967741936,8.739516129032257,24.8,2856.0,2877.0,10.0,62.0,27.0,35.0,24.0,0.1,0.3,0.368,0.2,0.0,0.0,0.0,0.368
Cody Zeller,CHA,2015-16,73.0,24.301369863013697,4.8505854800936765,25.29,3526.0,3523.0,9.0,73.0,42.0,31.0,24.3,0.1,0.2,0.222,0.1,0.0,0.0,0.0,0.222
Cody Zeller,CHA,2016-17,62.0,27.838709677419356,4.47262443438914,24.9,3406.0,3396.0,5.0,62.0,33.0,29.0,27.8,0.1,0.3,0.5,0.3,0.0,0.0,0.0,0.5
Cody Zeller,CHA,2017-18,33.0,19.0,4.959477124183007,25.4,1265.0,1267.0,5.0,33.0,14.0,19.0,19.0,0.1,0.2,0.6,0.2,0.0,0.0,0.0,0.6
Cole Aldrich,NYK,2014-15,60.0,16.266666666666666,4.77109634551495,0.0,1859.0,1870.0,4.0,61.0,11.0,50.0,16.0,0.0,0.1,0.222,0.1,0.0,0.0,0.0,0.222
Cole Anthony,MIL,2025-26,35.0,15.057142857142855,8.552830188679247,25.943055555555556,1074.0,1104.0,6.0,35.0,12.0,23.0,15.0,1.2,2.9,0.41,2.6,0.2,0.8,0.296,0.45
Collin Gillespie,PHX,2025-26,80.0,28.525,10.004545454545454,26.466782006920415,4624.0,4612.0,26.0,80.0,43.0,37.0,28.5,2.1,5.4,0.382,5.3,1.2,3.5,0.348,0.497
Collin Murray Boyles,TOR,2025-26,57.0,21.859649122807017,3.1746575342465753,25.02,2508.0,2534.0,2.0,57.0,31.0,26.0,21.9,0.0,0.1,0.286,0.1,0.0,0.0,1.0,0.357
Collin Sexton,"CHA,CHI",2025-26,68.0,23.735294117647054,5.925701943844493,25.52867383512545,3384.0,3399.0,15.0,68.0,25.0,43.0,23.7,1.0,2.9,0.362,2.6,0.5,1.5,0.34,0.449
Cooper Flagg,DAL,2025-26,70.0,33.48571428571429,7.951684210526317,25.441803278688525,4917.0,4952.0,3.0,70.0,22.0,48.0,33.5,2.4,6.6,0.361,5.4,0.6,2.0,0.307,0.407
Corey Brewer,MIN,2013-14,81.0,32.20987654320987,5.116946308724832,24.940284360189573,5397.0,5394.0,20.0,81.0,40.0,41.0,32.2,0.3,1.2,0.242,0.6,0.0,0.3,0.095,0.253
Corey Brewer,"HOU,MIN",2014-15,80.0,26.0875,5.986491228070176,25.251914893617023,4302.0,4299.0,21.0,80.0,42.0,38.0,26.1,0.5,1.6,0.325,1.1,0.1,0.3,0.24,0.349
Corey Brewer,HOU,2015-16,82.0,20.353658536585368,5.411890243902438,25.63125,3445.0,3461.0,18.0,82.0,41.0,41.0,20.4,0.2,0.9,0.236,0.5,0.0,0.3,0.12,0.257
Corey Brewer,"HOU,LAL",2016-17,82.0,15.621951219512194,3.975217391304348,25.526271186440677,2602.0,2615.0,10.0,82.0,47.0,35.0,15.6,0.1,0.3,0.429,0.3,0.0,0.1,0.25,0.464
Corey Brewer,"LAL,OKC",2017-18,72.0,16.77777777777778,2.871359223300971,25.021818181818183,2530.0,2541.0,17.0,72.0,32.0,40.0,16.8,0.1,0.3,0.238,0.1,0.0,0.1,0.0,0.238
Corey Kispert,"ATL,WAS",2025-26,58.0,18.620689655172413,3.61656050955414,25.740084388185657,2287.0,2297.0,2.0,58.0,27.0,31.0,18.6,0.3,0.8,0.354,0.8,0.2,0.6,0.333,0.479
Cory Joseph,SAS,2014-15,79.0,18.27848101265823,7.769209809264305,27.33181818181818,2809.0,2784.0,13.0,79.0,53.0,26.0,18.3,0.7,1.5,0.45,1.4,0.0,0.1,0.25,0.458
Cory Joseph,TOR,2015-16,80.0,25.575,7.978526315789474,25.971818181818183,3958.0,3944.0,10.0,80.0,54.0,26.0,25.6,0.8,2.1,0.38,1.6,0.0,0.2,0.0,0.38
Cory Joseph,TOR,2016-17,80.0,25.0375,9.255703422053232,24.85925925925926,3938.0,3946.0,18.0,80.0,49.0,31.0,25.0,1.1,2.8,0.401,2.3,0.0,0.2,0.188,0.407
Cory Joseph,IND,2017-18,82.0,26.951219512195124,11.307246376811596,25.751578947368422,4368.0,4408.0,18.0,82.0,48.0,34.0,27.0,1.4,3.2,0.424,2.8,0.1,0.4,0.229,0.439
Courtney Lee,"BOS,MEM",2013-14,79.0,24.974683544303797,10.863333333333337,24.869072164948456,3670.0,3669.0,10.0,79.0,47.0,32.0,25.0,1.3,2.5,0.518,2.6,0.1,0.2,0.385,0.531
Courtney Lee,MEM,2014-15,77.0,30.571428571428573,11.483770883054891,24.75714285714286,4503.0,4484.0,3.0,77.0,51.0,26.0,30.6,1.2,2.6,0.453,2.4,0.0,0.1,0.375,0.46
Courtney Lee,"CHA,MEM",2015-16,79.0,29.544303797468356,10.990521327014218,24.74838709677419,4542.0,4533.0,6.0,79.0,49.0,30.0,29.6,1.1,2.4,0.447,2.1,0.0,0.1,0.111,0.449
Courtney Lee,NYK,2016-17,77.0,31.935064935064936,10.720689655172414,24.507806691449815,4884.0,4860.0,2.0,77.0,29.0,48.0,31.9,1.5,3.2,0.462,3.1,0.2,0.5,0.371,0.488
Courtney Lee,NYK,2017-18,76.0,30.394736842105264,11.159538784067086,24.990287769784175,4624.0,4634.0,3.0,76.0,27.0,49.0,30.4,1.6,3.8,0.404,3.4,0.3,0.8,0.361,0.442
Craig Porter,CLE,2025-26,64.0,17.9375,6.126666666666667,24.861290322580643,2373.0,2403.0,4.0,64.0,43.0,21.0,17.9,0.5,1.5,0.372,1.4,0.3,0.8,0.347,0.463
Cristiano Felicio,CHI,2016-17,66.0,15.757575757575758,4.181447963800905,0.0,2040.0,2046.0,1.0,66.0,31.0,35.0,15.8,0.1,0.1,0.444,0.1,0.0,0.0,0.0,0.444
Cristiano Felicio,CHI,2017-18,55.0,17.763636363636362,4.530516431924883,25.0,1964.0,1971.0,2.0,55.0,13.0,42.0,17.8,0.1,0.1,0.429,0.1,0.0,0.0,0.0,0.429
DAngelo Russell,LAL,2015-16,80.0,28.2375,9.683617747440271,25.52,4496.0,4490.0,10.0,80.0,17.0,63.0,28.2,1.9,5.4,0.356,4.4,0.6,1.7,0.331,0.407
DAngelo Russell,LAL,2016-17,63.0,28.746031746031747,9.944513457556935,25.515625,3719.0,3731.0,11.0,63.0,21.0,42.0,28.7,2.4,6.4,0.373,5.7,1.0,2.9,0.339,0.449
DAngelo Russell,BKN,2017-18,48.0,25.708333333333332,9.143147208121828,25.858273381294964,2586.0,2578.0,5.0,48.0,16.0,32.0,25.7,2.2,5.7,0.382,5.1,0.7,2.5,0.292,0.445
DAngelo Russell,DAL,2025-26,26.0,19.03846153846154,9.304166666666667,25.870535714285715,1051.0,1050.0,3.0,26.0,9.0,17.0,19.0,1.7,4.5,0.373,4.0,0.6,2.1,0.278,0.436
DJ Augustin,"CHI,TOR",2013-14,71.0,27.309859154929576,8.684715025906737,25.823795180722893,3605.0,3620.0,23.0,71.0,44.0,27.0,27.3,1.7,4.1,0.415,4.3,0.8,2.0,0.415,0.515
DJ Augustin,"DET,OKC",2014-15,82.0,23.951219512195124,6.902244389027432,26.115447154471543,3830.0,3827.0,16.0,82.0,37.0,45.0,23.9,1.0,2.7,0.355,2.4,0.5,1.4,0.336,0.443
DJ Augustin,"DEN,OKC",2015-16,62.0,19.0,6.978021978021978,25.526785714285715,2344.0,2346.0,14.0,62.0,35.0,27.0,19.0,0.9,2.2,0.42,2.4,0.5,1.4,0.391,0.543
DJ Augustin,ORL,2016-17,78.0,19.71794871794872,9.613991769547324,25.72700729927007,3010.0,3025.0,13.0,78.0,29.0,49.0,19.7,1.0,2.9,0.358,2.6,0.5,1.6,0.306,0.44
DJ Augustin,ORL,2017-18,75.0,23.466666666666665,6.1003731343283585,25.96139705882353,3581.0,3568.0,12.0,75.0,23.0,52.0,23.5,1.0,2.2,0.444,2.5,0.6,1.5,0.416,0.59
Daeqwon Plowden,SAC,2025-26,32.0,26.375,4.329032258064516,25.573118279569893,1736.0,1765.0,5.0,32.0,9.0,23.0,26.4,0.3,0.6,0.444,0.6,0.1,0.4,0.308,0.556
Damian Lillard,POR,2013-14,82.0,35.81707317073171,7.478666666666666,25.485559566787003,5841.0,5804.0,29.0,82.0,54.0,28.0,35.8,2.5,6.2,0.395,6.2,1.2,3.3,0.369,0.494
Damian Lillard,POR,2014-15,82.0,35.670731707317074,7.749619289340101,25.7486013986014,5739.0,5711.0,36.0,82.0,51.0,31.0,35.7,2.6,7.0,0.373,6.5,1.3,3.9,0.339,0.466
Damian Lillard,POR,2015-16,75.0,35.68,8.095833333333333,26.007377049180327,5416.0,5398.0,27.0,75.0,40.0,35.0,35.7,3.4,8.9,0.378,8.4,1.7,4.7,0.354,0.472
Damian Lillard,POR,2016-17,75.0,35.906666666666666,7.977667766776677,26.27012089810017,5439.0,5398.0,32.0,75.0,38.0,37.0,35.9,3.5,8.9,0.397,8.7,1.7,4.7,0.358,0.492
Damian Lillard,POR,2017-18,73.0,36.57534246575342,7.661323155216285,26.64244833068362,5416.0,5362.0,34.0,73.0,44.0,29.0,36.6,3.5,8.8,0.396,8.9,2.0,5.4,0.366,0.508
Damjan Rudez,IND,2014-15,68.0,15.397058823529411,13.038709677419352,24.925882352941173,2047.0,2026.0,3.0,68.0,28.0,40.0,15.4,0.3,0.7,0.404,0.6,0.1,0.2,0.25,0.447
Daniel Gafford,DAL,2025-26,55.0,21.70909090909091,2.725316455696203,0.0,2507.0,2535.0,1.0,55.0,12.0,43.0,21.7,0.0,0.1,0.4,0.1,0.0,0.0,0.0,0.4
Danilo Gallinari,DEN,2014-15,59.0,24.16949152542373,9.969662921348316,25.51029900332226,2846.0,2858.0,16.0,59.0,23.0,36.0,24.2,0.7,2.0,0.342,1.6,0.2,0.7,0.317,0.396
Danilo Gallinari,DEN,2015-16,53.0,34.698113207547166,9.356182212581343,25.610460251046025,3679.0,3673.0,14.0,53.0,22.0,31.0,34.7,1.2,3.6,0.321,2.6,0.3,1.1,0.241,0.358
Danilo Gallinari,DEN,2016-17,63.0,33.87301587301587,10.06361502347418,25.139506172839507,4357.0,4344.0,1.0,63.0,31.0,32.0,33.9,1.1,3.2,0.34,2.3,0.2,0.8,0.25,0.37
Daniss Jenkins,DET,2025-26,72.0,20.208333333333332,7.511796246648794,25.89333333333333,3005.0,3023.0,4.0,72.0,54.0,18.0,20.2,1.0,2.8,0.345,2.2,0.3,1.1,0.266,0.397
Danny Granger,"IND,LAC",2013-14,41.0,20.658536585365855,9.351396648044693,25.13125,1677.0,1666.0,4.0,41.0,31.0,10.0,20.7,0.3,1.1,0.304,0.7,0.0,0.1,0.2,0.315
Danny Granger,MIA,2014-15,30.0,20.433333333333337,11.05,24.58571428571428,1128.0,1125.0,2.0,30.0,11.0,19.0,20.4,0.3,0.7,0.429,0.6,0.0,0.1,0.5,0.452
Danny Green,SAS,2013-14,68.0,24.279411764705884,9.42620320855615,24.9622641509434,3275.0,3269.0,7.0,68.0,54.0,14.0,24.3,0.7,1.9,0.373,1.8,0.4,0.9,0.441,0.476
Danny Green,SAS,2014-15,81.0,28.530864197530864,8.265836298932383,24.824507658643324,4500.0,4478.0,14.0,81.0,55.0,26.0,28.5,0.7,2.1,0.326,1.7,0.3,1.0,0.284,0.392
Danny Green,SAS,2015-16,79.0,26.088607594936708,8.609905660377358,25.077650429799423,3984.0,3969.0,10.0,79.0,65.0,14.0,26.1,0.3,1.2,0.286,0.8,0.1,0.5,0.2,0.33
Danny Green,SAS,2016-17,68.0,26.573529411764707,8.70072463768116,24.945659163987138,3441.0,3455.0,10.0,68.0,51.0,17.0,26.6,0.5,1.4,0.362,1.3,0.3,0.7,0.37,0.452
Danny Green,SAS,2017-18,70.0,25.585714285714285,8.007883817427386,25.008125,3477.0,3483.0,7.0,70.0,40.0,30.0,25.6,0.6,1.8,0.35,1.4,0.2,0.7,0.298,0.407
Danny Wolf,BKN,2025-26,57.0,20.82456140350877,3.978602620087337,25.586729857819908,2367.0,2373.0,1.0,57.0,14.0,43.0,20.8,0.3,0.9,0.278,0.7,0.2,0.6,0.303,0.37
Dante Cunningham,MIN,2013-14,81.0,20.185185185185187,13.54781746031746,47.739999999999995,3238.0,3267.0,7.0,81.0,39.0,42.0,20.2,0.0,0.2,0.111,0.0,0.0,0.0,0.0,0.111
Dante Cunningham,NOP,2014-15,66.0,25.03030303030303,13.245592705167176,30.839999999999996,3073.0,3125.0,4.0,66.0,37.0,29.0,25.0,0.1,0.3,0.25,0.2,0.0,0.0,0.0,0.25
Dante Cunningham,NOP,2015-16,80.0,24.6375,7.961344537815126,24.49195402298851,3950.0,3964.0,7.0,80.0,28.0,52.0,24.6,0.1,0.5,0.289,0.3,0.0,0.0,0.0,0.289
Dante Cunningham,NOP,2016-17,66.0,24.984848484848484,6.331460674157303,24.12541436464088,3320.0,3365.0,4.0,66.0,28.0,38.0,25.0,0.0,0.2,0.154,0.1,0.0,0.1,0.0,0.154
Dante Cunningham,"BKN,NOP",2017-18,73.0,21.3972602739726,4.6811224489795915,23.866071428571427,3220.0,3258.0,5.0,73.0,34.0,39.0,21.4,0.0,0.1,0.0,0.0,0.0,0.0,0.0,0.0
Dante Exum,UTA,2014-15,82.0,22.158536585365855,8.81513157894737,24.68219696969697,3342.0,3336.0,20.0,82.0,38.0,44.0,22.2,0.2,0.9,0.189,0.4,0.1,0.3,0.269,0.236
Dante Exum,UTA,2016-17,66.0,18.60606060606061,3.6761682242990656,24.687919463087248,2348.0,2346.0,20.0,66.0,40.0,26.0,18.6,0.1,0.5,0.242,0.3,0.0,0.2,0.067,0.258
Dario Saric,PHI,2016-17,81.0,26.28395061728395,7.511433447098976,25.398240469208208,4377.0,4378.0,2.0,81.0,28.0,53.0,26.3,0.5,1.8,0.282,1.1,0.1,0.4,0.182,0.303
Dario Saric,PHI,2017-18,78.0,29.615384615384617,7.230753564154787,25.676942355889725,4749.0,4750.0,3.0,78.0,49.0,29.0,29.6,0.2,0.8,0.277,0.5,0.0,0.1,0.1,0.285
Darius Garland,"CLE,LAC",2025-26,45.0,29.866666666666667,7.672527472527473,26.504545454545458,2803.0,2807.0,11.0,45.0,26.0,19.0,29.9,2.7,6.7,0.399,6.9,1.5,3.9,0.386,0.512
Darius Miller,NOP,2013-14,45.0,16.066666666666666,12.88876404494382,25.337662337662337,1380.0,1375.0,3.0,45.0,14.0,31.0,16.1,0.4,1.0,0.413,0.9,0.0,0.1,0.167,0.424
Darius Miller,NOP,2017-18,82.0,23.70731707317073,14.158139534883722,25.425418994413405,4022.0,4043.0,5.0,82.0,48.0,34.0,23.7,0.8,1.4,0.534,1.7,0.2,0.4,0.486,0.606
Darrell Arthur,DEN,2013-14,68.0,17.073529411764707,14.074855491329478,25.3109375,2346.0,2342.0,10.0,68.0,33.0,35.0,17.1,0.2,0.6,0.316,0.4,0.0,0.0,1.0,0.342
Darrell Arthur,DEN,2014-15,58.0,17.03448275862069,13.372992700729926,25.23818181818182,1991.0,1987.0,8.0,58.0,22.0,36.0,17.0,0.2,0.6,0.394,0.4,0.0,0.1,0.0,0.394
Darrell Arthur,DEN,2015-16,70.0,21.65714285714286,11.815322580645162,25.415384615384617,3016.0,3015.0,5.0,70.0,26.0,44.0,21.7,0.3,0.7,0.458,0.7,0.0,0.0,1.0,0.479
Darrell Arthur,DEN,2016-17,41.0,15.560975609756095,11.655102040816328,24.795726495726495,1287.0,1295.0,1.0,41.0,20.0,21.0,15.6,0.2,0.7,0.296,0.4,0.0,0.1,0.333,0.315
Darren Collison,LAC,2013-14,80.0,25.8625,9.657425742574258,25.461375661375666,4061.0,4068.0,14.0,80.0,56.0,24.0,25.9,1.4,3.6,0.397,3.0,0.1,0.5,0.256,0.416
Darren Collison,SAC,2014-15,45.0,34.77777777777778,10.220308483290488,25.50807453416149,3135.0,3139.0,8.0,45.0,16.0,29.0,34.8,2.7,6.0,0.454,6.1,0.6,1.6,0.394,0.506
Darren Collison,SAC,2015-16,74.0,29.986486486486488,9.297853309481216,25.38294930875576,4591.0,4580.0,9.0,74.0,29.0,45.0,30.0,1.8,3.9,0.452,3.9,0.3,1.0,0.338,0.493
Darren Collison,SAC,2016-17,68.0,30.33823529411765,10.294248608534325,25.111428571428572,4034.0,4028.0,8.0,68.0,26.0,42.0,30.3,2.0,4.6,0.435,4.3,0.3,0.9,0.323,0.468
Darren Collison,IND,2017-18,69.0,29.246376811594203,11.072055427251732,25.685853658536587,4032.0,4022.0,13.0,69.0,39.0,30.0,29.3,1.9,4.1,0.468,4.3,0.5,1.0,0.464,0.525
David Lee,GSW,2013-14,69.0,33.17391304347826,5.697755102040817,26.2,4600.0,4576.0,5.0,69.0,42.0,27.0,33.2,0.2,0.4,0.483,0.4,0.0,0.0,0.0,0.483
David Lee,GSW,2014-15,49.0,18.448979591836736,5.82411575562701,47.85,1821.0,1840.0,2.0,49.0,37.0,12.0,18.5,0.1,0.4,0.333,0.2,0.0,0.0,0.0,0.333
David Lee,"BOS,DAL",2015-16,55.0,16.418181818181818,4.2859281437125745,39.1,1820.0,1838.0,4.0,55.0,27.0,28.0,16.4,0.1,0.2,0.556,0.2,0.0,0.0,0.0,0.556
David Lee,SAS,2016-17,79.0,18.696202531645568,4.6535714285714285,0.0,2938.0,2937.0,1.0,79.0,58.0,21.0,18.7,0.1,0.3,0.364,0.2,0.0,0.0,0.0,0.364
David Nwaba,CHI,2017-18,70.0,23.514285714285716,3.5423180592991916,24.42692307692308,3321.0,3361.0,7.0,70.0,26.0,44.0,23.5,0.0,0.3,0.095,0.1,0.0,0.1,0.0,0.095
David West,IND,2013-14,80.0,30.9,10.377489177489176,25.833333333333332,4747.0,4730.0,5.0,80.0,54.0,26.0,30.9,0.7,2.0,0.36,1.5,0.0,0.0,0.0,0.36
David West,IND,2014-15,66.0,28.727272727272727,12.44924924924925,25.27,3690.0,3679.0,4.0,66.0,32.0,34.0,28.7,0.4,1.3,0.322,0.8,0.0,0.0,0.0,0.322
David West,SAS,2015-16,78.0,18.0,10.39501133786848,24.514285714285712,2749.0,2744.0,3.0,78.0,63.0,15.0,18.0,0.2,0.4,0.4,0.3,0.0,0.0,0.0,0.4
Davion Mitchell,MIA,2025-26,70.0,28.571428571428573,5.884313725490196,25.460087719298244,4268.0,4265.0,30.0,70.0,37.0,33.0,28.6,0.7,1.5,0.449,1.7,0.3,0.7,0.44,0.551
DayRon Sharpe,BKN,2025-26,62.0,18.70967741935484,2.7264984227129334,24.97948717948718,2330.0,2334.0,3.0,62.0,17.0,45.0,18.7,0.0,0.1,0.143,0.0,0.0,0.1,0.2,0.214
DeAaron Fox,SAC,2017-18,73.0,27.753424657534246,9.401863354037268,25.61307189542484,4065.0,4062.0,12.0,73.0,24.0,49.0,27.7,1.6,4.7,0.347,3.6,0.3,0.9,0.319,0.379
DeAaron Fox,SAS,2025-26,72.0,30.98611111111111,7.779754601226993,25.43898734177215,4691.0,4716.0,13.0,72.0,55.0,17.0,31.0,2.5,6.1,0.405,5.7,0.8,2.7,0.283,0.466
DeAndre Hunter,"CLE,SAC",2025-26,45.0,26.133333333333333,8.422745098039217,25.3390243902439,2492.0,2495.0,12.0,45.0,24.0,21.0,26.1,1.3,3.4,0.397,3.0,0.3,1.3,0.237,0.444
DeAnthony Melton,GSW,2025-26,49.0,22.959183673469383,5.757243816254417,25.72938775510204,2307.0,2314.0,2.0,49.0,22.0,27.0,23.0,0.5,2.1,0.248,1.3,0.2,1.4,0.164,0.3
DeAndre Jordan,LAC,2013-14,82.0,35.01219512195122,2.136116504854369,0.0,5684.0,5702.0,7.0,82.0,57.0,25.0,35.0,0.0,0.0,0.5,0.0,0.0,0.0,0.0,0.5
DeAndre Jordan,LAC,2014-15,82.0,34.40243902439025,0.9947169811320756,29.8,5510.0,5527.0,4.0,82.0,56.0,26.0,34.4,0.0,0.0,0.333,0.0,0.0,0.0,0.333,0.5
DeAndre Jordan,LAC,2015-16,77.0,33.74025974025974,1.4550295857988167,29.0,5163.0,5181.0,8.0,77.0,51.0,26.0,33.7,0.0,0.0,1.0,0.0,0.0,0.0,0.0,1.0
DeAndre Jordan,LAC,2016-17,81.0,31.74074074074074,1.2565217391304349,24.85,5114.0,5123.0,5.0,81.0,51.0,30.0,31.7,0.0,0.0,0.0,0.0,0.0,0.0,0.0,0.0
DeAndre Jordan,LAC,2017-18,77.0,31.48051948051948,1.837024221453287,0.0,4896.0,4892.0,2.0,77.0,39.0,38.0,31.5,0.0,0.0,0.0,0.0,0.0,0.0,0.0,0.0
DeAndre Bembry,ATL,2017-18,26.0,17.5,4.051020408163265,25.673333333333336,911.0,936.0,6.0,26.0,8.0,18.0,17.5,0.2,0.6,0.267,0.3,0.0,0.1,0.0,0.267
DeJuan Blair,DAL,2013-14,78.0,15.564102564102564,4.846803069053708,57.6,2410.0,2423.0,3.0,78.0,46.0,32.0,15.6,0.1,0.2,0.375,0.2,0.0,0.0,0.0,0.375
DeMar DeRozan,TOR,2013-14,79.0,38.18987341772152,12.320718462823724,24.762380952380955,5704.0,5707.0,8.0,79.0,45.0,34.0,38.2,2.9,7.6,0.384,5.9,0.1,0.5,0.22,0.391
DeMar DeRozan,TOR,2014-15,60.0,35.0,11.627494456762747,24.74659090909091,4056.0,4042.0,7.0,60.0,37.0,23.0,35.0,2.8,7.7,0.368,5.7,0.1,0.3,0.15,0.371
DeMar DeRozan,TOR,2015-16,78.0,35.94871794871795,10.14410339256866,25.3136690647482,5445.0,5423.0,8.0,78.0,53.0,25.0,35.9,2.9,7.3,0.397,5.9,0.1,0.6,0.163,0.403
DeMar DeRozan,TOR,2016-17,74.0,35.4054054054054,11.43469387755102,25.800806451612903,5203.0,5181.0,6.0,74.0,47.0,27.0,35.4,4.7,10.3,0.457,9.5,0.1,0.5,0.158,0.461
DeMar DeRozan,TOR,2017-18,80.0,33.9,10.253019538188276,25.79407665505226,5535.0,5520.0,4.0,80.0,57.0,23.0,33.9,3.3,8.1,0.401,6.9,0.4,1.5,0.256,0.424
DeMar DeRozan,SAC,2025-26,77.0,31.246753246753247,12.285780885780886,25.485714285714288,4975.0,5003.0,11.0,77.0,20.0,57.0,31.2,3.3,7.3,0.455,6.7,0.1,0.5,0.222,0.463
DeMarcus Cousins,SAC,2013-14,71.0,32.36619718309859,7.711317567567568,26.928571428571427,4519.0,4492.0,13.0,71.0,28.0,43.0,32.4,0.7,1.8,0.388,1.4,0.0,0.0,0.0,0.388
DeMarcus Cousins,SAC,2014-15,59.0,34.11864406779661,7.556899810964083,25.7875,4015.0,4002.0,15.0,59.0,23.0,36.0,34.1,0.9,2.5,0.372,1.8,0.0,0.0,0.0,0.372
DeMarcus Cousins,SAC,2015-16,65.0,34.55384615384615,6.697326203208556,25.43428571428571,4720.0,4703.0,13.0,65.0,29.0,36.0,34.6,0.6,2.1,0.292,1.3,0.1,0.2,0.267,0.307
DeMarcus Cousins,"NOP,SAC",2016-17,72.0,34.236111111111114,6.711973807296539,25.911845730027547,4857.0,4839.0,9.0,72.0,30.0,42.0,34.2,1.0,2.8,0.377,2.3,0.2,0.6,0.405,0.42
DeMarcus Cousins,NOP,2017-18,48.0,36.1875,5.125438596491228,26.22755102040816,3564.0,3532.0,6.0,48.0,27.0,21.0,36.2,0.7,2.1,0.354,1.7,0.2,0.6,0.367,0.409
DeMarre Carroll,ATL,2013-14,73.0,32.06849315068493,5.937700534759358,24.659701492537312,4570.0,4618.0,17.0,73.0,37.0,36.0,32.1,0.3,1.1,0.273,0.7,0.1,0.3,0.273,0.312
DeMarre Carroll,ATL,2014-15,70.0,31.271428571428572,5.508309455587392,24.35888157894737,4286.0,4317.0,11.0,70.0,53.0,17.0,31.3,0.3,1.0,0.353,0.7,0.1,0.3,0.182,0.382
DeMarre Carroll,TOR,2015-16,26.0,30.23076923076923,6.805921052631579,24.95169491525424,1542.0,1542.0,6.0,26.0,16.0,10.0,30.2,0.7,1.7,0.4,1.5,0.2,0.4,0.364,0.444
DeMarre Carroll,TOR,2016-17,72.0,26.125,7.289565217391304,24.93625,3682.0,3687.0,8.0,72.0,44.0,28.0,26.1,0.4,1.0,0.377,0.8,0.1,0.3,0.381,0.435
DeMarre Carroll,BKN,2017-18,73.0,29.863013698630137,6.3418781725888325,24.880562659846547,4432.0,4421.0,8.0,73.0,25.0,48.0,29.9,0.6,1.7,0.341,1.5,0.3,0.8,0.357,0.421
Dean Wade,CLE,2025-26,59.0,22.338983050847457,3.357317073170732,24.767346938775507,2708.0,2749.0,9.0,59.0,36.0,23.0,22.3,0.1,0.3,0.333,0.2,0.1,0.1,0.429,0.433
Deandre Ayton,LAL,2025-26,72.0,27.194444444444443,5.254742096505823,0.0,3996.0,4015.0,1.0,72.0,46.0,26.0,27.2,0.1,0.3,0.273,0.2,0.0,0.0,0.0,0.273
Dejounte Murray,SAS,2017-18,81.0,21.51851851851852,6.970782608695652,24.026470588235295,3420.0,3450.0,4.0,81.0,47.0,34.0,21.5,0.8,2.3,0.332,1.5,0.0,0.0,0.0,0.332
Delon Wright,TOR,2016-17,27.0,16.51851851851852,5.074418604651163,25.353333333333335,864.0,845.0,0.0,27.0,19.0,8.0,16.5,0.2,1.0,0.192,0.5,0.1,0.5,0.308,0.269
Delon Wright,TOR,2017-18,69.0,20.768115942028984,3.672043010752688,25.98562091503268,2848.0,2840.0,7.0,69.0,49.0,20.0,20.8,0.3,0.9,0.295,0.7,0.2,0.7,0.277,0.402
Deni Avdija,POR,2025-26,66.0,33.31818181818182,4.966369047619048,25.908142493638675,4621.0,4627.0,6.0,66.0,35.0,31.0,33.3,1.2,3.7,0.321,2.9,0.6,2.2,0.25,0.397
Dennis Schroder,ATL,2014-15,77.0,19.68831168831169,7.295164410058027,25.49324324324324,2885.0,2897.0,5.0,77.0,57.0,20.0,19.7,1.0,2.5,0.419,2.4,0.3,0.7,0.431,0.476
Dennis Schroder,ATL,2015-16,80.0,20.2625,7.566789667896678,25.356485355648537,3202.0,3202.0,7.0,80.0,47.0,33.0,20.3,1.2,3.4,0.362,2.8,0.3,1.3,0.248,0.41
Dennis Schroder,ATL,2016-17,79.0,31.455696202531644,7.495760869565218,25.21734693877551,5038.0,5016.0,18.0,79.0,42.0,37.0,31.5,1.9,4.9,0.383,4.3,0.5,1.6,0.292,0.432
Dennis Schroder,ATL,2017-18,67.0,31.01492537313433,9.002488687782805,25.882061068702292,4202.0,4202.0,18.0,67.0,21.0,46.0,31.0,2.9,6.7,0.437,6.4,0.5,1.8,0.295,0.477
Dennis Schroder,"CLE,SAC",2025-26,70.0,24.242857142857144,8.284788029925187,25.76578947368421,3464.0,3499.0,14.0,70.0,29.0,41.0,24.2,1.1,2.9,0.361,2.3,0.2,0.9,0.25,0.398
Dennis Smith,DAL,2017-18,69.0,29.695652173913043,7.827299270072992,25.835398230088497,4097.0,4086.0,2.0,69.0,22.0,47.0,29.7,1.8,6.0,0.291,4.2,0.7,2.7,0.274,0.352
Denzel Valentine,CHI,2016-17,57.0,17.12280701754386,9.35875,25.07451923076923,1944.0,1948.0,2.0,57.0,28.0,29.0,17.1,0.5,1.6,0.29,1.2,0.3,0.9,0.283,0.371
Denzel Valentine,CHI,2017-18,77.0,27.20779220779221,10.315669515669516,25.41540540540541,4254.0,4242.0,1.0,77.0,26.0,51.0,27.2,1.6,4.0,0.404,3.9,0.7,1.8,0.397,0.492
Derek Fisher,OKC,2013-14,81.0,17.62962962962963,12.729545454545454,24.958515283842793,2804.0,2806.0,42.0,81.0,59.0,22.0,17.6,0.6,1.6,0.398,1.5,0.3,0.7,0.383,0.488
Derik Queen,NOP,2025-26,81.0,24.97530864197531,5.591212121212121,24.988636363636363,4268.0,4316.0,6.0,81.0,26.0,55.0,25.0,0.5,1.6,0.336,1.1,0.0,0.1,0.273,0.347
Deron Williams,BKN,2013-14,64.0,32.171875,10.216741071428572,25.47761194029851,3942.0,3947.0,15.0,64.0,37.0,27.0,32.2,1.8,4.3,0.416,4.0,0.4,1.5,0.284,0.465
Deron Williams,BKN,2014-15,68.0,31.08823529411765,9.491011235955057,25.37130801687764,4090.0,4102.0,26.0,68.0,34.0,34.0,31.1,1.4,4.1,0.338,3.1,0.3,1.1,0.267,0.374
Deron Williams,DAL,2015-16,65.0,32.4,9.773833671399592,24.951418439716313,4130.0,4107.0,14.0,65.0,31.0,34.0,32.4,1.6,4.2,0.373,3.6,0.4,1.5,0.263,0.42
Deron Williams,"CLE,DAL",2016-17,64.0,25.890625,11.02786885245902,25.16752136752137,3191.0,3170.0,6.0,64.0,25.0,39.0,25.9,1.8,4.0,0.438,3.9,0.4,1.4,0.307,0.49
Derrick Favors,UTA,2013-14,73.0,30.15068493150685,6.054423592493298,25.7,4179.0,4175.0,2.0,73.0,25.0,48.0,30.2,0.3,0.7,0.49,0.7,0.0,0.0,0.0,0.49
Derrick Favors,UTA,2014-15,74.0,30.81081081081081,7.097916666666666,24.46666666666667,4251.0,4255.0,2.0,74.0,33.0,41.0,30.8,0.2,0.8,0.288,0.5,0.0,0.0,0.0,0.288
Derrick Favors,UTA,2015-16,62.0,31.983870967741936,7.961710037174722,37.0,3744.0,3724.0,3.0,62.0,30.0,32.0,32.0,0.4,1.2,0.365,0.9,0.0,0.1,0.0,0.365
Derrick Favors,UTA,2016-17,50.0,23.72,7.968550368550368,24.25,2225.0,2240.0,0.0,50.0,33.0,17.0,23.7,0.1,0.4,0.286,0.2,0.0,0.0,0.0,0.286
Derrick Favors,UTA,2017-18,77.0,27.96103896103896,6.318622848200313,23.963492063492065,4221.0,4246.0,8.0,77.0,46.0,31.0,28.0,0.1,0.3,0.409,0.2,0.0,0.0,0.333,0.432
Derrick Jones,PHX,2016-17,32.0,17.03125,4.183636363636364,24.11818181818182,1136.0,1142.0,5.0,32.0,7.0,25.0,17.0,0.2,0.5,0.294,0.3,0.0,0.1,0.5,0.324
Derrick Jones,LAC,2025-26,50.0,27.0,3.708407079646018,25.001307189542484,2736.0,2747.0,13.0,50.0,26.0,24.0,27.0,0.1,0.5,0.222,0.3,0.0,0.2,0.2,0.259
Derrick Rose,CHI,2014-15,51.0,30.0,8.456914893617022,25.983025830258303,3013.0,3018.0,9.0,51.0,33.0,18.0,30.0,2.4,6.8,0.352,5.5,0.7,2.6,0.28,0.405
Derrick Rose,CHI,2015-16,66.0,31.78787878787879,8.7902004454343,25.548,4207.0,4216.0,9.0,66.0,32.0,34.0,31.8,2.6,6.5,0.4,5.3,0.1,0.7,0.205,0.41
Derrick Rose,NYK,2016-17,64.0,32.53125,7.567066521264994,28.115,4183.0,4168.0,9.0,64.0,26.0,38.0,32.5,2.3,5.3,0.438,4.7,0.1,0.3,0.25,0.443
Derrick White,BOS,2025-26,77.0,34.09090909090909,9.301282051282053,26.488906250000003,5176.0,5186.0,29.0,77.0,52.0,25.0,34.1,2.5,7.0,0.365,6.4,1.3,4.0,0.321,0.456
Derrick Williams,"MIN,SAC",2013-14,78.0,23.333333333333332,6.965535248041775,25.102020202020203,3596.0,3628.0,8.0,78.0,29.0,49.0,23.3,0.4,1.2,0.333,0.9,0.1,0.2,0.267,0.354
Derrick Williams,SAC,2014-15,74.0,19.75675675675676,6.5240121580547115,24.653846153846153,2920.0,2943.0,3.0,74.0,27.0,47.0,19.8,0.3,1.1,0.298,0.8,0.1,0.3,0.3,0.333
Derrick Williams,NYK,2015-16,80.0,17.9375,6.993975903614458,24.904666666666664,2792.0,2801.0,1.0,80.0,32.0,48.0,17.9,0.5,1.5,0.355,1.1,0.1,0.3,0.227,0.376
Derrick Williams,"CLE,MIA",2016-17,50.0,16.08,6.183673469387755,24.889690721649487,1586.0,1576.0,0.0,50.0,16.0,34.0,16.1,0.3,0.7,0.455,0.7,0.1,0.2,0.3,0.5
Desmond Bane,ORL,2025-26,82.0,33.609756097560975,6.654381443298969,25.803962703962704,5740.0,5759.0,5.0,82.0,45.0,37.0,33.6,1.8,4.7,0.39,4.5,0.8,2.4,0.345,0.478
Devin Booker,PHX,2015-16,76.0,27.73684210526316,9.97993079584775,25.25397923875432,4301.0,4292.0,14.0,76.0,20.0,56.0,27.7,1.3,3.9,0.327,2.9,0.3,1.3,0.235,0.365
Devin Booker,PHX,2016-17,78.0,35.01282051282051,10.567251461988304,25.516543209876545,5721.0,5689.0,18.0,78.0,24.0,54.0,35.0,2.9,7.2,0.404,6.3,0.6,1.7,0.331,0.442
Devin Booker,PHX,2017-18,54.0,34.53703703703704,9.612089552238809,26.06015625,3947.0,3927.0,9.0,54.0,16.0,38.0,34.5,3.4,8.7,0.393,8.2,1.3,3.7,0.364,0.469
Devin Booker,PHX,2025-26,64.0,33.53125,10.2493961352657,26.471891891891893,4452.0,4453.0,23.0,64.0,37.0,27.0,33.5,4.6,10.9,0.419,10.3,1.1,3.7,0.301,0.471
Devin Carter,SAC,2025-26,38.0,18.42105263157895,5.165730337078652,26.701769911504428,1435.0,1461.0,12.0,38.0,8.0,30.0,18.4,0.5,1.7,0.297,1.4,0.4,1.1,0.357,0.414
Devin Harris,DAL,2013-14,40.0,20.45,6.783006535947712,25.72871287128713,1590.0,1586.0,12.0,40.0,24.0,16.0,20.4,0.6,2.0,0.316,1.5,0.3,1.1,0.233,0.38
Devin Harris,DAL,2014-15,76.0,22.17105263157895,7.34031007751938,25.401127819548872,3345.0,3358.0,27.0,76.0,45.0,31.0,22.2,0.6,1.8,0.348,1.6,0.3,0.9,0.319,0.428
Devin Harris,DAL,2015-16,64.0,20.0,6.501851851851852,26.031645569620252,2567.0,2594.0,18.0,64.0,35.0,29.0,20.0,0.4,1.1,0.324,0.8,0.1,0.3,0.182,0.352
Devin Harris,DAL,2016-17,65.0,16.723076923076924,6.078658536585365,25.758757062146895,2104.0,2101.0,13.0,65.0,29.0,36.0,16.7,0.5,1.4,0.352,1.2,0.2,0.8,0.265,0.426
Devin Harris,"DAL,DEN",2017-18,71.0,18.87323943661972,5.268281938325992,26.611453744493392,2690.0,2691.0,16.0,71.0,33.0,38.0,18.9,0.4,1.6,0.272,1.2,0.3,1.1,0.286,0.368
Devin Vassell,SAS,2025-26,67.0,30.507462686567163,10.950310559006212,25.214087759815243,4249.0,4265.0,3.0,67.0,52.0,15.0,30.5,1.6,3.6,0.432,3.4,0.3,0.8,0.315,0.467
Dewayne Dedmon,SAS,2016-17,76.0,17.5,3.1945945945945944,0.0,2560.0,2585.0,4.0,76.0,55.0,21.0,17.5,0.0,0.0,0.333,0.0,0.0,0.0,0.0,0.333
Dewayne Dedmon,ATL,2017-18,62.0,24.870967741935484,8.225,24.41985815602837,3126.0,3123.0,6.0,62.0,18.0,44.0,24.9,0.1,0.4,0.333,0.3,0.0,0.0,0.0,0.333
Deyonta Davis,MEM,2017-18,62.0,15.209677419354838,6.098490566037736,0.0,1879.0,1903.0,1.0,62.0,16.0,46.0,15.2,0.1,0.1,0.625,0.2,0.0,0.0,0.0,0.625
Dillon Brooks,MEM,2017-18,82.0,28.658536585365855,7.903346456692914,26.2905303030303,4577.0,4593.0,18.0,82.0,22.0,60.0,28.7,0.8,2.6,0.302,1.7,0.2,0.7,0.22,0.333
Dillon Brooks,PHX,2025-26,56.0,30.392857142857142,10.295932203389832,26.047154471544715,3500.0,3534.0,21.0,56.0,32.0,24.0,30.4,3.8,9.1,0.424,8.5,0.8,2.6,0.318,0.47
Dion Waiters,CLE,2013-14,70.0,29.6,10.21413189771198,25.2828,4004.0,3971.0,6.0,70.0,28.0,42.0,29.6,2.2,5.6,0.39,4.6,0.2,1.0,0.239,0.412
Dion Waiters,"CLE,OKC",2014-15,80.0,27.6,9.051142857142857,24.356097560975613,4406.0,4402.0,8.0,80.0,46.0,34.0,27.6,1.5,4.0,0.363,3.1,0.2,0.7,0.269,0.384
Dion Waiters,OKC,2015-16,78.0,27.58974358974359,9.15214592274678,24.510416666666668,4357.0,4336.0,13.0,78.0,53.0,25.0,27.6,1.0,3.0,0.321,2.1,0.2,0.7,0.264,0.35
Dion Waiters,MIA,2016-17,46.0,30.08695652173913,8.181026785714286,25.443720930232555,2751.0,2741.0,9.0,46.0,27.0,19.0,30.1,1.7,4.6,0.36,3.7,0.4,1.4,0.288,0.405
Dion Waiters,MIA,2017-18,30.0,30.6,8.327916666666667,25.543529411764705,1813.0,1817.0,4.0,30.0,16.0,14.0,30.6,1.3,4.1,0.315,3.1,0.5,1.8,0.259,0.371
Dirk Nowitzki,DAL,2013-14,80.0,32.85,13.683474576271188,25.286930091185408,5141.0,5060.0,13.0,80.0,48.0,32.0,32.9,2.5,5.1,0.493,5.2,0.1,0.2,0.474,0.504
Dirk Nowitzki,DAL,2014-15,77.0,29.636363636363637,14.093527918781726,25.01021897810219,4502.0,4420.0,7.0,77.0,47.0,30.0,29.6,1.5,3.3,0.464,3.1,0.1,0.2,0.412,0.478
Dirk Nowitzki,DAL,2015-16,75.0,31.52,13.617142857142856,24.887719298245617,4652.0,4541.0,10.0,75.0,38.0,37.0,31.5,1.6,3.9,0.42,3.3,0.0,0.1,0.3,0.425
Dirk Nowitzki,DAL,2016-17,54.0,26.37037037037037,14.846908315565033,25.195693779904303,2808.0,2763.0,4.0,54.0,23.0,31.0,26.4,1.0,2.5,0.407,2.1,0.0,0.2,0.091,0.411
Dirk Nowitzki,DAL,2017-18,77.0,24.67532467532467,15.007363420427554,25.690801186943617,3794.0,3736.0,3.0,77.0,24.0,53.0,24.7,0.9,2.3,0.408,1.9,0.1,0.2,0.222,0.419
Domantas Sabonis,OKC,2016-17,81.0,20.135802469135804,6.920496894409938,24.423899371069183,3265.0,3266.0,2.0,81.0,46.0,35.0,20.1,0.0,0.1,0.222,0.0,0.0,0.0,0.0,0.222
Domantas Sabonis,IND,2017-18,74.0,24.45945945945946,6.560897435897436,26.52972972972973,3587.0,3587.0,4.0,74.0,45.0,29.0,24.5,0.0,0.1,0.333,0.1,0.0,0.0,1.0,0.389
Dominick Barlow,PHI,2025-26,71.0,23.788732394366196,3.5415094339622644,23.839024390243903,3493.0,3512.0,2.0,71.0,40.0,31.0,23.8,0.0,0.3,0.105,0.1,0.0,0.0,0.0,0.105
Donald Sloan,IND,2014-15,53.0,20.88679245283019,7.21875,25.754198473282443,2132.0,2127.0,3.0,53.0,22.0,31.0,20.9,0.7,2.1,0.321,1.6,0.3,1.0,0.283,0.388
Donald Sloan,BKN,2015-16,61.0,21.60655737704918,7.174900398406375,25.36161616161616,2608.0,2615.0,3.0,61.0,13.0,48.0,21.6,0.5,1.4,0.352,1.1,0.1,0.4,0.273,0.386
Donatas Motiejunas,HOU,2013-14,62.0,15.35483870967742,4.926415094339623,26.61428571428571,1944.0,1944.0,4.0,62.0,42.0,20.0,15.4,0.0,0.1,0.333,0.1,0.0,0.0,0.0,0.333
Donatas Motiejunas,HOU,2014-15,71.0,28.690140845070424,5.203350970017637,24.51954887218045,4023.0,4022.0,13.0,71.0,48.0,23.0,28.7,0.1,0.2,0.5,0.2,0.0,0.0,1.0,0.536
Donovan Clingan,POR,2025-26,77.0,27.194805194805195,2.509132420091324,25.804065040650407,4351.0,4368.0,4.0,77.0,41.0,36.0,27.2,0.0,0.2,0.188,0.1,0.0,0.2,0.143,0.25
Donovan Mitchell,UTA,2017-18,79.0,33.392405063291136,7.355295566502463,26.01727272727273,5268.0,5263.0,20.0,79.0,46.0,33.0,33.4,2.5,7.0,0.353,6.0,1.1,3.8,0.293,0.434
Donovan Mitchell,CLE,2025-26,70.0,33.457142857142856,7.56289707750953,26.09237012987013,4905.0,4900.0,10.0,70.0,45.0,25.0,33.5,3.6,9.1,0.399,9.1,1.8,5.4,0.337,0.498
Donte DiVincenzo,MIN,2025-26,82.0,30.414634146341463,4.98848167539267,25.591614906832294,5212.0,5230.0,28.0,82.0,49.0,33.0,30.4,0.8,2.1,0.366,2.1,0.6,1.7,0.345,0.503
Dorian Finney Smith,DAL,2016-17,81.0,20.271604938271604,5.122535211267605,25.02774869109948,3096.0,3137.0,8.0,81.0,33.0,48.0,20.3,0.1,0.4,0.258,0.2,0.0,0.1,0.2,0.29
Dorian Finney Smith,HOU,2025-26,37.0,16.756756756756758,2.628125,25.044,1244.0,1259.0,2.0,37.0,23.0,14.0,16.8,0.0,0.2,0.167,0.1,0.0,0.1,0.2,0.25
Doug McDermott,CHI,2015-16,81.0,22.96296296296296,8.253506493506494,24.954440154440153,3772.0,3712.0,5.0,81.0,41.0,40.0,23.0,0.8,1.7,0.46,1.7,0.1,0.2,0.375,0.482
Doug McDermott,"CHI,OKC",2016-17,66.0,22.848484848484848,9.524567474048444,24.81346153846154,2991.0,2956.0,0.0,66.0,35.0,31.0,22.8,0.8,1.7,0.45,1.6,0.0,0.1,0.429,0.464
Doug McDermott,"DAL,NYK",2017-18,81.0,21.82716049382716,6.928082191780822,25.01388888888889,3562.0,3546.0,1.0,81.0,30.0,51.0,21.8,0.3,0.9,0.289,0.6,0.0,0.2,0.118,0.303
Doug McDermott,SAC,2025-26,29.0,15.137931034482758,7.0625,26.12845528455285,906.0,911.0,0.0,29.0,8.0,21.0,15.1,0.2,0.6,0.313,0.5,0.1,0.4,0.364,0.438
Dragan Bender,PHX,2017-18,82.0,25.23170731707317,5.191975308641975,24.90124223602485,4290.0,4307.0,9.0,82.0,21.0,61.0,25.2,0.1,0.2,0.278,0.1,0.0,0.1,0.4,0.333
Drake Powell,BKN,2025-26,63.0,20.952380952380953,7.276704545454546,25.025274725274727,2637.0,2683.0,3.0,63.0,16.0,47.0,20.9,0.6,1.5,0.368,1.2,0.1,0.5,0.25,0.411
Draymond Green,GSW,2013-14,82.0,21.902439024390244,7.095918367346938,25.694545454545455,3592.0,3617.0,19.0,82.0,51.0,31.0,21.9,0.2,0.5,0.395,0.5,0.1,0.1,0.5,0.453
Draymond Green,GSW,2014-15,79.0,31.518987341772153,5.414220183486238,25.669300911854105,5139.0,5119.0,9.0,79.0,64.0,15.0,31.5,0.2,0.6,0.298,0.4,0.0,0.1,0.125,0.309
Draymond Green,GSW,2015-16,81.0,34.666666666666664,3.520499108734403,25.648449612403105,5892.0,5896.0,17.0,81.0,73.0,8.0,34.7,0.2,0.5,0.317,0.4,0.0,0.1,0.3,0.354
Draymond Green,GSW,2016-17,76.0,32.51315789473684,3.703359173126615,25.96768060836502,5149.0,5153.0,10.0,76.0,62.0,14.0,32.5,0.1,0.4,0.25,0.2,0.0,0.1,0.1,0.266
Draymond Green,GSW,2017-18,70.0,32.67142857142857,5.063085399449036,26.416015625,4753.0,4790.0,6.0,70.0,48.0,22.0,32.7,0.2,0.7,0.26,0.4,0.1,0.3,0.222,0.3
Draymond Green,GSW,2025-26,68.0,27.485294117647054,4.383425414364641,25.133548387096777,3845.0,3886.0,11.0,68.0,31.0,37.0,27.5,0.1,0.2,0.267,0.1,0.0,0.0,0.0,0.267
Drew Gooden,WAS,2014-15,51.0,16.941176470588236,12.378341013824883,25.883050847457625,1654.0,1651.0,15.0,51.0,31.0,20.0,16.9,0.3,0.7,0.368,0.6,0.0,0.1,0.333,0.382
Dru Smith,MIA,2025-26,70.0,16.3,4.786734693877551,24.94031007751938,2460.0,2509.0,5.0,70.0,38.0,32.0,16.3,0.2,0.6,0.385,0.5,0.1,0.3,0.25,0.449
Duncan Robinson,DET,2025-26,77.0,27.44155844155844,5.603086419753092,25.40111940298507,4391.0,4343.0,13.0,77.0,58.0,19.0,27.4,0.7,1.9,0.399,2.1,0.6,1.6,0.367,0.552
Dwight Howard,HOU,2013-14,71.0,33.76056338028169,3.2456494325346785,34.17142857142857,4755.0,4731.0,1.0,71.0,48.0,23.0,33.8,0.0,0.1,0.0,0.0,0.0,0.0,0.0,0.0
Dwight Howard,HOU,2014-15,41.0,29.82926829268293,2.842042755344418,55.65,2429.0,2429.0,1.0,41.0,29.0,12.0,29.8,0.0,0.0,0.0,0.0,0.0,0.0,0.0,0.0
Dwight Howard,HOU,2015-16,71.0,32.11267605633803,2.6215488215488216,36.93333333333333,4566.0,4554.0,1.0,71.0,34.0,37.0,32.1,0.0,0.0,0.0,0.0,0.0,0.0,0.0,0.0
Dwight Howard,ATL,2016-17,74.0,29.716216216216218,2.79328968903437,23.5,4407.0,4416.0,1.0,74.0,37.0,37.0,29.7,0.0,0.0,0.0,0.0,0.0,0.0,0.0,0.0
Dwight Howard,CHA,2017-18,81.0,30.40740740740741,4.934402654867257,35.528571428571425,5030.0,5008.0,2.0,81.0,35.0,46.0,30.4,0.1,0.1,0.417,0.1,0.0,0.0,0.0,0.417
Dwight Powell,DAL,2016-17,77.0,17.31168831168831,6.812541254125412,25.26621621621622,2542.0,2564.0,6.0,77.0,30.0,47.0,17.3,0.1,0.2,0.235,0.1,0.0,0.1,0.0,0.235
Dwight Powell,DAL,2017-18,79.0,21.164556962025316,4.103468208092486,25.91428571428572,3300.0,3307.0,10.0,79.0,23.0,56.0,21.2,0.1,0.2,0.438,0.2,0.0,0.1,0.25,0.469
Dwyane Wade,MIA,2013-14,54.0,32.870370370370374,8.933744855967078,24.621875,3418.0,3424.0,4.0,54.0,36.0,18.0,32.9,2.1,4.8,0.447,4.3,0.0,0.2,0.167,0.451
Dwyane Wade,MIA,2014-15,62.0,31.79032258064516,10.565173116089612,25.255882352941175,3734.0,3725.0,2.0,62.0,28.0,34.0,31.8,3.2,8.3,0.393,6.8,0.3,1.0,0.302,0.411
Dwyane Wade,MIA,2015-16,74.0,30.513513513513512,9.34126426690079,28.41590909090909,4399.0,4403.0,6.0,74.0,43.0,31.0,30.5,2.3,6.5,0.351,4.6,0.0,0.4,0.074,0.353
Dwyane Wade,CHI,2016-17,60.0,29.866666666666667,10.021728395061729,25.05862068965517,3568.0,3555.0,4.0,60.0,29.0,31.0,29.9,3.1,8.0,0.39,6.7,0.5,1.4,0.325,0.418
Dwyane Wade,"CLE,MIA",2017-18,67.0,22.925373134328357,8.919439579684763,25.474774774774772,3138.0,3142.0,4.0,67.0,37.0,30.0,22.9,1.4,4.5,0.32,3.2,0.3,1.0,0.284,0.351
Dylan Cardwell,SAC,2025-26,44.0,20.613636363636363,4.362857142857143,24.925,1850.0,1857.0,4.0,44.0,13.0,31.0,20.6,0.0,0.1,0.25,0.0,0.0,0.0,0.0,0.25
Dylan Harper,SAS,2025-26,69.0,22.579710144927535,5.144351464435147,25.497191011235955,3211.0,3230.0,5.0,69.0,53.0,16.0,22.6,0.7,1.9,0.389,1.6,0.1,0.6,0.171,0.416
Dyson Daniels,ATL,2025-26,76.0,33.1578947368421,4.1478787878787875,25.152991452991454,5304.0,5348.0,16.0,76.0,44.0,32.0,33.2,0.3,0.7,0.471,0.6,0.0,0.1,0.1,0.48
ETwaun Moore,ORL,2013-14,79.0,19.063291139240505,8.786440677966102,25.10310559006211,2954.0,2970.0,8.0,79.0,22.0,57.0,19.1,0.7,1.6,0.419,1.5,0.1,0.3,0.375,0.453
ETwaun Moore,CHI,2015-16,59.0,21.406779661016948,9.312280701754386,24.430769230769233,2515.0,2526.0,3.0,59.0,29.0,30.0,21.4,0.9,2.0,0.445,1.9,0.1,0.3,0.4,0.471
ETwaun Moore,NOP,2016-17,73.0,24.931506849315067,9.063260340632604,24.793750000000003,3689.0,3702.0,3.0,73.0,32.0,41.0,24.9,1.0,2.5,0.409,2.3,0.2,0.4,0.464,0.444
ETwaun Moore,NOP,2017-18,82.0,31.536585365853657,7.454237288135593,24.6468438538206,5411.0,5405.0,6.0,82.0,48.0,34.0,31.5,0.8,1.8,0.444,1.7,0.1,0.4,0.414,0.486
Ed Davis,MEM,2013-14,63.0,15.174603174603174,5.325172413793103,0.0,1786.0,1803.0,1.0,63.0,38.0,25.0,15.2,0.1,0.2,0.364,0.1,0.0,0.0,0.0,0.364
Ed Davis,LAL,2014-15,79.0,23.29113924050633,2.642857142857143,0.0,3575.0,3578.0,2.0,79.0,20.0,59.0,23.3,0.0,0.1,0.5,0.1,0.0,0.0,0.0,0.5
Ed Davis,POR,2015-16,81.0,20.790123456790123,2.4112759643916917,0.0,3310.0,3323.0,6.0,81.0,43.0,38.0,20.8,0.0,0.0,0.333,0.0,0.0,0.0,0.0,0.333
Ed Davis,POR,2016-17,46.0,17.152173913043477,2.5253521126760563,0.0,1563.0,1582.0,3.0,46.0,19.0,27.0,17.2,0.0,0.0,0.0,0.0,0.0,0.0,0.0,0.0
Ed Davis,POR,2017-18,78.0,18.85897435897436,2.746551724137931,53.5,2852.0,2858.0,5.0,78.0,48.0,30.0,18.9,0.0,0.0,0.0,0.0,0.0,0.0,0.0,0.0
Egor Demin,BKN,2025-26,52.0,25.153846153846153,7.198425196850394,25.87080745341615,2650.0,2658.0,2.0,52.0,14.0,38.0,25.2,1.0,2.9,0.329,2.7,0.8,2.3,0.35,0.464
Ekpe Udoh,MIL,2013-14,42.0,19.142857142857142,6.914685314685315,0.0,1498.0,1503.0,2.0,42.0,7.0,35.0,19.1,0.2,0.4,0.533,0.4,0.0,0.0,0.0,0.533
Elfrid Payton,ORL,2014-15,82.0,30.353658536585368,5.741291291291291,25.214285714285715,4849.0,4884.0,11.0,82.0,25.0,57.0,30.3,0.5,1.5,0.333,1.0,0.0,0.1,0.083,0.337
Elfrid Payton,ORL,2015-16,73.0,29.383561643835616,6.970689655172414,25.24891304347826,4301.0,4296.0,7.0,73.0,32.0,41.0,29.4,0.7,2.2,0.329,1.5,0.0,0.2,0.273,0.338
Elfrid Payton,ORL,2016-17,82.0,29.414634146341463,6.10953002610966,25.3972602739726,4861.0,4885.0,10.0,82.0,29.0,53.0,29.4,0.9,2.2,0.391,1.8,0.1,0.2,0.385,0.405
Elfrid Payton,"ORL,PHX",2017-18,63.0,28.6984126984127,6.008695652173913,25.01413043478261,3739.0,3761.0,6.0,63.0,13.0,50.0,28.7,0.8,2.0,0.388,1.7,0.1,0.3,0.294,0.407
Elijah Harkless,UTA,2025-26,26.0,20.96153846153846,5.647945205479452,25.07613636363636,1159.0,1165.0,18.0,26.0,5.0,21.0,21.0,0.3,1.2,0.258,0.7,0.1,0.6,0.188,0.306
Elijah Millsap,UTA,2014-15,47.0,19.659574468085108,6.2560810810810805,25.564444444444447,1725.0,1761.0,3.0,47.0,25.0,22.0,19.7,0.2,0.8,0.263,0.4,0.0,0.2,0.1,0.276
Elliot Williams,PHI,2013-14,67.0,17.26865671641791,4.794811320754717,25.2856,2386.0,2377.0,9.0,67.0,13.0,54.0,17.3,0.3,0.8,0.346,0.7,0.1,0.4,0.32,0.423
Elton Brand,ATL,2013-14,73.0,19.36986301369863,9.61939393939394,24.15,2753.0,2780.0,8.0,73.0,34.0,39.0,19.4,0.2,0.4,0.379,0.3,0.0,0.0,0.0,0.379
Emmanuel Mudiay,DEN,2015-16,68.0,30.41176470588235,8.879197622585439,25.582758620689653,4171.0,4171.0,3.0,68.0,29.0,39.0,30.4,2.0,5.5,0.354,4.3,0.4,1.3,0.322,0.391
Emmanuel Mudiay,DEN,2016-17,55.0,25.563636363636363,6.515281501340482,25.328651685393258,2900.0,2892.0,2.0,55.0,25.0,30.0,25.6,0.7,2.7,0.277,1.6,0.1,0.8,0.163,0.301
Emmanuel Mudiay,"DEN,NYK",2017-18,64.0,19.453125,8.275925925925927,26.130405405405405,2555.0,2564.0,2.0,64.0,29.0,35.0,19.4,1.0,3.1,0.333,2.3,0.3,0.9,0.304,0.376
Enes Freedom,UTA,2013-14,80.0,26.725,7.413967136150235,25.2,4026.0,4048.0,5.0,80.0,23.0,57.0,26.7,0.2,0.5,0.462,0.5,0.0,0.0,0.0,0.462
Enes Freedom,"OKC,UTA",2014-15,75.0,28.466666666666665,6.5263873159682895,23.85333333333333,4140.0,4129.0,3.0,75.0,32.0,43.0,28.5,0.1,0.3,0.421,0.2,0.0,0.0,1.0,0.447
Enes Freedom,OKC,2015-16,82.0,20.98780487804878,4.698853868194843,25.11904761904762,3422.0,3409.0,1.0,82.0,55.0,27.0,21.0,0.1,0.3,0.423,0.3,0.0,0.0,0.0,0.423
Enes Freedom,OKC,2016-17,72.0,21.291666666666668,4.789270386266094,25.32894736842105,3082.0,3037.0,3.0,72.0,43.0,29.0,21.3,0.1,0.3,0.24,0.2,0.0,0.0,0.0,0.24
Enes Freedom,NYK,2017-18,71.0,25.774647887323944,4.252320675105485,25.55,3662.0,3670.0,1.0,71.0,27.0,44.0,25.8,0.1,0.2,0.429,0.2,0.0,0.0,0.0,0.429
Eric Bledsoe,PHX,2013-14,43.0,32.93023255813954,7.996874999999999,25.361428571428572,2841.0,2822.0,7.0,43.0,28.0,15.0,32.9,2.0,5.2,0.388,4.7,0.7,1.7,0.387,0.453
Eric Bledsoe,PHX,2014-15,81.0,34.5679012345679,8.172739018087855,25.352941176470587,5609.0,5621.0,23.0,81.0,39.0,42.0,34.6,1.9,4.8,0.397,4.3,0.5,1.5,0.347,0.45
Eric Bledsoe,PHX,2015-16,31.0,34.16129032258065,9.046831955922864,25.154263565891473,2197.0,2185.0,10.0,31.0,12.0,19.0,34.2,3.2,6.8,0.462,7.3,0.9,2.2,0.426,0.531
Eric Bledsoe,PHX,2016-17,66.0,32.96969696969697,8.56353591160221,25.798709677419357,4540.0,4530.0,9.0,66.0,22.0,44.0,33.0,2.4,6.8,0.35,5.6,0.8,2.6,0.314,0.409
Eric Bledsoe,"MIL,PHX",2017-18,74.0,31.37837837837838,7.469475357710652,25.91111111111111,4680.0,4665.0,16.0,74.0,40.0,34.0,31.4,1.6,4.4,0.369,3.7,0.4,1.6,0.265,0.417
Eric Gordon,NOP,2013-14,64.0,32.140625,7.765474060822897,25.41124031007752,4003.0,4010.0,4.0,64.0,26.0,38.0,32.1,1.2,3.5,0.356,2.8,0.3,1.1,0.265,0.396
Eric Gordon,NOP,2014-15,61.0,33.08196721311475,8.586807387862796,25.358730158730157,3830.0,3816.0,7.0,61.0,35.0,26.0,33.1,0.9,2.8,0.337,2.1,0.3,0.9,0.302,0.385
Eric Gordon,NOP,2015-16,45.0,32.91111111111111,7.593410852713178,24.94931972789116,2998.0,2987.0,3.0,45.0,14.0,31.0,32.9,1.3,2.8,0.449,3.0,0.5,1.2,0.434,0.539
Eric Gordon,HOU,2016-17,75.0,30.973333333333333,5.548732394366197,25.794553706505297,4832.0,4815.0,5.0,75.0,50.0,25.0,31.0,1.0,2.8,0.365,2.8,0.8,2.0,0.38,0.502
Eric Gordon,HOU,2017-18,69.0,31.217391304347824,4.468232044198895,26.44309210526316,4390.0,4362.0,4.0,69.0,55.0,14.0,31.2,1.1,3.4,0.307,3.0,0.9,2.9,0.305,0.435
Ersan Ilyasova,MIL,2013-14,55.0,26.89090909090909,10.028125,25.335114503816794,2837.0,2848.0,27.0,55.0,10.0,45.0,26.9,0.4,1.2,0.338,0.9,0.0,0.2,0.111,0.346
Ersan Ilyasova,MIL,2014-15,58.0,22.74137931034483,7.947683923705722,25.243157894736843,2583.0,2582.0,27.0,58.0,26.0,32.0,22.7,0.3,0.8,0.37,0.7,0.1,0.2,0.5,0.435
Ersan Ilyasova,"DET,ORL",2015-16,74.0,25.41891891891892,7.505721393034826,25.282625482625484,3772.0,3753.0,22.0,74.0,35.0,39.0,25.4,0.6,1.4,0.383,1.3,0.2,0.6,0.319,0.453
Ersan Ilyasova,"ATL,OKC,PHI",2016-17,82.0,26.12195121951219,7.972131147540983,25.06766169154229,4397.0,4394.0,28.0,82.0,35.0,47.0,26.1,0.5,1.8,0.299,1.2,0.2,0.8,0.221,0.351
Ersan Ilyasova,"ATL,PHI",2017-18,69.0,25.05797101449275,6.978888888888889,24.94308300395257,3511.0,3520.0,21.0,69.0,36.0,33.0,25.1,0.3,1.1,0.247,0.7,0.1,0.6,0.209,0.305
Ethan Thompson,IND,2025-26,32.0,20.40625,6.840000000000001,25.269827586206898,1352.0,1370.0,4.0,32.0,8.0,24.0,20.4,0.4,1.2,0.342,1.1,0.3,0.6,0.444,0.447
Evan Fournier,DEN,2013-14,76.0,19.776315789473685,6.812703583061889,25.12616033755274,3113.0,3101.0,7.0,76.0,35.0,41.0,19.8,0.5,1.5,0.33,1.2,0.2,0.6,0.311,0.391
Evan Fournier,ORL,2014-15,58.0,28.63793103448276,6.292285714285715,25.76888888888889,3221.0,3226.0,7.0,58.0,19.0,39.0,28.6,0.8,2.3,0.331,1.9,0.4,1.1,0.344,0.414
Evan Fournier,ORL,2015-16,79.0,32.48101265822785,6.668460111317255,25.458717948717947,5073.0,5094.0,17.0,79.0,33.0,46.0,32.5,0.9,2.5,0.36,2.2,0.4,1.1,0.381,0.442
Evan Fournier,ORL,2016-17,68.0,32.85294117647059,7.155964912280702,25.50166666666667,4493.0,4479.0,10.0,68.0,23.0,45.0,32.8,1.4,3.5,0.402,3.3,0.5,1.4,0.32,0.467
Evan Fournier,ORL,2017-18,57.0,32.228070175438596,8.21948608137045,25.584179104477613,3823.0,3805.0,5.0,57.0,20.0,37.0,32.2,1.4,3.4,0.393,3.2,0.5,1.5,0.318,0.462
Evan Mobley,CLE,2025-26,65.0,31.907692307692308,4.451384615384615,25.51531100478469,4278.0,4322.0,1.0,65.0,40.0,25.0,31.9,0.5,1.5,0.351,1.2,0.2,0.6,0.263,0.402
Evan Turner,"IND,PHI",2013-14,81.0,30.333333333333332,9.190982658959538,24.66153846153846,4998.0,4996.0,6.0,81.0,29.0,52.0,30.3,1.7,4.2,0.394,3.4,0.0,0.3,0.087,0.397
Evan Turner,BOS,2014-15,82.0,27.5609756097561,9.941626794258372,24.70252100840336,4502.0,4485.0,3.0,82.0,40.0,42.0,27.6,1.8,4.2,0.436,3.7,0.1,0.3,0.333,0.446
Evan Turner,BOS,2015-16,81.0,28.03703703703704,9.400746268656716,24.879518072289155,4665.0,4641.0,8.0,81.0,47.0,34.0,28.0,1.7,4.1,0.417,3.4,0.0,0.1,0.125,0.418
Evan Turner,POR,2016-17,65.0,25.523076923076925,9.822119815668204,24.25,3329.0,3330.0,3.0,65.0,34.0,31.0,25.5,1.5,3.6,0.417,3.1,0.1,0.2,0.364,0.426
Evan Turner,POR,2017-18,79.0,25.746835443037973,10.597303370786518,24.28560606060606,4074.0,4062.0,11.0,79.0,48.0,31.0,25.7,1.5,3.5,0.44,3.1,0.0,0.1,0.6,0.445
Festus Ezeli,GSW,2015-16,46.0,16.73913043478261,3.270175438596491,0.0,1586.0,1591.0,1.0,46.0,42.0,4.0,16.7,0.0,0.1,0.25,0.0,0.0,0.0,0.0,0.25
Francisco Garcia,HOU,2013-14,55.0,19.69090909090909,6.949504950495049,24.680310880829015,2193.0,2189.0,3.0,55.0,33.0,22.0,19.7,0.2,0.7,0.297,0.5,0.1,0.2,0.364,0.351
Frank Kaminsky,CHA,2015-16,81.0,21.08641975308642,5.265944272445821,25.502475247524753,3384.0,3382.0,2.0,81.0,47.0,34.0,21.1,0.2,0.5,0.357,0.4,0.0,0.0,0.25,0.369
Frank Kaminsky,CHA,2016-17,75.0,26.053333333333335,6.516294642857143,26.089830508474577,3893.0,3873.0,2.0,75.0,31.0,44.0,26.1,0.2,1.2,0.187,0.5,0.0,0.1,0.111,0.192
Frank Kaminsky,CHA,2017-18,79.0,23.227848101265824,7.71606334841629,26.02080291970803,3693.0,3669.0,3.0,79.0,35.0,44.0,23.2,0.6,1.8,0.338,1.3,0.1,0.2,0.5,0.363
Frank Mason,SAC,2017-18,52.0,18.923076923076923,8.704761904761904,27.159302325581393,1878.0,1890.0,2.0,52.0,17.0,35.0,18.9,1.2,3.1,0.385,2.8,0.4,1.1,0.379,0.453
Frank Ntilikina,NYK,2017-18,78.0,21.871794871794872,12.01865889212828,26.505095541401275,3403.0,3424.0,7.0,78.0,28.0,50.0,21.9,1.0,3.0,0.338,2.2,0.2,0.8,0.254,0.37
Franz Wagner,ORL,2025-26,34.0,29.970588235294116,5.859239130434782,25.848920863309353,2169.0,2181.0,16.0,34.0,20.0,14.0,30.0,1.6,4.0,0.412,3.9,0.6,1.9,0.317,0.485
Fred VanVleet,TOR,2017-18,76.0,20.0,4.144014084507043,25.561302681992338,3008.0,3010.0,9.0,76.0,55.0,21.0,20.0,0.4,1.3,0.327,1.2,0.4,1.0,0.355,0.46
GG Jackson,MEM,2025-26,55.0,21.418181818181814,4.2495327102803735,25.513471502590676,2457.0,2471.0,4.0,55.0,16.0,39.0,21.4,0.6,1.7,0.337,1.5,0.3,1.1,0.306,0.44
Gabe Vincent,"ATL,LAL",2025-26,53.0,16.58490566037736,8.548837209302325,25.492485549132947,1822.0,1826.0,7.0,53.0,36.0,17.0,16.6,0.4,1.4,0.306,1.2,0.3,1.0,0.321,0.424
Garrett Temple,WAS,2015-16,80.0,24.3875,6.967206477732794,25.024031007751937,3954.0,3991.0,21.0,80.0,40.0,40.0,24.4,0.3,1.1,0.284,0.7,0.1,0.3,0.28,0.324
Garrett Temple,SAC,2016-17,65.0,26.584615384615383,9.466981132075473,24.671363636363637,3409.0,3416.0,20.0,65.0,25.0,40.0,26.6,0.6,1.8,0.319,1.3,0.1,0.5,0.235,0.353
Garrett Temple,SAC,2017-18,65.0,24.846153846153847,11.38835341365462,24.95726872246696,3160.0,3176.0,14.0,65.0,23.0,42.0,24.8,1.0,2.6,0.369,2.2,0.2,0.9,0.286,0.417
Gary Harris,DEN,2015-16,76.0,32.0921052631579,6.327350427350427,24.83164983164983,4884.0,4887.0,4.0,76.0,31.0,45.0,32.1,0.9,1.9,0.468,1.8,0.1,0.4,0.276,0.496
Gary Harris,DEN,2016-17,57.0,31.26315789473684,5.0821989528795815,25.34392156862745,3661.0,3642.0,2.0,57.0,29.0,28.0,31.3,0.6,1.8,0.327,1.3,0.2,0.7,0.225,0.371
Gary Harris,DEN,2017-18,67.0,34.38805970149254,7.690466926070039,25.22918781725888,4631.0,4633.0,11.0,67.0,37.0,30.0,34.4,1.6,3.9,0.409,3.6,0.5,1.4,0.344,0.471
Gary Neal,"CHA,MIL",2013-14,52.0,21.423076923076923,12.340549828178697,25.405,2132.0,2125.0,8.0,52.0,19.0,33.0,21.4,1.7,4.3,0.398,3.9,0.5,1.4,0.36,0.459
Gary Neal,"CHA,MIN",2014-15,54.0,22.09259259259259,12.599115044247789,25.517682926829263,2319.0,2298.0,4.0,54.0,24.0,30.0,22.1,1.9,4.8,0.392,4.3,0.5,1.5,0.313,0.442
Gary Neal,WAS,2015-16,40.0,20.175,13.062222222222225,25.536,1643.0,1636.0,2.0,40.0,18.0,22.0,20.2,1.9,4.0,0.478,4.2,0.3,0.7,0.448,0.519
Gary Payton,GSW,2025-26,73.0,15.643835616438356,2.9076388888888887,24.630708661417323,2323.0,2404.0,1.0,73.0,33.0,40.0,15.6,0.1,0.2,0.385,0.2,0.1,0.1,0.444,0.538
Gary Trent,MIL,2025-26,65.0,21.184615384615384,11.400763358778626,25.428070175438595,2794.0,2813.0,12.0,65.0,24.0,41.0,21.2,0.9,2.5,0.366,2.2,0.4,1.4,0.286,0.447
George Hill,IND,2013-14,76.0,32.026315789473685,9.342977528089888,25.59846153846154,4636.0,4615.0,32.0,76.0,50.0,26.0,32.0,0.8,2.7,0.301,1.9,0.2,0.9,0.246,0.342
George Hill,IND,2014-15,43.0,29.46511627906977,8.798830409356725,25.813989637305703,2438.0,2434.0,15.0,43.0,26.0,17.0,29.5,2.0,4.6,0.424,4.4,0.5,1.7,0.307,0.482
George Hill,IND,2015-16,74.0,34.108108108108105,9.097882352941175,24.831210191082803,5035.0,5043.0,17.0,74.0,41.0,33.0,34.1,1.1,3.3,0.339,2.6,0.3,1.1,0.3,0.388
George Hill,UTA,2016-17,49.0,31.510204081632654,9.058713136729224,25.09442060085837,2899.0,2914.0,16.0,49.0,33.0,16.0,31.5,2.2,5.1,0.438,5.2,0.8,1.8,0.425,0.512
George Hill,"CLE,SAC",2017-18,67.0,27.044776119402982,9.546753246753248,25.095609756097563,3563.0,3555.0,12.0,67.0,28.0,39.0,27.0,1.1,2.7,0.411,2.5,0.3,0.8,0.423,0.472
Gerald Green,PHX,2013-14,82.0,28.414634146341463,10.89798387096774,24.88392156862745,4688.0,4649.0,7.0,82.0,48.0,34.0,28.4,1.7,4.3,0.406,4.1,0.6,1.5,0.403,0.477
Gerald Green,PHX,2014-15,74.0,19.54054054054054,10.947314578005114,25.06175710594315,2907.0,2902.0,8.0,74.0,34.0,40.0,19.5,1.6,4.3,0.37,3.7,0.5,1.7,0.313,0.434
Gerald Green,MIA,2015-16,69.0,22.565217391304348,11.157798165137615,24.96192307692308,3023.0,3024.0,3.0,69.0,40.0,29.0,22.6,1.0,2.7,0.364,2.2,0.2,0.7,0.294,0.405
Gerald Green,HOU,2017-18,41.0,22.658536585365855,8.132173913043479,25.29530201342282,1886.0,1866.0,2.0,41.0,33.0,8.0,22.7,1.4,3.1,0.449,3.6,0.8,2.1,0.4,0.583
Gerald Henderson,CHA,2013-14,77.0,31.96103896103896,11.881104294478527,25.62608695652174,4676.0,4684.0,27.0,77.0,40.0,37.0,32.0,2.1,5.4,0.396,4.3,0.1,0.2,0.353,0.403
Gerald Henderson,CHA,2014-15,80.0,28.9375,11.540928270042194,24.566176470588236,4454.0,4461.0,19.0,80.0,32.0,48.0,28.9,1.9,4.5,0.416,3.7,0.0,0.1,0.167,0.417
Gerald Henderson,POR,2015-16,72.0,19.875,12.27735368956743,24.34779411764706,2839.0,2826.0,14.0,72.0,39.0,33.0,19.9,1.3,3.2,0.391,2.6,0.1,0.2,0.286,0.399
Gerald Henderson,PHI,2016-17,72.0,23.15277777777778,9.797894736842103,25.171098265895957,3402.0,3405.0,10.0,72.0,24.0,48.0,23.2,1.0,2.5,0.407,2.1,0.1,0.3,0.238,0.421
Gerald Wallace,BOS,2013-14,58.0,24.41379310344828,3.407831325301205,25.065625,2737.0,2752.0,20.0,58.0,19.0,39.0,24.4,0.0,0.2,0.071,0.1,0.0,0.1,0.143,0.107
Giannis Antetokounmpo,MIL,2013-14,77.0,24.636363636363637,5.023000000000001,25.572881355932203,3642.0,3631.0,10.0,77.0,14.0,63.0,24.6,0.2,0.8,0.3,0.6,0.1,0.3,0.458,0.392
Giannis Antetokounmpo,MIL,2014-15,81.0,31.37037037037037,6.383016304347826,27.911363636363635,4940.0,4947.0,9.0,81.0,41.0,40.0,31.4,0.7,2.0,0.346,1.4,0.0,0.2,0.105,0.352
Giannis Antetokounmpo,MIL,2015-16,80.0,35.2875,5.736061946902654,26.41834862385321,5532.0,5535.0,8.0,80.0,32.0,48.0,35.3,0.7,2.1,0.318,1.4,0.1,0.3,0.25,0.332
Giannis Antetokounmpo,MIL,2016-17,80.0,35.5625,5.708248378127896,26.951666666666668,5562.0,5560.0,7.0,80.0,42.0,38.0,35.6,1.3,3.9,0.34,2.8,0.2,0.7,0.254,0.364
Giannis Antetokounmpo,MIL,2017-18,75.0,36.74666666666667,6.985011895321174,26.307142857142857,5489.0,5488.0,3.0,75.0,39.0,36.0,36.7,2.1,5.9,0.358,4.4,0.1,0.7,0.22,0.371
Giannis Antetokounmpo,MIL,2025-26,36.0,28.86111111111111,4.434358047016275,26.35555555555555,2123.0,2130.0,0.0,36.0,17.0,19.0,28.9,0.8,3.1,0.265,1.8,0.1,0.7,0.208,0.288
Glen Davis,"LAC,ORL",2013-14,68.0,24.441176470588236,10.663745704467352,29.972727272727273,3205.0,3189.0,5.0,68.0,30.0,38.0,24.4,0.3,0.9,0.344,0.6,0.0,0.0,0.5,0.352
Glenn Robinson,IND,2016-17,69.0,20.681159420289855,9.910328638497653,24.7136,2862.0,2877.0,2.0,69.0,35.0,34.0,20.7,0.3,0.9,0.393,0.7,0.0,0.1,0.333,0.41
Goga Bitadze,ORL,2025-26,64.0,15.1875,2.209345794392523,25.063636363636363,2006.0,2037.0,3.0,64.0,34.0,30.0,15.2,0.0,0.0,0.0,0.0,0.0,0.0,0.0,0.0
Goran Dragic,PHX,2013-14,76.0,35.10526315789474,7.254156171284635,24.839130434782607,5302.0,5299.0,20.0,76.0,45.0,31.0,35.1,2.3,5.3,0.422,5.3,0.8,1.8,0.421,0.495
Goran Dragic,"MIA,PHX",2014-15,78.0,33.84615384615385,6.2954239569313595,24.581467181467183,5261.0,5247.0,17.0,78.0,41.0,37.0,33.8,1.3,3.4,0.364,2.9,0.3,1.0,0.36,0.414
Goran Dragic,MIA,2015-16,72.0,32.81944444444444,7.8505970149253725,24.85219512195122,4634.0,4625.0,15.0,72.0,44.0,28.0,32.8,1.7,4.1,0.405,3.5,0.2,0.9,0.266,0.434
Goran Dragic,MIA,2016-17,73.0,33.6986301369863,8.1274251497006,24.933910034602075,4870.0,4866.0,12.0,73.0,40.0,33.0,33.7,2.2,5.4,0.412,5.0,0.6,1.4,0.424,0.465
Goran Dragic,MIA,2017-18,75.0,31.706666666666667,7.832516129032258,25.586666666666662,4746.0,4735.0,12.0,75.0,39.0,36.0,31.7,1.9,4.9,0.379,4.1,0.4,1.2,0.308,0.417
Gordon Hayward,UTA,2013-14,77.0,36.36363636363637,11.460106382978724,24.710714285714285,5339.0,5345.0,20.0,77.0,23.0,54.0,36.4,1.8,4.4,0.4,3.8,0.2,0.8,0.283,0.425
Gordon Hayward,UTA,2014-15,76.0,34.44736842105263,9.61783355350066,25.03939393939394,4945.0,4926.0,13.0,76.0,35.0,41.0,34.4,2.2,5.4,0.404,4.7,0.3,1.3,0.248,0.435
Gordon Hayward,UTA,2015-16,80.0,36.1625,8.674873737373737,24.594634146341463,5503.0,5501.0,16.0,80.0,38.0,42.0,36.2,2.1,5.1,0.4,4.5,0.4,1.4,0.297,0.44
Gordon Hayward,UTA,2016-17,73.0,34.465753424657535,9.45537084398977,24.891176470588235,4774.0,4751.0,8.0,73.0,46.0,27.0,34.5,2.5,5.9,0.423,5.7,0.7,1.6,0.417,0.48
Gorgui Dieng,MIN,2014-15,73.0,30.04109589041096,7.177667984189723,44.666666666666664,4295.0,4290.0,9.0,73.0,16.0,57.0,30.0,0.2,0.6,0.366,0.4,0.0,0.0,0.0,0.366
Gorgui Dieng,MIN,2015-16,82.0,27.07317073170732,8.110017889087656,24.24,4363.0,4387.0,10.0,82.0,29.0,53.0,27.1,0.3,0.8,0.413,0.6,0.0,0.0,0.0,0.413
Gorgui Dieng,MIN,2016-17,82.0,32.353658536585364,9.209385113268608,26.858139534883723,5198.0,5202.0,6.0,82.0,31.0,51.0,32.4,0.3,0.7,0.361,0.5,0.0,0.1,0.167,0.369
Gorgui Dieng,MIN,2017-18,79.0,16.873417721518987,10.873700305810395,23.611475409836064,2668.0,2688.0,1.0,79.0,45.0,34.0,16.9,0.3,0.6,0.451,0.6,0.0,0.1,0.333,0.471
Grant Williams,CHA,2025-26,36.0,19.75,7.977551020408163,24.99328358208955,1441.0,1431.0,2.0,36.0,25.0,11.0,19.8,0.3,0.9,0.353,0.8,0.2,0.5,0.353,0.441
Grayson Allen,PHX,2025-26,51.0,28.764705882352946,5.755188679245283,26.89824175824176,2973.0,2975.0,8.0,51.0,26.0,25.0,28.8,1.4,4.3,0.321,3.9,1.2,3.7,0.312,0.456
Greg Monroe,DET,2013-14,82.0,32.80487804878049,4.858284023668639,77.1,5311.0,5294.0,10.0,82.0,29.0,53.0,32.8,0.1,0.3,0.429,0.2,0.0,0.0,0.0,0.429
Greg Monroe,DET,2014-15,69.0,30.971014492753625,3.978077373974209,0.0,4096.0,4113.0,5.0,69.0,25.0,44.0,31.0,0.0,0.1,0.333,0.1,0.0,0.0,0.0,0.333
Greg Monroe,MIL,2015-16,79.0,29.29113924050633,4.587446808510638,25.3,4538.0,4526.0,11.0,79.0,32.0,47.0,29.3,0.0,0.2,0.231,0.1,0.0,0.0,0.0,0.231
Greg Monroe,MIL,2016-17,81.0,22.506172839506178,4.266759002770083,41.9,3589.0,3582.0,2.0,81.0,42.0,39.0,22.5,0.0,0.1,0.429,0.1,0.0,0.0,0.0,0.429
Greg Monroe,"BOS,MIL,PHX",2017-18,51.0,20.392156862745097,4.254922279792746,0.0,2096.0,2101.0,1.0,51.0,21.0,30.0,20.4,0.0,0.1,0.5,0.1,0.0,0.0,0.0,0.5
Greg Stiemsma,NOP,2013-14,55.0,18.29090909090909,5.040495867768595,25.9,1893.0,1900.0,9.0,55.0,21.0,34.0,18.3,0.0,0.0,0.5,0.0,0.0,0.0,0.0,0.5
Greivis Vasquez,"SAC,TOR",2013-14,79.0,22.518987341772153,8.648238482384823,25.67128027681661,3353.0,3361.0,5.0,79.0,46.0,33.0,22.5,1.0,2.3,0.433,2.2,0.3,0.8,0.333,0.492
Greivis Vasquez,TOR,2014-15,82.0,24.28048780487805,8.616577540106952,25.48974358974359,3815.0,3812.0,15.0,82.0,49.0,33.0,24.3,1.0,2.8,0.368,2.4,0.3,1.1,0.29,0.428
Guerschon Yabusele,"CHI,NYK",2025-26,67.0,15.029850746268655,4.556896551724138,24.951020408163263,2110.0,2136.0,0.0,67.0,32.0,35.0,15.0,0.1,0.2,0.357,0.2,0.0,0.1,0.429,0.464
Gui Santos,GSW,2025-26,68.0,20.514705882352946,3.4831932773109244,25.441891891891892,2836.0,2853.0,5.0,68.0,29.0,39.0,20.5,0.0,0.3,0.15,0.1,0.0,0.3,0.118,0.2
Gustavo Ayon,ATL,2013-14,26.0,16.5,4.049019607843137,0.0,835.0,844.0,3.0,26.0,12.0,14.0,16.5,0.0,0.0,0.0,0.0,0.0,0.0,0.0,0.0
Harrison Barnes,GSW,2013-14,78.0,28.256410256410255,8.29284253578732,24.76421052631579,4420.0,4425.0,16.0,78.0,48.0,30.0,28.3,0.6,2.1,0.294,1.3,0.0,0.2,0.2,0.304
Harrison Barnes,GSW,2014-15,82.0,28.26829268292683,7.7444444444444445,24.70511627906977,4750.0,4745.0,8.0,82.0,67.0,15.0,28.3,0.6,1.4,0.409,1.2,0.0,0.1,0.222,0.417
Harrison Barnes,GSW,2015-16,66.0,30.924242424242426,9.06945107398568,24.534579439252333,4211.0,4186.0,5.0,66.0,59.0,7.0,30.9,0.9,2.0,0.452,1.9,0.0,0.1,0.4,0.459
Harrison Barnes,DAL,2016-17,79.0,35.49367088607595,10.689130434782609,24.635135135135137,5372.0,5353.0,6.0,79.0,32.0,47.0,35.5,2.3,5.5,0.426,4.8,0.1,0.3,0.308,0.435
Harrison Barnes,DAL,2017-18,77.0,34.20779220779221,9.231542857142855,25.22312312312312,5226.0,5211.0,1.0,77.0,24.0,53.0,34.2,2.0,5.1,0.391,4.3,0.4,1.0,0.377,0.428
Harrison Barnes,SAS,2025-26,77.0,25.79220779220779,5.207798165137614,24.523743016759777,4119.0,4118.0,7.0,77.0,57.0,20.0,25.8,0.3,0.9,0.338,0.8,0.2,0.5,0.35,0.437
Hassan Whiteside,MIA,2014-15,48.0,23.791666666666668,4.051679586563307,0.0,2171.0,2172.0,3.0,48.0,18.0,30.0,23.8,0.1,0.2,0.6,0.3,0.0,0.0,0.0,0.6
Hassan Whiteside,MIA,2015-16,73.0,29.123287671232877,5.092228739002933,0.0,4078.0,4090.0,3.0,73.0,42.0,31.0,29.1,0.2,0.3,0.571,0.3,0.0,0.0,0.0,0.571
Hassan Whiteside,MIA,2016-17,77.0,32.64935064935065,5.459095580678314,0.0,4926.0,4926.0,12.0,77.0,39.0,38.0,32.6,0.2,0.6,0.396,0.5,0.0,0.0,0.0,0.396
Hassan Whiteside,MIA,2017-18,54.0,25.25925925925926,6.1015625,26.75,2730.0,2730.0,1.0,54.0,30.0,24.0,25.3,0.2,0.5,0.429,0.4,0.0,0.0,0.0,0.429
Henry Sims,"CLE,PHI",2013-14,46.0,19.02173913043478,7.281318681318682,28.7,1739.0,1727.0,3.0,46.0,11.0,35.0,19.0,0.0,0.2,0.2,0.1,0.0,0.0,0.0,0.2
Henry Sims,PHI,2014-15,73.0,19.16438356164383,9.654791666666666,24.98636363636364,2765.0,2754.0,4.0,73.0,14.0,59.0,19.2,0.1,0.2,0.25,0.1,0.0,0.0,0.0,0.25
Herbert Jones,NOP,2025-26,56.0,28.357142857142858,5.431506849315069,24.937065637065636,3285.0,3294.0,12.0,56.0,22.0,34.0,28.4,0.5,1.4,0.325,1.1,0.2,0.8,0.267,0.4
Hollis Thompson,PHI,2013-14,77.0,22.623376623376625,6.690731707317073,24.98502994011976,3543.0,3562.0,5.0,77.0,18.0,59.0,22.6,0.2,0.5,0.324,0.4,0.0,0.1,0.333,0.365
Hollis Thompson,PHI,2014-15,71.0,25.014084507042252,8.043359375,25.281184668989543,3546.0,3555.0,5.0,71.0,13.0,58.0,25.0,0.2,0.8,0.304,0.5,0.1,0.3,0.222,0.339
Hollis Thompson,PHI,2015-16,77.0,27.974025974025977,9.242708333333333,24.982142857142858,4394.0,4369.0,2.0,77.0,10.0,67.0,28.0,0.4,1.2,0.315,0.8,0.1,0.2,0.263,0.342
Hollis Thompson,"NOP,PHI",2016-17,40.0,18.8,7.393333333333333,24.66105263157895,1502.0,1494.0,1.0,40.0,12.0,28.0,18.8,0.3,0.6,0.4,0.6,0.1,0.1,0.5,0.44
Ian Clark,NOP,2017-18,74.0,19.64864864864865,9.307,25.76153846153846,3005.0,3013.0,8.0,74.0,43.0,31.0,19.7,1.0,2.3,0.436,2.3,0.2,0.7,0.333,0.485
Ian Mahinmi,IND,2013-14,77.0,16.207792207792206,4.801595744680851,66.8,2392.0,2408.0,7.0,77.0,51.0,26.0,16.2,0.0,0.0,0.0,0.0,0.0,0.0,0.0,0.0
Ian Mahinmi,IND,2014-15,61.0,18.78688524590164,4.106132075471698,0.0,2192.0,2206.0,12.0,61.0,28.0,33.0,18.8,0.0,0.0,0.667,0.1,0.0,0.0,0.0,0.667
Ian Mahinmi,IND,2015-16,71.0,25.577464788732396,4.205133928571429,0.0,3656.0,3678.0,5.0,71.0,41.0,30.0,25.6,0.0,0.0,0.0,0.0,0.0,0.0,0.0,0.0
Ian Mahinmi,WAS,2016-17,31.0,17.903225806451612,3.134234234234234,0.0,1112.0,1114.0,2.0,31.0,19.0,12.0,17.9,0.0,0.0,1.0,0.1,0.0,0.0,0.0,1.0
Iman Shumpert,NYK,2013-14,74.0,26.513513513513512,10.453125,24.503947368421052,3635.0,3667.0,20.0,74.0,36.0,38.0,26.5,0.7,1.9,0.361,1.5,0.1,0.4,0.267,0.389
Iman Shumpert,"CLE,NYK",2014-15,62.0,24.919354838709676,10.725090909090907,25.02959183673469,2917.0,2938.0,17.0,62.0,34.0,28.0,24.9,0.9,2.3,0.372,1.8,0.0,0.5,0.071,0.379
Iman Shumpert,CLE,2015-16,54.0,24.37037037037037,9.70880503144654,25.32397260273973,2550.0,2581.0,10.0,54.0,39.0,15.0,24.4,0.5,1.7,0.308,1.1,0.1,0.4,0.174,0.33
Iman Shumpert,CLE,2016-17,76.0,25.48684210526316,11.135526315789471,24.60651340996169,3830.0,3861.0,22.0,76.0,48.0,28.0,25.5,0.9,2.1,0.447,2.1,0.2,0.6,0.429,0.503
Immanuel Quickley,TOR,2025-26,70.0,31.87142857142857,8.4997668997669,26.031512605042018,4545.0,4561.0,27.0,70.0,41.0,29.0,31.9,1.7,4.5,0.378,3.9,0.5,2.0,0.275,0.438
Isaac Okoro,CHI,2025-26,63.0,26.904761904761905,2.2521008403361344,24.33409090909091,3568.0,3596.0,7.0,63.0,26.0,37.0,26.9,0.1,0.4,0.346,0.4,0.1,0.4,0.32,0.5
Isaiah Canaan,"HOU,PHI",2014-15,47.0,19.95744680851064,6.911363636363636,25.557317073170733,1871.0,1861.0,15.0,47.0,24.0,23.0,20.0,1.3,3.3,0.395,3.7,1.1,2.6,0.407,0.554
Isaiah Canaan,PHI,2015-16,77.0,25.532467532467532,7.5358649789029535,25.35752577319587,3972.0,3966.0,18.0,77.0,10.0,67.0,25.5,1.0,3.2,0.328,2.8,0.8,2.3,0.333,0.449
Isaiah Canaan,CHI,2016-17,39.0,15.17948717948718,8.959493670886076,24.769148936170215,1155.0,1170.0,5.0,39.0,19.0,20.0,15.2,0.4,1.2,0.292,0.8,0.1,0.6,0.182,0.333
Isaiah Collier,UTA,2025-26,59.0,25.71186440677966,6.273975903614457,25.591,3224.0,3250.0,2.0,59.0,16.0,43.0,25.7,0.7,1.9,0.375,1.6,0.2,0.6,0.333,0.429
Isaiah Hartenstein,OKC,2025-26,47.0,24.19148936170213,4.271626297577854,24.942857142857143,2336.0,2332.0,3.0,47.0,39.0,8.0,24.2,0.1,0.3,0.467,0.3,0.0,0.0,0.0,0.467
Isaiah Jackson,"IND,LAC",2025-26,55.0,16.509090909090908,2.9504273504273506,24.9,1875.0,1893.0,1.0,55.0,20.0,35.0,16.5,0.0,0.1,0.25,0.1,0.0,0.0,0.0,0.25
Isaiah Joe,OKC,2025-26,71.0,21.225352112676056,8.193913043478261,25.738785046728974,3108.0,3122.0,25.0,71.0,56.0,15.0,21.2,0.7,1.6,0.451,1.8,0.4,1.0,0.38,0.571
Isaiah Stewart,DET,2025-26,58.0,22.70689655172414,3.2244680851063827,24.98166666666667,2694.0,2719.0,3.0,58.0,42.0,16.0,22.7,0.0,0.1,0.167,0.1,0.0,0.1,0.2,0.25
Isaiah Taylor,ATL,2017-18,67.0,17.417910447761194,5.726129032258064,26.74875,2388.0,2394.0,12.0,67.0,18.0,49.0,17.4,0.2,0.9,0.25,0.5,0.1,0.3,0.273,0.3
Isaiah Thomas,SAC,2013-14,72.0,34.68055555555556,9.09002732240437,25.31456043956044,4962.0,4968.0,20.0,72.0,26.0,46.0,34.7,2.8,6.8,0.414,6.6,0.9,2.9,0.325,0.483
Isaiah Thomas,"BOS,PHX",2014-15,67.0,25.761194029850746,7.703555555555555,25.29104046242775,3489.0,3445.0,10.0,67.0,40.0,27.0,25.8,1.5,4.3,0.348,3.8,0.8,2.2,0.349,0.436
Isaiah Thomas,BOS,2015-16,82.0,32.24390243902439,6.365430752453654,25.177634408602152,5479.0,5413.0,22.0,82.0,48.0,34.0,32.2,2.0,5.6,0.359,5.0,0.9,2.8,0.327,0.439
Isaiah Thomas,BOS,2016-17,76.0,33.81578947368421,5.650906892382104,25.371362229102168,5203.0,5148.0,24.0,76.0,51.0,25.0,33.8,2.8,6.7,0.419,7.3,1.6,4.6,0.357,0.54
Isaiah Thomas,"CLE,LAL",2017-18,32.0,26.9375,8.675536480686695,25.715425531914892,1819.0,1801.0,7.0,32.0,15.0,17.0,26.9,2.2,5.7,0.383,5.4,1.0,3.1,0.323,0.47
Isaiah Whitehead,BKN,2016-17,73.0,22.52054794520548,5.8245125348189415,25.82953020134228,3391.0,3420.0,16.0,73.0,17.0,56.0,22.5,0.4,1.8,0.248,1.0,0.2,0.8,0.183,0.291
Ish Smith,"OKC,PHI",2014-15,55.0,15.127272727272729,5.012377850162866,25.183333333333337,1668.0,1663.0,7.0,55.0,24.0,31.0,15.1,0.2,1.1,0.194,0.5,0.1,0.4,0.227,0.234
Ish Smith,"NOP,PHI",2015-16,77.0,29.07792207792208,8.168506900878294,25.78941176470588,4562.0,4563.0,10.0,77.0,16.0,61.0,29.1,1.7,5.0,0.345,3.8,0.4,1.1,0.318,0.381
Ish Smith,DET,2016-17,81.0,24.135802469135804,9.320652173913045,26.880000000000003,3856.0,3874.0,4.0,81.0,37.0,44.0,24.1,1.7,4.1,0.414,3.5,0.1,0.4,0.167,0.423
Ish Smith,DET,2017-18,82.0,24.914634146341463,9.291,26.309900990099013,4098.0,4095.0,10.0,82.0,39.0,43.0,24.9,2.0,4.4,0.455,4.2,0.2,0.6,0.365,0.482
Ivica Zubac,LAL,2016-17,38.0,16.026315789473685,5.776170212765958,40.833333333333336,1273.0,1279.0,0.0,38.0,8.0,30.0,16.0,0.1,0.1,0.5,0.1,0.0,0.0,0.0,0.5
Ivica Zubac,"IND,LAC",2025-26,48.0,30.125,4.165352697095435,0.0,2898.0,2895.0,2.0,48.0,17.0,31.0,30.1,0.0,0.2,0.125,0.0,0.0,0.0,0.0,0.125
JJ Barea,MIN,2013-14,79.0,18.620253164556964,7.5508235294117645,25.12987012987013,2894.0,2897.0,18.0,79.0,40.0,39.0,18.6,1.2,3.4,0.348,2.9,0.5,1.8,0.303,0.428
JJ Barea,DAL,2014-15,77.0,17.68831168831169,7.11680216802168,25.22814371257485,2664.0,2680.0,25.0,77.0,49.0,28.0,17.7,0.8,2.4,0.323,1.8,0.3,1.1,0.253,0.382
JJ Barea,DAL,2015-16,74.0,22.527027027027028,7.655875831485588,25.06,3297.0,3295.0,34.0,74.0,38.0,36.0,22.5,1.5,3.8,0.391,3.6,0.7,2.0,0.349,0.482
JJ Barea,DAL,2016-17,35.0,22.02857142857143,9.41897435897436,25.425,1497.0,1484.0,25.0,35.0,11.0,24.0,22.0,1.9,5.0,0.369,4.6,0.9,2.6,0.33,0.455
JJ Barea,DAL,2017-18,69.0,23.231884057971016,7.96737400530504,25.907028753993607,3177.0,3153.0,27.0,69.0,23.0,46.0,23.2,1.5,4.7,0.321,3.8,0.8,2.8,0.284,0.406
JJ Hickson,DEN,2013-14,69.0,26.956521739130434,5.851238390092879,31.6625,3775.0,3768.0,8.0,69.0,31.0,38.0,26.9,0.2,0.8,0.259,0.4,0.0,0.0,0.0,0.259
JJ Hickson,DEN,2014-15,73.0,19.328767123287673,4.563894967177243,38.75,2802.0,2810.0,2.0,73.0,26.0,47.0,19.3,0.2,0.5,0.325,0.4,0.0,0.0,0.0,0.325
JJ Redick,LAC,2013-14,35.0,28.2,13.565727699530516,24.97891891891892,1983.0,1973.0,11.0,35.0,24.0,11.0,28.2,1.5,3.3,0.457,3.4,0.3,1.0,0.353,0.509
JJ Redick,LAC,2014-15,78.0,30.884615384615383,14.32375,24.95960698689956,4782.0,4745.0,16.0,78.0,55.0,23.0,30.9,1.8,3.7,0.486,4.0,0.4,1.0,0.408,0.54
JJ Redick,LAC,2015-16,75.0,27.96,14.981263616557731,25.30712589073634,4218.0,4179.0,19.0,75.0,50.0,25.0,28.0,1.7,4.2,0.41,3.9,0.5,1.2,0.382,0.463
JJ Redick,LAC,2016-17,78.0,28.17948717948718,14.728436018957344,25.29978632478632,4414.0,4360.0,17.0,78.0,50.0,28.0,28.2,1.7,4.1,0.427,4.1,0.6,1.6,0.38,0.5
JJ Redick,PHI,2017-18,70.0,30.228571428571428,14.960620525059666,25.778260869565216,4415.0,4421.0,5.0,70.0,45.0,25.0,30.2,2.4,5.4,0.447,5.6,0.7,2.1,0.347,0.516
JR Smith,NYK,2013-14,74.0,32.71621621621622,12.522736842105264,26.098333333333336,4561.0,4536.0,13.0,74.0,34.0,40.0,32.7,1.9,5.4,0.348,4.1,0.4,1.7,0.228,0.383
JR Smith,"CLE,NYK",2014-15,70.0,29.714285714285715,12.204863221884498,25.75868544600939,4022.0,4013.0,4.0,70.0,38.0,32.0,29.7,1.7,4.2,0.409,4.0,0.6,1.6,0.351,0.478
JR Smith,CLE,2015-16,77.0,30.67532467532467,11.05029411764706,25.29745098039216,4587.0,4579.0,14.0,77.0,53.0,24.0,30.7,1.2,3.6,0.339,2.8,0.4,1.3,0.3,0.394
JR Smith,CLE,2016-17,41.0,28.951219512195124,11.352941176470589,25.422509225092252,2373.0,2376.0,10.0,41.0,25.0,16.0,29.0,0.7,2.3,0.323,1.9,0.4,1.1,0.34,0.409
JR Smith,CLE,2017-18,80.0,28.05,11.282242990654206,25.145931758530185,4537.0,4536.0,10.0,80.0,49.0,31.0,28.1,0.9,2.3,0.38,2.1,0.3,1.0,0.304,0.444
JaKobe Walter,TOR,2025-26,72.0,20.47222222222222,3.8466666666666662,24.936059479553904,3001.0,3049.0,6.0,72.0,41.0,31.0,20.5,0.1,0.4,0.185,0.2,0.0,0.2,0.154,0.222
JaKarr Sampson,PHI,2014-15,74.0,15.283783783783784,4.159817351598173,25.28503937007874,2268.0,2327.0,7.0,74.0,17.0,57.0,15.3,0.1,0.4,0.286,0.2,0.0,0.1,0.2,0.321
JaKarr Sampson,"DEN,PHI",2015-16,73.0,15.89041095890411,4.410236220472441,24.631746031746033,2315.0,2360.0,4.0,73.0,18.0,55.0,15.9,0.1,0.4,0.357,0.3,0.0,0.1,0.333,0.393
JaMychal Green,MEM,2015-16,78.0,18.53846153846154,7.005999999999999,24.488888888888887,2871.0,2879.0,2.0,78.0,39.0,39.0,18.5,0.1,0.3,0.292,0.2,0.0,0.0,0.0,0.292
JaMychal Green,MEM,2016-17,77.0,27.285714285714285,6.093802816901409,24.39103448275862,3981.0,4024.0,2.0,77.0,40.0,37.0,27.3,0.1,0.4,0.321,0.2,0.0,0.1,0.2,0.339
JaMychal Green,MEM,2017-18,55.0,28.036363636363635,6.240166204986149,24.56929133858268,2988.0,2999.0,1.0,55.0,11.0,44.0,28.0,0.2,0.5,0.3,0.3,0.0,0.0,0.0,0.3
Jabari Parker,MIL,2015-16,76.0,31.68421052631579,7.494675925925925,24.54857142857143,4727.0,4724.0,5.0,76.0,32.0,44.0,31.7,0.8,2.3,0.341,1.6,0.0,0.1,0.0,0.341
Jabari Parker,MIL,2016-17,51.0,33.88235294117647,6.3687106918239,25.724157303370784,3459.0,3453.0,2.0,51.0,22.0,29.0,33.9,0.8,2.7,0.316,1.7,0.1,0.2,0.25,0.327
Jabari Parker,MIL,2017-18,31.0,23.967741935483872,7.489641434262949,27.022222222222226,1504.0,1514.0,1.0,31.0,16.0,15.0,24.0,1.1,2.5,0.418,2.3,0.2,0.5,0.294,0.449
Jabari Smith,HOU,2025-26,77.0,35.12987012987013,8.451646090534979,25.111680327868857,5377.0,5419.0,8.0,77.0,48.0,29.0,35.1,1.6,3.6,0.445,3.5,0.3,0.8,0.355,0.485
Jaden Hardy,"DAL,WAS",2025-26,57.0,15.75438596491228,7.87125748502994,25.13511450381679,1887.0,1907.0,3.0,57.0,13.0,44.0,15.8,0.9,2.3,0.395,2.2,0.4,1.2,0.379,0.492
Jaden Ivey,"CHI,DET",2025-26,37.0,18.10810810810811,7.099180327868853,26.188805970149257,1390.0,1387.0,4.0,37.0,23.0,14.0,18.1,0.8,1.8,0.433,1.8,0.3,0.8,0.333,0.507
Jaden McDaniels,MIN,2025-26,73.0,31.726027397260275,6.766726296958855,24.8416,4837.0,4875.0,16.0,73.0,44.0,29.0,31.7,1.6,3.6,0.436,3.6,0.4,1.1,0.354,0.491
Jae Crowder,DAL,2013-14,78.0,16.064102564102566,7.6,24.4,2441.0,2480.0,7.0,78.0,47.0,31.0,16.1,0.2,0.6,0.34,0.4,0.0,0.1,0.25,0.362
Jae Crowder,"BOS,DAL",2014-15,82.0,20.085365853658537,8.778635014836796,25.29519230769231,3264.0,3290.0,7.0,82.0,47.0,35.0,20.1,0.4,1.4,0.324,0.9,0.0,0.3,0.08,0.333
Jae Crowder,BOS,2015-16,73.0,31.616438356164384,8.030444444444443,24.997520661157026,4752.0,4749.0,9.0,73.0,43.0,30.0,31.6,0.7,2.1,0.346,1.7,0.2,0.7,0.265,0.388
Jae Crowder,BOS,2016-17,72.0,32.43055555555556,9.410736196319018,25.00456852791878,4706.0,4711.0,7.0,72.0,48.0,24.0,32.4,0.8,2.2,0.366,2.0,0.4,1.0,0.403,0.457
Jae Crowder,"CLE,UTA",2017-18,80.0,26.125,7.8990909090909085,25.005571847507337,4233.0,4240.0,5.0,80.0,52.0,28.0,26.1,0.4,1.5,0.237,0.9,0.2,0.7,0.245,0.292
Jahlil Okafor,PHI,2015-16,53.0,30.0188679245283,6.6254193548387095,25.016666666666666,3154.0,3127.0,2.0,53.0,6.0,47.0,30.0,0.9,2.8,0.34,1.9,0.0,0.0,0.0,0.34
Jahlil Okafor,PHI,2016-17,50.0,22.68,5.876433121019109,0.0,2267.0,2254.0,6.0,50.0,15.0,35.0,22.7,0.6,1.6,0.341,1.1,0.0,0.0,0.0,0.341
Jahmai Mashack,MEM,2025-26,31.0,21.70967741935484,4.641666666666667,25.294666666666664,1424.0,1449.0,2.0,31.0,10.0,21.0,21.7,0.2,0.9,0.185,0.4,0.1,0.5,0.143,0.222
Jaime Jaquez,MIA,2025-26,75.0,28.28,5.672131147540983,25.070491803278685,4557.0,4592.0,1.0,75.0,41.0,34.0,28.3,0.7,1.9,0.376,1.5,0.1,0.3,0.273,0.397
Jake LaRavia,LAL,2025-26,82.0,25.134146341463413,4.340714285714286,24.851028806584363,4217.0,4259.0,7.0,82.0,53.0,29.0,25.1,0.2,0.7,0.333,0.6,0.1,0.4,0.324,0.425
Jakob Poeltl,TOR,2017-18,82.0,18.585365853658537,2.8272251308900525,23.05,3039.0,3038.0,5.0,82.0,59.0,23.0,18.6,0.0,0.0,0.5,0.0,0.0,0.0,0.0,0.5
Jakob Poeltl,TOR,2025-26,46.0,24.97826086956522,3.674193548387097,0.0,2348.0,2343.0,2.0,46.0,26.0,20.0,25.0,0.0,0.0,0.0,0.0,0.0,0.0,0.0,0.0
Jalen Brunson,NYK,2025-26,74.0,35.0,9.47455121436114,25.59280303030303,5243.0,5235.0,26.0,74.0,50.0,24.0,35.0,4.8,10.9,0.439,11.0,1.4,4.1,0.343,0.504
Jalen Duren,DET,2025-26,70.0,28.228571428571428,3.654296388542964,0.0,4075.0,4090.0,1.0,70.0,50.0,20.0,28.2,0.2,0.5,0.459,0.5,0.0,0.0,0.0,0.459
Jalen Green,PHX,2025-26,32.0,25.875,7.88421052631579,25.7431718061674,1691.0,1683.0,6.0,32.0,17.0,15.0,25.9,2.7,6.8,0.394,6.4,1.1,3.6,0.298,0.472
Jalen Johnson,ATL,2025-26,72.0,35.166666666666664,6.632356257046223,25.79941348973607,5390.0,5406.0,5.0,72.0,42.0,30.0,35.2,1.8,4.7,0.391,4.1,0.4,1.5,0.296,0.438
Jalen Pickett,DEN,2025-26,50.0,16.12,9.515238095238097,25.448818897637796,1615.0,1622.0,0.0,50.0,34.0,16.0,16.1,0.6,1.6,0.363,1.5,0.3,0.9,0.341,0.456
Jalen Smith,CHI,2025-26,53.0,20.660377358490567,3.2699453551912567,25.27863636363637,2305.0,2315.0,4.0,53.0,26.0,27.0,20.7,0.0,0.2,0.25,0.1,0.0,0.1,0.143,0.313
Jalen Suggs,ORL,2025-26,57.0,27.614035087719294,7.646712802768167,25.70277777777778,3360.0,3361.0,15.0,57.0,34.0,23.0,27.6,1.5,4.4,0.339,3.6,0.6,2.4,0.259,0.41
Jalen Williams,OKC,2025-26,33.0,28.363636363636363,6.967750677506775,25.446753246753246,1957.0,1970.0,12.0,33.0,25.0,8.0,28.4,1.8,4.8,0.382,3.8,0.2,0.8,0.222,0.401
Jalen Wilson,BKN,2025-26,54.0,15.907407407407408,5.275396825396826,25.35986842105263,1714.0,1742.0,6.0,54.0,10.0,44.0,15.9,0.2,0.5,0.414,0.5,0.1,0.2,0.5,0.5
Jamal Crawford,LAC,2013-14,69.0,30.347826086956523,11.947256637168142,25.65538116591928,4194.0,4163.0,7.0,69.0,47.0,22.0,30.4,2.7,6.4,0.423,6.2,0.7,2.0,0.362,0.481
Jamal Crawford,LAC,2014-15,64.0,26.609375,12.68842105263158,26.29478021978022,3359.0,3317.0,5.0,64.0,44.0,20.0,26.6,2.5,6.8,0.371,5.6,0.6,2.2,0.268,0.415
Jamal Crawford,LAC,2015-16,79.0,26.911392405063292,12.158319327731093,26.08430232558139,4288.0,4194.0,8.0,79.0,51.0,28.0,26.9,2.4,6.4,0.368,5.2,0.5,1.8,0.273,0.406
Jamal Crawford,LAC,2016-17,82.0,26.304878048780488,12.658394160583942,26.409316770186333,4358.0,4289.0,9.0,82.0,51.0,31.0,26.3,2.6,6.2,0.421,6.0,0.7,2.0,0.368,0.479
Jamal Crawford,MIN,2017-18,80.0,20.6625,14.472663551401869,25.893312101910823,3298.0,3272.0,11.0,80.0,45.0,35.0,20.7,2.3,5.5,0.418,5.1,0.5,1.8,0.28,0.463
Jamal Murray,DEN,2016-17,82.0,21.51219512195122,8.038860103626943,25.980523255813953,3615.0,3630.0,9.0,82.0,40.0,42.0,21.5,1.1,3.4,0.336,2.8,0.5,1.6,0.288,0.404
Jamal Murray,DEN,2017-18,81.0,31.666666666666668,8.473801916932908,25.69862385321101,5117.0,5111.0,10.0,81.0,46.0,35.0,31.7,1.9,5.0,0.389,4.5,0.7,2.1,0.32,0.458
Jamal Murray,DEN,2025-26,75.0,35.36,9.393224592220829,26.071758436944936,5446.0,5433.0,20.0,75.0,48.0,27.0,35.4,4.1,9.4,0.438,10.2,2.0,4.7,0.423,0.542
Jamal Shead,TOR,2025-26,82.0,22.585365853658537,6.526033057851239,25.94351145038168,3781.0,3792.0,60.0,82.0,46.0,36.0,22.6,0.5,1.5,0.328,1.2,0.3,0.7,0.362,0.414
Jameer Nelson,ORL,2013-14,68.0,32.044117647058826,8.671629213483145,25.76854219948849,4244.0,4229.0,18.0,68.0,21.0,47.0,32.0,1.6,4.7,0.343,4.3,1.1,3.0,0.361,0.458
Jameer Nelson,"BOS,DAL,DEN",2014-15,63.0,22.333333333333332,10.675203252032524,25.44147286821705,2768.0,2754.0,14.0,63.0,25.0,38.0,22.3,1.4,3.7,0.372,3.4,0.7,2.0,0.363,0.47
Jameer Nelson,DEN,2015-16,39.0,26.56410256410257,11.286503067484665,25.220138888888886,2027.0,2023.0,7.0,39.0,12.0,27.0,26.6,1.3,3.9,0.344,3.2,0.5,1.7,0.313,0.414
Jameer Nelson,DEN,2016-17,75.0,27.266666666666666,10.38549848942598,25.266300366300367,4166.0,4148.0,9.0,75.0,34.0,41.0,27.3,1.3,3.4,0.379,3.1,0.5,1.5,0.325,0.451
Jameer Nelson,"DET,NOP",2017-18,50.0,20.26,11.918333333333331,25.88790322580645,2046.0,2042.0,8.0,50.0,25.0,25.0,20.3,0.8,2.2,0.342,1.8,0.3,1.0,0.288,0.41
James Anderson,PHI,2013-14,80.0,28.8625,5.287158469945355,25.250142450142423,4775.0,4779.0,4.0,80.0,19.0,61.0,28.9,0.5,1.6,0.331,1.3,0.2,0.8,0.258,0.396
James Ennis,MIA,2014-15,62.0,16.951612903225808,5.729605263157895,24.97684210526316,1967.0,1979.0,2.0,62.0,27.0,35.0,17.0,0.1,0.5,0.3,0.3,0.0,0.1,0.333,0.35
James Ennis,MEM,2016-17,64.0,23.453125,4.113586956521739,25.20437956204379,2895.0,2896.0,11.0,64.0,32.0,32.0,23.4,0.2,0.6,0.389,0.5,0.1,0.3,0.389,0.486
James Ennis,"DET,MEM",2017-18,72.0,22.27777777777778,5.395238095238095,24.9562091503268,3131.0,3159.0,6.0,72.0,25.0,47.0,22.3,0.3,0.7,0.358,0.6,0.1,0.2,0.235,0.396
James Harden,HOU,2013-14,73.0,38.054794520547944,7.553185595567866,25.52712215320911,5598.0,5571.0,13.0,73.0,48.0,25.0,38.0,2.6,6.4,0.4,6.3,1.1,3.2,0.355,0.488
James Harden,HOU,2014-15,81.0,36.80246913580247,7.157267759562841,25.227207207207208,5970.0,5960.0,22.0,81.0,56.0,25.0,36.8,2.9,7.4,0.393,7.1,1.3,3.7,0.354,0.482
James Harden,HOU,2015-16,82.0,38.109756097560975,7.901354166666667,25.12846270928463,6334.0,6323.0,14.0,82.0,41.0,41.0,38.1,3.4,8.9,0.384,8.4,1.5,4.6,0.333,0.471
James Harden,HOU,2016-17,81.0,36.382716049382715,6.236036036036036,25.84246031746032,6147.0,6119.0,10.0,81.0,54.0,27.0,36.4,3.3,9.1,0.364,8.9,2.2,6.6,0.338,0.486
James Harden,HOU,2017-18,72.0,35.43055555555556,5.509353507565337,26.13961218836565,5134.0,5137.0,10.0,72.0,59.0,13.0,35.4,3.9,9.8,0.401,10.8,3.0,7.6,0.388,0.552
James Harden,"CLE,LAC",2025-26,70.0,34.82857142857143,6.835818181818182,26.271204188481676,4929.0,4934.0,3.0,70.0,40.0,30.0,34.8,3.2,8.1,0.389,8.5,2.2,6.0,0.368,0.526
James Johnson,MEM,2013-14,52.0,18.384615384615383,4.479185520361991,25.4,1804.0,1826.0,2.0,52.0,33.0,19.0,18.4,0.2,0.7,0.237,0.4,0.0,0.3,0.067,0.25
James Johnson,TOR,2014-15,70.0,19.571428571428573,4.2121813031161475,24.519607843137255,2629.0,2650.0,2.0,70.0,40.0,30.0,19.6,0.2,0.6,0.359,0.4,0.0,0.1,0.286,0.385
James Johnson,TOR,2015-16,57.0,16.24561403508772,4.097126436781609,24.76818181818182,1764.0,1772.0,0.0,57.0,35.0,22.0,16.2,0.1,0.4,0.25,0.2,0.0,0.1,0.2,0.275
James Johnson,MIA,2016-17,76.0,27.43421052631579,5.987134502923976,25.528515625,4172.0,4163.0,4.0,76.0,40.0,36.0,27.4,0.7,1.9,0.371,1.5,0.1,0.6,0.178,0.399
James Johnson,MIA,2017-18,73.0,26.616438356164384,5.436829836829837,25.055135135135135,3855.0,3873.0,1.0,73.0,37.0,36.0,26.6,0.5,1.5,0.339,1.1,0.1,0.5,0.184,0.372
Jamir Watkins,WAS,2025-26,50.0,20.64,3.853623188405797,25.61139240506329,2163.0,2204.0,8.0,50.0,10.0,40.0,20.6,0.2,0.5,0.296,0.4,0.1,0.4,0.333,0.407
Jarace Walker,IND,2025-26,76.0,25.69736842105263,6.893368700265253,25.790449438202245,4139.0,4173.0,0.0,76.0,16.0,60.0,25.7,0.9,2.6,0.338,2.1,0.3,1.1,0.291,0.403
Jared Dudley,LAC,2013-14,74.0,23.364864864864863,13.19054054054054,24.764,3414.0,3410.0,6.0,74.0,51.0,23.0,23.4,0.3,0.7,0.469,0.6,0.0,0.0,1.0,0.48
Jared Dudley,MIL,2014-15,72.0,23.84722222222222,11.027272727272727,24.876041666666666,3332.0,3330.0,14.0,72.0,39.0,33.0,23.8,0.4,0.8,0.441,0.7,0.0,0.0,1.0,0.449
Jared Dudley,WAS,2015-16,81.0,25.90123456790123,13.48875502008032,25.072268907563025,4240.0,4244.0,15.0,81.0,40.0,41.0,25.9,0.3,0.6,0.457,0.5,0.0,0.0,0.333,0.467
Jared Dudley,PHX,2016-17,64.0,21.28125,11.272727272727272,24.995566502463056,2844.0,2834.0,8.0,64.0,17.0,47.0,21.3,0.3,0.5,0.486,0.6,0.1,0.1,0.667,0.543
Jared McCain,"OKC,PHI",2025-26,67.0,17.313432835820894,7.385201793721974,26.006225680933852,2416.0,2441.0,1.0,67.0,46.0,21.0,17.3,1.1,2.7,0.42,2.7,0.5,1.4,0.352,0.508
Jared Sullinger,BOS,2013-14,74.0,27.58108108108108,6.934298118668597,26.142307692307693,3992.0,3945.0,13.0,74.0,23.0,51.0,27.6,0.5,1.5,0.358,1.1,0.0,0.1,0.0,0.358
Jared Sullinger,BOS,2014-15,58.0,27.0,7.749045801526718,25.45,3120.0,3084.0,8.0,58.0,26.0,32.0,27.0,0.4,1.4,0.296,0.9,0.1,0.2,0.3,0.315
Jared Sullinger,BOS,2015-16,81.0,23.641975308641975,9.674822190611664,26.080582524271847,3888.0,3875.0,9.0,81.0,47.0,34.0,23.6,0.2,0.8,0.29,0.4,0.0,0.1,0.0,0.29
Jarell Martin,MEM,2017-18,73.0,22.753424657534246,7.844723618090452,25.258163265306123,3260.0,3277.0,3.0,73.0,21.0,52.0,22.7,0.3,0.8,0.429,0.7,0.0,0.0,0.333,0.438
Jaren Jackson,"MEM,UTA",2025-26,48.0,30.291666666666668,6.79793388429752,25.300425531914897,3050.0,3066.0,5.0,48.0,19.0,29.0,30.3,1.1,3.0,0.385,2.4,0.1,0.6,0.222,0.406
Jarred Vanderbilt,LAL,2025-26,65.0,17.353846153846153,2.466666666666667,23.61212121212121,2296.0,2308.0,11.0,65.0,39.0,26.0,17.3,0.0,0.0,0.0,0.0,0.0,0.0,0.0,0.0
Jarrett Allen,BKN,2017-18,72.0,20.01388888888889,3.177486910994764,26.293333333333333,2912.0,2923.0,1.0,72.0,25.0,47.0,20.0,0.0,0.0,0.0,0.0,0.0,0.0,0.0,0.0
Jarrett Allen,CLE,2025-26,56.0,27.125,4.589189189189189,24.55,3180.0,3194.0,7.0,56.0,37.0,19.0,27.1,0.1,0.2,0.308,0.1,0.0,0.0,0.0,0.308
Jarrett Jack,CLE,2013-14,80.0,28.15,12.794152046783624,26.210270270270268,4319.0,4323.0,8.0,80.0,32.0,48.0,28.2,2.0,5.1,0.399,4.4,0.3,1.0,0.303,0.427
Jarrett Jack,BKN,2014-15,80.0,28.0125,11.519225037257824,26.64246575342466,4350.0,4348.0,9.0,80.0,36.0,44.0,28.0,2.1,5.3,0.405,4.3,0.1,0.7,0.096,0.411
Jarrett Jack,BKN,2015-16,32.0,32.09375,12.125,25.597058823529412,2052.0,2059.0,5.0,32.0,10.0,22.0,32.1,2.3,5.4,0.422,5.0,0.4,1.3,0.341,0.462
Jarrett Jack,NYK,2017-18,62.0,24.967741935483872,11.831652661064425,26.21279069767442,3100.0,3094.0,9.0,62.0,26.0,36.0,25.0,1.5,3.8,0.4,3.2,0.2,0.6,0.297,0.423
Jason Smith,NOP,2013-14,31.0,26.774193548387096,14.00531914893617,0.0,1593.0,1601.0,2.0,31.0,11.0,20.0,26.8,0.2,0.4,0.5,0.4,0.0,0.0,0.0,0.5
Jason Smith,NYK,2014-15,82.0,21.76829268292683,13.20490909090909,23.63095238095238,3400.0,3383.0,11.0,82.0,17.0,65.0,21.8,0.4,0.9,0.414,0.7,0.0,0.0,0.0,0.414
Jason Smith,ORL,2015-16,76.0,15.539473684210526,15.142915811088296,26.04375,2349.0,2357.0,8.0,76.0,33.0,43.0,15.5,0.2,0.4,0.5,0.4,0.0,0.0,0.0,0.5
Jason Terry,BKN,2013-14,35.0,16.285714285714285,12.63469387755102,25.162135922330098,1099.0,1094.0,6.0,35.0,17.0,18.0,16.3,0.4,1.2,0.366,1.1,0.3,0.6,0.455,0.488
Jason Terry,HOU,2014-15,77.0,21.31168831168831,10.13739837398374,24.695046439628484,3326.0,3291.0,4.0,77.0,53.0,24.0,21.3,0.4,1.1,0.369,0.9,0.1,0.5,0.25,0.429
Jason Terry,HOU,2015-16,72.0,17.47222222222222,9.567826086956522,24.690038314176245,2553.0,2520.0,0.0,72.0,37.0,35.0,17.5,0.3,0.9,0.338,0.8,0.2,0.4,0.355,0.419
Jason Terry,MIL,2016-17,74.0,18.445945945945947,7.927777777777777,24.761403508771927,2639.0,2642.0,3.0,74.0,37.0,37.0,18.4,0.2,0.5,0.4,0.5,0.1,0.2,0.412,0.488
Jason Terry,MIL,2017-18,51.0,15.96078431372549,10.502564102564104,24.906956521739133,1631.0,1629.0,1.0,51.0,27.0,24.0,16.0,0.2,0.5,0.393,0.5,0.1,0.2,0.3,0.446
Jason Thompson,SAC,2013-14,82.0,24.47560975609756,7.721774193548387,0.0,3901.0,3914.0,9.0,82.0,28.0,54.0,24.5,0.1,0.3,0.455,0.2,0.0,0.0,0.0,0.455
Jason Thompson,SAC,2014-15,81.0,24.580246913580247,8.668852459016394,82.8,3903.0,3920.0,5.0,81.0,29.0,52.0,24.6,0.1,0.3,0.37,0.2,0.0,0.0,0.0,0.37
Javon Small,MEM,2025-26,41.0,20.24390243902439,6.785616438356165,25.9387323943662,1754.0,1774.0,4.0,41.0,13.0,28.0,20.2,1.3,3.2,0.405,3.6,1.0,2.5,0.416,0.565
Javonte Green,DET,2025-26,82.0,17.634146341463413,4.046706586826347,25.085425101214575,3004.0,3056.0,11.0,82.0,60.0,22.0,17.6,0.0,0.2,0.188,0.1,0.0,0.1,0.2,0.25
Jawun Evans,LAC,2017-18,48.0,16.208333333333332,9.021608040201004,27.055555555555557,1611.0,1629.0,19.0,48.0,24.0,24.0,16.2,0.7,1.8,0.388,1.5,0.1,0.2,0.6,0.424
Jaxson Hayes,LAL,2025-26,66.0,18.28787878787879,2.4853281853281857,27.433333333333337,2467.0,2475.0,8.0,66.0,43.0,23.0,18.3,0.0,0.0,0.0,0.0,0.0,0.0,0.0,0.0
Jay Huff,IND,2025-26,82.0,20.963414634146343,3.322689075630252,26.30053619302949,3595.0,3619.0,2.0,82.0,19.0,63.0,21.0,0.1,0.2,0.5,0.3,0.1,0.2,0.462,0.65
Jaylen Brown,BOS,2016-17,78.0,17.192307692307693,5.265277777777778,25.365185185185187,2661.0,2699.0,5.0,78.0,50.0,28.0,17.2,0.2,0.9,0.264,0.5,0.0,0.2,0.077,0.271
Jaylen Brown,BOS,2017-18,70.0,30.742857142857144,5.3587525150905435,25.06830065359477,4296.0,4288.0,12.0,70.0,47.0,23.0,30.7,0.5,1.5,0.369,1.2,0.1,0.4,0.357,0.417
Jaylen Brown,BOS,2025-26,71.0,34.40845070422535,9.103160667251975,26.22029702970297,4905.0,4912.0,4.0,71.0,47.0,24.0,34.4,4.2,10.0,0.421,9.5,1.1,3.0,0.349,0.474
Jaylen Wells,MEM,2025-26,69.0,26.39130434782609,8.370270270270272,24.874246575342468,3775.0,3816.0,41.0,69.0,24.0,45.0,26.4,1.2,2.8,0.419,2.6,0.3,1.1,0.276,0.474
Jaylin Williams,OKC,2025-26,65.0,19.646153846153847,6.377083333333334,25.34765625,2659.0,2666.0,4.0,65.0,54.0,11.0,19.7,0.1,0.4,0.292,0.2,0.0,0.1,0.0,0.292
Jaylon Tyson,CLE,2025-26,66.0,26.924242424242426,4.3784946236559135,24.854026845637584,3677.0,3713.0,7.0,66.0,41.0,25.0,26.9,0.3,0.7,0.488,0.7,0.1,0.2,0.4,0.558
Jayson Tatum,BOS,2017-18,80.0,30.5375,8.326475548060708,25.17479338842975,4835.0,4815.0,4.0,80.0,53.0,27.0,30.5,1.3,3.3,0.404,2.9,0.2,0.7,0.31,0.438
Jeff Adrien,"CHA,MIL",2013-14,53.0,18.150943396226417,5.451272727272727,0.0,1860.0,1863.0,7.0,53.0,17.0,36.0,18.1,0.1,0.5,0.28,0.3,0.0,0.0,0.0,0.28
Jeff Green,BOS,2013-14,82.0,34.207317073170735,8.933806451612902,25.672474747474745,5490.0,5489.0,14.0,82.0,25.0,57.0,34.2,1.2,4.2,0.291,2.8,0.3,1.3,0.25,0.33
Jeff Green,"BOS,MEM",2014-15,78.0,31.46153846153846,7.645925925925926,25.478082191780825,4791.0,4775.0,9.0,78.0,41.0,37.0,31.5,1.1,2.9,0.357,2.4,0.3,0.7,0.426,0.407
Jeff Green,"LAC,MEM",2015-16,80.0,28.1625,7.064320785597381,25.25399061032864,4358.0,4357.0,5.0,80.0,48.0,32.0,28.2,0.8,2.2,0.378,1.7,0.1,0.5,0.211,0.401
Jeff Green,ORL,2016-17,69.0,22.231884057971016,8.612328767123287,26.50621761658031,3030.0,3065.0,8.0,69.0,26.0,43.0,22.2,0.8,2.1,0.358,1.7,0.1,0.5,0.25,0.385
Jeff Green,CLE,2017-18,78.0,23.43589743589743,6.0546875,26.38176470588235,3712.0,3739.0,12.0,78.0,47.0,31.0,23.4,0.4,1.2,0.34,0.9,0.0,0.2,0.158,0.356
Jeff Teague,ATL,2013-14,79.0,32.177215189873415,6.919018404907975,25.39511111111111,5062.0,5042.0,9.0,79.0,37.0,42.0,32.2,1.6,4.0,0.393,3.6,0.5,1.3,0.36,0.45
Jeff Teague,ATL,2014-15,73.0,30.52054794520548,6.009411764705883,25.146376811594205,4416.0,4400.0,2.0,73.0,53.0,20.0,30.5,1.3,3.3,0.381,3.0,0.4,1.4,0.31,0.445
Jeff Teague,ATL,2015-16,79.0,28.544303797468356,6.258263305322128,24.903649635036498,4599.0,4565.0,8.0,79.0,47.0,32.0,28.5,1.5,4.3,0.361,3.8,0.7,2.0,0.348,0.441
Jeff Teague,IND,2016-17,82.0,32.40243902439025,7.01400304414003,26.34404761904762,5349.0,5360.0,19.0,82.0,42.0,40.0,32.4,1.5,3.5,0.416,3.4,0.5,1.5,0.331,0.486
Jeff Teague,MIN,2017-18,70.0,33.01428571428571,7.709717314487632,25.419736842105262,4654.0,4630.0,13.0,70.0,41.0,29.0,33.0,1.7,4.5,0.372,4.0,0.7,2.0,0.364,0.454
Jeffery Taylor,CHA,2013-14,26.0,24.192307692307693,7.251655629139073,24.735820895522387,1226.0,1216.0,9.0,26.0,12.0,14.0,24.2,0.2,1.3,0.182,0.5,0.0,0.1,0.0,0.182
Jerami Grant,PHI,2014-15,65.0,21.184615384615384,5.033163265306122,25.28397435897436,2750.0,2776.0,11.0,65.0,18.0,47.0,21.2,0.1,0.5,0.167,0.2,0.0,0.1,0.0,0.167
Jerami Grant,PHI,2015-16,77.0,26.83116883116883,3.6448123620309048,24.75821917808219,4155.0,4205.0,20.0,77.0,9.0,68.0,26.8,0.1,0.4,0.233,0.2,0.0,0.1,0.2,0.25
Jerami Grant,"OKC,PHI",2016-17,80.0,19.1375,5.480660377358491,24.016379310344828,3091.0,3116.0,6.0,80.0,43.0,37.0,19.1,0.1,0.3,0.182,0.1,0.0,0.0,0.0,0.182
Jerami Grant,OKC,2017-18,81.0,20.333333333333332,3.055202312138728,24.89909090909091,3262.0,3263.0,16.0,81.0,48.0,33.0,20.3,0.1,0.2,0.4,0.2,0.0,0.1,0.333,0.45
Jerami Grant,POR,2025-26,57.0,29.73684210526316,5.1957894736842105,24.955142857142857,3599.0,3611.0,9.0,57.0,27.0,30.0,29.7,0.5,1.5,0.352,1.3,0.2,0.5,0.5,0.432
Jeremiah Fears,NOP,2025-26,82.0,25.75609756097561,5.703428571428572,26.141176470588235,4439.0,4469.0,4.0,82.0,26.0,56.0,25.8,1.3,3.6,0.357,3.0,0.5,1.4,0.331,0.423
Jeremy Evans,UTA,2013-14,66.0,18.318181818181817,8.026363636363635,24.35,2270.0,2302.0,9.0,66.0,23.0,43.0,18.3,0.1,0.3,0.4,0.2,0.0,0.0,0.0,0.4
Jeremy Lamb,OKC,2013-14,78.0,19.71794871794872,9.122375690607734,25.214979757085025,3011.0,3027.0,10.0,78.0,57.0,21.0,19.7,0.9,2.1,0.407,1.9,0.2,0.6,0.267,0.443
Jeremy Lamb,CHA,2015-16,66.0,18.59090909090909,7.930395136778115,25.41160220994475,2442.0,2420.0,5.0,66.0,40.0,26.0,18.6,0.9,2.2,0.403,2.0,0.2,0.8,0.314,0.458
Jeremy Lamb,CHA,2016-17,62.0,18.43548387096774,8.788985507246377,25.52054794520548,2217.0,2226.0,7.0,62.0,27.0,35.0,18.4,1.1,3.0,0.361,2.3,0.2,0.8,0.208,0.388
Jeremy Lamb,CHA,2017-18,80.0,24.5875,9.286332179930795,26.125984251968504,3967.0,3947.0,5.0,80.0,36.0,44.0,24.6,1.6,3.9,0.406,3.5,0.4,1.2,0.333,0.456
Jeremy Lin,HOU,2013-14,71.0,28.929577464788732,6.984757505773672,25.13624454148471,4188.0,4175.0,15.0,71.0,48.0,23.0,28.9,0.8,2.5,0.345,1.9,0.2,0.9,0.27,0.394
Jeremy Lin,LAL,2014-15,74.0,25.77027027027027,8.782008368200838,25.67386363636364,3777.0,3780.0,27.0,74.0,19.0,55.0,25.8,1.4,3.8,0.378,3.3,0.4,1.1,0.39,0.435
Jeremy Lin,CHA,2015-16,78.0,26.256410256410255,8.17808764940239,25.385398230088494,4071.0,4078.0,25.0,78.0,47.0,31.0,26.3,1.0,3.1,0.331,2.3,0.3,0.9,0.309,0.373
Jeremy Lin,BKN,2016-17,36.0,24.52777777777778,8.110245901639345,25.696153846153845,1919.0,1912.0,8.0,36.0,13.0,23.0,24.5,1.8,4.4,0.408,4.3,0.7,2.0,0.361,0.49
Jerian Grant,NYK,2015-16,76.0,16.644736842105264,7.05257731958763,25.475,2468.0,2485.0,14.0,76.0,29.0,47.0,16.6,0.5,1.7,0.323,1.1,0.1,0.6,0.091,0.339
Jerian Grant,CHI,2016-17,63.0,16.317460317460316,9.752095808383231,25.26194029850746,2022.0,2021.0,9.0,63.0,29.0,34.0,16.3,0.7,1.9,0.398,1.7,0.2,0.6,0.361,0.453
Jerian Grant,CHI,2017-18,74.0,22.783783783783782,10.166455696202531,26.236898395721926,3373.0,3375.0,10.0,74.0,24.0,50.0,22.8,1.4,3.5,0.39,3.1,0.4,1.3,0.274,0.44
Jericho Sims,MIL,2025-26,67.0,19.671641791044777,2.1648648648648647,0.0,2599.0,2646.0,1.0,67.0,25.0,42.0,19.7,0.0,0.0,0.0,0.0,0.0,0.0,0.0,0.0
Jermaine ONeal,GSW,2013-14,44.0,20.09090909090909,5.784677419354838,0.0,1724.0,1725.0,8.0,44.0,27.0,17.0,20.1,0.2,0.4,0.368,0.3,0.0,0.0,0.0,0.368
Jerryd Bayless,"BOS,MEM",2013-14,72.0,23.40277777777778,12.990864197530865,24.777358490566034,3202.0,3196.0,9.0,72.0,24.0,48.0,23.4,1.5,3.8,0.386,3.1,0.2,0.6,0.3,0.408
Jerryd Bayless,MIL,2014-15,77.0,22.2987012987013,10.73560606060606,24.8725,3313.0,3301.0,10.0,77.0,39.0,38.0,22.3,1.1,2.7,0.415,2.3,0.1,0.2,0.222,0.425
Jerryd Bayless,MIL,2015-16,52.0,28.942307692307693,10.016504854368932,24.917748917748916,2909.0,2919.0,13.0,52.0,21.0,31.0,28.9,0.8,2.2,0.371,1.9,0.3,0.8,0.325,0.427
Jerryd Bayless,PHI,2017-18,39.0,23.71794871794872,8.123275862068965,24.95890410958904,1924.0,1920.0,3.0,39.0,21.0,18.0,23.7,0.4,1.1,0.366,0.9,0.1,0.3,0.417,0.427
Jevon Carter,"CHI,ORL",2025-26,53.0,16.358490566037737,11.252173913043478,25.174883720930236,1787.0,1808.0,3.0,53.0,26.0,27.0,16.4,1.1,2.5,0.424,2.6,0.5,1.4,0.351,0.523
Jimmy Butler,CHI,2013-14,67.0,38.67164179104478,8.916556291390728,25.445,4826.0,4850.0,17.0,67.0,43.0,24.0,38.7,0.7,2.2,0.32,1.5,0.0,0.4,0.103,0.33
Jimmy Butler,CHI,2014-15,65.0,38.676923076923075,8.678025034770515,25.44455958549223,4852.0,4849.0,7.0,65.0,40.0,25.0,38.7,1.4,3.6,0.38,2.9,0.1,0.4,0.31,0.4
Jimmy Butler,CHI,2015-16,67.0,36.92537313432836,9.196024096385544,25.775609756097563,4908.0,4896.0,5.0,67.0,37.0,30.0,36.9,2.1,5.6,0.371,4.5,0.3,1.0,0.319,0.401
Jimmy Butler,CHI,2016-17,76.0,36.96052631578947,9.667164179104478,25.735887096774192,5588.0,5570.0,9.0,76.0,40.0,36.0,37.0,2.7,7.3,0.367,5.8,0.5,1.5,0.321,0.399
Jimmy Butler,MIN,2017-18,59.0,36.67796610169491,9.055201109570042,25.3465,4252.0,4235.0,4.0,59.0,37.0,22.0,36.7,2.6,6.1,0.421,5.6,0.5,1.5,0.307,0.458
Jimmy Butler,GSW,2025-26,38.0,31.105263157894736,5.668617021276596,25.143529411764703,2439.0,2459.0,3.0,38.0,23.0,15.0,31.1,0.8,2.5,0.313,1.8,0.2,0.7,0.32,0.354
Joakim Noah,CHI,2013-14,80.0,35.25,6.235213032581453,40.7,5263.0,5236.0,15.0,80.0,48.0,32.0,35.2,0.1,0.3,0.308,0.2,0.0,0.0,0.0,0.308
Joakim Noah,CHI,2014-15,67.0,30.58208955223881,5.539058823529412,63.25,3956.0,3957.0,6.0,67.0,39.0,28.0,30.6,0.1,0.2,0.467,0.2,0.0,0.0,0.0,0.467
Joakim Noah,CHI,2015-16,29.0,21.896551724137932,3.05530303030303,42.3,1246.0,1272.0,1.0,29.0,15.0,14.0,21.9,0.0,0.0,0.0,0.0,0.0,0.0,0.0,0.0
Joakim Noah,NYK,2016-17,46.0,22.065217391304348,1.9318407960199009,25.0,2011.0,2020.0,3.0,46.0,17.0,29.0,22.1,0.0,0.0,0.0,0.0,0.0,0.0,0.0,0.0
Jock Landale,"ATL,MEM",2025-26,68.0,22.147058823529413,4.378591549295775,24.94922279792746,3116.0,3117.0,3.0,68.0,36.0,32.0,22.1,0.0,0.1,0.125,0.0,0.0,0.0,0.5,0.188
Jodie Meeks,LAL,2013-14,77.0,33.1948051948052,6.281967213114754,25.163861386138617,5272.0,5282.0,9.0,77.0,25.0,52.0,33.2,0.9,2.6,0.351,2.3,0.4,1.2,0.355,0.433
Jodie Meeks,DET,2014-15,60.0,24.366666666666667,9.651863354037268,25.15518867924528,2845.0,2837.0,4.0,60.0,29.0,31.0,24.4,0.8,2.4,0.355,1.9,0.2,0.7,0.341,0.404
Jodie Meeks,ORL,2016-17,36.0,20.47222222222222,9.805042016806722,25.487591240875915,1477.0,1499.0,7.0,36.0,14.0,22.0,20.5,0.6,2.0,0.288,1.3,0.1,0.6,0.182,0.315
Joe Harris,BKN,2016-17,52.0,21.884615384615383,5.2893617021276595,24.966968325791857,2425.0,2433.0,5.0,52.0,10.0,42.0,21.9,0.3,1.0,0.308,0.9,0.3,0.7,0.351,0.433
Joe Harris,BKN,2017-18,78.0,25.32051282051282,4.473003802281369,25.137709497206703,4024.0,4009.0,7.0,78.0,27.0,51.0,25.3,0.5,1.0,0.462,1.2,0.3,0.6,0.5,0.622
Joe Ingles,UTA,2014-15,79.0,21.164556962025316,11.117763157894736,24.664851485148517,3136.0,3107.0,8.0,79.0,36.0,43.0,21.2,0.5,1.3,0.392,1.1,0.1,0.5,0.222,0.431
Joe Ingles,UTA,2015-16,81.0,15.320987654320987,10.151851851851852,24.605714285714285,2390.0,2355.0,3.0,81.0,40.0,41.0,15.3,0.3,0.8,0.353,0.7,0.1,0.5,0.275,0.434
Joe Ingles,UTA,2016-17,82.0,24.048780487804876,7.634883720930233,24.623655913978496,3762.0,3777.0,7.0,82.0,51.0,31.0,24.1,0.5,1.5,0.328,1.3,0.4,0.9,0.403,0.447
Joe Ingles,UTA,2017-18,82.0,31.451219512195124,6.443307086614173,25.03426724137931,5130.0,5130.0,7.0,82.0,48.0,34.0,31.4,0.8,2.1,0.372,2.1,0.5,1.4,0.375,0.494
Joe Johnson,BKN,2013-14,79.0,32.59493670886076,10.323941368078176,24.981435643564357,4876.0,4857.0,2.0,79.0,43.0,36.0,32.6,1.7,4.1,0.407,3.7,0.3,0.8,0.387,0.443
Joe Johnson,BKN,2014-15,80.0,34.8875,10.075145348837207,25.045400593471808,5349.0,5339.0,4.0,80.0,38.0,42.0,34.9,1.7,4.4,0.394,3.7,0.2,0.8,0.266,0.419
Joe Johnson,"BKN,MIA",2015-16,81.0,33.370370370370374,10.733516483516484,25.142172523961666,5326.0,5321.0,4.0,81.0,31.0,50.0,33.4,1.5,3.8,0.411,3.3,0.2,0.8,0.274,0.439
Joe Johnson,UTA,2016-17,78.0,23.628205128205128,10.659510869565215,24.95387596899225,3485.0,3491.0,0.0,78.0,47.0,31.0,23.6,1.2,3.1,0.387,2.7,0.2,0.7,0.373,0.426
Joe Johnson,"HOU,UTA",2017-18,55.0,21.90909090909091,11.053953488372096,24.935172413793104,2402.0,2385.0,4.0,55.0,35.0,20.0,21.9,0.8,2.0,0.414,1.7,0.0,0.1,0.25,0.423
Joel Embiid,PHI,2016-17,31.0,25.35483870967742,6.87583081570997,25.76122448979592,1598.0,1584.0,9.0,31.0,13.0,18.0,25.4,0.7,2.0,0.344,1.5,0.1,0.2,0.429,0.369
Joel Embiid,PHI,2017-18,63.0,30.349206349206348,7.977909738717339,25.80654205607477,3906.0,3873.0,7.0,63.0,41.0,22.0,30.4,1.6,3.7,0.429,3.2,0.1,0.3,0.353,0.442
Joel Embiid,PHI,2025-26,38.0,31.605263157894736,9.622304832713755,26.261006289308177,2481.0,2481.0,1.0,38.0,24.0,14.0,31.6,2.6,5.8,0.45,5.5,0.2,0.8,0.258,0.468
Joffrey Lauvergne,DEN,2015-16,59.0,17.64406779661017,6.3584097859327215,24.41698113207547,2048.0,2060.0,1.0,59.0,24.0,35.0,17.6,0.1,0.2,0.385,0.2,0.0,0.0,0.0,0.385
John Collins,ATL,2017-18,74.0,24.12162162162162,4.345582329317269,25.87872340425532,3622.0,3598.0,5.0,74.0,21.0,53.0,24.1,0.1,0.3,0.32,0.2,0.0,0.1,0.0,0.32
John Collins,LAC,2025-26,69.0,27.115942028985508,5.174318181818181,24.370319634703197,3759.0,3769.0,1.0,69.0,32.0,37.0,27.1,0.4,0.9,0.422,0.8,0.0,0.1,0.143,0.43
John Henson,MIL,2013-14,70.0,26.514285714285716,4.995924764890282,39.5,3532.0,3531.0,7.0,70.0,12.0,58.0,26.5,0.1,0.4,0.258,0.2,0.0,0.0,0.0,0.258
John Henson,MIL,2014-15,67.0,18.328358208955223,2.8985549132947974,0.0,2361.0,2371.0,5.0,67.0,35.0,32.0,18.3,0.0,0.1,0.286,0.1,0.0,0.0,0.0,0.286
John Henson,MIL,2015-16,57.0,16.82456140350877,3.697586206896552,27.1,1857.0,1870.0,4.0,57.0,22.0,35.0,16.8,0.1,0.2,0.333,0.1,0.0,0.0,0.0,0.333
John Henson,MIL,2016-17,58.0,19.36206896551724,4.808766233766233,25.0,2191.0,2196.0,11.0,58.0,26.0,32.0,19.4,0.0,0.1,0.0,0.0,0.0,0.0,0.0,0.0
John Henson,MIL,2017-18,76.0,25.92105263157895,4.554949494949494,34.128571428571426,3912.0,3907.0,5.0,76.0,39.0,37.0,25.9,0.0,0.1,0.273,0.1,0.0,0.0,0.0,0.273
John Konchar,"MEM,UTA",2025-26,56.0,19.910714285714285,3.679,24.54949494949495,2388.0,2412.0,2.0,56.0,18.0,38.0,19.9,0.1,0.2,0.462,0.3,0.0,0.1,0.4,0.538
John Salmons,"SAC,TOR",2013-14,78.0,22.115384615384617,12.4836,24.665644171779142,3298.0,3325.0,5.0,78.0,46.0,32.0,22.1,0.8,2.1,0.364,1.6,0.1,0.2,0.235,0.377
John Wall,WAS,2013-14,82.0,36.34146341463415,10.925461613216717,26.207467532467533,5876.0,5856.0,18.0,82.0,44.0,38.0,36.3,3.0,8.6,0.341,6.4,0.5,1.8,0.258,0.369
John Wall,WAS,2014-15,79.0,35.91139240506329,10.51085353003161,26.59815668202765,5621.0,5581.0,18.0,79.0,45.0,34.0,35.9,3.1,8.0,0.388,6.6,0.4,1.3,0.3,0.412
John Wall,WAS,2015-16,77.0,36.15584415584416,10.332517140058766,25.99634146341463,5699.0,5657.0,7.0,77.0,37.0,40.0,36.2,3.2,8.8,0.365,6.9,0.5,1.7,0.313,0.396
John Wall,WAS,2016-17,78.0,36.35897435897436,8.523387790197765,26.290808823529417,5824.0,5782.0,23.0,78.0,48.0,30.0,36.4,3.1,8.1,0.386,6.8,0.5,1.7,0.305,0.418
John Wall,WAS,2017-18,41.0,34.390243902439025,9.2512,26.28802395209581,2897.0,2886.0,6.0,41.0,23.0,18.0,34.4,2.3,7.3,0.312,5.2,0.6,2.0,0.313,0.355
Johnny Furphy,IND,2025-26,35.0,18.37142857142857,3.0974358974358975,25.07183098591549,1326.0,1345.0,3.0,35.0,10.0,25.0,18.4,0.0,0.2,0.167,0.1,0.0,0.1,0.25,0.25
Jon Leuer,PHX,2015-16,67.0,18.73134328358209,7.687359550561797,25.05818181818182,2600.0,2599.0,3.0,67.0,22.0,45.0,18.7,0.3,0.8,0.423,0.7,0.0,0.0,0.0,0.423
Jon Leuer,DET,2016-17,75.0,25.92,8.652818371607514,25.193413173652697,3819.0,3831.0,4.0,75.0,34.0,41.0,25.9,0.5,1.3,0.39,1.0,0.0,0.0,0.0,0.39
Jonas Jerebko,"BOS,DET",2014-15,75.0,16.4,7.2163179916318,25.145714285714284,2366.0,2373.0,5.0,75.0,37.0,38.0,16.4,0.1,0.5,0.286,0.3,0.0,0.0,0.0,0.286
Jonas Jerebko,BOS,2015-16,78.0,15.08974358974359,6.258426966292135,25.250925925925927,2389.0,2408.0,11.0,78.0,47.0,31.0,15.1,0.1,0.3,0.25,0.2,0.0,0.0,0.5,0.271
Jonas Jerebko,BOS,2016-17,78.0,15.794871794871796,5.784848484848485,25.25076923076923,2438.0,2457.0,2.0,78.0,51.0,27.0,15.8,0.1,0.2,0.444,0.2,0.0,0.0,0.0,0.444
Jonas Jerebko,UTA,2017-18,74.0,15.324324324324325,5.943478260869565,24.58089171974522,2230.0,2231.0,3.0,74.0,45.0,29.0,15.3,0.1,0.3,0.273,0.2,0.0,0.1,0.0,0.273
Jonas Valanciunas,TOR,2013-14,81.0,28.17283950617284,5.802962962962963,25.4,4348.0,4347.0,11.0,81.0,47.0,34.0,28.2,0.0,0.1,0.6,0.1,0.0,0.0,0.0,0.6
Jonas Valanciunas,TOR,2014-15,80.0,26.2,4.4631336405529956,35.8,4031.0,4032.0,10.0,80.0,47.0,33.0,26.2,0.1,0.2,0.211,0.1,0.0,0.0,0.0,0.211
Jonas Valanciunas,TOR,2015-16,60.0,25.95,4.711380597014926,0.0,3014.0,2980.0,3.0,60.0,40.0,20.0,25.9,0.1,0.2,0.3,0.1,0.0,0.0,0.0,0.3
Jonas Valanciunas,TOR,2016-17,80.0,25.825,6.1932857142857145,53.4,4040.0,4011.0,3.0,80.0,50.0,30.0,25.8,0.1,0.2,0.333,0.2,0.0,0.0,0.0,0.333
Jonas Valanciunas,TOR,2017-18,77.0,22.428571428571427,4.720391517128874,25.441891891891892,3496.0,3478.0,2.0,77.0,56.0,21.0,22.4,0.1,0.3,0.417,0.3,0.0,0.0,0.333,0.438
Jonathan Isaac,ORL,2017-18,27.0,19.814814814814813,9.615151515151515,24.467391304347824,1076.0,1095.0,1.0,27.0,11.0,16.0,19.8,0.3,1.4,0.179,0.5,0.0,0.1,0.0,0.179
Jonathan Kuminga,"ATL,GSW",2025-26,36.0,23.055555555555557,5.783333333333334,25.412380952380953,1729.0,1751.0,1.0,36.0,22.0,14.0,23.1,0.8,2.0,0.375,1.7,0.2,0.5,0.333,0.417
Jonathon Simmons,SAS,2016-17,78.0,17.846153846153847,7.599373040752351,25.75392156862745,2742.0,2760.0,14.0,78.0,60.0,18.0,17.9,0.5,1.6,0.339,1.1,0.0,0.2,0.176,0.351
Jonathon Simmons,ORL,2017-18,69.0,29.405797101449274,7.548114901256733,25.514215686274508,4131.0,4134.0,14.0,69.0,21.0,48.0,29.4,1.1,2.8,0.383,2.4,0.2,0.7,0.327,0.425
Jordan Clarkson,LAL,2014-15,59.0,25.016949152542377,8.914315789473685,25.493388429752063,2842.0,2836.0,6.0,59.0,11.0,48.0,25.0,1.6,3.9,0.403,3.4,0.2,0.7,0.293,0.429
Jordan Clarkson,LAL,2015-16,79.0,32.30379746835443,8.082390745501286,25.307499999999997,5096.0,5098.0,13.0,79.0,17.0,62.0,32.3,1.9,4.6,0.415,4.3,0.5,1.3,0.358,0.467
Jordan Clarkson,LAL,2016-17,82.0,29.23170731707317,7.576923076923077,25.38314606741573,4927.0,4934.0,8.0,82.0,26.0,56.0,29.2,1.7,4.6,0.377,4.0,0.5,1.8,0.303,0.435
Jordan Clarkson,"CLE,LAL",2017-18,81.0,23.30864197530864,8.602515723270441,25.37421383647799,3877.0,3868.0,10.0,81.0,40.0,41.0,23.3,1.6,4.1,0.388,3.6,0.4,1.4,0.304,0.439
Jordan Clarkson,NYK,2025-26,72.0,17.76388888888889,6.543589743589743,24.94766355140187,2576.0,2584.0,14.0,72.0,45.0,27.0,17.8,0.6,1.7,0.336,1.3,0.1,0.6,0.227,0.378
Jordan Crawford,"BOS,GSW",2013-14,81.0,22.950617283950617,10.287077534791251,26.04736842105263,3678.0,3662.0,5.0,81.0,39.0,42.0,23.0,1.7,4.4,0.391,3.9,0.5,1.6,0.292,0.444
Jordan Farmar,LAL,2013-14,41.0,22.24390243902439,9.58627450980392,25.44625,1885.0,1869.0,11.0,41.0,16.0,25.0,22.3,1.4,3.7,0.377,3.5,0.7,1.6,0.418,0.47
Jordan Goodwin,PHX,2025-26,70.0,22.457142857142856,5.48102766798419,25.332450331125827,3165.0,3201.0,17.0,70.0,39.0,31.0,22.5,0.5,1.5,0.305,1.2,0.3,0.8,0.333,0.395
Jordan Hamilton,"DEN,HOU",2013-14,60.0,16.983333333333334,7.613483146067416,25.171717171717173,2059.0,2060.0,2.0,60.0,31.0,29.0,17.0,0.5,1.5,0.318,1.2,0.2,0.8,0.292,0.398
Jordan Hill,LAL,2013-14,72.0,20.833333333333332,6.334038461538461,56.6,3008.0,3009.0,2.0,72.0,24.0,48.0,20.8,0.1,0.3,0.227,0.1,0.0,0.0,0.0,0.227
Jordan Hill,LAL,2014-15,70.0,26.771428571428572,10.729503916449085,24.29090909090909,3697.0,3689.0,6.0,70.0,19.0,51.0,26.8,0.4,1.2,0.309,0.7,0.0,0.0,0.667,0.321
Jordan Hill,IND,2015-16,73.0,20.726027397260275,8.422810218978102,24.3,2978.0,2962.0,1.0,73.0,40.0,33.0,20.7,0.2,0.4,0.484,0.4,0.0,0.0,0.0,0.484
Jordan Miller,LAC,2025-26,60.0,22.083333333333332,4.932525951557094,25.489090909090912,2646.0,2680.0,1.0,60.0,36.0,24.0,22.1,0.4,0.9,0.415,0.8,0.0,0.2,0.154,0.434
Jordan Poole,NOP,2025-26,39.0,23.923076923076923,5.592307692307692,26.540972222222223,1982.0,1996.0,9.0,39.0,16.0,23.0,23.9,1.4,4.3,0.323,3.8,1.1,3.4,0.321,0.449
Jordan Walsh,BOS,2025-26,68.0,17.823529411764707,2.954225352112676,25.024,2336.0,2384.0,6.0,68.0,46.0,22.0,17.8,0.0,0.1,0.0,0.0,0.0,0.1,0.0,0.0
Jose Alvarado,"NOP,NYK",2025-26,69.0,19.855072463768117,5.890123456790124,25.374216027874564,2770.0,2793.0,16.0,69.0,28.0,41.0,19.9,0.7,2.2,0.316,1.9,0.5,1.6,0.304,0.426
Jose Calderon,DAL,2013-14,81.0,30.48148148148148,14.215479876160993,24.88258823529412,4837.0,4806.0,9.0,81.0,49.0,32.0,30.5,1.5,3.6,0.421,3.4,0.4,1.0,0.385,0.473
Jose Calderon,NYK,2014-15,42.0,30.238095238095237,14.845754716981132,24.964084507042255,2428.0,2420.0,4.0,42.0,7.0,35.0,30.2,1.3,3.1,0.417,2.9,0.2,0.4,0.588,0.455
Jose Calderon,NYK,2015-16,72.0,28.11111111111111,14.047222222222222,24.98128078817734,3907.0,3891.0,15.0,72.0,29.0,43.0,28.1,1.3,2.9,0.444,2.8,0.2,0.5,0.359,0.478
Jose Calderon,CLE,2017-18,57.0,16.035087719298247,10.459090909090907,25.426804123711342,1825.0,1809.0,7.0,57.0,33.0,24.0,16.0,0.5,1.2,0.394,1.1,0.1,0.5,0.308,0.451
Josh Giddey,CHI,2025-26,54.0,32.05555555555556,5.338709677419355,25.803180212014137,3693.0,3708.0,5.0,54.0,21.0,33.0,32.1,1.1,3.4,0.337,2.8,0.5,1.6,0.326,0.414
Josh Green,CHA,2025-26,58.0,15.655172413793103,4.023255813953488,24.143478260869568,1794.0,1830.0,15.0,58.0,37.0,21.0,15.7,0.0,0.1,0.125,0.0,0.0,0.1,0.0,0.125
Josh Hart,LAL,2017-18,63.0,23.174603174603178,4.869662921348314,25.406091370558375,2975.0,2990.0,6.0,63.0,27.0,36.0,23.2,0.3,0.9,0.288,0.7,0.1,0.5,0.31,0.364
Josh Hart,NYK,2025-26,66.0,30.21212121212121,5.833714285714286,24.93760330578512,4033.0,4041.0,10.0,66.0,44.0,22.0,30.2,1.2,2.5,0.47,2.9,0.5,1.1,0.466,0.572
Josh Jackson,PHX,2017-18,77.0,25.44155844155844,6.8257342657342654,25.62488479262673,4083.0,4112.0,10.0,77.0,19.0,58.0,25.4,1.0,3.0,0.316,2.0,0.1,0.6,0.182,0.333
Josh McRoberts,CHA,2013-14,78.0,30.256410256410255,6.861818181818182,25.695189003436425,4448.0,4436.0,17.0,78.0,39.0,39.0,30.3,0.2,0.4,0.4,0.4,0.0,0.1,0.333,0.443
Josh Minott,"BKN,BOS",2025-26,49.0,17.020408163265305,3.875,25.520261437908495,1664.0,1693.0,6.0,49.0,23.0,26.0,17.0,0.1,0.4,0.3,0.3,0.1,0.3,0.333,0.425
Josh Okogie,HOU,2025-26,78.0,17.358974358974358,4.044360902255639,24.23975155279503,2641.0,2738.0,21.0,78.0,49.0,29.0,17.4,0.1,0.1,0.5,0.2,0.0,0.0,0.667,0.6
Josh Richardson,MIA,2015-16,52.0,21.28846153846154,8.470700636942675,24.707826086956523,2143.0,2157.0,5.0,52.0,29.0,23.0,21.3,0.4,1.0,0.407,0.9,0.0,0.1,0.5,0.426
Josh Richardson,MIA,2016-17,53.0,30.452830188679247,10.387412587412587,25.09251101321586,3174.0,3184.0,13.0,53.0,23.0,30.0,30.5,1.1,2.6,0.432,2.5,0.2,0.5,0.429,0.475
Josh Richardson,MIA,2017-18,81.0,33.19753086419753,9.226775956284152,25.49255952380953,5308.0,5329.0,18.0,81.0,44.0,37.0,33.2,1.1,2.7,0.431,2.4,0.1,0.2,0.25,0.442
Josh Smith,DET,2013-14,77.0,35.45454545454545,8.94245867768595,25.40377358490566,5404.0,5407.0,17.0,77.0,28.0,49.0,35.5,0.6,2.3,0.269,1.3,0.0,0.2,0.167,0.277
Josh Smith,"DET,HOU",2014-15,83.0,27.710843373493976,6.961923583662713,25.00175438596491,4625.0,4622.0,8.0,83.0,41.0,42.0,27.7,0.2,0.8,0.286,0.5,0.0,0.1,0.25,0.31
Josh Smith,"HOU,LAC",2015-16,55.0,16.0,6.371359223300971,25.217482517482516,1786.0,1789.0,5.0,55.0,31.0,24.0,16.0,0.1,0.6,0.182,0.3,0.1,0.3,0.167,0.227
Jrue Holiday,NOP,2013-14,34.0,33.64705882352941,9.515649867374004,25.209090909090907,2237.0,2244.0,6.0,34.0,15.0,19.0,33.6,2.6,6.2,0.412,5.6,0.5,1.4,0.375,0.455
Jrue Holiday,NOP,2014-15,40.0,32.575,8.545363408521302,24.696296296296296,2539.0,2533.0,5.0,40.0,20.0,20.0,32.6,2.3,6.0,0.386,5.4,0.7,1.9,0.364,0.444
Jrue Holiday,NOP,2015-16,65.0,28.16923076923077,7.845562130177515,25.53127413127413,3724.0,3700.0,15.0,65.0,27.0,38.0,28.2,2.5,6.6,0.382,6.0,0.9,2.8,0.326,0.451
Jrue Holiday,NOP,2016-17,67.0,32.6865671641791,7.738562091503268,25.62846975088968,4461.0,4458.0,5.0,67.0,32.0,35.0,32.7,2.3,6.0,0.39,5.7,1.1,2.9,0.372,0.479
Jrue Holiday,NOP,2017-18,81.0,36.13580246913581,6.772972972972973,25.47612359550562,6130.0,6118.0,10.0,81.0,47.0,34.0,36.1,2.1,5.3,0.396,4.9,0.7,2.3,0.284,0.459
Jrue Holiday,POR,2025-26,53.0,29.433962264150946,7.380979827089336,25.559668508287295,3291.0,3301.0,10.0,53.0,28.0,25.0,29.4,2.4,6.3,0.375,6.3,1.5,4.4,0.353,0.498
Julian Champagnie,SAS,2025-26,82.0,27.634146341463413,4.075141242937853,24.9646484375,4734.0,4743.0,4.0,82.0,62.0,20.0,27.6,0.2,0.8,0.294,0.7,0.2,0.6,0.292,0.397
Julian Strawther,DEN,2025-26,57.0,15.105263157894736,6.217159763313609,25.546666666666667,1774.0,1794.0,2.0,57.0,38.0,19.0,15.1,0.6,1.6,0.393,1.4,0.1,0.6,0.235,0.438
Julius Randle,LAL,2015-16,81.0,28.22222222222222,6.322653316645807,25.266666666666666,4557.0,4571.0,4.0,81.0,17.0,64.0,28.2,0.4,1.5,0.248,0.8,0.0,0.1,0.2,0.256
Julius Randle,LAL,2016-17,74.0,28.81081081081081,5.4259154929577464,25.555555555555557,4373.0,4382.0,5.0,74.0,24.0,50.0,28.8,0.5,1.3,0.375,1.0,0.0,0.1,0.167,0.38
Julius Randle,LAL,2017-18,82.0,26.70731707317073,4.309545983701979,27.42222222222222,4511.0,4535.0,5.0,82.0,35.0,47.0,26.7,0.2,0.6,0.298,0.3,0.0,0.1,0.0,0.298
Julius Randle,MIN,2025-26,79.0,33.037974683544306,6.8445993031358885,25.12312138728324,5458.0,5474.0,2.0,79.0,47.0,32.0,33.0,1.9,4.9,0.395,4.3,0.4,1.5,0.289,0.441
Justin Anderson,"DAL,PHI",2016-17,75.0,16.36,5.136734693877551,25.61494845360825,2426.0,2437.0,5.0,75.0,24.0,51.0,16.4,0.2,0.7,0.214,0.4,0.1,0.3,0.217,0.259
Justin Champagnie,WAS,2025-26,69.0,19.956521739130434,2.8722972972972975,25.481927710843372,2908.0,2925.0,4.0,69.0,13.0,56.0,20.0,0.1,0.4,0.269,0.3,0.1,0.3,0.333,0.404
Justin Edwards,PHI,2025-26,64.0,15.265625,6.759285714285714,26.04,2057.0,2081.0,2.0,64.0,37.0,27.0,15.3,0.4,1.1,0.375,1.0,0.1,0.4,0.348,0.431
Justin Hamilton,"MIA,MIN",2014-15,41.0,17.365853658536587,6.041496598639456,24.77096774193549,1366.0,1358.0,6.0,41.0,6.0,35.0,17.4,0.0,0.1,0.333,0.1,0.0,0.0,0.0,0.333
Justin Hamilton,BKN,2016-17,64.0,18.375,5.410552763819096,24.61777777777778,2469.0,2466.0,1.0,64.0,14.0,50.0,18.4,0.0,0.1,0.222,0.1,0.0,0.0,0.0,0.222
Justin Holiday,NYK,2016-17,82.0,19.98780487804878,9.942641509433964,25.05018315018315,3249.0,3272.0,6.0,82.0,31.0,51.0,20.0,0.6,1.4,0.407,1.3,0.1,0.3,0.321,0.445
Justin Holiday,CHI,2017-18,72.0,31.458333333333332,10.516816816816815,25.08507795100223,4674.0,4653.0,8.0,72.0,24.0,48.0,31.5,1.2,3.5,0.335,2.8,0.5,1.4,0.327,0.402
Justin Jackson,SAC,2017-18,68.0,22.147058823529413,8.764102564102565,25.003243243243244,2985.0,2994.0,7.0,68.0,21.0,47.0,22.2,0.7,1.5,0.46,1.4,0.1,0.2,0.333,0.485
Justise Winslow,MIA,2015-16,78.0,28.615384615384617,6.350578034682082,24.49310344827586,4345.0,4389.0,8.0,78.0,46.0,32.0,28.6,0.2,0.6,0.326,0.4,0.0,0.1,0.167,0.337
Justise Winslow,MIA,2017-18,68.0,24.705882352941178,5.460445682451254,25.217829457364346,3317.0,3359.0,4.0,68.0,33.0,35.0,24.7,0.1,0.7,0.196,0.3,0.0,0.1,0.0,0.196
Jusuf Nurkic,DEN,2014-15,62.0,17.79032258064516,4.80761154855643,24.35,2213.0,2211.0,6.0,62.0,21.0,41.0,17.8,0.1,0.1,0.571,0.1,0.0,0.0,0.0,0.571
Jusuf Nurkic,DEN,2015-16,32.0,17.09375,4.740167364016737,25.1,1084.0,1093.0,7.0,32.0,14.0,18.0,17.1,0.0,0.1,0.333,0.1,0.0,0.0,0.0,0.333
Jusuf Nurkic,"DEN,POR",2016-17,65.0,21.4,4.189305816135085,28.4,2819.0,2815.0,4.0,65.0,34.0,31.0,21.4,0.0,0.2,0.273,0.1,0.0,0.0,0.0,0.273
Jusuf Nurkic,POR,2017-18,79.0,26.43037974683544,6.186334745762712,29.314285714285713,4206.0,4192.0,5.0,79.0,48.0,31.0,26.4,0.2,0.5,0.405,0.4,0.0,0.0,0.0,0.405
Jusuf Nurkic,UTA,2025-26,41.0,26.414634146341463,5.0372822299651565,25.56478873239437,2328.0,2334.0,6.0,41.0,14.0,27.0,26.4,0.1,0.3,0.25,0.2,0.0,0.1,0.167,0.292
KJ McDaniels,"HOU,PHI",2014-15,62.0,21.806451612903224,5.421478873239436,25.038666666666668,2685.0,2684.0,4.0,62.0,19.0,43.0,21.8,0.3,1.1,0.246,0.6,0.0,0.2,0.143,0.261
Kam Jones,IND,2025-26,37.0,16.64864864864865,5.7042553191489365,25.68133333333333,1303.0,1326.0,0.0,37.0,6.0,31.0,16.7,0.2,0.5,0.4,0.6,0.2,0.4,0.438,0.575
Karl Anthony Towns,MIN,2015-16,82.0,32.03658536585366,8.959061032863849,25.07272727272727,5230.0,5228.0,15.0,82.0,29.0,53.0,32.0,0.6,1.4,0.423,1.2,0.0,0.1,0.333,0.441
Karl Anthony Towns,MIN,2016-17,82.0,36.95121951219512,6.113692946058091,25.2,5964.0,5967.0,7.0,82.0,31.0,51.0,37.0,0.5,1.3,0.379,1.0,0.1,0.3,0.227,0.403
Karl Anthony Towns,MIN,2017-18,82.0,35.58536585365854,6.128748590755355,25.388070175438596,5760.0,5738.0,22.0,82.0,47.0,35.0,35.6,0.5,1.0,0.471,1.0,0.0,0.2,0.231,0.488
Karl Anthony Towns,NYK,2025-26,75.0,30.96,4.111310344827586,26.42540716612378,4711.0,4678.0,4.0,75.0,49.0,26.0,31.0,0.4,1.2,0.345,1.0,0.2,0.5,0.324,0.414
Kasparas Jakucionis,MIA,2025-26,53.0,17.830188679245282,4.0182926829268295,25.098076923076924,2054.0,2074.0,6.0,53.0,28.0,25.0,17.8,0.1,0.6,0.094,0.2,0.1,0.5,0.125,0.141
Kawhi Leonard,SAS,2013-14,66.0,29.136363636363637,7.874730021598272,24.298351648351648,3803.0,3809.0,5.0,66.0,54.0,12.0,29.1,1.1,2.6,0.436,2.4,0.1,0.4,0.375,0.462
Kawhi Leonard,SAS,2014-15,64.0,31.765625,9.674761904761905,24.522916666666664,3972.0,3971.0,5.0,64.0,46.0,18.0,31.8,1.7,4.0,0.421,3.4,0.1,0.4,0.16,0.429
Kawhi Leonard,SAS,2015-16,72.0,33.05555555555556,9.764080100125156,24.73298969072165,4633.0,4628.0,11.0,72.0,60.0,12.0,33.0,2.7,5.8,0.464,5.7,0.3,0.8,0.407,0.493
Kawhi Leonard,SAS,2016-17,74.0,33.445945945945944,10.553297297297297,25.05658914728682,4815.0,4785.0,13.0,74.0,54.0,20.0,33.4,3.4,7.8,0.432,7.3,0.6,1.9,0.307,0.468
Kawhi Leonard,LAC,2025-26,65.0,32.07692307692308,9.523739237392371,25.97123595505618,4158.0,4170.0,0.0,65.0,37.0,28.0,32.1,4.7,10.4,0.455,10.9,1.4,3.9,0.37,0.525
Kelel Ware,MIA,2025-26,77.0,22.12987012987013,2.8935096153846156,25.201716738197423,3651.0,3691.0,2.0,77.0,39.0,38.0,22.1,0.1,0.4,0.185,0.2,0.0,0.2,0.231,0.241
Keldon Johnson,SAS,2025-26,82.0,23.304878048780488,3.5807251908396944,24.61245421245421,3980.0,3997.0,7.0,82.0,62.0,20.0,23.3,0.2,0.4,0.438,0.5,0.1,0.3,0.429,0.578
Kelly Olynyk,BOS,2013-14,70.0,20.0,6.917268041237113,25.05087719298246,2770.0,2728.0,6.0,70.0,18.0,52.0,20.0,0.1,0.6,0.2,0.3,0.0,0.1,0.4,0.225
Kelly Olynyk,BOS,2014-15,64.0,22.234375,6.380736543909348,25.304,2889.0,2810.0,8.0,64.0,31.0,33.0,22.2,0.4,1.1,0.368,0.8,0.0,0.2,0.143,0.382
Kelly Olynyk,BOS,2015-16,69.0,20.217391304347824,6.08092485549133,25.195238095238096,2895.0,2838.0,8.0,69.0,40.0,29.0,20.2,0.3,1.2,0.293,0.8,0.1,0.3,0.333,0.335
Kelly Olynyk,BOS,2016-17,75.0,20.506666666666668,5.7594936708860756,25.0796875,3094.0,3064.0,7.0,75.0,49.0,26.0,20.5,0.3,0.8,0.344,0.6,0.1,0.2,0.357,0.385
Kelly Olynyk,MIA,2017-18,76.0,23.407894736842103,6.455898876404495,25.465357142857144,3504.0,3463.0,13.0,76.0,42.0,34.0,23.4,0.4,1.0,0.384,0.9,0.1,0.4,0.407,0.459
Kelly Oubre,WAS,2016-17,79.0,20.31645569620253,5.816141732283464,25.05638297872341,3231.0,3256.0,14.0,79.0,47.0,32.0,20.3,0.3,0.8,0.371,0.6,0.1,0.2,0.25,0.403
Kelly Oubre,WAS,2017-18,81.0,27.54320987654321,6.570308788598575,25.34336043360434,4524.0,4516.0,16.0,81.0,43.0,38.0,27.5,0.5,1.7,0.306,1.2,0.2,0.5,0.364,0.366
Kelly Oubre,PHI,2025-26,50.0,31.48,5.30655737704918,25.27029288702929,3237.0,3269.0,20.0,50.0,27.0,23.0,31.5,0.4,1.3,0.318,1.0,0.1,0.6,0.25,0.371
Kemba Walker,CHA,2013-14,73.0,35.80821917808219,10.674509803921568,26.505198776758412,4999.0,5006.0,34.0,73.0,38.0,35.0,35.8,2.8,7.4,0.381,6.2,0.5,1.5,0.348,0.418
Kemba Walker,CHA,2014-15,62.0,34.17741935483871,9.397004279600573,26.524642857142855,4059.0,4052.0,23.0,62.0,21.0,41.0,34.2,2.6,7.3,0.361,5.8,0.5,2.0,0.266,0.398
Kemba Walker,CHA,2015-16,81.0,35.617283950617285,9.26230677764566,25.539795918367343,5725.0,5704.0,29.0,81.0,47.0,34.0,35.6,2.8,7.9,0.356,6.7,1.0,3.2,0.323,0.423
Kemba Walker,CHA,2016-17,79.0,34.67088607594937,7.574882075471698,25.469601328903657,5422.0,5414.0,25.0,79.0,36.0,43.0,34.7,3.3,8.4,0.396,8.4,1.7,4.6,0.38,0.499
Kemba Walker,CHA,2017-18,80.0,34.2,8.781233595800526,26.232113144758735,5578.0,5569.0,25.0,80.0,36.0,44.0,34.2,3.5,8.8,0.404,8.8,1.8,4.6,0.381,0.505
Kendall Marshall,LAL,2013-14,54.0,28.96296296296296,9.22780082987552,26.43988764044944,3233.0,3231.0,1.0,54.0,14.0,40.0,29.0,0.8,2.4,0.352,1.9,0.3,0.7,0.378,0.406
Kendrick Perkins,OKC,2013-14,62.0,19.467741935483872,5.2484375000000005,40.2,2381.0,2375.0,4.0,62.0,48.0,14.0,19.5,0.0,0.1,0.0,0.0,0.0,0.0,0.0,0.0
Kendrick Perkins,"CLE,OKC",2014-15,68.0,16.88235294117647,4.304424778761062,75.2,2243.0,2236.0,6.0,68.0,38.0,30.0,16.9,0.0,0.1,0.25,0.0,0.0,0.0,0.0,0.25
Kenneth Faried,DEN,2013-14,80.0,27.225,4.8734394124847,29.53333333333333,4440.0,4451.0,14.0,80.0,36.0,44.0,27.2,0.2,0.5,0.317,0.3,0.0,0.0,0.0,0.317
Kenneth Faried,DEN,2014-15,75.0,27.813333333333333,3.8796703296703297,42.3,4147.0,4147.0,13.0,75.0,30.0,45.0,27.8,0.1,0.3,0.4,0.2,0.0,0.1,0.25,0.425
Kenneth Faried,DEN,2015-16,67.0,25.29850746268657,3.784455128205128,45.55,3358.0,3360.0,10.0,67.0,26.0,41.0,25.3,0.1,0.4,0.292,0.2,0.0,0.0,0.0,0.292
Kenneth Faried,DEN,2016-17,61.0,21.24590163934426,3.392682926829268,40.28333333333333,2632.0,2643.0,2.0,61.0,29.0,32.0,21.2,0.1,0.3,0.235,0.1,0.0,0.0,0.0,0.235
Kenrich Williams,OKC,2025-26,56.0,15.267857142857142,6.355688622754491,25.631007751937982,1727.0,1774.0,4.0,56.0,41.0,15.0,15.3,0.5,1.2,0.418,1.1,0.1,0.4,0.286,0.463
Kent Bazemore,ATL,2014-15,75.0,17.64,5.1708542713567835,24.524242424242424,2566.0,2623.0,6.0,75.0,53.0,22.0,17.6,0.2,0.7,0.28,0.4,0.1,0.3,0.2,0.32
Kent Bazemore,ATL,2015-16,75.0,27.773333333333333,4.984761904761904,24.581967213114755,4212.0,4232.0,18.0,75.0,44.0,31.0,27.8,0.5,1.7,0.302,1.3,0.3,0.9,0.297,0.376
Kent Bazemore,ATL,2016-17,73.0,26.89041095890411,8.735824175824176,24.9296992481203,3969.0,3980.0,16.0,73.0,39.0,34.0,26.9,1.2,2.9,0.404,2.7,0.3,0.9,0.338,0.455
Kent Bazemore,ATL,2017-18,65.0,27.523076923076925,8.56592039800995,24.933941605839415,3601.0,3607.0,15.0,65.0,19.0,46.0,27.5,1.2,3.4,0.35,2.8,0.5,1.4,0.333,0.42
Kentavious Caldwell Pope,DET,2013-14,80.0,19.775,8.581818181818182,25.420540540540543,3136.0,3159.0,9.0,80.0,28.0,52.0,19.8,0.4,1.2,0.323,0.8,0.1,0.2,0.235,0.344
Kentavious Caldwell Pope,DET,2014-15,82.0,31.548780487804876,8.337878787878788,25.649774774774773,5023.0,5032.0,12.0,82.0,32.0,50.0,31.5,1.3,3.5,0.363,2.9,0.4,1.2,0.302,0.414
Kentavious Caldwell Pope,DET,2015-16,76.0,36.69736842105263,8.94788494077834,25.543360433604335,5531.0,5518.0,21.0,76.0,41.0,35.0,36.7,1.7,4.4,0.378,3.7,0.3,1.2,0.269,0.415
Kentavious Caldwell Pope,DET,2016-17,76.0,33.276315789473685,10.580244399185336,25.849885583524028,5002.0,5003.0,7.0,76.0,33.0,43.0,33.3,1.9,5.2,0.362,4.4,0.6,1.9,0.322,0.422
Kentavious Caldwell Pope,LAL,2017-18,74.0,33.21621621621622,9.448041775456918,25.42602409638554,5098.0,5103.0,17.0,74.0,31.0,43.0,33.2,1.1,3.4,0.337,2.7,0.4,1.3,0.309,0.396
Kentavious Caldwell Pope,MEM,2025-26,51.0,21.333333333333332,10.5140625,25.270689655172415,2250.0,2276.0,13.0,51.0,20.0,31.0,21.3,1.1,2.8,0.379,2.5,0.3,1.1,0.315,0.438
Kenyon Martin,NYK,2013-14,32.0,19.78125,6.4573770491803275,25.2,1163.0,1184.0,1.0,32.0,13.0,19.0,19.8,0.0,0.0,0.0,0.0,0.0,0.0,0.0,0.0
Keon Ellis,"CLE,SAC",2025-26,72.0,20.52777777777778,6.529323308270677,25.32231075697211,3022.0,3045.0,26.0,72.0,31.0,41.0,20.5,0.5,1.2,0.386,1.2,0.3,0.8,0.382,0.506
Kevin Durant,OKC,2013-14,81.0,38.54320987654321,9.094736842105265,25.268024439918538,6270.0,6262.0,8.0,81.0,58.0,23.0,38.5,3.7,8.3,0.439,8.5,1.1,2.8,0.408,0.508
Kevin Durant,OKC,2014-15,27.0,33.81481481481482,9.604220779220778,25.150943396226417,1856.0,1837.0,7.0,27.0,18.0,9.0,33.8,3.1,6.4,0.489,7.3,1.0,2.2,0.433,0.563
Kevin Durant,OKC,2015-16,72.0,35.80555555555556,9.618555555555556,25.192307692307693,5240.0,5238.0,6.0,72.0,52.0,20.0,35.8,3.8,8.2,0.458,8.6,1.1,2.8,0.376,0.523
Kevin Durant,GSW,2016-17,62.0,33.38709677419355,8.491456582633052,25.92628205128205,4353.0,4314.0,6.0,62.0,51.0,11.0,33.4,2.1,5.0,0.414,4.5,0.4,1.5,0.269,0.455
Kevin Durant,GSW,2017-18,68.0,34.19117647058823,10.61705809641533,26.148910411622275,4862.0,4867.0,4.0,68.0,49.0,19.0,34.2,3.5,8.1,0.435,8.0,0.9,2.8,0.333,0.493
Kevin Durant,HOU,2025-26,78.0,36.41025641025641,11.723218142548596,25.925555555555555,5727.0,5728.0,2.0,78.0,48.0,30.0,36.4,4.7,9.5,0.501,10.3,0.8,1.9,0.401,0.542
Kevin Garnett,BKN,2013-14,54.0,20.53703703703704,12.991784702549577,25.166666666666668,2072.0,2067.0,4.0,54.0,27.0,27.0,20.5,0.7,2.0,0.358,1.4,0.0,0.0,0.0,0.358
Kevin Garnett,"BKN,MIN",2014-15,47.0,20.25531914893617,13.748829431438129,24.45714285714286,1813.0,1830.0,6.0,47.0,20.0,27.0,20.3,0.7,1.7,0.43,1.4,0.0,0.0,0.0,0.43
Kevin Huerter,"CHI,DET",2025-26,69.0,22.44927536231884,4.888929889298893,25.529538461538458,3256.0,3242.0,5.0,69.0,40.0,29.0,22.5,0.5,1.4,0.327,1.2,0.2,0.8,0.304,0.413
Kevin Love,MIN,2013-14,77.0,36.324675324675326,8.100545851528384,25.516831683168316,5765.0,5758.0,13.0,77.0,39.0,38.0,36.3,1.2,3.5,0.333,2.8,0.5,1.3,0.34,0.399
Kevin Love,CLE,2014-15,75.0,33.76,7.77875,24.787244897959184,4884.0,4856.0,6.0,75.0,50.0,25.0,33.8,0.5,1.2,0.424,1.1,0.1,0.1,0.364,0.446
Kevin Love,CLE,2015-16,77.0,31.493506493506494,8.082342007434944,24.87744874715262,4660.0,4639.0,12.0,77.0,53.0,24.0,31.5,0.5,1.5,0.362,1.2,0.1,0.3,0.304,0.392
Kevin Love,CLE,2016-17,60.0,31.416666666666668,7.531589958158996,24.745758354755782,3795.0,3779.0,5.0,60.0,40.0,20.0,31.4,0.5,1.6,0.327,1.1,0.1,0.4,0.125,0.342
Kevin Love,CLE,2017-18,59.0,27.983050847457623,7.161152882205514,25.2660606060606,3337.0,3317.0,8.0,59.0,37.0,22.0,28.0,0.5,1.4,0.37,1.2,0.2,0.5,0.433,0.451
Kevin Love,UTA,2025-26,37.0,16.56756756756757,4.733333333333333,25.485915492957748,1305.0,1300.0,1.0,37.0,10.0,27.0,16.6,0.2,0.6,0.333,0.5,0.1,0.5,0.278,0.452
Kevin Martin,MIN,2013-14,68.0,32.01470588235294,10.295041322314049,24.68619528619529,4496.0,4478.0,11.0,68.0,32.0,36.0,32.0,1.8,4.9,0.367,3.9,0.3,0.8,0.37,0.397
Kevin Martin,MIN,2014-15,39.0,33.41025641025641,12.827188940092164,24.77277486910995,2585.0,2563.0,7.0,39.0,11.0,28.0,33.4,2.4,5.5,0.44,5.1,0.2,0.7,0.286,0.458
Kevin Martin,"MIN,SAS",2015-16,55.0,19.90909090909091,11.059010600706712,24.98014705882353,2192.0,2184.0,4.0,55.0,24.0,31.0,19.9,0.7,2.7,0.272,1.5,0.1,0.5,0.154,0.286
Kevin Porter,MIL,2025-26,38.0,33.18421052631579,8.031805929919138,25.494405594405592,2559.0,2560.0,7.0,38.0,18.0,20.0,33.2,2.3,5.7,0.412,5.2,0.5,2.0,0.25,0.456
Kevin Seraphin,WAS,2014-15,79.0,15.632911392405065,8.303571428571429,46.25,2301.0,2312.0,4.0,79.0,45.0,34.0,15.6,0.3,0.7,0.421,0.6,0.0,0.0,0.0,0.421
Keyonte George,UTA,2025-26,54.0,33.074074074074076,8.761153846153846,25.513850415512465,3787.0,3808.0,15.0,54.0,16.0,38.0,33.1,2.4,6.8,0.356,5.8,1.0,3.2,0.309,0.43
Khris Middleton,MIL,2013-14,82.0,30.0,11.108156028368796,25.147931034482756,4713.0,4716.0,13.0,82.0,15.0,67.0,30.0,1.3,3.1,0.411,2.7,0.1,0.3,0.357,0.43
Khris Middleton,MIL,2014-15,79.0,30.10126582278481,11.038935108153078,24.747388059701493,4647.0,4654.0,10.0,79.0,40.0,39.0,30.1,1.5,3.3,0.439,3.0,0.1,0.2,0.278,0.449
Khris Middleton,MIL,2015-16,79.0,36.10126582278481,11.174391805377722,25.332320441988948,5644.0,5631.0,6.0,79.0,33.0,46.0,36.1,2.4,5.8,0.406,5.0,0.3,1.0,0.286,0.43
Khris Middleton,MIL,2016-17,29.0,30.655172413793103,10.517467248908297,25.166346153846156,1712.0,1704.0,2.0,29.0,19.0,10.0,30.7,1.8,4.3,0.405,3.7,0.1,0.6,0.25,0.421
Khris Middleton,MIL,2017-18,82.0,36.36585365853659,10.98300578034682,25.62383292383292,5984.0,5948.0,3.0,82.0,44.0,38.0,36.4,3.2,6.9,0.465,6.8,0.4,1.3,0.288,0.491
Khris Middleton,"DAL,WAS",2025-26,63.0,22.84126984126984,11.637570621468926,25.13978494623656,3047.0,3058.0,3.0,63.0,18.0,45.0,22.8,1.6,4.2,0.385,3.5,0.3,1.0,0.281,0.42
Kirk Hinrich,CHI,2013-14,73.0,28.986301369863018,12.881697612732095,25.07479338842975,3967.0,3957.0,31.0,73.0,45.0,28.0,29.0,1.3,3.6,0.366,2.9,0.2,0.9,0.281,0.4
Kirk Hinrich,CHI,2014-15,66.0,24.39393939393939,12.74225352112676,24.69821428571429,3116.0,3144.0,9.0,66.0,37.0,29.0,24.4,0.7,1.9,0.339,1.4,0.1,0.4,0.296,0.37
Klay Thompson,GSW,2013-14,81.0,35.407407407407405,11.303591160220996,25.18355140186916,5739.0,5731.0,5.0,81.0,51.0,30.0,35.4,1.5,4.0,0.386,3.2,0.2,0.8,0.206,0.406
Klay Thompson,GSW,2014-15,77.0,31.883116883116884,10.155039787798408,25.484220183486237,5060.0,5048.0,3.0,77.0,64.0,13.0,31.9,2.4,5.6,0.423,5.5,0.8,1.9,0.399,0.491
Klay Thompson,GSW,2015-16,80.0,33.325,9.561141304347826,25.331999999999997,5558.0,5555.0,1.0,80.0,71.0,9.0,33.3,1.7,4.0,0.431,3.9,0.4,1.2,0.362,0.484
Klay Thompson,GSW,2016-17,78.0,33.96153846153846,10.981207133058986,25.227666151468313,5472.0,5454.0,1.0,78.0,66.0,12.0,34.0,1.6,4.1,0.393,3.6,0.3,1.1,0.28,0.429
Klay Thompson,GSW,2017-18,73.0,34.3013698630137,12.699847792998478,25.587692307692308,5168.0,5182.0,3.0,73.0,55.0,18.0,34.3,2.1,4.6,0.448,4.7,0.5,1.3,0.421,0.507
Klay Thompson,DAL,2025-26,69.0,21.695652173913043,12.314427860696515,25.359582542694497,3228.0,3225.0,2.0,69.0,21.0,48.0,21.7,1.3,3.5,0.364,3.2,0.7,1.9,0.371,0.467
Kobe Brown,"IND,LAC",2025-26,61.0,15.78688524590164,3.371969696969697,25.10431654676259,1954.0,1997.0,4.0,61.0,17.0,44.0,15.8,0.1,0.4,0.304,0.3,0.1,0.3,0.375,0.435
Kobe Bryant,LAL,2014-15,35.0,34.48571428571429,12.205103969754251,25.6625,2402.0,2399.0,5.0,35.0,10.0,25.0,34.5,3.6,9.9,0.364,7.9,0.7,2.6,0.286,0.402
Kobe Bryant,LAL,2015-16,66.0,28.227272727272727,12.328637770897831,25.441755888650963,3766.0,3759.0,2.0,66.0,13.0,53.0,28.2,2.7,8.4,0.325,6.1,0.7,2.8,0.246,0.366
Kobe Sanders,LAC,2025-26,68.0,19.897058823529413,8.193617021276596,25.325510204081635,2740.0,2748.0,3.0,68.0,36.0,32.0,19.9,0.5,1.3,0.409,1.1,0.0,0.1,0.125,0.415
Kobi Simmons,MEM,2017-18,32.0,20.09375,7.704666666666667,27.607692307692307,1273.0,1281.0,5.0,32.0,6.0,26.0,20.1,0.6,2.0,0.286,1.2,0.0,0.3,0.125,0.294
Kon Knueppel,CHA,2025-26,81.0,31.493827160493822,6.396832579185521,25.79454828660436,5206.0,5208.0,5.0,81.0,44.0,37.0,31.5,1.5,3.3,0.446,3.7,0.8,1.8,0.43,0.566
Kosta Koufos,MEM,2013-14,80.0,16.8625,4.984531590413943,0.0,2510.0,2525.0,2.0,80.0,48.0,32.0,16.9,0.0,0.2,0.143,0.1,0.0,0.0,0.0,0.143
Kosta Koufos,MEM,2014-15,81.0,16.641975308641975,5.391061452513966,0.0,2554.0,2582.0,4.0,81.0,55.0,26.0,16.6,0.0,0.1,0.2,0.0,0.0,0.0,0.0,0.2
Kosta Koufos,SAC,2015-16,78.0,19.0,4.882432432432433,0.0,3030.0,3040.0,4.0,78.0,32.0,46.0,19.0,0.0,0.2,0.167,0.1,0.0,0.0,0.0,0.167
Kosta Koufos,SAC,2016-17,71.0,19.985915492957748,4.640664961636829,54.1,2749.0,2769.0,3.0,71.0,27.0,44.0,20.0,0.1,0.2,0.333,0.1,0.0,0.0,0.0,0.333
Kosta Koufos,SAC,2017-18,71.0,19.591549295774648,5.5367609254498715,0.0,2692.0,2697.0,3.0,71.0,22.0,49.0,19.6,0.1,0.2,0.375,0.2,0.0,0.0,0.0,0.375
Kostas Papanikolaou,HOU,2014-15,43.0,18.488372093023255,4.908791208791208,24.4811320754717,1584.0,1581.0,1.0,43.0,29.0,14.0,18.5,0.1,0.4,0.167,0.2,0.0,0.2,0.111,0.194
Kris Dunn,MIN,2016-17,78.0,17.08974358974359,10.48625,24.89178082191781,2572.0,2636.0,11.0,78.0,30.0,48.0,17.1,0.6,1.6,0.347,1.2,0.1,0.2,0.412,0.375
Kris Dunn,CHI,2017-18,52.0,29.326923076923077,9.206766917293232,25.657462686567165,3138.0,3135.0,4.0,52.0,19.0,33.0,29.3,2.2,5.5,0.408,4.9,0.4,1.1,0.362,0.445
Kris Dunn,LAC,2025-26,82.0,27.17073170731707,5.698859315589353,24.864018691588782,4454.0,4493.0,6.0,82.0,42.0,40.0,27.2,0.2,0.5,0.35,0.4,0.0,0.1,0.4,0.4
Kris Humphries,BOS,2013-14,69.0,19.94202898550725,11.040305010893244,40.25,2635.0,2650.0,5.0,69.0,22.0,47.0,19.9,0.3,0.8,0.4,0.6,0.0,0.0,0.0,0.4
Kris Humphries,WAS,2014-15,64.0,21.015625,10.630523917995443,23.985714285714288,2568.0,2590.0,8.0,64.0,37.0,27.0,21.0,0.2,0.5,0.344,0.3,0.0,0.0,0.0,0.344
Kris Humphries,"ATL,PHX,WAS",2015-16,53.0,15.735849056603774,9.3572192513369,25.52592592592593,1700.0,1710.0,6.0,53.0,29.0,24.0,15.7,0.2,0.5,0.542,0.5,0.0,0.1,0.333,0.563
Kris Murray,POR,2025-26,57.0,23.385964912280706,2.3811688311688313,24.35,2771.0,2790.0,0.0,57.0,28.0,29.0,23.4,0.0,0.1,0.0,0.0,0.0,0.1,0.0,0.0
Kristaps Porzingis,NYK,2015-16,72.0,28.416666666666668,9.164852255054432,25.52880658436214,3959.0,3950.0,6.0,72.0,28.0,44.0,28.4,0.7,1.9,0.36,1.4,0.0,0.2,0.231,0.371
Kristaps Porzingis,NYK,2016-17,66.0,32.78787878787879,8.87451564828614,25.28343949044586,4345.0,4321.0,8.0,66.0,26.0,40.0,32.8,1.4,3.1,0.442,2.8,0.1,0.2,0.357,0.454
Kristaps Porzingis,NYK,2017-18,48.0,32.354166666666664,10.61104387291982,26.846929824561403,3102.0,3109.0,12.0,48.0,22.0,26.0,32.4,1.3,3.8,0.341,2.6,0.0,0.3,0.133,0.346
Kristaps Porzingis,"ATL,GSW",2025-26,32.0,24.03125,8.392105263157895,27.1375,1605.0,1620.0,4.0,32.0,13.0,19.0,24.0,1.3,2.9,0.457,2.8,0.1,0.4,0.333,0.478
Kyle Anderson,SAS,2015-16,78.0,15.961538461538462,10.113953488372092,24.1027027027027,2426.0,2414.0,9.0,78.0,64.0,14.0,16.0,0.7,1.5,0.479,1.5,0.0,0.0,0.0,0.479
Kyle Anderson,SAS,2017-18,74.0,26.72972972972973,6.478740157480315,24.74561403508772,3876.0,3887.0,10.0,74.0,41.0,33.0,26.7,0.4,0.9,0.429,0.8,0.0,0.1,0.167,0.436
Kyle Anderson,"MEM,MIN,UTA",2025-26,43.0,19.837209302325583,6.195811518324608,23.59090909090909,1805.0,1806.0,4.0,43.0,15.0,28.0,19.8,0.4,0.7,0.548,0.9,0.1,0.1,1.0,0.597
Kyle Collinsworth,DAL,2017-18,32.0,15.0,4.736585365853658,24.65294117647059,943.0,950.0,2.0,32.0,9.0,23.0,15.0,0.1,0.3,0.2,0.1,0.0,0.0,0.0,0.2
Kyle Filipowski,UTA,2025-26,77.0,23.38961038961039,4.473659673659673,24.664035087719295,3822.0,3845.0,3.0,77.0,21.0,56.0,23.4,0.1,0.5,0.297,0.3,0.1,0.2,0.235,0.351
Kyle Korver,ATL,2013-14,71.0,33.91549295774648,15.51520737327189,24.78469387755102,4787.0,4717.0,5.0,71.0,37.0,34.0,33.9,0.8,2.0,0.414,1.9,0.2,0.5,0.385,0.466
Kyle Korver,ATL,2014-15,75.0,32.24,14.166225165562912,24.911358574610247,4771.0,4685.0,6.0,75.0,58.0,17.0,32.2,0.6,1.5,0.427,1.6,0.3,0.7,0.462,0.536
Kyle Korver,ATL,2015-16,80.0,30.0125,14.784545454545452,24.722670025188915,4917.0,4769.0,4.0,80.0,46.0,34.0,30.0,1.0,2.1,0.463,2.2,0.3,0.7,0.356,0.527
Kyle Korver,"ATL,CLE",2016-17,67.0,26.16417910447761,15.380128205128209,25.01225626740947,3554.0,3525.0,8.0,67.0,33.0,34.0,26.2,0.7,1.8,0.424,1.9,0.4,0.9,0.393,0.525
Kyle Korver,CLE,2017-18,73.0,21.561643835616437,12.483333333333334,25.54255319148936,3246.0,3211.0,5.0,73.0,43.0,30.0,21.6,0.5,1.2,0.384,1.2,0.3,0.8,0.382,0.506
Kyle Kuzma,LAL,2017-18,77.0,31.181818181818183,6.576198347107438,25.62188940092166,4960.0,4986.0,6.0,77.0,34.0,43.0,31.2,0.8,2.4,0.355,2.0,0.3,1.0,0.311,0.418
Kyle Kuzma,MIL,2025-26,69.0,26.17391304347826,4.938444444444444,25.457740585774054,3689.0,3719.0,7.0,69.0,31.0,38.0,26.2,0.4,1.1,0.333,0.9,0.2,0.5,0.351,0.42
Kyle Lowry,TOR,2013-14,79.0,36.22784810126582,8.406724137931034,25.6492,5553.0,5537.0,48.0,79.0,45.0,34.0,36.2,1.9,5.7,0.336,4.9,1.0,3.1,0.332,0.428
Kyle Lowry,TOR,2014-15,70.0,34.5,9.647699386503067,25.622250639386188,4728.0,4699.0,29.0,70.0,43.0,27.0,34.5,2.5,6.8,0.362,5.9,1.0,2.8,0.347,0.435
Kyle Lowry,TOR,2015-16,77.0,37.02597402597402,8.017511520737326,25.644424131627055,5484.0,5473.0,29.0,77.0,54.0,23.0,37.0,2.2,5.9,0.368,5.4,1.0,3.2,0.323,0.456
Kyle Lowry,TOR,2016-17,60.0,37.4,6.868666666666667,25.72991452991453,4404.0,4397.0,18.0,60.0,36.0,24.0,37.4,2.7,6.2,0.436,7.3,1.8,4.3,0.425,0.583
Kyle Lowry,TOR,2017-18,78.0,32.17948717948718,6.855459770114942,26.06359060402685,5118.0,5104.0,22.0,78.0,57.0,21.0,32.2,1.8,4.6,0.385,4.9,1.4,3.4,0.4,0.532
Kyle OQuinn,ORL,2013-14,69.0,17.217391304347824,10.165489130434782,42.233333333333334,2320.0,2354.0,5.0,69.0,20.0,49.0,17.2,0.1,0.3,0.421,0.2,0.0,0.0,0.0,0.421
Kyle OQuinn,ORL,2014-15,51.0,16.15686274509804,8.755778894472362,26.023255813953487,1580.0,1588.0,3.0,51.0,15.0,36.0,16.2,0.1,0.4,0.333,0.2,0.0,0.1,0.0,0.333
Kyle OQuinn,NYK,2016-17,79.0,15.556962025316457,8.013636363636364,31.83125,2416.0,2414.0,5.0,79.0,29.0,50.0,15.6,0.1,0.3,0.259,0.2,0.0,0.1,0.0,0.259
Kyle OQuinn,NYK,2017-18,77.0,18.01298701298701,6.849046321525885,28.0,2761.0,2758.0,2.0,77.0,28.0,49.0,18.0,0.2,0.3,0.462,0.3,0.0,0.0,0.0,0.462
Kyle Singler,DET,2013-14,82.0,28.5,7.1789325842696625,25.315040650406505,4615.0,4620.0,13.0,82.0,29.0,53.0,28.5,0.4,1.0,0.369,0.8,0.0,0.2,0.2,0.387
Kyle Singler,"DET,OKC",2014-15,80.0,21.7875,8.857073170731708,24.93029045643154,3413.0,3429.0,8.0,80.0,36.0,44.0,21.8,0.3,1.0,0.321,0.7,0.0,0.1,0.182,0.333
Kyrie Irving,CLE,2013-14,71.0,35.15492957746479,10.233594624860032,25.662790697674417,4832.0,4817.0,8.0,71.0,28.0,43.0,35.2,3.6,8.6,0.42,8.3,1.0,2.5,0.418,0.48
Kyrie Irving,CLE,2014-15,75.0,36.4,8.06826137689615,25.372751322751323,5294.0,5279.0,4.0,75.0,52.0,23.0,36.4,2.9,6.6,0.431,6.6,0.9,2.4,0.379,0.5
Kyrie Irving,CLE,2015-16,53.0,31.452830188679247,8.866612641815236,25.2,3216.0,3222.0,6.0,53.0,37.0,16.0,31.5,3.0,7.1,0.43,6.8,0.8,2.5,0.308,0.484
Kyrie Irving,CLE,2016-17,72.0,35.06944444444444,8.711950970377936,25.597732426303857,5065.0,5048.0,7.0,72.0,47.0,25.0,35.1,3.9,8.9,0.437,8.9,1.2,3.3,0.353,0.503
Kyrie Irving,BOS,2017-18,60.0,32.18333333333333,8.286323529411764,26.034152334152335,3898.0,3851.0,4.0,60.0,41.0,19.0,32.2,3.4,7.3,0.468,8.2,1.4,3.4,0.408,0.562
Kyshawn George,WAS,2025-26,48.0,28.979166666666668,8.39211356466877,26.403076923076924,2937.0,2945.0,6.0,48.0,10.0,38.0,29.0,1.8,5.0,0.367,4.4,0.7,2.2,0.318,0.438
LaMarcus Aldridge,POR,2013-14,69.0,36.21739130434783,12.272514204545455,30.026666666666664,4928.0,4918.0,1.0,69.0,46.0,23.0,36.2,2.6,6.5,0.396,5.1,0.0,0.1,0.167,0.397
LaMarcus Aldridge,POR,2014-15,71.0,35.38028169014085,11.84030534351145,25.184761904761903,4918.0,4900.0,3.0,71.0,48.0,23.0,35.4,2.7,6.8,0.4,5.5,0.0,0.2,0.214,0.403
LaMarcus Aldridge,SAS,2015-16,74.0,30.554054054054053,10.25354713313897,24.4375,4375.0,4362.0,5.0,74.0,61.0,13.0,30.6,1.1,3.0,0.357,2.1,0.0,0.0,0.0,0.357
LaMarcus Aldridge,SAS,2016-17,72.0,32.43055555555556,11.083484390735146,24.448214285714283,4468.0,4456.0,4.0,72.0,52.0,20.0,32.4,1.1,3.0,0.366,2.2,0.0,0.1,0.4,0.37
LaMarcus Aldridge,SAS,2017-18,75.0,33.45333333333333,9.20422310756972,25.643478260869564,4860.0,4845.0,3.0,75.0,45.0,30.0,33.4,2.3,5.4,0.419,4.6,0.0,0.1,0.3,0.422
LaMelo Ball,CHA,2025-26,72.0,28.01388888888889,7.127579365079366,26.88256756756757,4127.0,4065.0,18.0,72.0,41.0,31.0,28.0,2.9,7.8,0.368,7.8,2.1,5.6,0.369,0.5
Lance Stephenson,IND,2013-14,78.0,35.282051282051285,6.659904153354633,26.250409836065575,5258.0,5272.0,21.0,78.0,53.0,25.0,35.3,1.1,2.7,0.401,2.3,0.2,0.6,0.37,0.442
Lance Stephenson,CHA,2014-15,61.0,25.78688524590164,9.799775280898876,26.43047619047619,3042.0,3042.0,13.0,61.0,23.0,38.0,25.8,1.3,4.0,0.333,2.7,0.1,0.4,0.174,0.342
Lance Stephenson,"LAC,MEM",2015-16,69.0,19.884057971014492,7.689141414141413,25.369230769230768,2706.0,2723.0,7.0,69.0,36.0,33.0,19.9,1.0,2.4,0.399,2.1,0.1,0.3,0.435,0.429
Lance Stephenson,IND,2017-18,82.0,22.5609756097561,9.11614255765199,27.526724137931033,3647.0,3668.0,10.0,82.0,48.0,34.0,22.6,1.4,3.6,0.378,3.0,0.3,1.1,0.247,0.416
Lance Thomas,"NYK,OKC",2014-15,62.0,24.032258064516128,10.895476190476192,24.25,2830.0,2863.0,13.0,62.0,20.0,42.0,24.0,0.6,1.7,0.365,1.2,0.0,0.0,0.0,0.365
Lance Thomas,NYK,2015-16,59.0,22.25423728813559,9.6003663003663,24.474311926605505,2552.0,2579.0,15.0,59.0,25.0,34.0,22.3,0.6,1.5,0.432,1.3,0.0,0.1,0.0,0.432
Lance Thomas,NYK,2016-17,46.0,21.043478260869566,10.09559748427673,24.328235294117647,1909.0,1913.0,12.0,46.0,15.0,31.0,21.0,0.3,1.0,0.319,0.7,0.0,0.0,0.5,0.33
Lance Thomas,NYK,2017-18,73.0,18.534246575342465,8.251048951048952,24.45967741935484,2682.0,2692.0,12.0,73.0,25.0,48.0,18.5,0.1,0.4,0.333,0.3,0.0,0.1,0.5,0.37
Landry Shamet,NYK,2025-26,51.0,22.96078431372549,6.086138613861387,24.733079847908748,2365.0,2371.0,24.0,51.0,35.0,16.0,23.0,0.6,1.9,0.333,1.7,0.4,1.4,0.319,0.448
Langston Galloway,NYK,2014-15,45.0,32.37777777777778,10.909253731343282,26.25340909090909,2788.0,2791.0,14.0,45.0,12.0,33.0,32.4,1.4,3.8,0.379,3.1,0.2,0.8,0.314,0.411
Langston Galloway,NYK,2015-16,82.0,24.79268292682927,9.845604395604395,25.746875,3979.0,3990.0,5.0,82.0,32.0,50.0,24.8,0.5,1.9,0.294,1.2,0.1,0.4,0.314,0.33
Langston Galloway,"NOP,SAC",2016-17,74.0,20.2027027027027,13.351054852320674,25.738636363636363,3002.0,3011.0,7.0,74.0,29.0,45.0,20.2,0.7,2.2,0.325,1.6,0.1,0.6,0.233,0.356
Larry Nance,LAL,2015-16,63.0,20.095238095238095,7.703793103448276,31.18,2505.0,2483.0,1.0,63.0,14.0,49.0,20.1,0.1,0.4,0.348,0.3,0.0,0.0,0.0,0.348
Larry Nance,LAL,2016-17,63.0,22.88888888888889,7.412923076923076,26.64444444444445,2962.0,2957.0,4.0,63.0,21.0,42.0,22.9,0.1,0.2,0.267,0.1,0.0,0.0,0.0,0.267
Larry Nance,"CLE,LAL",2017-18,66.0,21.53030303030303,5.756109725685785,36.225,2910.0,2924.0,6.0,66.0,32.0,34.0,21.5,0.0,0.2,0.25,0.1,0.0,0.0,0.0,0.25
Larry Sanders,MIL,2014-15,27.0,21.703703703703702,2.8354651162790696,0.0,1162.0,1169.0,0.0,27.0,12.0,15.0,21.7,0.0,0.1,0.0,0.0,0.0,0.0,0.0,0.0
Lauri Markkanen,CHI,2017-18,68.0,29.705882352941178,7.070065075921909,25.493266832917705,4108.0,4116.0,4.0,68.0,23.0,45.0,29.7,0.6,1.8,0.344,1.4,0.1,0.4,0.32,0.376
Lauri Markkanen,UTA,2025-26,42.0,34.357142857142854,5.983367983367984,25.583641975308645,3079.0,3068.0,2.0,42.0,17.0,25.0,34.3,0.9,3.0,0.304,2.0,0.2,0.7,0.226,0.332
Lavoy Allen,"IND,PHI",2013-14,65.0,16.476923076923075,8.996864111498258,25.62307692307693,2199.0,2212.0,2.0,65.0,18.0,47.0,16.5,0.1,0.1,0.625,0.2,0.0,0.0,0.0,0.625
Lavoy Allen,IND,2014-15,63.0,16.984126984126984,10.31371237458194,0.0,2049.0,2064.0,2.0,63.0,29.0,34.0,17.0,0.0,0.1,0.0,0.0,0.0,0.0,0.0,0.0
Lavoy Allen,IND,2015-16,79.0,20.240506329113924,8.044054054054055,0.0,3118.0,3121.0,3.0,79.0,43.0,36.0,20.2,0.0,0.1,0.6,0.1,0.0,0.0,0.0,0.6
LeBron James,MIA,2013-14,77.0,37.688311688311686,7.242120343839542,25.54967320261438,5550.0,5538.0,6.0,77.0,52.0,25.0,37.7,2.0,5.6,0.367,4.7,0.7,2.0,0.336,0.426
LeBron James,CLE,2014-15,69.0,36.14492753623188,7.796595744680851,25.90560471976401,4805.0,4790.0,7.0,69.0,50.0,19.0,36.1,2.7,7.2,0.377,6.3,0.9,2.8,0.337,0.442
LeBron James,CLE,2015-16,76.0,35.64473684210526,6.270546737213404,25.418794326241137,5253.0,5252.0,13.0,76.0,56.0,20.0,35.6,2.0,5.7,0.346,4.6,0.6,2.1,0.302,0.401
LeBron James,CLE,2016-17,74.0,37.770270270270274,5.917964071856288,25.846783625730996,5559.0,5547.0,12.0,74.0,51.0,23.0,37.8,2.2,5.9,0.37,5.3,0.9,2.6,0.349,0.445
LeBron James,CLE,2017-18,82.0,36.90243902439025,6.372572402044293,26.13990147783251,6156.0,6146.0,4.0,82.0,50.0,32.0,36.9,2.6,6.8,0.38,6.3,1.2,3.3,0.362,0.468
LeBron James,LAL,2025-26,60.0,33.15,6.738757396449704,26.194238683127573,4055.0,4068.0,3.0,60.0,39.0,21.0,33.2,1.9,5.0,0.377,4.3,0.6,1.9,0.313,0.436
Leandro Barbosa,GSW,2015-16,68.0,15.867647058823527,6.776538461538462,25.16636363636364,2206.0,2220.0,7.0,68.0,60.0,8.0,15.9,0.3,1.0,0.338,0.7,0.0,0.2,0.2,0.36
Leonard Miller,"CHI,MIN",2025-26,46.0,15.630434782608695,2.5975460122699388,24.71515151515151,1555.0,1588.0,3.0,46.0,18.0,28.0,15.6,0.1,0.3,0.4,0.3,0.0,0.2,0.25,0.467
Lonzo Ball,LAL,2017-18,52.0,34.23076923076923,5.827881040892193,26.33084745762712,3753.0,3746.0,10.0,52.0,24.0,28.0,34.2,1.0,3.2,0.317,2.6,0.6,2.1,0.29,0.41
Lonzo Ball,CLE,2025-26,35.0,20.8,6.017241379310345,25.727891156462587,1566.0,1558.0,0.0,35.0,19.0,16.0,20.8,0.4,1.3,0.326,1.2,0.4,1.1,0.325,0.467
Lorenzo Brown,MIN,2014-15,29.0,18.93103448275862,7.544680851063831,26.675,1045.0,1060.0,3.0,29.0,6.0,23.0,18.9,0.4,1.3,0.342,1.0,0.1,0.2,0.286,0.368
Lou Amundson,"CLE,NYK",2014-15,53.0,17.67924528301887,5.129133858267716,48.9,1784.0,1794.0,5.0,53.0,17.0,36.0,17.7,0.1,0.2,0.5,0.2,0.0,0.0,0.0,0.5
Lou Williams,ATL,2013-14,60.0,24.083333333333332,10.430152671755724,25.177056277056277,2842.0,2853.0,7.0,60.0,26.0,34.0,24.1,1.2,3.6,0.343,3.0,0.6,1.6,0.347,0.423
Lou Williams,TOR,2014-15,80.0,25.1875,10.814553014553017,25.44765100671141,3937.0,3908.0,14.0,80.0,48.0,32.0,25.2,2.5,6.6,0.381,6.1,1.1,3.5,0.313,0.463
Lou Williams,LAL,2015-16,67.0,28.46268656716418,9.640482573726542,25.0840625,3830.0,3834.0,9.0,67.0,14.0,53.0,28.5,1.9,4.9,0.378,4.5,0.8,2.3,0.325,0.456
Lou Williams,"HOU,LAL",2016-17,81.0,24.617283950617285,7.22572463768116,25.635201793721972,4185.0,4156.0,7.0,81.0,34.0,47.0,24.6,1.9,5.0,0.378,4.7,1.0,2.7,0.352,0.473
Lou Williams,LAC,2017-18,79.0,32.77215189873418,8.475702075702076,25.885714285714283,5405.0,5336.0,7.0,79.0,42.0,37.0,32.8,2.9,7.3,0.399,7.0,1.2,3.4,0.358,0.482
Luc Mbah a Moute,"MIN,SAC",2013-14,64.0,15.671875,6.659090909090909,23.594117647058823,1933.0,1966.0,6.0,64.0,31.0,33.0,15.7,0.0,0.2,0.182,0.1,0.0,0.0,0.0,0.182
Luc Mbah a Moute,PHI,2014-15,67.0,28.597014925373134,9.16221198156682,25.265346534653467,3745.0,3749.0,8.0,67.0,16.0,51.0,28.6,0.5,1.4,0.348,1.0,0.0,0.1,0.143,0.353
Luc Mbah a Moute,LAC,2015-16,74.0,17.216216216216218,5.077245508982036,23.685,2462.0,2543.0,3.0,75.0,49.0,26.0,17.0,0.0,0.1,0.222,0.1,0.0,0.0,0.0,0.222
Luc Mbah a Moute,LAC,2016-17,80.0,22.3375,6.787313432835821,24.31,3527.0,3589.0,5.0,80.0,49.0,31.0,22.3,0.2,0.4,0.471,0.4,0.0,0.1,0.5,0.5
Luc Mbah a Moute,HOU,2017-18,61.0,25.639344262295083,2.697674418604651,24.483815028901738,3141.0,3134.0,2.0,61.0,52.0,9.0,25.6,0.1,0.2,0.4,0.2,0.1,0.1,0.667,0.6
Lucas Nogueira,TOR,2016-17,57.0,19.087719298245613,1.9729166666666669,30.59166666666667,2157.0,2156.0,2.0,57.0,34.0,23.0,19.1,0.0,0.0,0.0,0.0,0.0,0.0,0.0,0.0
Luguentz Dort,OKC,2025-26,69.0,26.797101449275363,7.956578947368421,25.64005376344086,3781.0,3825.0,43.0,69.0,53.0,16.0,26.8,0.6,1.4,0.388,1.2,0.1,0.5,0.265,0.434
Luis Scola,IND,2013-14,82.0,17.0609756097561,11.943761301989149,29.32857142857143,2683.0,2691.0,5.0,82.0,56.0,26.0,17.1,0.1,0.2,0.474,0.2,0.0,0.0,0.0,0.474
Luis Scola,IND,2014-15,81.0,20.48148148148148,9.185369774919614,32.35,3239.0,3245.0,3.0,81.0,37.0,44.0,20.5,0.1,0.3,0.476,0.3,0.0,0.0,0.25,0.5
Luis Scola,TOR,2015-16,76.0,21.526315789473685,7.475972540045767,24.32857142857143,3170.0,3156.0,6.0,76.0,50.0,26.0,21.5,0.1,0.5,0.286,0.3,0.0,0.0,0.333,0.3
Luka Doncic,LAL,2025-26,64.0,35.765625,9.51218872870249,26.899567723342937,4747.0,4768.0,7.0,64.0,43.0,21.0,35.8,6.2,14.4,0.433,15.3,2.8,7.9,0.358,0.532
Luka Garza,BOS,2025-26,69.0,16.202898550724637,3.8456521739130434,25.967716535433073,2215.0,2214.0,2.0,69.0,47.0,22.0,16.2,0.0,0.0,0.333,0.0,0.0,0.0,1.0,0.5
Luke Babbitt,NOP,2013-14,27.0,17.51851851851852,9.50508474576271,25.50526315789474,889.0,879.0,2.0,27.0,9.0,18.0,17.5,0.4,1.0,0.393,0.9,0.1,0.2,0.6,0.446
Luke Babbitt,NOP,2015-16,47.0,17.97872340425532,6.453888888888889,24.90183486238532,1736.0,1695.0,3.0,47.0,16.0,31.0,18.0,0.3,0.7,0.371,0.6,0.1,0.2,0.5,0.429
Luke Babbitt,MIA,2016-17,68.0,15.661764705882351,12.28169014084507,24.850476190476193,2066.0,2088.0,3.0,68.0,35.0,33.0,15.7,0.3,0.7,0.435,0.7,0.1,0.2,0.5,0.5
Luke Kennard,DET,2017-18,73.0,20.04109589041096,10.818518518518518,25.53948717948718,2883.0,2884.0,0.0,73.0,34.0,39.0,20.0,0.9,2.1,0.409,1.9,0.1,0.5,0.286,0.442
Luke Kennard,"ATL,LAL",2025-26,78.0,21.53846153846154,8.864646464646464,25.14612244897959,3474.0,3489.0,5.0,78.0,45.0,33.0,21.5,1.0,1.8,0.555,2.2,0.2,0.6,0.395,0.617
Luke Kornet,SAS,2025-26,68.0,21.029411764705884,1.9875457875457876,0.0,2958.0,2995.0,5.0,68.0,52.0,16.0,21.0,0.0,0.0,0.0,0.0,0.0,0.0,0.0,0.0
Luke Ridnour,"CHA,MIL",2013-14,61.0,18.704918032786885,13.71324200913242,24.91018518518519,2157.0,2155.0,14.0,61.0,22.0,39.0,18.7,1.1,2.9,0.386,2.5,0.2,0.7,0.341,0.426
Luol Deng,"CHI,CLE",2013-14,63.0,35.12698412698413,9.34187779433681,25.03915343915344,4220.0,4217.0,12.0,63.0,29.0,34.0,35.1,1.5,3.5,0.427,3.1,0.1,0.3,0.364,0.445
Luol Deng,MIA,2014-15,72.0,33.625,8.47936507936508,24.473636363636363,4577.0,4584.0,4.0,72.0,33.0,39.0,33.6,0.9,2.3,0.393,1.9,0.1,0.3,0.278,0.408
Luol Deng,MIA,2015-16,74.0,32.351351351351354,7.759713701431493,24.336328125,4695.0,4716.0,6.0,74.0,45.0,29.0,32.4,0.4,1.4,0.274,0.8,0.1,0.2,0.286,0.292
Luol Deng,LAL,2016-17,56.0,26.535714285714285,8.337837837837839,25.380606060606063,3021.0,3035.0,3.0,56.0,18.0,38.0,26.5,0.5,2.0,0.273,1.2,0.1,0.6,0.258,0.309
Malcolm Brogdon,MIL,2016-17,75.0,26.426666666666662,5.614705882352941,25.440414507772022,3867.0,3880.0,8.0,75.0,38.0,37.0,26.4,0.7,1.9,0.356,1.5,0.1,0.5,0.275,0.394
Malcolm Brogdon,MIL,2017-18,48.0,29.916666666666668,5.873391812865497,25.501242236024844,2844.0,2848.0,3.0,48.0,25.0,23.0,29.9,1.2,2.6,0.464,2.8,0.4,0.8,0.487,0.54
Malcolm Delaney,ATL,2016-17,73.0,17.095890410958905,14.47230215827338,25.817272727272726,2485.0,2484.0,23.0,73.0,37.0,36.0,17.1,1.3,2.9,0.428,2.6,0.1,0.4,0.207,0.442
Malcolm Delaney,ATL,2017-18,54.0,18.77777777777778,10.853416149068323,25.524193548387096,2033.0,2040.0,18.0,54.0,16.0,38.0,18.8,0.8,2.1,0.357,1.7,0.2,0.8,0.293,0.409
Malik Monk,SAC,2025-26,62.0,22.0,8.084276729559749,26.321337579617833,2839.0,2861.0,11.0,62.0,18.0,44.0,22.0,1.6,4.3,0.365,3.9,0.8,2.3,0.331,0.455
Manu Ginobili,SAS,2013-14,68.0,22.808823529411764,6.494579945799458,24.96434108527132,3121.0,3091.0,27.0,68.0,52.0,16.0,22.8,0.7,2.0,0.331,1.6,0.3,0.9,0.306,0.399
Manu Ginobili,SAS,2014-15,70.0,22.67142857142857,5.970694864048339,25.148062015503875,3146.0,3111.0,19.0,70.0,47.0,23.0,22.7,0.5,2.1,0.253,1.3,0.3,1.1,0.225,0.315
Manu Ginobili,SAS,2015-16,58.0,19.551724137931036,6.76796875,25.281564245810053,2268.0,2264.0,19.0,58.0,47.0,11.0,19.6,0.7,1.9,0.394,1.7,0.2,0.8,0.286,0.459
Manu Ginobili,SAS,2016-17,69.0,18.71014492753623,6.9490566037735855,25.447577092511015,2639.0,2644.0,18.0,69.0,51.0,18.0,18.7,0.6,1.6,0.348,1.4,0.3,0.7,0.392,0.438
Manu Ginobili,SAS,2017-18,65.0,19.984615384615385,6.113333333333333,25.6703125,2601.0,2567.0,15.0,65.0,39.0,26.0,20.0,0.6,1.9,0.317,1.5,0.3,1.0,0.254,0.385
Marc Gasol,MEM,2013-14,59.0,33.389830508474574,10.160571428571428,40.6,3645.0,3649.0,9.0,59.0,40.0,19.0,33.4,0.4,1.0,0.426,0.9,0.0,0.1,0.167,0.434
Marc Gasol,MEM,2014-15,81.0,33.17283950617284,9.696113744075827,33.42941176470588,5129.0,5098.0,11.0,81.0,55.0,26.0,33.2,0.7,1.8,0.365,1.3,0.0,0.1,0.143,0.368
Marc Gasol,MEM,2015-16,52.0,34.44230769230769,10.556960227272729,25.366666666666664,3432.0,3414.0,7.0,52.0,30.0,22.0,34.4,0.6,1.8,0.363,1.3,0.0,0.0,0.0,0.363
Marc Gasol,MEM,2016-17,74.0,34.2027027027027,10.342713004484306,25.8044776119403,4829.0,4836.0,3.0,74.0,40.0,34.0,34.2,1.0,2.5,0.404,2.1,0.0,0.1,0.2,0.41
Marc Gasol,MEM,2017-18,73.0,32.986301369863014,9.656942496493688,26.058749999999996,4674.0,4678.0,3.0,73.0,21.0,52.0,33.0,0.6,2.1,0.296,1.2,0.0,0.2,0.077,0.299
Marcelo Huertas,LAL,2015-16,53.0,16.39622641509434,8.203550295857989,28.1,1696.0,1704.0,8.0,53.0,8.0,45.0,16.4,0.8,1.9,0.444,1.8,0.1,0.4,0.25,0.47
Marcin Gortat,WAS,2013-14,81.0,32.77777777777778,6.63611442193087,26.5,5200.0,5165.0,19.0,81.0,44.0,37.0,32.8,0.3,0.9,0.391,0.7,0.0,0.0,0.0,0.391
Marcin Gortat,WAS,2014-15,82.0,29.914634146341463,5.927331606217616,27.066666666666663,4828.0,4808.0,13.0,82.0,46.0,36.0,29.9,0.3,0.7,0.393,0.5,0.0,0.0,0.0,0.393
Marcin Gortat,WAS,2015-16,75.0,30.08,5.682830930537353,27.3,4590.0,4565.0,15.0,75.0,35.0,40.0,30.1,0.2,0.5,0.316,0.3,0.0,0.0,0.0,0.316
Marcin Gortat,WAS,2016-17,82.0,31.17073170731707,4.858035714285714,44.55,5183.0,5137.0,11.0,82.0,49.0,33.0,31.2,0.2,0.4,0.429,0.4,0.0,0.0,0.0,0.429
Marcin Gortat,WAS,2017-18,82.0,25.304878048780488,6.000535714285714,0.0,4147.0,4141.0,7.0,82.0,43.0,39.0,25.3,0.2,0.3,0.519,0.3,0.0,0.0,0.0,0.519
Marco Belinelli,SAS,2013-14,80.0,25.2,10.82686567164179,25.42832764505119,3969.0,3997.0,16.0,80.0,61.0,19.0,25.2,0.8,1.8,0.452,1.8,0.2,0.6,0.295,0.497
Marco Belinelli,SAS,2014-15,62.0,22.387096774193548,12.067916666666669,25.181304347826085,2703.0,2694.0,9.0,62.0,41.0,21.0,22.4,0.9,2.4,0.388,2.0,0.2,0.7,0.238,0.422
Marco Belinelli,SAC,2015-16,68.0,24.58823529411765,15.255917159763314,25.779124579124577,3467.0,3436.0,10.0,68.0,27.0,41.0,24.6,0.8,2.4,0.309,1.7,0.2,0.8,0.241,0.348
Marco Belinelli,CHA,2016-17,74.0,24.013513513513512,12.91777108433735,25.615901060070673,3558.0,3520.0,15.0,74.0,34.0,40.0,24.0,1.1,3.0,0.374,2.5,0.3,1.2,0.267,0.429
Marco Belinelli,"ATL,PHI",2017-18,80.0,24.325,12.75149051490515,25.622025316455694,3990.0,3945.0,6.0,80.0,39.0,41.0,24.3,1.5,3.4,0.45,3.6,0.5,1.4,0.377,0.53
Marcus Morris,PHX,2013-14,82.0,21.951219512195124,10.883375959079284,24.928461538461537,3581.0,3584.0,9.0,82.0,48.0,34.0,21.9,0.9,2.4,0.397,1.9,0.1,0.2,0.278,0.41
Marcus Morris,PHX,2014-15,81.0,25.246913580246915,10.731555555555556,25.280511182108626,4097.0,4095.0,12.0,81.0,39.0,42.0,25.2,1.3,2.9,0.437,2.7,0.2,0.5,0.359,0.466
Marcus Morris,DET,2015-16,80.0,35.7,10.94791344667697,25.337583892617452,5646.0,5629.0,13.0,80.0,42.0,38.0,35.7,2.0,4.9,0.409,4.2,0.2,0.7,0.264,0.427
Marcus Morris,DET,2016-17,79.0,32.46835443037975,12.37676923076923,26.12745098039216,5043.0,5042.0,8.0,79.0,36.0,43.0,32.5,2.3,5.6,0.404,4.8,0.2,0.9,0.23,0.423
Marcus Morris,BOS,2017-18,54.0,26.703703703703702,10.885411140583557,26.842735042735043,2880.0,2880.0,3.0,54.0,34.0,20.0,26.7,1.7,3.9,0.429,3.6,0.3,0.8,0.341,0.462
Marcus Smart,BOS,2014-15,67.0,26.98507462686567,8.12829268292683,25.480514705882353,3559.0,3599.0,45.0,67.0,35.0,32.0,27.0,0.6,1.9,0.318,1.5,0.3,0.9,0.283,0.384
Marcus Smart,BOS,2015-16,61.0,27.327868852459016,5.612152777777777,25.958921161825728,3468.0,3469.0,38.0,61.0,36.0,25.0,27.3,0.7,1.8,0.413,1.8,0.3,0.9,0.37,0.505
Marcus Smart,BOS,2016-17,79.0,30.367088607594937,7.057793764988009,26.598795180722888,4850.0,4858.0,30.0,79.0,51.0,28.0,30.4,0.7,2.1,0.315,1.5,0.2,0.9,0.174,0.351
Marcus Smart,BOS,2017-18,54.0,29.88888888888889,8.036842105263158,26.2,3246.0,3243.0,19.0,54.0,38.0,16.0,29.9,1.0,2.8,0.347,2.3,0.4,1.3,0.271,0.41
Marcus Smart,LAL,2025-26,62.0,28.532258064516128,7.209289617486339,25.3061433447099,3610.0,3622.0,18.0,62.0,41.0,21.0,28.5,0.6,1.3,0.427,1.3,0.2,0.5,0.324,0.494
Marcus Thornton,"BKN,SAC",2013-14,72.0,24.180555555555557,9.272445820433436,24.85379746835443,3349.0,3378.0,4.0,72.0,33.0,39.0,24.2,0.7,2.0,0.356,1.7,0.2,0.8,0.279,0.414
Marcus Thornton,"BOS,PHX",2014-15,48.0,15.0,9.06980198019802,25.457342657342657,1431.0,1417.0,5.0,48.0,19.0,29.0,15.0,0.7,2.0,0.351,1.6,0.2,0.7,0.344,0.407
Marcus Thornton,"HOU,WAS",2015-16,61.0,18.16393442622951,8.289705882352942,25.596296296296295,2296.0,2278.0,3.0,61.0,32.0,29.0,18.2,0.9,2.6,0.365,2.2,0.3,1.0,0.31,0.423
Marcus Thornton,WAS,2016-17,33.0,17.424242424242426,8.592307692307692,25.57875,1134.0,1128.0,1.0,33.0,15.0,18.0,17.4,0.7,2.0,0.343,1.7,0.3,0.8,0.407,0.425
Mario Chalmers,MIA,2013-14,73.0,29.83561643835617,4.4194610778443115,24.86283185840708,4194.0,4165.0,24.0,73.0,49.0,24.0,29.8,0.4,1.0,0.373,0.9,0.1,0.4,0.313,0.44
Mario Chalmers,MIA,2014-15,80.0,29.6,6.416385542168675,25.651612903225807,4494.0,4480.0,39.0,80.0,36.0,44.0,29.6,0.5,1.7,0.302,1.1,0.1,0.8,0.092,0.324
Mario Chalmers,"MEM,MIA",2015-16,61.0,22.50819672131147,6.207796610169491,25.816107382550335,2706.0,2698.0,33.0,61.0,38.0,23.0,22.5,0.7,1.8,0.387,1.7,0.2,0.8,0.3,0.455
Mario Chalmers,MEM,2017-18,66.0,21.53030303030303,7.105555555555555,26.754450261780107,2866.0,2850.0,34.0,66.0,21.0,45.0,21.5,0.6,1.7,0.33,1.3,0.1,0.7,0.184,0.37
Mario Hezonja,ORL,2015-16,79.0,17.88607594936709,10.025221238938052,26.003125,2833.0,2821.0,3.0,79.0,33.0,46.0,17.9,0.6,1.4,0.402,1.3,0.1,0.4,0.294,0.446
Mario Hezonja,ORL,2017-18,75.0,22.093333333333337,7.586571428571429,25.870411985018727,3344.0,3333.0,4.0,75.0,21.0,54.0,22.1,0.6,1.4,0.421,1.4,0.2,0.4,0.364,0.477
Mark Williams,PHX,2025-26,60.0,23.6,3.2780320366132725,23.4,2916.0,2927.0,2.0,60.0,34.0,26.0,23.6,0.1,0.1,0.667,0.1,0.0,0.0,0.0,0.667
Markel Brown,BKN,2014-15,47.0,16.617021276595743,8.759589041095891,24.85625,1529.0,1535.0,11.0,47.0,23.0,24.0,16.6,0.3,1.1,0.3,0.7,0.0,0.1,0.4,0.32
Markel Brown,BKN,2015-16,62.0,15.838709677419354,9.270646766169154,24.69090909090909,1943.0,1972.0,7.0,62.0,12.0,50.0,15.8,0.5,1.4,0.341,1.0,0.1,0.3,0.211,0.365
Markieff Morris,PHX,2013-14,81.0,26.580246913580247,9.121302578018996,26.76574074074074,4315.0,4293.0,6.0,81.0,47.0,34.0,26.6,1.0,2.3,0.433,2.0,0.0,0.1,0.143,0.436
Markieff Morris,PHX,2014-15,82.0,31.47560975609756,9.91672095548317,25.717877094972067,5171.0,5155.0,10.0,82.0,39.0,43.0,31.5,1.4,3.1,0.44,2.7,0.0,0.1,0.0,0.44
Markieff Morris,"PHX,WAS",2015-16,64.0,25.453125,9.436412078152753,25.83806451612903,3326.0,3317.0,5.0,64.0,22.0,42.0,25.5,1.0,2.7,0.387,2.1,0.0,0.2,0.0,0.387
Markieff Morris,WAS,2016-17,76.0,31.23684210526316,8.194372294372295,25.034183673469386,4809.0,4807.0,2.0,76.0,45.0,31.0,31.2,0.9,2.1,0.442,1.9,0.1,0.1,0.455,0.458
Markieff Morris,WAS,2017-18,73.0,26.95890410958904,9.207708333333333,26.006280193236716,3912.0,3898.0,3.0,73.0,37.0,36.0,27.0,0.6,1.6,0.365,1.2,0.0,0.2,0.091,0.37
Marquese Chriss,PHX,2016-17,82.0,21.25609756097561,4.740686274509804,24.607589285714287,3646.0,3663.0,22.0,82.0,24.0,58.0,21.3,0.1,0.2,0.25,0.1,0.0,0.0,1.0,0.275
Marquese Chriss,PHX,2017-18,72.0,21.208333333333332,5.010452961672474,24.864736842105263,3168.0,3170.0,2.0,72.0,19.0,53.0,21.2,0.1,0.4,0.179,0.1,0.0,0.1,0.0,0.179
Marreese Speights,GSW,2014-15,76.0,15.88157894736842,10.596019108280256,30.28888888888889,2490.0,2484.0,13.0,76.0,62.0,14.0,15.9,0.3,0.9,0.319,0.6,0.0,0.0,0.333,0.326
Marreese Speights,LAC,2016-17,82.0,15.682926829268292,6.1723247232472325,25.85126353790614,2560.0,2543.0,2.0,82.0,51.0,31.0,15.7,0.2,0.5,0.422,0.5,0.0,0.1,0.25,0.444
Martell Webster,WAS,2013-14,78.0,27.653846153846153,9.986976744186046,25.312634408602147,4169.0,4166.0,11.0,78.0,42.0,36.0,27.7,0.3,1.2,0.278,0.7,0.1,0.3,0.16,0.3
Marvin Bagley,"DAL,WAS",2025-26,60.0,20.016666666666666,3.0713091922005566,25.380769230769236,2520.0,2525.0,4.0,60.0,16.0,44.0,20.0,0.1,0.2,0.5,0.2,0.0,0.1,0.333,0.55
Marvin Williams,UTA,2013-14,66.0,25.363636363636363,9.731164383561644,25.13247863247863,3171.0,3159.0,4.0,66.0,24.0,42.0,25.4,0.3,0.7,0.413,0.7,0.1,0.2,0.417,0.467
Marvin Williams,CHA,2014-15,78.0,26.08974358974359,10.893478260869566,25.134716981132076,3964.0,3944.0,9.0,78.0,32.0,46.0,26.1,0.2,0.5,0.444,0.4,0.0,0.1,0.4,0.472
Marvin Williams,CHA,2015-16,81.0,28.864197530864196,7.995663956639567,24.865873015873017,4615.0,4584.0,12.0,81.0,47.0,34.0,28.9,0.3,0.7,0.415,0.5,0.0,0.1,0.0,0.415
Marvin Williams,CHA,2016-17,76.0,30.19736842105263,6.402857142857143,25.009887005649716,4521.0,4532.0,5.0,76.0,32.0,44.0,30.2,0.3,0.8,0.349,0.6,0.0,0.1,0.429,0.373
Marvin Williams,CHA,2017-18,78.0,25.71794871794872,5.826744186046511,25.32393442622951,4100.0,4103.0,9.0,78.0,33.0,45.0,25.7,0.4,0.7,0.5,0.8,0.1,0.1,0.4,0.534
Mason Plumlee,BKN,2013-14,70.0,18.214285714285715,2.4153846153846157,53.06666666666666,2434.0,2440.0,4.0,70.0,37.0,33.0,18.2,0.0,0.1,0.0,0.0,0.0,0.0,0.0,0.0
Mason Plumlee,BKN,2014-15,82.0,21.25609756097561,2.3156378600823047,59.166666666666664,3310.0,3325.0,3.0,82.0,38.0,44.0,21.3,0.0,0.1,0.375,0.1,0.0,0.0,0.0,0.375
Mason Plumlee,POR,2015-16,82.0,25.414634146341463,3.643664717348928,45.0,4158.0,4184.0,8.0,82.0,44.0,38.0,25.4,0.2,0.4,0.412,0.3,0.0,0.0,0.0,0.412
Mason Plumlee,"DEN,POR",2016-17,81.0,26.51851851851852,4.475688816855754,54.98333333333333,4300.0,4325.0,5.0,81.0,38.0,43.0,26.5,0.2,0.9,0.257,0.4,0.0,0.0,0.0,0.257
Mason Plumlee,DEN,2017-18,74.0,19.45945945945946,3.3732970027247955,24.4,2882.0,2932.0,3.0,74.0,40.0,34.0,19.5,0.1,0.2,0.4,0.2,0.0,0.0,0.0,0.4
Matas Buzelis,CHI,2025-26,77.0,29.194805194805195,3.2173076923076924,25.22080808080808,4765.0,4808.0,4.0,77.0,28.0,49.0,29.2,0.5,1.7,0.313,1.4,0.4,1.3,0.297,0.43
Matisse Thybulle,POR,2025-26,30.0,16.0,3.629268292682927,25.0247311827957,1005.0,1016.0,3.0,30.0,17.0,13.0,16.0,0.2,0.4,0.417,0.5,0.2,0.3,0.5,0.625
Matt Barnes,LAC,2013-14,63.0,27.53968253968254,5.808196721311476,24.97597173144876,3498.0,3490.0,3.0,63.0,45.0,18.0,27.5,0.1,0.4,0.28,0.3,0.0,0.2,0.2,0.32
Matt Barnes,LAC,2014-15,76.0,29.88157894736842,4.17741935483871,24.549202127659573,4473.0,4489.0,15.0,76.0,51.0,25.0,29.9,0.1,0.4,0.333,0.3,0.0,0.2,0.176,0.383
Matt Barnes,MEM,2015-16,76.0,28.81578947368421,5.4071207430340555,24.991891891891893,4274.0,4287.0,5.0,76.0,38.0,38.0,28.8,0.3,1.0,0.329,0.8,0.1,0.5,0.282,0.401
Matt Barnes,"GSW,SAC",2016-17,74.0,24.0,6.404285714285714,25.046768060836506,3520.0,3507.0,6.0,74.0,38.0,36.0,24.0,0.2,0.7,0.278,0.5,0.1,0.5,0.257,0.361
Matthew Dellavedova,CLE,2013-14,72.0,17.65277777777778,9.584397163120569,25.17935483870968,2451.0,2489.0,8.0,72.0,29.0,43.0,17.7,0.4,1.0,0.391,0.8,0.1,0.3,0.318,0.442
Matthew Dellavedova,CLE,2014-15,67.0,20.597014925373134,9.657857142857145,25.025149700598803,2607.0,2603.0,11.0,67.0,43.0,24.0,20.6,0.4,1.2,0.361,1.1,0.2,0.3,0.522,0.434
Matthew Dellavedova,CLE,2015-16,76.0,24.56578947368421,8.825000000000001,24.97991631799163,3605.0,3608.0,11.0,76.0,54.0,22.0,24.6,0.9,2.6,0.34,2.1,0.3,1.0,0.311,0.398
Matthew Dellavedova,MIL,2016-17,76.0,26.13157894736842,8.13385579937304,25.55720930232558,3924.0,3922.0,9.0,76.0,39.0,37.0,26.1,0.8,2.1,0.389,1.8,0.2,0.5,0.378,0.432
Matthew Dellavedova,MIL,2017-18,38.0,18.73684210526316,9.594594594594597,25.812820512820515,1395.0,1391.0,5.0,38.0,21.0,17.0,18.7,0.3,1.1,0.286,0.7,0.1,0.4,0.214,0.321
Maurice Harkless,ORL,2013-14,80.0,24.375,4.37112462006079,25.056493506493503,3790.0,3827.0,11.0,80.0,22.0,58.0,24.4,0.2,0.7,0.339,0.6,0.1,0.3,0.3,0.393
Maurice Harkless,POR,2015-16,78.0,18.67948717948718,2.8003690036900366,24.410714285714285,2924.0,2920.0,2.0,78.0,40.0,38.0,18.7,0.1,0.3,0.348,0.2,0.0,0.1,0.375,0.413
Maurice Harkless,POR,2016-17,77.0,28.87012987012987,3.215348837209302,24.550515463917527,4446.0,4468.0,4.0,77.0,38.0,39.0,28.9,0.1,0.4,0.313,0.3,0.0,0.1,0.0,0.313
Maurice Harkless,POR,2017-18,59.0,21.42372881355932,3.2955307262569833,24.365254237288138,2530.0,2518.0,2.0,59.0,36.0,23.0,21.4,0.1,0.3,0.313,0.2,0.0,0.1,0.143,0.344
Max Christie,DAL,2025-26,77.0,29.142857142857142,6.918279569892474,24.933632286995515,4708.0,4766.0,11.0,77.0,24.0,53.0,29.1,1.0,2.9,0.353,2.6,0.6,1.8,0.326,0.455
Maxi Kleber,DAL,2017-18,72.0,16.75,5.021546961325967,24.88203125,2380.0,2406.0,4.0,72.0,20.0,52.0,16.8,0.1,0.3,0.273,0.2,0.0,0.1,0.0,0.273
Maxime Raynaud,SAC,2025-26,74.0,26.54054054054054,6.1690117252931325,25.38783783783784,4067.0,4095.0,1.0,74.0,21.0,53.0,26.5,0.1,0.3,0.32,0.2,0.0,0.0,0.0,0.32
Metta World Peace,LAL,2015-16,35.0,16.857142857142858,7.293548387096774,24.544047619047618,1133.0,1147.0,3.0,35.0,6.0,29.0,16.9,0.4,1.1,0.378,0.9,0.1,0.4,0.286,0.432
Meyers Leonard,POR,2014-15,55.0,15.4,7.8315789473684205,25.119642857142857,1662.0,1648.0,7.0,55.0,32.0,23.0,15.4,0.1,0.4,0.4,0.3,0.0,0.0,0.0,0.4
Meyers Leonard,POR,2015-16,61.0,21.83606557377049,11.039130434782608,25.364473684210527,2658.0,2620.0,5.0,61.0,33.0,28.0,21.8,0.4,0.8,0.451,0.8,0.0,0.1,0.0,0.451
Meyers Leonard,POR,2016-17,74.0,16.513513513513512,10.827878787878788,25.187793427230048,2481.0,2451.0,16.0,74.0,37.0,37.0,16.5,0.2,0.5,0.308,0.3,0.0,0.1,0.1,0.321
Micah Potter,IND,2025-26,47.0,19.319148936170212,4.3152,24.930357142857144,1946.0,1960.0,2.0,47.0,11.0,36.0,19.3,0.0,0.0,0.5,0.0,0.0,0.0,0.0,0.5
Michael Beasley,MIA,2013-14,55.0,15.10909090909091,8.795681063122924,25.14074074074074,1584.0,1588.0,1.0,55.0,36.0,19.0,15.1,0.4,1.2,0.358,0.9,0.0,0.1,0.167,0.366
Michael Beasley,MIL,2016-17,56.0,16.696428571428573,8.5267217630854,24.646511627906975,1847.0,1852.0,2.0,56.0,23.0,33.0,16.7,0.8,1.7,0.458,1.6,0.0,0.1,0.0,0.458
Michael Beasley,NYK,2017-18,74.0,22.33783783783784,7.546601941747573,25.54418604651163,3335.0,3330.0,4.0,74.0,24.0,50.0,22.3,1.0,2.6,0.379,2.1,0.1,0.2,0.412,0.397
Michael Carter Williams,PHI,2013-14,70.0,34.48571428571429,6.883924349881797,25.66346153846154,4978.0,4975.0,23.0,70.0,18.0,52.0,34.5,1.3,3.9,0.336,2.9,0.3,1.1,0.247,0.37
Michael Carter Williams,"MIL,PHI",2014-15,66.0,32.56060606060606,7.643472584856396,25.531372549019608,4240.0,4245.0,24.0,66.0,21.0,45.0,32.6,1.1,3.9,0.288,2.3,0.1,0.4,0.138,0.296
Michael Carter Williams,MIL,2015-16,54.0,30.53703703703704,7.099600000000001,26.818181818181817,3275.0,3282.0,22.0,54.0,21.0,33.0,30.5,1.0,2.6,0.374,2.0,0.1,0.2,0.3,0.385
Michael Carter Williams,CHI,2016-17,45.0,18.8,7.356611570247933,25.1234375,1678.0,1695.0,16.0,45.0,25.0,20.0,18.8,0.4,1.6,0.236,0.8,0.0,0.2,0.125,0.243
Michael Carter Williams,CHA,2017-18,52.0,16.057692307692307,7.1635294117647055,25.077966101694912,1646.0,1645.0,20.0,52.0,23.0,29.0,16.1,0.3,1.0,0.241,0.5,0.0,0.2,0.25,0.259
Michael Kidd Gilchrist,CHA,2013-14,62.0,24.225806451612904,6.560465116279071,23.977777777777774,2809.0,2819.0,17.0,62.0,35.0,27.0,24.2,0.1,0.2,0.462,0.2,0.0,0.0,0.0,0.462
Michael Kidd Gilchrist,CHA,2014-15,55.0,28.854545454545455,8.015767634854772,0.0,3036.0,3086.0,8.0,55.0,27.0,28.0,28.9,0.7,1.5,0.452,1.4,0.0,0.0,0.0,0.452
Michael Kidd Gilchrist,CHA,2016-17,81.0,29.012345679012345,7.867651888341543,33.25555555555556,4587.0,4645.0,18.0,81.0,36.0,45.0,29.0,0.9,2.2,0.429,1.9,0.0,0.0,0.0,0.429
Michael Kidd Gilchrist,CHA,2017-18,74.0,25.0,8.585663082437277,53.55,3763.0,3785.0,23.0,74.0,34.0,40.0,25.0,0.9,2.3,0.402,1.8,0.0,0.0,0.0,0.402
Michael Porter,BKN,2025-26,52.0,32.48076923076923,8.130232558139534,25.484329896907216,3393.0,3397.0,2.0,52.0,14.0,38.0,32.5,1.9,5.4,0.35,4.8,1.0,2.9,0.331,0.438
Mikal Bridges,NYK,2025-26,82.0,32.829268292682926,7.527624309392265,24.56547619047619,5403.0,5470.0,20.0,82.0,53.0,29.0,32.8,1.5,3.3,0.457,3.1,0.1,0.4,0.323,0.476
Mike Conley,MEM,2013-14,73.0,33.50684931506849,8.683085250338296,25.671821305841924,4573.0,4537.0,27.0,73.0,46.0,27.0,33.5,2.1,5.2,0.413,4.7,0.5,1.4,0.343,0.458
Mike Conley,MEM,2014-15,70.0,31.785714285714285,7.966942148760331,25.696750902527075,4250.0,4232.0,33.0,70.0,47.0,23.0,31.8,1.8,4.6,0.402,4.3,0.6,1.5,0.383,0.466
Mike Conley,MEM,2015-16,56.0,31.446428571428573,8.918087318087318,25.156279069767443,3377.0,3357.0,17.0,56.0,33.0,23.0,31.4,2.0,5.2,0.381,4.5,0.6,1.6,0.341,0.434
Mike Conley,MEM,2016-17,69.0,33.21739130434783,9.32135593220339,25.983770883054895,4392.0,4371.0,27.0,69.0,35.0,34.0,33.2,2.9,7.1,0.417,7.3,1.4,3.6,0.394,0.516
Mike Conley,MIN,2025-26,54.0,18.35185185185185,7.995918367346939,24.940361445783136,2073.0,2077.0,15.0,54.0,33.0,21.0,18.4,0.4,1.5,0.288,1.1,0.3,1.1,0.241,0.375
Mike Dunleavy,CHI,2013-14,82.0,31.51219512195122,12.145333333333332,25.135802469135804,4854.0,4848.0,14.0,82.0,48.0,34.0,31.5,0.8,1.7,0.453,1.7,0.2,0.3,0.607,0.514
Mike Dunleavy,CHI,2014-15,63.0,29.174603174603178,10.396330275229358,25.142965779467684,3525.0,3513.0,5.0,63.0,41.0,22.0,29.2,0.5,1.3,0.402,1.3,0.2,0.5,0.517,0.494
Mike Dunleavy,CHI,2015-16,31.0,22.677419354838708,6.917977528089888,24.778787878787877,1393.0,1388.0,2.0,31.0,13.0,18.0,22.7,0.3,1.0,0.25,0.6,0.1,0.4,0.231,0.297
Mike Dunleavy,"ATL,CLE",2016-17,53.0,15.849056603773583,8.174418604651162,24.87014925373134,1692.0,1656.0,5.0,53.0,34.0,19.0,15.9,0.2,0.7,0.371,0.6,0.1,0.3,0.4,0.457
Mike James,"NOP,PHX",2017-18,36.0,19.083333333333332,8.261883408071748,26.362244897959183,1471.0,1473.0,5.0,36.0,11.0,25.0,19.1,1.2,4.1,0.289,2.9,0.5,1.9,0.275,0.352
Mike Miller,MEM,2013-14,82.0,20.804878048780488,13.058095238095238,24.967811158798284,3245.0,3219.0,3.0,82.0,50.0,32.0,20.8,0.5,1.0,0.474,1.0,0.1,0.1,0.6,0.513
Mike Muscala,ATL,2016-17,70.0,17.67142857142857,8.61806167400881,24.990909090909092,2484.0,2480.0,9.0,70.0,36.0,34.0,17.7,0.0,0.2,0.182,0.1,0.0,0.0,0.0,0.182
Mike Muscala,ATL,2017-18,53.0,20.0,6.344137931034482,24.832335329341316,2196.0,2186.0,0.0,53.0,14.0,39.0,20.0,0.1,0.3,0.294,0.2,0.0,0.0,0.0,0.294
Mike Scott,ATL,2013-14,80.0,18.525,6.847196261682242,25.481,2905.0,2918.0,3.0,80.0,36.0,44.0,18.5,0.1,0.3,0.231,0.2,0.0,0.1,0.0,0.231
Mike Scott,ATL,2014-15,68.0,16.514705882352942,8.484674329501916,25.378645833333337,2158.0,2162.0,1.0,68.0,52.0,16.0,16.5,0.2,0.6,0.4,0.5,0.0,0.1,0.2,0.425
Mike Scott,ATL,2015-16,75.0,15.28,6.3711009174311934,24.941772151898736,2291.0,2301.0,4.0,75.0,46.0,29.0,15.3,0.1,0.2,0.529,0.3,0.0,0.0,0.5,0.559
Mike Scott,WAS,2017-18,76.0,18.5,9.617174515235458,25.42760736196319,2808.0,2824.0,4.0,76.0,39.0,37.0,18.5,0.6,1.2,0.516,1.3,0.0,0.1,0.0,0.516
Miles Bridges,CHA,2025-26,77.0,31.0,4.9353433835845895,25.634831460674157,4815.0,4850.0,7.0,77.0,42.0,35.0,31.0,0.6,2.3,0.273,1.6,0.4,1.6,0.24,0.355
Miles McBride,NYK,2025-26,41.0,26.341463414634145,10.466917293233085,25.215867158671585,2163.0,2169.0,5.0,41.0,25.0,16.0,26.3,1.7,4.0,0.433,4.4,1.0,2.1,0.448,0.552
Miles Plumlee,PHX,2013-14,80.0,24.55,4.493309222423147,0.0,3882.0,3891.0,5.0,80.0,47.0,33.0,24.5,0.0,0.2,0.143,0.1,0.0,0.0,0.0,0.143
Miles Plumlee,"MIL,PHX",2014-15,73.0,16.356164383561644,3.641338582677166,0.0,2346.0,2354.0,2.0,73.0,34.0,39.0,16.4,0.1,0.1,0.5,0.1,0.0,0.0,0.0,0.5
Miles Plumlee,ATL,2017-18,55.0,16.69090909090909,3.528888888888889,0.0,1848.0,1883.0,0.0,55.0,19.0,36.0,16.7,0.0,0.0,0.0,0.0,0.0,0.0,0.0,0.0
Milos Teodosic,LAC,2017-18,45.0,25.2,13.115625,25.64094827586207,2364.0,2321.0,5.0,45.0,29.0,16.0,25.2,1.3,3.6,0.373,3.3,0.6,2.0,0.311,0.46
Mirza Teletovic,BKN,2013-14,72.0,19.38888888888889,7.476666666666667,25.550716332378222,2687.0,2697.0,1.0,72.0,41.0,31.0,19.4,0.3,0.7,0.404,0.7,0.1,0.2,0.353,0.462
Mirza Teletovic,BKN,2014-15,40.0,22.3,6.559523809523809,25.417616580310884,1724.0,1720.0,1.0,40.0,16.0,24.0,22.3,0.2,0.8,0.281,0.6,0.1,0.4,0.267,0.344
Mirza Teletovic,PHX,2015-16,79.0,21.329113924050635,8.331545741324922,25.354130434782608,3495.0,3488.0,4.0,79.0,23.0,56.0,21.3,0.4,1.2,0.32,0.9,0.1,0.4,0.355,0.376
Mirza Teletovic,MIL,2016-17,70.0,16.185714285714287,7.841592920353983,25.874426229508195,2218.0,2220.0,1.0,70.0,36.0,34.0,16.2,0.3,0.9,0.35,0.7,0.1,0.4,0.24,0.4
Mitch McGary,OKC,2014-15,32.0,15.15625,5.295092024539877,24.4,990.0,998.0,2.0,32.0,20.0,12.0,15.2,0.0,0.0,0.0,0.0,0.0,0.0,0.0,0.0
Mitchell Robinson,NYK,2025-26,60.0,19.583333333333332,1.0029126213592232,0.0,2319.0,2352.0,2.0,60.0,40.0,20.0,19.6,0.0,0.0,0.0,0.0,0.0,0.0,0.0,0.0
Mo Williams,POR,2013-14,74.0,24.77027027027027,12.9331096196868,25.50355555555556,3628.0,3604.0,24.0,74.0,49.0,25.0,24.8,2.0,4.8,0.408,4.2,0.3,1.1,0.295,0.441
Mo Williams,"CHA,MIN",2014-15,68.0,29.11764705882353,14.8041015625,26.1433908045977,3900.0,3871.0,21.0,68.0,20.0,48.0,29.1,3.2,8.0,0.393,7.2,0.9,3.0,0.299,0.449
Mo Williams,CLE,2015-16,41.0,18.24390243902439,13.453,25.333333333333332,1462.0,1443.0,6.0,41.0,27.0,14.0,18.2,1.9,4.3,0.434,3.9,0.2,0.9,0.184,0.454
Monta Ellis,DAL,2013-14,82.0,36.86585365853659,9.225257249766146,25.126315789473683,5929.0,5912.0,30.0,82.0,49.0,33.0,36.9,2.3,6.0,0.378,4.7,0.2,0.9,0.205,0.393
Monta Ellis,DAL,2014-15,80.0,33.7375,10.509252336448595,25.187323943661973,5422.0,5393.0,18.0,80.0,50.0,30.0,33.7,3.0,7.6,0.395,6.4,0.4,1.4,0.281,0.421
Monta Ellis,IND,2015-16,81.0,33.75308641975309,10.736265223274696,25.72517730496454,5541.0,5552.0,12.0,81.0,44.0,37.0,33.8,2.0,5.6,0.369,4.4,0.3,1.2,0.28,0.4
Monta Ellis,IND,2016-17,74.0,27.0,9.514218009478672,25.40740740740741,3965.0,3987.0,9.0,74.0,39.0,35.0,27.0,0.9,2.4,0.373,1.9,0.1,0.2,0.412,0.393
Montrezl Harrell,HOU,2016-17,58.0,18.344827586206897,3.382544378698225,24.657142857142855,2204.0,2196.0,7.0,58.0,39.0,19.0,18.3,0.1,0.1,0.5,0.1,0.0,0.0,1.0,0.583
Montrezl Harrell,LAC,2017-18,76.0,17.013157894736842,3.630129390018484,31.97142857142857,2657.0,2678.0,2.0,76.0,39.0,37.0,17.0,0.1,0.3,0.455,0.3,0.0,0.1,0.25,0.477
Moses Moody,GSW,2025-26,60.0,25.666666666666668,6.2938888888888895,25.077718832891243,3210.0,3214.0,2.0,60.0,30.0,30.0,25.7,0.4,1.4,0.298,1.0,0.2,0.7,0.238,0.357
Mouhamed Gueye,ATL,2025-26,77.0,15.311688311688313,4.17875,24.023076923076925,2411.0,2489.0,1.0,77.0,44.0,33.0,15.3,0.1,0.2,0.267,0.1,0.0,0.0,0.333,0.3
Moussa Diabate,CHA,2025-26,73.0,26.013698630136982,2.9509695290858726,24.55,3757.0,3814.0,4.0,73.0,40.0,33.0,26.0,0.0,0.1,0.143,0.0,0.0,0.0,0.0,0.143
Myles Turner,IND,2015-16,60.0,22.783333333333335,10.845348837209302,24.842857142857145,2782.0,2779.0,4.0,60.0,32.0,28.0,22.8,0.5,1.0,0.459,0.9,0.0,0.0,0.0,0.459
Myles Turner,IND,2016-17,81.0,31.37037037037037,9.892838196286473,25.905172413793103,5086.0,5080.0,9.0,81.0,42.0,39.0,31.4,0.3,0.7,0.407,0.6,0.0,0.0,0.667,0.426
Myles Turner,IND,2017-18,65.0,28.246153846153845,10.581120331950208,26.797452229299363,3662.0,3657.0,7.0,65.0,39.0,26.0,28.2,0.4,0.8,0.509,0.9,0.0,0.1,0.286,0.528
Myles Turner,MIL,2025-26,71.0,26.929577464788732,6.869083969465649,25.916927083333334,3938.0,3941.0,4.0,71.0,30.0,41.0,26.9,0.3,1.1,0.304,0.8,0.2,0.6,0.3,0.38
NaeQwan Tomlin,CLE,2025-26,64.0,15.6875,2.215075376884422,24.417391304347827,2069.0,2109.0,2.0,64.0,42.0,22.0,15.7,0.0,0.1,0.167,0.0,0.0,0.1,0.167,0.25
Naji Marshall,DAL,2025-26,74.0,29.513513513513512,6.5531250000000005,24.746948356807515,4634.0,4670.0,4.0,74.0,25.0,49.0,29.5,1.0,2.2,0.44,2.1,0.1,0.4,0.207,0.458
Nate Robinson,DEN,2013-14,44.0,19.681818181818183,9.575982532751093,25.376623376623375,1701.0,1703.0,6.0,44.0,22.0,22.0,19.7,1.3,3.8,0.352,3.2,0.6,1.5,0.373,0.427
Nate Wolters,MIL,2013-14,58.0,22.56896551724138,7.201834862385321,25.838709677419356,2519.0,2499.0,12.0,58.0,10.0,48.0,22.6,0.8,2.2,0.362,1.7,0.1,0.3,0.278,0.381
Naz Reid,MIN,2025-26,77.0,26.064935064935064,5.791489361702128,25.29375,4227.0,4200.0,7.0,77.0,46.0,31.0,26.1,0.8,2.3,0.344,2.0,0.4,1.2,0.302,0.425
Neemias Queta,BOS,2025-26,76.0,25.342105263157897,3.5327902240325866,25.45,3740.0,3763.0,2.0,76.0,52.0,24.0,25.3,0.0,0.2,0.0,0.0,0.0,0.0,0.0,0.0
Nemanja Bjelica,MIN,2015-16,60.0,17.916666666666668,4.346363636363637,25.34,2132.0,2144.0,3.0,60.0,20.0,40.0,17.9,0.1,0.3,0.438,0.3,0.1,0.2,0.385,0.594
Nemanja Bjelica,MIN,2016-17,65.0,18.29230769230769,4.678212290502793,25.038418079096047,2325.0,2354.0,0.0,65.0,28.0,37.0,18.3,0.1,0.4,0.28,0.3,0.0,0.2,0.231,0.34
Nemanja Bjelica,MIN,2017-18,67.0,20.46268656716418,4.601063829787234,25.4224043715847,2768.0,2759.0,2.0,67.0,38.0,29.0,20.5,0.2,0.5,0.343,0.4,0.1,0.2,0.429,0.429
Nene,WAS,2013-14,53.0,29.433962264150946,8.374193548387096,25.72,3064.0,3042.0,19.0,53.0,30.0,23.0,29.4,0.2,0.5,0.308,0.3,0.0,0.0,0.0,0.308
Nene,WAS,2014-15,67.0,25.28358208955224,8.073154362416108,24.64,3302.0,3286.0,16.0,67.0,37.0,30.0,25.3,0.1,0.5,0.258,0.2,0.0,0.0,0.0,0.258
Nene,WAS,2015-16,57.0,19.19298245614035,7.149868766404199,24.933333333333337,2234.0,2238.0,8.0,57.0,28.0,29.0,19.2,0.2,0.4,0.455,0.4,0.0,0.0,0.0,0.455
Nene,HOU,2016-17,67.0,17.880597014925375,4.965463917525773,27.455555555555556,2545.0,2528.0,6.0,67.0,47.0,20.0,17.9,0.1,0.3,0.526,0.3,0.0,0.0,0.5,0.553
Nerlens Noel,PHI,2014-15,75.0,30.813333333333333,5.493568147013783,0.0,4558.0,4578.0,9.0,75.0,18.0,57.0,30.8,0.2,0.5,0.333,0.3,0.0,0.0,0.0,0.333
Nerlens Noel,PHI,2015-16,67.0,29.328358208955223,5.3608547008547,34.7,3963.0,3964.0,9.0,67.0,10.0,57.0,29.3,0.2,0.7,0.26,0.4,0.0,0.0,0.0,0.26
Nerlens Noel,"DAL,PHI",2016-17,51.0,20.529411764705884,4.786688311688311,33.3,2076.0,2099.0,5.0,51.0,24.0,27.0,20.5,0.1,0.3,0.214,0.1,0.0,0.0,0.0,0.214
Nerlens Noel,DAL,2017-18,29.0,16.275862068965516,4.6230769230769235,27.5,947.0,946.0,3.0,30.0,6.0,24.0,15.7,0.0,0.2,0.2,0.1,0.0,0.0,0.0,0.2
Nic Claxton,BKN,2025-26,69.0,27.82608695652174,3.855496453900709,25.80526315789474,3854.0,3880.0,8.0,69.0,17.0,52.0,27.8,0.1,0.4,0.28,0.2,0.0,0.1,0.0,0.28
Nick Calathes,MEM,2013-14,71.0,16.507042253521128,7.1132,25.23934426229508,2195.0,2215.0,7.0,71.0,42.0,29.0,16.5,0.4,1.1,0.321,0.8,0.0,0.2,0.143,0.333
Nick Collison,OKC,2013-14,81.0,16.703703703703702,6.162946428571429,23.241176470588236,2651.0,2648.0,10.0,81.0,58.0,23.0,16.7,0.1,0.1,0.417,0.1,0.0,0.0,0.0,0.417
Nick Collison,OKC,2014-15,66.0,16.681818181818183,7.503108808290155,23.836666666666662,2165.0,2153.0,5.0,66.0,38.0,28.0,16.7,0.0,0.1,0.111,0.0,0.0,0.0,0.0,0.111
Nick Young,LAL,2013-14,64.0,28.265625,11.351205936920223,25.223428571428578,3680.0,3668.0,10.0,64.0,21.0,43.0,28.3,2.5,6.2,0.406,5.7,0.7,1.8,0.362,0.458
Nick Young,LAL,2014-15,42.0,23.80952380952381,12.60597609561753,25.43377777777778,1976.0,1979.0,4.0,42.0,12.0,30.0,23.8,2.3,6.5,0.349,5.6,1.0,2.8,0.37,0.429
Nick Young,LAL,2015-16,54.0,19.12962962962963,15.051851851851852,25.06455696202532,2024.0,2030.0,1.0,54.0,13.0,41.0,19.1,1.2,3.4,0.344,2.9,0.5,1.6,0.322,0.421
Nick Young,LAL,2016-17,60.0,25.933333333333337,12.398584905660377,24.987173396674585,3186.0,3182.0,16.0,60.0,19.0,41.0,25.9,1.7,4.3,0.382,4.0,0.7,2.1,0.336,0.465
Nick Young,GSW,2017-18,80.0,17.4125,12.621604938271606,25.34386503067485,2868.0,2878.0,8.0,80.0,56.0,24.0,17.4,0.9,2.5,0.372,2.3,0.4,1.3,0.337,0.459
Nickeil Alexander Walker,ATL,2025-26,78.0,33.37179487179487,6.320848056537102,25.224960254372014,5558.0,5572.0,60.0,78.0,43.0,35.0,33.4,1.7,4.4,0.38,4.1,0.8,2.3,0.331,0.466
Nicolas Batum,POR,2013-14,82.0,36.04878048780488,9.208153477218223,24.87885572139303,5865.0,5849.0,15.0,82.0,54.0,28.0,36.0,1.0,2.7,0.376,2.3,0.3,1.0,0.266,0.424
Nicolas Batum,POR,2014-15,71.0,33.521126760563384,10.54192439862543,24.863430420711975,4676.0,4670.0,6.0,71.0,43.0,28.0,33.5,0.9,2.4,0.367,2.1,0.4,0.8,0.431,0.441
Nicolas Batum,CHA,2015-16,70.0,34.97142857142857,11.359915611814348,25.34661654135338,4866.0,4864.0,4.0,70.0,41.0,29.0,35.0,1.9,4.7,0.415,4.4,0.5,1.5,0.315,0.466
Nicolas Batum,CHA,2016-17,77.0,33.98701298701299,11.602284710017576,25.30666666666667,5212.0,5218.0,4.0,77.0,35.0,42.0,34.0,2.0,5.0,0.405,4.5,0.4,1.2,0.319,0.443
Nicolas Batum,CHA,2017-18,64.0,30.953125,12.386702127659571,25.711313868613136,4056.0,4054.0,4.0,64.0,27.0,37.0,31.0,1.8,4.3,0.407,3.8,0.3,0.9,0.276,0.436
Nicolas Batum,LAC,2025-26,74.0,17.5,12.93,24.726754385964913,2599.0,2609.0,0.0,74.0,39.0,35.0,17.5,0.1,0.2,0.333,0.2,0.1,0.2,0.333,0.5
Nik Stauskas,SAC,2014-15,73.0,15.424657534246576,9.94013605442177,25.114093959731544,2233.0,2235.0,2.0,73.0,26.0,47.0,15.4,0.4,1.2,0.348,0.9,0.1,0.4,0.207,0.382
Nik Stauskas,PHI,2015-16,73.0,24.78082191780822,5.706818181818182,25.119384615384615,3699.0,3679.0,6.0,73.0,8.0,65.0,24.8,0.5,1.8,0.28,1.2,0.2,1.1,0.215,0.345
Nik Stauskas,PHI,2016-17,80.0,27.35,6.5280000000000005,25.42089136490251,4442.0,4435.0,3.0,80.0,27.0,53.0,27.3,0.7,2.4,0.297,1.9,0.4,1.6,0.266,0.382
Nikola Jokic,DEN,2015-16,80.0,21.6625,5.361627906976744,24.964285714285715,3417.0,3410.0,9.0,80.0,31.0,49.0,21.7,0.2,0.5,0.436,0.4,0.0,0.1,0.143,0.449
Nikola Jokic,DEN,2016-17,73.0,27.91780821917808,6.331888111888112,25.431654676258994,4206.0,4166.0,6.0,73.0,37.0,36.0,27.9,0.2,0.5,0.4,0.5,0.0,0.2,0.125,0.425
Nikola Jokic,DEN,2017-18,75.0,32.57333333333333,7.392602739726028,25.58857142857143,4872.0,4816.0,9.0,75.0,43.0,32.0,32.6,0.5,1.1,0.405,1.1,0.1,0.4,0.367,0.47
Nikola Jokic,DEN,2025-26,65.0,34.84615384615385,6.422222222222222,25.900677966101693,4787.0,4782.0,3.0,65.0,43.0,22.0,34.8,1.1,2.4,0.462,2.5,0.3,0.9,0.328,0.526
Nikola Jovic,MIA,2025-26,47.0,17.19148936170213,4.914965986394558,25.392261904761902,1771.0,1787.0,2.0,47.0,24.0,23.0,17.2,0.1,0.5,0.261,0.4,0.1,0.3,0.385,0.37
Nikola Mirotic,CHI,2014-15,82.0,20.17073170731707,7.065594855305466,24.96166134185303,3172.0,3186.0,6.0,82.0,50.0,32.0,20.2,0.5,1.6,0.289,1.1,0.2,0.8,0.239,0.348
Nikola Mirotic,CHI,2015-16,66.0,24.939393939393938,7.810646387832699,25.332369942196532,3317.0,3281.0,1.0,66.0,37.0,29.0,24.9,0.3,1.3,0.235,0.7,0.1,0.5,0.156,0.265
Nikola Mirotic,CHI,2016-17,70.0,23.985714285714284,6.742741935483871,25.26684350132626,3352.0,3340.0,2.0,70.0,37.0,33.0,24.0,0.5,1.2,0.427,1.2,0.2,0.5,0.375,0.5
Nikola Mirotic,"CHI,NOP",2017-18,55.0,27.163636363636364,8.211042944785277,25.54217877094972,3121.0,3124.0,2.0,55.0,34.0,21.0,27.2,1.2,2.8,0.444,2.9,0.4,1.0,0.404,0.52
Nikola Pekovic,MIN,2013-14,54.0,30.814814814814813,3.900855920114122,0.0,3391.0,3379.0,3.0,54.0,27.0,27.0,30.8,0.1,0.3,0.389,0.3,0.0,0.0,0.0,0.389
Nikola Pekovic,MIN,2014-15,31.0,26.29032258064516,4.2143292682926825,0.0,1593.0,1581.0,0.0,31.0,9.0,22.0,26.3,0.2,0.3,0.5,0.3,0.0,0.0,0.0,0.5
Nikola Vucevic,ORL,2013-14,57.0,31.789473684210527,8.383477011494252,0.0,3542.0,3527.0,1.0,57.0,19.0,38.0,31.8,0.2,0.5,0.357,0.4,0.0,0.0,0.0,0.357
Nikola Vucevic,ORL,2014-15,74.0,34.17567567567568,8.9605,27.366666666666664,4963.0,4947.0,7.0,74.0,21.0,53.0,34.2,0.3,0.8,0.439,0.7,0.0,0.0,0.0,0.439
Nikola Vucevic,ORL,2015-16,65.0,31.338461538461537,10.09459980713597,28.133333333333333,4050.0,4041.0,3.0,65.0,28.0,37.0,31.3,0.7,1.6,0.43,1.4,0.0,0.0,0.0,0.43
Nikola Vucevic,ORL,2016-17,75.0,28.84,10.255857740585776,25.31866666666667,4400.0,4376.0,0.0,75.0,27.0,48.0,28.8,0.6,1.5,0.383,1.2,0.0,0.0,0.0,0.383
Nikola Vucevic,ORL,2017-18,57.0,29.526315789473685,9.224528301886792,25.889215686274508,3500.0,3491.0,1.0,57.0,17.0,40.0,29.5,0.4,1.1,0.359,0.8,0.0,0.0,0.0,0.359
Nikola Vucevic,"BOS,CHI",2025-26,64.0,28.40625,6.385416666666667,25.982656826568263,3789.0,3783.0,0.0,64.0,35.0,29.0,28.4,0.4,0.9,0.466,0.8,0.0,0.0,0.0,0.466
Nique Clifford,SAC,2025-26,75.0,25.093333333333337,8.12794520547945,25.551082251082253,3857.0,3912.0,4.0,75.0,21.0,54.0,25.1,0.9,2.5,0.356,2.1,0.3,0.9,0.3,0.411
Noah Clowney,BKN,2025-26,66.0,26.96969696969697,5.566666666666666,25.112020460358053,3578.0,3607.0,11.0,66.0,17.0,49.0,27.0,0.3,1.0,0.286,0.7,0.1,0.4,0.241,0.341
Noah Vonleh,POR,2015-16,78.0,15.051282051282053,6.6146551724137925,24.60434782608695,2296.0,2304.0,1.0,78.0,41.0,37.0,15.0,0.0,0.2,0.25,0.1,0.0,0.0,0.0,0.25
Noah Vonleh,POR,2016-17,74.0,17.094594594594593,5.724,24.915,2506.0,2508.0,4.0,74.0,38.0,36.0,17.1,0.0,0.1,0.3,0.1,0.0,0.0,0.5,0.35
Noah Vonleh,"CHI,POR",2017-18,54.0,16.203703703703702,6.479166666666667,25.389393939393937,1754.0,1756.0,3.0,54.0,24.0,30.0,16.2,0.1,0.3,0.333,0.2,0.0,0.1,0.167,0.361
Nolan Traore,BKN,2025-26,56.0,22.196428571428573,5.590592334494773,25.155729166666664,2484.0,2514.0,3.0,56.0,14.0,42.0,22.2,0.5,1.8,0.293,1.3,0.2,0.8,0.302,0.359
Norman Powell,TOR,2016-17,76.0,18.0,5.0612612612612615,24.772832369942197,2718.0,2711.0,8.0,76.0,47.0,29.0,18.0,0.4,1.1,0.37,0.9,0.1,0.3,0.25,0.407
Norman Powell,TOR,2017-18,70.0,15.157142857142857,5.297340425531915,24.97043010752688,2143.0,2135.0,1.0,70.0,51.0,19.0,15.2,0.3,0.9,0.303,0.7,0.1,0.5,0.222,0.364
Norman Powell,MIA,2025-26,58.0,29.603448275862068,6.543298969072165,25.879268292682926,3716.0,3733.0,2.0,58.0,29.0,29.0,29.6,2.0,5.1,0.396,5.0,1.0,2.9,0.349,0.497
Norris Cole,MIA,2013-14,82.0,24.5609756097561,7.788036809815951,24.289080459770116,3768.0,3790.0,5.0,82.0,54.0,28.0,24.6,0.5,1.3,0.402,1.1,0.0,0.1,0.182,0.411
Norris Cole,"MIA,NOP",2014-15,75.0,24.413333333333338,10.142670157068062,25.21534090909091,3394.0,3427.0,8.0,75.0,37.0,38.0,24.4,1.0,2.5,0.419,2.2,0.1,0.4,0.31,0.444
Norris Cole,NOP,2015-16,45.0,26.622222222222224,11.725130890052355,25.176470588235293,2422.0,2405.0,5.0,45.0,20.0,25.0,26.6,2.1,5.3,0.4,4.4,0.1,0.7,0.2,0.413
OJ Mayo,MIL,2013-14,52.0,25.884615384615383,11.23034055727554,25.859911894273125,2598.0,2605.0,6.0,52.0,10.0,42.0,25.9,1.5,3.6,0.428,3.4,0.3,1.0,0.36,0.476
OJ Mayo,MIL,2014-15,71.0,23.901408450704224,9.628301886792451,24.92021660649819,3363.0,3354.0,3.0,71.0,39.0,32.0,23.9,0.9,2.6,0.34,2.0,0.2,0.7,0.354,0.386
OJ Mayo,MIL,2015-16,41.0,26.585365853658537,10.413836477987422,25.31234567901235,2153.0,2154.0,8.0,41.0,17.0,24.0,26.6,0.8,2.0,0.405,1.8,0.1,0.6,0.24,0.44
OG Anunoby,TOR,2017-18,74.0,20.027027027027028,2.776510067114094,24.26548223350254,3000.0,3010.0,4.0,74.0,51.0,23.0,20.0,0.1,0.2,0.294,0.2,0.1,0.1,0.5,0.441
OG Anunoby,NYK,2025-26,67.0,33.19402985074627,4.173551637279597,24.635380835380836,4508.0,4526.0,8.0,67.0,45.0,22.0,33.2,0.6,2.1,0.277,1.4,0.3,1.1,0.239,0.337
Ochai Agbaji,"BKN,TOR",2025-26,62.0,15.693548387096774,3.2743421052631576,24.90390625,1970.0,2005.0,4.0,62.0,28.0,34.0,15.7,0.2,0.5,0.429,0.5,0.1,0.3,0.313,0.518
Olivier Maxence Prosper,MEM,2025-26,53.0,18.566037735849054,3.472772277227723,24.939864864864862,2083.0,2112.0,2.0,53.0,16.0,37.0,18.6,0.2,0.5,0.4,0.5,0.2,0.2,0.667,0.56
Omer Asik,HOU,2013-14,48.0,20.166666666666668,2.745789473684211,0.0,1974.0,1980.0,2.0,48.0,32.0,16.0,20.2,0.0,0.0,0.0,0.0,0.0,0.0,0.0,0.0
Omer Asik,NOP,2014-15,76.0,26.07894736842105,1.7643203883495144,0.0,3731.0,3751.0,10.0,76.0,43.0,33.0,26.1,0.0,0.0,0.5,0.0,0.0,0.0,0.0,0.5
Omer Asik,NOP,2015-16,68.0,17.323529411764707,1.8902564102564103,0.0,2331.0,2326.0,5.0,68.0,29.0,39.0,17.3,0.0,0.0,0.0,0.0,0.0,0.0,0.0,0.0
Omer Asik,NOP,2016-17,31.0,15.548387096774194,1.5523076923076924,0.0,971.0,979.0,1.0,31.0,12.0,19.0,15.6,0.0,0.0,0.0,0.0,0.0,0.0,0.0,0.0
Omri Casspi,HOU,2013-14,71.0,18.070422535211268,6.279059829059829,24.817613636363635,2624.0,2609.0,3.0,71.0,46.0,25.0,18.1,0.2,0.7,0.34,0.5,0.1,0.2,0.313,0.39
Omri Casspi,SAC,2014-15,67.0,21.13432835820895,4.2891176470588235,24.94942528735632,2821.0,2837.0,1.0,67.0,23.0,44.0,21.1,0.2,0.5,0.444,0.6,0.1,0.3,0.474,0.569
Omri Casspi,SAC,2015-16,69.0,27.246376811594203,3.970689655172414,25.53941605839416,3909.0,3929.0,8.0,69.0,27.0,42.0,27.3,0.3,0.9,0.407,1.0,0.3,0.7,0.447,0.585
Omri Casspi,"MIN,NOP,SAC",2016-17,36.0,17.86111111111111,3.3487603305785125,25.186046511627907,1265.0,1274.0,0.0,36.0,12.0,24.0,17.8,0.0,0.3,0.091,0.1,0.0,0.2,0.125,0.136
Onyeka Okongwu,ATL,2025-26,74.0,31.04054054054054,4.685294117647058,25.118537859007834,4900.0,4900.0,2.0,74.0,41.0,33.0,31.0,0.2,0.6,0.341,0.4,0.0,0.1,0.2,0.366
Oscar Tshiebwe,UTA,2025-26,27.0,16.59259259259259,3.858620689655172,0.0,955.0,967.0,0.0,27.0,3.0,24.0,16.6,0.0,0.1,0.0,0.0,0.0,0.0,0.0,0.0
Oso Ighodaro,PHX,2025-26,82.0,22.048780487804876,4.054520547945206,31.6,3609.0,3641.0,3.0,82.0,45.0,37.0,22.1,0.1,0.2,0.5,0.2,0.0,0.0,0.0,0.5
Otto Porter,WAS,2014-15,74.0,19.35135135135135,10.46759581881533,25.28557692307692,2730.0,2754.0,2.0,74.0,41.0,33.0,19.4,0.4,1.0,0.361,0.7,0.0,0.1,0.2,0.375
Otto Porter,WAS,2015-16,75.0,30.346666666666668,9.914444444444444,25.349438202247192,4661.0,4658.0,12.0,75.0,36.0,39.0,30.3,0.6,1.7,0.387,1.3,0.0,0.2,0.125,0.395
Otto Porter,WAS,2016-17,80.0,32.5625,9.876406926406926,25.071260997067448,5328.0,5289.0,12.0,80.0,48.0,32.0,32.6,0.8,1.8,0.445,1.7,0.0,0.2,0.231,0.455
Otto Porter,WAS,2017-18,77.0,31.584415584415584,10.591433566433569,25.49105431309904,4863.0,4834.0,3.0,77.0,42.0,35.0,31.6,1.5,3.2,0.465,3.2,0.2,0.5,0.452,0.504
Ousmane Dieng,"MIL,OKC",2025-26,57.0,19.28070175438597,9.028169014084506,25.87189189189189,2228.0,2262.0,1.0,57.0,33.0,24.0,19.3,1.1,3.2,0.351,2.7,0.4,1.4,0.272,0.411
PJ Washington,DAL,2025-26,56.0,31.0,5.197169811320754,24.69102564102564,3663.0,3707.0,4.0,56.0,16.0,40.0,31.0,0.3,1.1,0.297,0.8,0.1,0.5,0.172,0.336
PJ Hairston,CHA,2014-15,45.0,15.266666666666667,8.466037735849056,26.18036809815951,1341.0,1336.0,6.0,45.0,19.0,26.0,15.3,0.4,1.1,0.353,0.9,0.1,0.2,0.3,0.382
PJ Hairston,"CHA,MEM",2015-16,66.0,19.89393939393939,6.8982035928143715,25.191286307053943,2570.0,2597.0,9.0,66.0,31.0,35.0,19.9,0.2,0.8,0.291,0.5,0.0,0.2,0.182,0.309
PJ Tucker,PHX,2013-14,81.0,30.74074074074074,5.9375,23.705759162303664,5008.0,4995.0,26.0,81.0,48.0,33.0,30.7,0.3,0.8,0.348,0.6,0.0,0.1,0.3,0.371
PJ Tucker,PHX,2014-15,78.0,30.55128205128205,7.348255813953489,23.94880952380953,4747.0,4748.0,17.0,78.0,36.0,42.0,30.6,0.4,1.1,0.388,0.9,0.1,0.3,0.4,0.435
PJ Tucker,PHX,2015-16,82.0,30.97560975609756,5.278723404255319,23.98058252427185,5171.0,5181.0,14.0,82.0,23.0,59.0,31.0,0.2,0.7,0.278,0.4,0.0,0.3,0.13,0.306
PJ Tucker,"PHX,TOR",2016-17,81.0,27.604938271604937,5.853146853146853,24.226530612244897,4519.0,4520.0,12.0,81.0,35.0,46.0,27.6,0.2,0.5,0.395,0.4,0.0,0.1,0.222,0.419
PJ Tucker,HOU,2017-18,82.0,27.817073170731707,6.820610687022901,23.969032258064516,4590.0,4574.0,9.0,82.0,65.0,17.0,27.8,0.0,0.2,0.211,0.1,0.0,0.1,0.2,0.263
Pablo Prigioni,NYK,2013-14,66.0,19.424242424242426,7.011764705882354,25.227857142857143,2351.0,2361.0,16.0,66.0,29.0,37.0,19.4,0.4,1.0,0.438,1.2,0.3,0.7,0.489,0.617
Pablo Prigioni,"HOU,NYK",2014-15,67.0,17.865671641791046,8.012903225806452,25.847590361445786,2325.0,2325.0,9.0,67.0,25.0,42.0,17.9,0.3,1.0,0.348,0.9,0.2,0.7,0.277,0.447
Paolo Banchero,ORL,2025-26,72.0,34.75,6.595324971493729,25.55709090909091,5180.0,5223.0,2.0,72.0,38.0,34.0,34.7,1.6,5.3,0.299,3.6,0.4,1.9,0.223,0.34
Pascal Siakam,TOR,2016-17,55.0,15.61818181818182,6.454545454545454,24.17142857142857,1694.0,1707.0,2.0,55.0,35.0,20.0,15.6,0.1,0.2,0.385,0.2,0.0,0.0,0.0,0.385
Pascal Siakam,TOR,2017-18,81.0,20.728395061728396,3.722131147540983,24.596969696969698,3336.0,3348.0,1.0,81.0,59.0,22.0,20.7,0.0,0.2,0.286,0.1,0.0,0.0,0.0,0.286
Pascal Siakam,IND,2025-26,62.0,33.17741935483871,7.566589327146171,25.79863481228669,4314.0,4325.0,5.0,62.0,17.0,45.0,33.2,2.5,5.8,0.423,5.3,0.4,1.0,0.387,0.456
Pat Connaughton,POR,2017-18,82.0,18.146341463414632,6.161666666666666,25.59142857142857,2979.0,2955.0,3.0,82.0,49.0,33.0,18.1,0.3,0.8,0.415,0.8,0.1,0.3,0.429,0.485
Pat Spencer,GSW,2025-26,66.0,18.62121212121212,7.733582089552239,25.910714285714285,2483.0,2519.0,1.0,66.0,30.0,36.0,18.6,1.0,2.8,0.372,2.4,0.4,1.2,0.329,0.44
Patrick Beverley,HOU,2013-14,56.0,31.267857142857142,6.2407079646017705,24.45294117647059,3438.0,3445.0,19.0,56.0,39.0,17.0,31.3,0.3,1.2,0.292,0.8,0.1,0.5,0.25,0.346
Patrick Beverley,HOU,2014-15,56.0,30.839285714285715,5.837320574162679,24.441795665634675,3440.0,3428.0,20.0,56.0,35.0,21.0,30.8,0.4,1.4,0.308,1.0,0.2,0.7,0.225,0.365
Patrick Beverley,HOU,2015-16,71.0,28.746478873239436,6.377464788732395,24.42967741935484,4087.0,4106.0,25.0,71.0,35.0,36.0,28.7,0.7,1.8,0.397,1.7,0.3,0.9,0.354,0.488
Patrick Beverley,HOU,2016-17,67.0,30.71641791044776,5.668627450980392,24.992361111111112,4246.0,4224.0,39.0,67.0,46.0,21.0,30.7,0.5,1.5,0.317,1.3,0.3,1.0,0.313,0.416
Patrick McCaw,GSW,2016-17,71.0,15.126760563380282,5.945081967213114,24.93089430894309,2238.0,2241.0,2.0,71.0,57.0,14.0,15.1,0.1,0.4,0.333,0.4,0.1,0.2,0.4,0.433
Patrick McCaw,GSW,2017-18,57.0,16.859649122807017,6.458620689655173,25.85,1956.0,1979.0,3.0,57.0,41.0,16.0,16.9,0.2,0.6,0.243,0.3,0.0,0.2,0.071,0.257
Patrick Patterson,"SAC,TOR",2013-14,65.0,23.584615384615383,9.80828402366864,24.63841059602649,2934.0,2926.0,4.0,65.0,37.0,28.0,23.6,0.2,0.6,0.417,0.5,0.0,0.0,0.0,0.417
Patrick Patterson,TOR,2014-15,81.0,26.617283950617285,7.934523809523809,24.708480565371023,4169.0,4141.0,7.0,81.0,49.0,32.0,26.6,0.4,0.9,0.493,0.9,0.0,0.0,0.333,0.5
Patrick Patterson,TOR,2015-16,79.0,25.56962025316456,7.43,24.589078498293517,3865.0,3842.0,8.0,79.0,54.0,25.0,25.6,0.3,0.7,0.439,0.6,0.0,0.1,0.25,0.447
Patrick Patterson,TOR,2016-17,65.0,24.584615384615383,6.851908396946565,24.716600790513834,3154.0,3126.0,6.0,65.0,42.0,23.0,24.6,0.1,0.3,0.318,0.3,0.0,0.1,0.6,0.386
Patrick Patterson,OKC,2017-18,82.0,15.48780487804878,6.5600000000000005,24.332748538011693,2462.0,2471.0,4.0,82.0,48.0,34.0,15.5,0.0,0.1,0.273,0.1,0.0,0.0,0.0,0.273
Patrick Williams,CHI,2025-26,72.0,20.47222222222222,5.342156862745098,25.917153284671535,3170.0,3188.0,0.0,72.0,24.0,48.0,20.5,0.5,1.2,0.391,1.1,0.2,0.6,0.311,0.471
Patty Mills,SAS,2013-14,81.0,18.85185185185185,12.046264367816091,24.781761006289308,3028.0,3011.0,11.0,81.0,62.0,19.0,18.9,1.7,3.6,0.46,3.9,0.6,1.1,0.484,0.538
Patty Mills,SAS,2014-15,51.0,15.705882352941176,12.106493506493509,25.019780219780223,1599.0,1585.0,11.0,51.0,37.0,14.0,15.7,1.0,2.7,0.382,2.3,0.3,1.0,0.306,0.438
Patty Mills,SAS,2015-16,81.0,20.51851851851852,12.556164383561644,25.153125,3292.0,3301.0,24.0,81.0,66.0,15.0,20.5,1.1,3.0,0.38,2.6,0.3,1.0,0.304,0.43
Patty Mills,SAS,2016-17,80.0,21.925,11.859774436090223,24.773802816901412,3520.0,3509.0,22.0,80.0,60.0,20.0,21.9,1.3,3.1,0.402,3.1,0.6,1.4,0.4,0.494
Patty Mills,SAS,2017-18,82.0,25.695121951219512,12.565671641791043,25.35990338164251,4148.0,4149.0,33.0,82.0,47.0,35.0,25.7,1.5,3.5,0.425,3.6,0.6,1.6,0.394,0.516
Pau Gasol,LAL,2013-14,60.0,31.4,8.87393800229621,25.542857142857144,3878.0,3877.0,5.0,60.0,21.0,39.0,31.4,0.5,1.3,0.364,0.9,0.0,0.0,0.0,0.364
Pau Gasol,CHI,2014-15,78.0,34.37179487179487,8.895385980479148,25.396153846153844,5233.0,5235.0,6.0,78.0,48.0,30.0,34.4,0.5,1.3,0.379,1.0,0.0,0.0,0.0,0.379
Pau Gasol,CHI,2015-16,72.0,31.833333333333332,10.56695464362851,24.42753623188406,4598.0,4567.0,4.0,72.0,36.0,36.0,31.8,0.4,1.2,0.368,0.9,0.0,0.0,0.0,0.368
Pau Gasol,SAS,2016-17,64.0,25.421875,9.3266,24.68942307692307,3163.0,3146.0,6.0,64.0,47.0,17.0,25.4,0.3,0.7,0.422,0.6,0.0,0.1,0.25,0.433
Pau Gasol,SAS,2017-18,77.0,23.532467532467532,8.183037475345168,24.73166666666667,3566.0,3554.0,2.0,77.0,45.0,32.0,23.5,0.2,0.5,0.385,0.4,0.0,0.0,0.0,0.385
Paul George,IND,2013-14,80.0,36.225,10.052900232018562,25.8184,5561.0,5556.0,26.0,80.0,54.0,26.0,36.2,2.4,6.5,0.37,5.3,0.5,2.0,0.247,0.408
Paul George,IND,2015-16,81.0,34.80246913580247,11.228652321630804,25.20512367491166,5727.0,5711.0,22.0,81.0,44.0,37.0,34.8,3.0,7.6,0.391,6.7,0.8,2.3,0.362,0.446
Paul George,IND,2016-17,75.0,35.85333333333333,12.217723004694836,25.528484848484847,5375.0,5356.0,12.0,75.0,39.0,36.0,35.9,3.1,7.1,0.441,6.9,0.6,1.7,0.344,0.481
Paul George,OKC,2017-18,79.0,36.59493670886076,9.286730506155951,25.33087027914614,5866.0,5826.0,19.0,79.0,47.0,32.0,36.6,2.1,5.7,0.367,5.0,0.8,2.1,0.38,0.437
Paul George,PHI,2025-26,37.0,30.675675675675677,10.513178294573644,25.554117647058824,2325.0,2330.0,6.0,37.0,22.0,15.0,30.7,2.3,5.8,0.404,5.4,0.8,2.2,0.337,0.469
Paul Millsap,ATL,2013-14,74.0,33.54054054054054,6.5796407185628745,25.391509433962263,4905.0,4894.0,8.0,74.0,36.0,38.0,33.5,0.7,1.9,0.386,1.5,0.1,0.1,0.4,0.4
Paul Millsap,ATL,2014-15,73.0,32.73972602739726,5.910224089635854,24.83148148148148,4708.0,4684.0,2.0,73.0,55.0,18.0,32.7,0.5,1.5,0.313,1.0,0.0,0.1,0.1,0.317
Paul Millsap,ATL,2015-16,81.0,32.67901234567901,6.329976019184652,24.84008620689655,5357.0,5324.0,10.0,81.0,48.0,33.0,32.7,0.6,1.6,0.379,1.3,0.0,0.2,0.167,0.39
Paul Millsap,ATL,2016-17,69.0,33.95652173913044,7.948974008207934,25.065560165975104,4765.0,4737.0,8.0,69.0,40.0,29.0,34.0,1.4,2.9,0.48,2.8,0.1,0.3,0.3,0.495
Paul Millsap,DEN,2017-18,38.0,30.105263157894736,7.088509316770186,25.183185840707964,2282.0,2290.0,1.0,38.0,22.0,16.0,30.1,1.1,2.7,0.385,2.2,0.1,0.4,0.188,0.399
Paul Pierce,BKN,2013-14,75.0,27.973333333333333,8.756067961165048,25.206333333333333,3994.0,3990.0,13.0,75.0,42.0,33.0,28.0,1.0,2.5,0.424,2.1,0.1,0.3,0.208,0.438
Paul Pierce,WAS,2014-15,73.0,26.21917808219178,9.91501416430595,25.36270627062706,3795.0,3767.0,14.0,73.0,40.0,33.0,26.2,1.0,2.4,0.418,2.0,0.0,0.2,0.083,0.421
Paul Pierce,LAC,2015-16,68.0,18.08823529411765,11.930967741935484,25.29462809917355,2439.0,2413.0,5.0,68.0,44.0,24.0,18.1,0.7,1.5,0.455,1.4,0.1,0.2,0.286,0.475
Paul Zipser,CHI,2016-17,44.0,19.15909090909091,9.230327868852456,25.526262626262625,1674.0,1678.0,2.0,44.0,21.0,23.0,19.2,0.4,1.2,0.314,0.7,0.0,0.2,0.0,0.314
Paul Zipser,CHI,2017-18,54.0,15.25925925925926,10.528225806451612,25.19181818181818,1610.0,1624.0,3.0,54.0,17.0,37.0,15.3,0.2,1.0,0.214,0.5,0.0,0.2,0.1,0.223
Payton Pritchard,BOS,2025-26,79.0,32.35443037974684,9.365028355387524,26.901601423487545,5025.0,5019.0,4.0,79.0,54.0,25.0,32.3,2.8,6.4,0.432,6.5,1.0,3.0,0.322,0.508
Pelle Larsson,MIA,2025-26,70.0,26.414285714285715,4.229700272479564,25.255208333333332,3977.0,3999.0,27.0,70.0,38.0,32.0,26.4,0.2,0.6,0.3,0.4,0.0,0.2,0.176,0.338
Pero Antic,ATL,2013-14,49.0,18.877551020408163,6.873170731707317,24.95614035087719,1838.0,1792.0,3.0,50.0,23.0,27.0,18.5,0.1,0.3,0.412,0.3,0.0,0.1,0.25,0.441
Pero Antic,ATL,2014-15,63.0,16.46031746031746,7.505691056910569,25.061849710982656,2057.0,2051.0,6.0,63.0,46.0,17.0,16.5,0.1,0.2,0.308,0.1,0.0,0.0,0.0,0.308
Pete Nance,MIL,2025-26,47.0,15.680851063829786,3.8573333333333335,25.40084033613445,1460.0,1481.0,0.0,47.0,14.0,33.0,15.7,0.0,0.3,0.167,0.1,0.0,0.2,0.25,0.25
Peyton Watson,DEN,2025-26,54.0,29.59259259259259,6.3304687500000005,25.12994923857868,3255.0,3283.0,7.0,54.0,36.0,18.0,29.6,0.9,2.5,0.353,1.9,0.1,0.7,0.205,0.383
Phil Pressey,BOS,2013-14,75.0,15.093333333333334,9.774149659863946,25.800943396226415,2185.0,2188.0,0.0,75.0,23.0,52.0,15.1,0.3,1.1,0.226,0.6,0.1,0.3,0.174,0.25
Precious Achiuwa,SAC,2025-26,73.0,23.904109589041095,4.378642714570858,25.197938144329896,3559.0,3604.0,3.0,73.0,20.0,53.0,23.9,0.2,0.7,0.321,0.5,0.0,0.1,0.0,0.321
Quentin Grimes,PHI,2025-26,75.0,29.413333333333338,5.5658666666666665,25.653157894736843,4570.0,4616.0,17.0,75.0,42.0,33.0,29.4,0.8,2.8,0.281,2.0,0.4,1.7,0.24,0.355
Quenton Jackson,IND,2025-26,49.0,18.306122448979593,5.118571428571429,26.01186440677966,1923.0,1923.0,22.0,49.0,10.0,39.0,18.3,0.4,1.3,0.292,1.0,0.2,0.8,0.27,0.369
Quincy Acy,NYK,2014-15,68.0,18.926470588235293,10.12509225092251,25.128333333333337,2437.0,2457.0,7.0,68.0,12.0,56.0,18.9,0.1,0.4,0.296,0.2,0.0,0.1,0.0,0.296
Quincy Acy,BKN,2017-18,70.0,19.414285714285715,6.628767123287671,24.790753424657535,2767.0,2753.0,9.0,70.0,26.0,44.0,19.4,0.1,0.2,0.333,0.2,0.0,0.1,0.286,0.4
Quincy Miller,DEN,2013-14,52.0,15.173076923076923,7.848765432098766,24.564893617021276,1629.0,1649.0,2.0,52.0,21.0,31.0,15.2,0.3,1.2,0.29,0.8,0.1,0.3,0.231,0.315
Quincy Pondexter,"MEM,NOP",2014-15,75.0,23.906666666666663,6.295566502463054,25.118032786885248,3396.0,3403.0,9.0,75.0,48.0,27.0,23.9,0.3,0.9,0.324,0.7,0.2,0.4,0.364,0.412
Quinn Cook,GSW,2017-18,33.0,22.424242424242426,10.566891891891892,25.57884615384615,1489.0,1498.0,1.0,33.0,21.0,12.0,22.4,1.7,3.6,0.483,4.0,0.6,1.4,0.413,0.564
Quinten Post,GSW,2025-26,67.0,17.29850746268657,5.45679012345679,25.212274368231046,2391.0,2389.0,4.0,67.0,32.0,35.0,17.3,0.2,0.5,0.375,0.4,0.1,0.3,0.211,0.438
RJ Barrett,TOR,2025-26,57.0,30.28070175438597,4.641838649155722,25.243816254416963,3547.0,3560.0,7.0,57.0,34.0,23.0,30.3,0.5,1.4,0.338,1.0,0.1,0.3,0.294,0.37
Rajon Rondo,BOS,2013-14,30.0,33.266666666666666,7.236153846153846,25.36111111111111,1954.0,1938.0,8.0,30.0,6.0,24.0,33.3,1.5,3.8,0.4,3.6,0.5,1.7,0.32,0.47
Rajon Rondo,"BOS,DAL",2014-15,68.0,29.676470588235293,9.290876565295171,24.86627906976744,4075.0,4067.0,24.0,68.0,34.0,34.0,29.7,0.9,2.8,0.301,1.8,0.1,0.4,0.231,0.316
Rajon Rondo,SAC,2015-16,72.0,35.236111111111114,7.5967320261437905,24.98,5321.0,5314.0,12.0,72.0,29.0,43.0,35.2,0.9,2.6,0.347,2.1,0.2,0.7,0.362,0.392
Rajon Rondo,CHI,2016-17,69.0,26.71014492753623,8.061915887850468,24.545864661654136,3667.0,3656.0,11.0,69.0,34.0,35.0,26.7,0.6,2.0,0.296,1.2,0.1,0.3,0.2,0.311
Rajon Rondo,NOP,2017-18,65.0,26.23076923076923,5.697383720930233,24.718666666666667,3600.0,3594.0,8.0,65.0,41.0,24.0,26.2,0.7,1.7,0.391,1.6,0.3,0.7,0.413,0.477
Ramon Sessions,"CHA,MIL",2013-14,83.0,26.674698795180724,5.991627906976744,25.88951612903226,4283.0,4288.0,13.0,83.0,30.0,53.0,26.7,0.6,2.0,0.303,1.3,0.1,0.5,0.256,0.333
Ramon Sessions,"SAC,WAS",2014-15,64.0,18.5625,6.951094890510949,25.258333333333333,2276.0,2291.0,11.0,64.0,26.0,38.0,18.6,0.5,1.4,0.368,1.1,0.1,0.2,0.467,0.408
Ramon Sessions,WAS,2015-16,82.0,20.32926829268293,5.344074844074844,25.329729729729728,3417.0,3420.0,10.0,82.0,41.0,41.0,20.3,0.6,1.5,0.429,1.3,0.0,0.2,0.222,0.445
Ramon Sessions,CHA,2016-17,50.0,16.22,6.940796019900497,25.006451612903227,1640.0,1643.0,7.0,50.0,23.0,27.0,16.2,0.5,1.5,0.342,1.2,0.1,0.3,0.375,0.382
Randy Foye,DEN,2013-14,81.0,30.679012345679013,9.93633952254642,25.543975903614456,5114.0,5099.0,14.0,81.0,36.0,45.0,30.7,1.4,3.4,0.414,3.5,0.7,1.8,0.387,0.513
Randy Foye,DEN,2014-15,50.0,21.72,10.53093525179856,25.758174904942965,2188.0,2185.0,6.0,50.0,15.0,35.0,21.7,0.9,2.5,0.355,2.3,0.5,1.5,0.355,0.464
Randy Foye,"DEN,OKC",2015-16,81.0,20.25925925925926,9.69008620689655,25.205599999999997,3229.0,3253.0,9.0,81.0,37.0,44.0,20.3,0.6,1.9,0.321,1.5,0.3,0.9,0.333,0.394
Randy Foye,BKN,2016-17,69.0,18.60869565217391,6.823770491803279,25.76305418719212,2698.0,2707.0,3.0,69.0,17.0,52.0,18.6,0.4,1.3,0.31,1.1,0.3,0.9,0.306,0.42
Rashard Lewis,MIA,2013-14,60.0,16.183333333333334,7.877450980392157,24.16865671641791,1811.0,1826.0,5.0,60.0,41.0,19.0,16.2,0.1,0.4,0.364,0.3,0.0,0.0,1.0,0.386
Rasual Butler,WAS,2014-15,75.0,20.053333333333335,11.854964539007092,24.957872340425535,2908.0,2905.0,6.0,75.0,39.0,36.0,20.1,0.5,1.6,0.322,1.1,0.1,0.4,0.233,0.351
Raul Neto,UTA,2015-16,81.0,18.506172839506178,8.068359375,24.859259259259257,2805.0,2799.0,17.0,81.0,40.0,41.0,18.5,0.6,1.5,0.398,1.3,0.2,0.4,0.448,0.453
Ray Allen,MIA,2013-14,73.0,26.52054794520548,9.375641025641023,24.899676375404532,3637.0,3614.0,5.0,73.0,47.0,26.0,26.5,0.6,1.4,0.402,1.2,0.1,0.4,0.222,0.431
Ray McCallum,SAC,2013-14,45.0,19.933333333333337,11.052282157676348,24.82033898305085,1729.0,1742.0,0.0,45.0,16.0,29.0,19.9,0.7,2.6,0.261,1.4,0.0,0.2,0.222,0.269
Ray McCallum,SAC,2014-15,68.0,21.11764705882353,7.828969359331476,25.147747747747747,2863.0,2873.0,8.0,68.0,22.0,46.0,21.1,0.8,2.2,0.367,1.7,0.1,0.4,0.259,0.39
Rayan Rupert,"MEM,POR",2025-26,64.0,16.75,5.80225988700565,24.726470588235298,2240.0,2271.0,2.0,64.0,29.0,35.0,16.8,0.3,0.8,0.358,0.7,0.1,0.4,0.348,0.434
Raymond Felton,NYK,2013-14,65.0,31.03076923076923,9.561985472154964,25.25692307692308,3801.0,3778.0,20.0,65.0,31.0,34.0,31.0,1.2,3.4,0.368,2.8,0.3,1.0,0.258,0.407
Raymond Felton,DAL,2015-16,80.0,27.4,9.33816631130064,25.28638497652582,4287.0,4310.0,11.0,80.0,40.0,40.0,27.4,1.0,3.1,0.324,2.2,0.2,0.9,0.222,0.357
Raymond Felton,LAC,2016-17,80.0,21.25,9.05972972972973,26.875,3383.0,3397.0,8.0,80.0,50.0,30.0,21.2,0.9,2.5,0.35,2.0,0.2,0.7,0.268,0.387
Raymond Felton,OKC,2017-18,82.0,16.646341463414632,10.827018633540373,26.666086956521735,2628.0,2628.0,6.0,82.0,48.0,34.0,16.6,1.1,3.1,0.362,2.5,0.3,1.0,0.279,0.409
Reed Sheppard,HOU,2025-26,82.0,26.182926829268293,9.494324324324324,26.523958333333333,4349.0,4297.0,2.0,82.0,52.0,30.0,26.2,1.7,4.3,0.39,4.2,0.9,2.3,0.37,0.489
Reggie Bullock,DET,2016-17,31.0,15.064516129032258,7.087272727272728,25.182191780821917,933.0,927.0,1.0,31.0,13.0,18.0,15.1,0.1,0.4,0.308,0.3,0.0,0.0,0.0,0.308
Reggie Bullock,DET,2017-18,62.0,27.93548387096774,7.619245283018867,25.31103202846975,3488.0,3476.0,1.0,62.0,32.0,30.0,27.9,0.8,1.8,0.44,1.8,0.3,0.6,0.45,0.523
Reggie Evans,"BKN,SAC",2013-14,54.0,16.64814814814815,3.518,0.0,1724.0,1719.0,3.0,54.0,18.0,36.0,16.6,0.0,0.0,0.0,0.0,0.0,0.0,0.0,0.0
Reggie Evans,SAC,2014-15,47.0,16.25531914893617,3.294074074074074,24.45,1455.0,1450.0,2.0,47.0,16.0,31.0,16.3,0.0,0.1,0.0,0.0,0.0,0.0,0.0,0.0
Reggie Jackson,OKC,2013-14,80.0,28.475,7.737555886736214,26.63142857142857,4513.0,4503.0,9.0,80.0,57.0,23.0,28.5,1.5,4.1,0.378,3.4,0.3,1.0,0.321,0.418
Reggie Jackson,"DET,OKC",2014-15,77.0,29.454545454545453,8.340397350993378,25.74854771784232,4389.0,4384.0,13.0,77.0,37.0,40.0,29.5,2.1,5.5,0.385,4.7,0.5,1.5,0.33,0.428
Reggie Jackson,DET,2015-16,79.0,30.68354430379747,7.358021978021978,25.941616766467067,4819.0,4802.0,18.0,79.0,43.0,36.0,30.7,2.7,6.7,0.395,6.2,0.9,2.6,0.35,0.462
Reggie Jackson,DET,2016-17,52.0,27.384615384615383,8.626977687626775,26.202173913043477,2816.0,2796.0,14.0,52.0,23.0,29.0,27.4,2.5,6.3,0.403,5.8,0.7,2.0,0.365,0.462
Reggie Jackson,DET,2017-18,45.0,26.68888888888889,9.192401960784316,26.340828402366867,2370.0,2374.0,8.0,45.0,27.0,18.0,26.7,2.3,5.8,0.399,5.2,0.5,1.8,0.296,0.445
Richard Jefferson,UTA,2013-14,82.0,26.97560975609756,9.275070821529743,24.32823920265781,4185.0,4187.0,11.0,82.0,25.0,57.0,27.0,0.5,1.4,0.33,1.0,0.1,0.3,0.429,0.371
Richard Jefferson,DAL,2014-15,74.0,16.81081081081081,6.598816568047337,24.24709677419355,2459.0,2503.0,7.0,74.0,46.0,28.0,16.8,0.2,0.6,0.409,0.6,0.1,0.3,0.45,0.511
Richard Jefferson,CLE,2015-16,74.0,17.905405405405407,6.72158273381295,24.45317919075144,2578.0,2568.0,10.0,74.0,51.0,23.0,17.9,0.3,0.6,0.432,0.6,0.1,0.2,0.615,0.523
Richard Jefferson,CLE,2016-17,79.0,20.43037974683544,4.811464968152866,24.71666666666667,3225.0,3216.0,16.0,79.0,50.0,29.0,20.4,0.1,0.4,0.281,0.3,0.0,0.2,0.154,0.313
Richaun Holmes,PHI,2016-17,57.0,20.92982456140351,4.742686567164179,25.2025974025974,2439.0,2469.0,2.0,57.0,16.0,41.0,20.9,0.0,0.2,0.167,0.1,0.0,0.0,0.0,0.167
Richaun Holmes,PHI,2017-18,48.0,15.541666666666666,4.748095238095238,26.403225806451612,1546.0,1560.0,1.0,48.0,30.0,18.0,15.5,0.1,0.2,0.5,0.2,0.0,0.1,0.0,0.5
Ricky Rubio,MIN,2013-14,82.0,32.170731707317074,8.502048417132217,25.043609022556392,5430.0,5429.0,36.0,82.0,40.0,42.0,32.2,0.7,2.4,0.299,1.5,0.0,0.1,0.273,0.307
Ricky Rubio,MIN,2015-16,76.0,30.56578947368421,12.086868686868684,25.02263157894737,4625.0,4618.0,42.0,76.0,28.0,48.0,30.6,1.1,3.1,0.357,2.3,0.1,0.3,0.28,0.372
Ricky Rubio,MIN,2016-17,75.0,32.92,12.09933920704846,25.47244897959184,4879.0,4850.0,23.0,75.0,28.0,47.0,32.9,1.6,3.7,0.432,3.3,0.1,0.4,0.222,0.443
Ricky Rubio,UTA,2017-18,77.0,29.272727272727273,11.39115523465704,24.984981684981683,4458.0,4461.0,32.0,77.0,44.0,33.0,29.3,2.1,5.1,0.421,4.5,0.3,1.0,0.284,0.447
Robbie Hummel,MIN,2014-15,45.0,16.488888888888887,13.223140495867767,24.2,1438.0,1450.0,7.0,45.0,5.0,40.0,16.5,0.1,0.3,0.286,0.2,0.0,0.0,0.0,0.286
Robert Covington,PHI,2014-15,70.0,27.942857142857143,5.9396774193548385,25.541031390134528,3866.0,3855.0,7.0,70.0,18.0,52.0,27.9,0.4,1.5,0.301,1.1,0.2,0.8,0.309,0.383
Robert Covington,PHI,2015-16,67.0,28.402985074626866,4.666956521739131,25.779460580912865,3897.0,3882.0,8.0,67.0,10.0,57.0,28.4,0.3,1.1,0.247,0.7,0.2,0.8,0.212,0.322
Robert Covington,PHI,2016-17,67.0,31.62686567164179,4.0571874999999995,25.502669902912626,4353.0,4361.0,8.0,67.0,27.0,40.0,31.6,0.4,0.8,0.481,1.0,0.2,0.5,0.469,0.625
Robert Covington,PHI,2017-18,80.0,31.6375,6.687762237762238,26.08,5221.0,5229.0,9.0,80.0,51.0,29.0,31.6,0.4,1.0,0.361,0.9,0.2,0.5,0.342,0.44
Robert Sacre,LAL,2013-14,65.0,16.753846153846155,7.766666666666667,0.0,2241.0,2251.0,6.0,65.0,20.0,45.0,16.8,0.1,0.4,0.25,0.2,0.0,0.0,0.0,0.25
Robert Sacre,LAL,2014-15,67.0,16.91044776119403,10.34,26.8,2201.0,2202.0,4.0,67.0,19.0,48.0,16.9,0.2,0.6,0.41,0.5,0.0,0.0,0.0,0.41
Robert Williams,POR,2025-26,59.0,17.084745762711865,2.5127753303964755,23.682608695652178,2104.0,2108.0,0.0,59.0,30.0,29.0,17.1,0.0,0.0,1.0,0.0,0.0,0.0,0.0,1.0
Robin Lopez,POR,2013-14,82.0,31.75609756097561,4.6794712286158635,68.3,5117.0,5109.0,6.0,82.0,54.0,28.0,31.8,0.1,0.3,0.24,0.1,0.0,0.0,0.0,0.24
Robin Lopez,POR,2014-15,59.0,27.76271186440678,4.914908256880734,24.3,3160.0,3198.0,7.0,59.0,38.0,21.0,27.8,0.1,0.2,0.667,0.2,0.0,0.0,0.0,0.667
Robin Lopez,NYK,2015-16,82.0,27.0609756097561,5.04659606656581,22.5,4266.0,4266.0,6.0,82.0,32.0,50.0,27.1,0.1,0.4,0.333,0.2,0.0,0.0,0.0,0.333
Robin Lopez,CHI,2016-17,81.0,28.03703703703704,8.733635187580854,25.85,4490.0,4467.0,3.0,81.0,40.0,41.0,28.0,0.1,0.4,0.414,0.3,0.0,0.0,0.0,0.414
Robin Lopez,CHI,2017-18,64.0,26.40625,7.692076069730586,25.49285714285714,3435.0,3424.0,5.0,64.0,23.0,41.0,26.4,0.2,0.6,0.289,0.4,0.0,0.0,0.5,0.303
Rodney Hood,UTA,2014-15,50.0,21.28,9.763235294117647,25.375882352941176,1979.0,1986.0,1.0,50.0,27.0,23.0,21.3,0.9,2.4,0.38,2.1,0.2,0.7,0.297,0.426
Rodney Hood,UTA,2015-16,79.0,32.164556962025316,9.27074569789675,24.75300668151448,4724.0,4697.0,6.0,79.0,39.0,40.0,32.2,1.9,4.8,0.394,4.4,0.6,1.9,0.324,0.458
Rodney Hood,UTA,2016-17,59.0,27.0,9.762116991643454,25.160260586319215,2999.0,3002.0,3.0,59.0,40.0,19.0,27.0,1.7,4.3,0.402,4.0,0.5,1.7,0.327,0.465
Rodney Hood,"CLE,UTA",2017-18,60.0,26.933333333333337,10.940191387559809,25.49099099099099,3220.0,3228.0,7.0,60.0,29.0,31.0,26.9,1.9,4.7,0.405,4.4,0.7,1.8,0.37,0.477
Rodney McGruder,MIA,2016-17,78.0,25.205128205128204,6.605416666666667,24.53227272727273,3837.0,3852.0,12.0,78.0,40.0,38.0,25.2,0.2,0.7,0.255,0.4,0.0,0.2,0.176,0.282
Rodney Stuckey,DET,2013-14,73.0,26.71232876712329,9.069803921568626,25.84090909090909,3822.0,3809.0,10.0,73.0,27.0,46.0,26.7,1.5,3.8,0.391,3.0,0.0,0.1,0.0,0.391
Rodney Stuckey,IND,2014-15,71.0,26.380281690140844,9.60668841761827,25.43758865248227,3620.0,3617.0,17.0,71.0,34.0,37.0,26.4,1.5,4.0,0.379,3.2,0.2,0.5,0.333,0.402
Rodney Stuckey,IND,2015-16,58.0,21.982758620689655,9.761666666666668,26.136144578313257,2528.0,2527.0,12.0,58.0,33.0,25.0,22.0,1.1,2.7,0.384,2.2,0.1,0.3,0.2,0.393
Rodney Stuckey,IND,2016-17,39.0,17.846153846153847,10.466304347826089,26.63,1368.0,1364.0,4.0,39.0,17.0,22.0,17.9,0.9,2.6,0.37,2.1,0.2,0.3,0.462,0.4
Ron Baker,NYK,2016-17,52.0,16.48076923076923,6.527692307692308,26.166279069767445,1672.0,1694.0,8.0,52.0,14.0,38.0,16.5,0.3,1.0,0.327,0.8,0.1,0.3,0.294,0.375
Ronald Holland,DET,2025-26,78.0,19.871794871794872,4.148405797101449,24.49899497487437,3190.0,3237.0,28.0,78.0,56.0,22.0,19.9,0.1,0.5,0.154,0.2,0.0,0.2,0.143,0.179
Rondae Hollis Jefferson,BKN,2015-16,29.0,21.20689655172414,7.834677419354839,25.364285714285717,1229.0,1246.0,6.0,29.0,7.0,22.0,21.2,0.3,0.8,0.348,0.6,0.0,0.1,0.5,0.37
Rondae Hollis Jefferson,BKN,2016-17,78.0,22.576923076923077,5.562736842105264,25.117910447761194,3729.0,3768.0,9.0,78.0,19.0,59.0,22.6,0.3,0.9,0.375,0.7,0.0,0.1,0.4,0.389
Rondae Hollis Jefferson,BKN,2017-18,68.0,28.25,6.735074626865671,24.857407407407408,3937.0,3976.0,17.0,68.0,26.0,42.0,28.2,1.0,2.2,0.454,2.0,0.0,0.0,0.0,0.454
Ronnie Price,LAL,2014-15,43.0,22.837209302325583,9.29035087719298,25.84862385321101,1920.0,1922.0,13.0,43.0,13.0,30.0,22.8,0.4,1.8,0.234,0.9,0.1,0.7,0.1,0.253
Ronnie Price,PHX,2015-16,62.0,19.532258064516128,8.963207547169812,25.230102040816327,2467.0,2477.0,14.0,62.0,20.0,42.0,19.5,0.5,1.5,0.356,1.2,0.2,0.8,0.271,0.428
Ronny Turiaf,MIN,2013-14,31.0,19.548387096774192,2.766355140186916,0.0,1195.0,1199.0,5.0,31.0,16.0,15.0,19.5,0.0,0.1,0.5,0.1,0.0,0.0,0.0,0.5
Roy Hibbert,IND,2013-14,81.0,29.74074074074074,7.881842456608812,25.0,4577.0,4566.0,5.0,81.0,55.0,26.0,29.7,0.3,0.7,0.382,0.5,0.0,0.0,1.0,0.391
Roy Hibbert,IND,2014-15,76.0,25.355263157894736,8.953531073446328,26.25,3654.0,3655.0,11.0,76.0,34.0,42.0,25.3,0.3,0.8,0.344,0.6,0.0,0.0,0.0,0.344
Roy Hibbert,LAL,2015-16,81.0,23.185185185185187,8.689486552567237,25.15,3727.0,3739.0,5.0,81.0,17.0,64.0,23.2,0.1,0.3,0.429,0.3,0.0,0.0,0.0,0.429
Royce ONeale,UTA,2017-18,69.0,16.652173913043477,4.903012048192771,25.170338983050847,2267.0,2281.0,12.0,69.0,43.0,26.0,16.7,0.3,0.7,0.426,0.7,0.1,0.3,0.375,0.521
Royce ONeale,PHX,2025-26,78.0,28.371794871794872,5.226666666666667,26.557032755298653,4548.0,4546.0,7.0,78.0,43.0,35.0,28.4,0.7,1.7,0.397,1.9,0.6,1.5,0.386,0.565
Rudy Gay,"SAC,TOR",2013-14,73.0,34.67123287671233,9.025560081466397,25.206598984771578,4948.0,4955.0,6.0,73.0,27.0,46.0,34.7,2.3,5.6,0.415,4.9,0.3,0.8,0.306,0.438
Rudy Gay,SAC,2014-15,68.0,35.411764705882355,9.102566964285714,25.28318181818182,4788.0,4800.0,8.0,68.0,25.0,43.0,35.4,2.6,6.0,0.441,5.6,0.4,0.9,0.375,0.47
Rudy Gay,SAC,2015-16,70.0,33.98571428571429,7.872222222222223,24.81720930232558,4944.0,4927.0,6.0,70.0,29.0,41.0,34.0,1.5,3.5,0.419,3.1,0.2,0.5,0.343,0.444
Rudy Gay,SAC,2016-17,30.0,33.766666666666666,8.642857142857142,25.99734513274336,2008.0,2008.0,4.0,30.0,11.0,19.0,33.8,1.4,4.1,0.339,3.0,0.2,0.7,0.318,0.367
Rudy Gay,SAS,2017-18,57.0,21.596491228070175,8.128639618138426,26.771186440677965,2424.0,2417.0,3.0,57.0,36.0,21.0,21.6,1.4,3.0,0.456,2.9,0.1,0.4,0.292,0.477
Rudy Gobert,UTA,2014-15,82.0,26.317073170731707,2.0096470588235293,16.75,4030.0,4054.0,9.0,82.0,38.0,44.0,26.3,0.0,0.0,0.0,0.0,0.0,0.0,0.0,0.0
Rudy Gobert,UTA,2015-16,61.0,31.672131147540984,2.1437853107344633,0.0,3613.0,3620.0,4.0,61.0,33.0,28.0,31.7,0.0,0.0,0.0,0.0,0.0,0.0,0.0,0.0
Rudy Gobert,UTA,2016-17,81.0,33.876543209876544,1.6041666666666667,45.4,5173.0,5156.0,18.0,81.0,51.0,30.0,33.9,0.0,0.0,0.0,0.0,0.0,0.0,0.0,0.0
Rudy Gobert,UTA,2017-18,56.0,32.42857142857143,2.881081081081081,0.0,3640.0,3623.0,6.0,56.0,37.0,19.0,32.4,0.0,0.0,0.5,0.0,0.0,0.0,0.0,0.5
Rudy Gobert,MIN,2025-26,76.0,31.31578947368421,2.022222222222222,24.78,4929.0,4966.0,4.0,76.0,46.0,30.0,31.3,0.0,0.0,0.0,0.0,0.0,0.0,0.0,0.0
Rui Hachimura,LAL,2025-26,68.0,28.33823529411765,9.871044776119405,24.93931297709924,3979.0,3991.0,1.0,68.0,47.0,21.0,28.3,1.4,2.7,0.538,3.0,0.1,0.2,0.417,0.552
Russell Westbrook,OKC,2013-14,46.0,30.695652173913043,8.225476603119585,25.423831775700933,2894.0,2892.0,5.0,46.0,34.0,12.0,30.7,3.4,8.7,0.394,7.9,1.1,3.3,0.336,0.459
Russell Westbrook,OKC,2014-15,67.0,34.35820895522388,8.38808114961961,25.518749999999997,4709.0,4685.0,16.0,67.0,40.0,27.0,34.4,3.9,10.7,0.363,8.6,0.8,3.1,0.259,0.399
Russell Westbrook,OKC,2015-16,80.0,34.375,7.019220308250227,25.364516129032257,5578.0,5592.0,17.0,80.0,55.0,25.0,34.4,3.0,8.0,0.378,6.9,0.8,2.9,0.285,0.43
Russell Westbrook,OKC,2016-17,81.0,34.592592592592595,8.881885125184095,25.360205831903944,5784.0,5769.0,6.0,81.0,46.0,35.0,34.6,4.7,12.4,0.376,11.0,1.7,5.0,0.347,0.445
Russell Westbrook,OKC,2017-18,80.0,36.425,8.482145481263776,25.855214723926377,5945.0,5922.0,7.0,80.0,47.0,33.0,36.4,3.5,9.9,0.359,7.9,0.8,2.8,0.28,0.399
Russell Westbrook,SAC,2025-26,64.0,28.953125,7.412391304347826,25.449868073878623,3882.0,3888.0,2.0,64.0,16.0,48.0,28.9,1.4,3.8,0.367,3.2,0.4,1.3,0.31,0.42
Ryan Anderson,NOP,2014-15,61.0,27.459016393442624,8.503513513513514,25.688022284122564,3208.0,3185.0,6.0,61.0,33.0,28.0,27.5,0.9,2.8,0.306,1.8,0.1,0.6,0.205,0.329
Ryan Anderson,NOP,2015-16,66.0,30.424242424242426,9.497898423817864,25.808100558659216,4105.0,4053.0,8.0,66.0,24.0,42.0,30.4,1.9,4.2,0.439,4.0,0.2,0.6,0.381,0.468
Ryan Anderson,HOU,2016-17,72.0,29.40277777777778,8.296629213483145,26.026284584980235,4374.0,4349.0,9.0,72.0,50.0,22.0,29.4,0.7,1.8,0.379,1.5,0.2,0.5,0.306,0.42
Ryan Anderson,HOU,2017-18,66.0,26.136363636363637,7.616312056737589,26.46755162241888,3502.0,3482.0,2.0,66.0,52.0,14.0,26.1,0.5,1.2,0.462,1.2,0.1,0.4,0.32,0.513
Ryan Dunn,PHX,2025-26,70.0,19.357142857142858,3.708290155440414,24.15621301775148,2677.0,2741.0,5.0,70.0,40.0,30.0,19.4,0.0,0.3,0.111,0.1,0.0,0.1,0.111,0.139
Ryan Kalkbrenner,CHA,2025-26,69.0,21.434782608695652,2.13041958041958,25.380000000000003,3042.0,3020.0,0.0,69.0,39.0,30.0,21.4,0.0,0.0,0.0,0.0,0.0,0.0,0.0,0.0
Ryan Kelly,LAL,2013-14,59.0,22.23728813559322,8.296069868995634,25.080281690140847,2729.0,2735.0,15.0,59.0,15.0,44.0,22.2,0.5,1.2,0.386,0.9,0.0,0.1,0.333,0.393
Ryan Kelly,LAL,2014-15,52.0,23.71153846153846,9.576571428571429,25.199253731343283,2369.0,2367.0,1.0,52.0,11.0,41.0,23.7,0.3,1.5,0.234,0.7,0.0,0.1,0.286,0.247
Ryan Nembhard,DAL,2025-26,60.0,19.516666666666666,11.384313725490196,26.024444444444445,2422.0,2445.0,1.0,60.0,20.0,40.0,19.5,1.4,3.6,0.38,3.1,0.3,0.9,0.345,0.424
Ryan Rollins,MIL,2025-26,74.0,32.0945945945946,7.6533795493934145,25.698675496688743,4828.0,4861.0,3.0,74.0,29.0,45.0,32.1,2.5,5.9,0.429,6.2,1.1,2.9,0.393,0.525
Saddiq Bey,NOP,2025-26,72.0,31.194444444444443,5.155675675675676,25.07281553398058,4683.0,4718.0,4.0,72.0,24.0,48.0,31.2,1.0,2.9,0.332,2.4,0.5,1.5,0.336,0.418
Sam Dekker,HOU,2016-17,77.0,18.428571428571427,2.9272727272727272,25.19465240641711,2920.0,2921.0,5.0,77.0,52.0,25.0,18.4,0.2,0.4,0.387,0.4,0.1,0.3,0.333,0.5
Sam Hauser,BOS,2025-26,78.0,24.794871794871796,10.061855670103093,26.021825396825395,3837.0,3831.0,7.0,78.0,54.0,24.0,24.8,0.7,1.7,0.415,1.9,0.4,1.1,0.379,0.537
Sam Merrill,CLE,2025-26,52.0,26.48076923076923,7.2394495412844035,25.547466666666665,2870.0,2856.0,15.0,52.0,37.0,15.0,26.5,0.9,2.6,0.358,2.5,0.7,1.9,0.357,0.489
Samuel Dalembert,DAL,2013-14,80.0,20.175,3.956648936170213,75.1,3128.0,3123.0,7.0,80.0,48.0,32.0,20.2,0.0,0.1,0.429,0.1,0.0,0.0,0.0,0.429
Samuel Dalembert,NYK,2014-15,32.0,17.0,7.182307692307693,0.0,1004.0,1020.0,1.0,32.0,5.0,27.0,17.0,0.1,0.3,0.3,0.2,0.0,0.0,0.0,0.3
Sandro Mamukelashvili,TOR,2025-26,80.0,21.8875,3.217313432835821,25.57162162162162,3602.0,3623.0,3.0,80.0,44.0,36.0,21.9,0.1,0.3,0.308,0.3,0.1,0.1,0.444,0.385
Santi Aldama,MEM,2025-26,43.0,27.86046511627907,6.010144927536231,25.203000000000003,2537.0,2540.0,7.0,43.0,19.0,24.0,27.9,0.6,1.6,0.353,1.3,0.2,0.5,0.364,0.412
Scoot Henderson,POR,2025-26,30.0,24.933333333333337,7.025555555555555,25.48641975308642,1581.0,1577.0,9.0,30.0,18.0,12.0,24.9,1.4,3.8,0.381,3.6,0.7,2.2,0.323,0.473
Scottie Barnes,TOR,2025-26,80.0,33.5125,6.884093437152392,25.37544642857143,5511.0,5507.0,18.0,80.0,45.0,35.0,33.5,1.5,3.4,0.427,3.1,0.2,0.5,0.308,0.449
Sean Kilpatrick,"BKN,DEN",2015-16,31.0,19.870967741935484,7.382051282051282,24.742982456140354,1244.0,1247.0,5.0,31.0,7.0,24.0,19.9,0.8,1.9,0.424,1.8,0.2,0.5,0.294,0.466
Sean Kilpatrick,BKN,2016-17,70.0,25.057142857142857,6.970257611241218,25.732467532467535,3682.0,3668.0,7.0,70.0,14.0,56.0,25.1,1.1,2.7,0.396,2.6,0.5,1.2,0.393,0.484
Semaj Christon,OKC,2016-17,64.0,15.203125,8.079375,29.147619047619045,1886.0,1906.0,2.0,64.0,36.0,28.0,15.2,0.4,1.2,0.32,0.8,0.0,0.2,0.143,0.333
Semi Ojeleye,BOS,2017-18,73.0,15.753424657534246,5.723809523809524,24.6152,2260.0,2294.0,1.0,73.0,50.0,23.0,15.8,0.1,0.2,0.588,0.3,0.1,0.1,0.714,0.735
Serge Ibaka,OKC,2013-14,81.0,32.91358024691358,9.722766884531593,23.365,5333.0,5317.0,8.0,81.0,59.0,22.0,32.9,0.3,0.8,0.361,0.6,0.0,0.0,1.0,0.369
Serge Ibaka,OKC,2014-15,64.0,33.0625,10.767469879518073,24.616585365853656,4176.0,4176.0,6.0,64.0,35.0,29.0,33.1,0.4,1.0,0.426,0.8,0.0,0.1,0.4,0.443
Serge Ibaka,OKC,2015-16,78.0,32.05128205128205,11.398540145985402,24.13586956521739,5037.0,5046.0,4.0,78.0,54.0,24.0,32.1,0.3,0.6,0.449,0.6,0.0,0.0,0.0,0.449
Serge Ibaka,"ORL,TOR",2016-17,79.0,30.658227848101262,10.101203007518796,25.41451104100946,4796.0,4804.0,4.0,79.0,37.0,42.0,30.7,0.7,1.5,0.434,1.4,0.0,0.0,0.333,0.439
Serge Ibaka,TOR,2017-18,76.0,27.539473684210527,9.654209445585217,25.37104377104377,4269.0,4266.0,1.0,76.0,53.0,23.0,27.5,0.7,1.4,0.485,1.3,0.0,0.1,0.182,0.495
Sergey Karasev,BKN,2014-15,32.0,17.34375,6.9262500000000005,25.22222222222222,1085.0,1086.0,6.0,33.0,12.0,21.0,16.8,0.2,0.5,0.278,0.3,0.0,0.1,0.0,0.278
Sergio Rodriguez,PHI,2016-17,68.0,22.308823529411764,10.53661971830986,25.53690476190476,3061.0,3024.0,0.0,68.0,24.0,44.0,22.3,1.5,4.4,0.35,3.9,0.8,2.3,0.355,0.443
Seth Curry,SAC,2015-16,44.0,15.727272727272728,11.434513274336284,24.94324324324324,1433.0,1436.0,2.0,44.0,17.0,27.0,15.7,0.7,1.7,0.425,1.7,0.3,0.7,0.367,0.5
Seth Curry,DAL,2016-17,70.0,28.985714285714284,10.872703412073491,25.030434782608697,3870.0,3864.0,6.0,70.0,30.0,40.0,29.0,1.9,4.1,0.469,4.6,0.7,1.5,0.449,0.552
Shabazz Muhammad,MIN,2014-15,38.0,22.789473684210527,6.836994219653179,24.35686274509804,1720.0,1731.0,3.0,38.0,6.0,32.0,22.8,0.4,1.1,0.405,0.9,0.0,0.0,0.0,0.405
Shabazz Muhammad,MIN,2015-16,82.0,20.51219512195122,5.875614366729678,24.686184210526317,3304.0,3340.0,6.0,82.0,29.0,53.0,20.5,0.2,0.8,0.313,0.5,0.0,0.0,0.0,0.313
Shabazz Muhammad,MIN,2016-17,78.0,19.423076923076923,5.580353200883002,24.633103448275865,2970.0,2995.0,3.0,78.0,29.0,49.0,19.4,0.4,0.8,0.459,0.8,0.0,0.1,0.5,0.484
Shabazz Napier,MIA,2014-15,51.0,19.84313725490196,11.346363636363636,25.28559322033898,1873.0,1889.0,10.0,51.0,24.0,27.0,19.8,0.7,1.8,0.402,1.7,0.2,0.7,0.324,0.467
Shabazz Napier,POR,2017-18,74.0,20.74324324324324,10.615974440894568,25.294495412844036,3029.0,3017.0,23.0,74.0,46.0,28.0,20.7,1.3,3.3,0.397,3.0,0.3,1.2,0.287,0.447
Shaedon Sharpe,POR,2025-26,50.0,29.42,7.619572953736655,26.00457516339869,3123.0,3129.0,8.0,50.0,24.0,26.0,29.4,2.8,8.2,0.344,7.1,1.5,4.4,0.341,0.435
Shai Gilgeous Alexander,OKC,2025-26,68.0,33.220588235294116,8.783186705767351,25.77919463087248,4739.0,4728.0,4.0,68.0,56.0,12.0,33.2,5.6,11.1,0.5,12.5,1.4,3.6,0.384,0.562
Shane Battier,MIA,2013-14,73.0,20.10958904109589,5.401538461538462,24.56,2795.0,2806.0,5.0,73.0,49.0,24.0,20.1,0.0,0.2,0.2,0.1,0.0,0.1,0.125,0.233
Shane Larkin,NYK,2014-15,76.0,24.539473684210527,9.035759493670886,25.38189655172414,3496.0,3509.0,17.0,76.0,16.0,60.0,24.5,0.7,1.9,0.366,1.4,0.1,0.5,0.171,0.387
Shane Larkin,BKN,2015-16,78.0,22.44871794871795,8.91751269035533,24.866666666666667,3460.0,3474.0,16.0,78.0,20.0,58.0,22.4,1.0,2.8,0.363,2.2,0.2,0.7,0.365,0.407
Sharife Cooper,WAS,2025-26,41.0,17.073170731707318,6.484210526315789,25.214473684210525,1472.0,1490.0,6.0,41.0,6.0,35.0,17.1,1.0,2.1,0.46,2.2,0.3,0.9,0.343,0.529
Shaun Livingston,BKN,2013-14,76.0,25.973684210526315,7.322661122661122,25.133333333333336,3704.0,3691.0,12.0,76.0,42.0,34.0,26.0,1.0,2.2,0.457,2.0,0.0,0.0,0.0,0.457
Shaun Livingston,GSW,2014-15,78.0,18.82051282051282,8.64263959390863,37.7,2921.0,2927.0,7.0,78.0,64.0,14.0,18.8,1.1,2.2,0.477,2.1,0.0,0.0,0.0,0.477
Shaun Livingston,GSW,2015-16,78.0,19.474358974358974,9.106539509536784,26.066666666666663,3041.0,3059.0,5.0,78.0,69.0,9.0,19.5,1.2,2.3,0.503,2.3,0.0,0.0,0.0,0.503
Shaun Livingston,GSW,2016-17,76.0,17.69736842105263,10.225239616613418,50.06666666666666,2662.0,2681.0,5.0,76.0,63.0,13.0,17.7,1.1,2.3,0.48,2.2,0.0,0.0,0.0,0.48
Shaun Livingston,GSW,2017-18,71.0,15.901408450704226,9.468343195266272,33.06,2266.0,2298.0,2.0,71.0,49.0,22.0,15.9,1.2,2.8,0.439,2.4,0.0,0.0,0.0,0.439
Shawn Marion,DAL,2013-14,76.0,31.69736842105263,5.718681318681319,24.29567901234568,4682.0,4730.0,2.0,76.0,44.0,32.0,31.7,0.4,1.1,0.354,0.8,0.0,0.0,0.0,0.354
Shawn Marion,CLE,2014-15,57.0,19.31578947368421,4.713574660633484,23.86086956521739,2097.0,2116.0,4.0,57.0,36.0,21.0,19.3,0.2,0.5,0.4,0.4,0.0,0.0,0.0,0.4
Shawne Williams,LAL,2013-14,36.0,20.86111111111111,9.206349206349206,24.844186046511627,1510.0,1493.0,1.0,36.0,14.0,22.0,20.9,0.2,0.5,0.333,0.4,0.0,0.1,0.2,0.361
Shawne Williams,"DET,MIA",2014-15,63.0,17.253968253968253,10.39016393442623,24.553932584269663,2028.0,2030.0,1.0,63.0,26.0,37.0,17.2,0.3,0.7,0.442,0.6,0.0,0.1,0.25,0.465
Shelvin Mack,ATL,2013-14,73.0,20.410958904109588,8.060567823343847,24.96032608695652,2907.0,2921.0,1.0,73.0,33.0,40.0,20.4,0.8,2.4,0.353,2.0,0.3,0.9,0.304,0.413
Shelvin Mack,ATL,2014-15,55.0,15.145454545454545,8.74969696969697,25.154330708661416,1620.0,1590.0,1.0,55.0,37.0,18.0,15.1,0.7,2.0,0.373,1.7,0.2,0.9,0.25,0.427
Shelvin Mack,"ATL,UTA",2015-16,52.0,20.346153846153847,7.752413793103448,24.476,2027.0,2018.0,1.0,52.0,27.0,25.0,20.3,1.1,3.1,0.35,2.5,0.3,1.2,0.295,0.405
Shelvin Mack,UTA,2016-17,55.0,21.90909090909091,7.991954022988506,24.688333333333333,2301.0,2280.0,3.0,55.0,34.0,21.0,21.9,1.0,2.6,0.38,2.3,0.3,1.0,0.296,0.437
Shelvin Mack,ORL,2017-18,69.0,19.782608695652176,7.438545454545454,25.616546762589927,2718.0,2723.0,4.0,69.0,21.0,48.0,19.8,0.7,2.1,0.324,1.7,0.3,0.9,0.281,0.385
Sidy Cissoko,POR,2025-26,75.0,19.133333333333333,4.166911764705882,24.704545454545453,2968.0,3016.0,42.0,75.0,39.0,36.0,19.1,0.1,0.4,0.321,0.3,0.1,0.2,0.412,0.446
Simone Fontecchio,MIA,2025-26,70.0,16.742857142857144,4.230769230769231,25.171253822629968,2508.0,2529.0,1.0,70.0,36.0,34.0,16.7,0.4,0.8,0.431,1.0,0.3,0.7,0.42,0.612
Sindarius Thornwell,LAC,2017-18,73.0,15.835616438356164,5.455813953488372,25.404918032786885,2341.0,2410.0,13.0,73.0,36.0,37.0,15.8,0.1,0.2,0.471,0.2,0.0,0.0,0.0,0.471
Sion James,CHA,2025-26,82.0,22.47560975609756,3.825,25.11906779661017,3662.0,3791.0,21.0,82.0,44.0,38.0,22.5,0.1,0.5,0.211,0.3,0.1,0.4,0.276,0.316
Skal Labissiere,SAC,2016-17,33.0,18.545454545454547,8.291428571428572,25.575,1221.0,1220.0,2.0,33.0,9.0,24.0,18.5,0.6,1.1,0.541,1.2,0.0,0.0,0.0,0.541
Skal Labissiere,SAC,2017-18,60.0,20.666666666666668,8.394348894348894,26.38823529411765,2454.0,2465.0,3.0,60.0,19.0,41.0,20.7,0.3,1.1,0.281,0.6,0.0,0.1,0.2,0.289
Solomon Hill,IND,2014-15,82.0,29.036585365853657,6.121830985915493,25.35096153846154,4556.0,4568.0,11.0,82.0,38.0,44.0,29.0,0.4,1.3,0.321,0.9,0.0,0.3,0.136,0.335
Solomon Hill,NOP,2016-17,80.0,29.675,4.693269230769231,25.30444444444444,4846.0,4864.0,6.0,80.0,34.0,46.0,29.7,0.2,0.8,0.246,0.4,0.1,0.3,0.182,0.279
Spencer Dinwiddie,BKN,2016-17,59.0,22.610169491525426,7.287064676616915,26.102970297029703,2731.0,2735.0,7.0,59.0,13.0,46.0,22.6,0.8,2.1,0.36,1.8,0.3,0.9,0.333,0.432
Spencer Dinwiddie,BKN,2017-18,80.0,28.825,6.3849382716049385,26.139260969976903,4637.0,4648.0,24.0,80.0,28.0,52.0,28.8,1.3,4.1,0.327,3.5,0.8,2.9,0.293,0.431
Spencer Hawes,"CLE,PHI",2013-14,80.0,30.875,6.232173913043479,25.859740259740256,5030.0,5005.0,4.0,80.0,26.0,54.0,30.9,0.5,1.0,0.456,1.0,0.1,0.2,0.385,0.487
Spencer Hawes,LAC,2014-15,73.0,17.45205479452055,7.861924686192468,25.42386363636364,2469.0,2479.0,1.0,73.0,52.0,21.0,17.5,0.2,0.6,0.4,0.5,0.0,0.1,0.4,0.422
Spencer Hawes,CHA,2015-16,57.0,18.157894736842103,7.044607843137254,25.071568627450983,2054.0,2053.0,5.0,57.0,30.0,27.0,18.2,0.2,0.6,0.265,0.4,0.0,0.1,0.667,0.294
Spencer Jones,DEN,2025-26,64.0,22.140625,3.457627118644068,24.234027777777776,2854.0,2915.0,5.0,64.0,41.0,23.0,22.1,0.0,0.1,0.375,0.1,0.0,0.1,0.4,0.5
Stanley Johnson,DET,2015-16,73.0,23.10958904109589,7.559493670886076,25.50829268292683,3336.0,3380.0,3.0,73.0,37.0,36.0,23.1,0.8,2.6,0.326,1.8,0.1,0.6,0.2,0.35
Stanley Johnson,DET,2016-17,77.0,17.805194805194805,10.607109004739335,25.883116883116884,2678.0,2709.0,4.0,77.0,35.0,42.0,17.8,0.6,1.7,0.358,1.3,0.1,0.3,0.3,0.381
Stanley Johnson,DET,2017-18,69.0,27.44927536231884,8.089570552147238,25.425213675213676,3767.0,3785.0,4.0,69.0,33.0,36.0,27.4,0.6,2.1,0.299,1.3,0.1,0.4,0.133,0.313
Stephen Curry,GSW,2013-14,78.0,36.48717948717949,11.816276041666669,25.96,5748.0,5706.0,29.0,78.0,50.0,28.0,36.5,4.5,10.2,0.446,11.1,2.0,5.0,0.403,0.545
Stephen Curry,GSW,2014-15,80.0,32.6625,9.593237410071945,26.210061919504646,5447.0,5420.0,17.0,80.0,67.0,13.0,32.7,3.4,7.8,0.436,8.7,1.9,4.5,0.423,0.557
Stephen Curry,GSW,2015-16,79.0,34.177215189873415,7.254494382022472,26.39492099322799,5701.0,5696.0,19.0,79.0,71.0,8.0,34.2,4.0,8.7,0.459,10.8,2.8,6.4,0.438,0.619
Stephen Curry,GSW,2016-17,79.0,33.40506329113924,8.195107033639145,26.810139416983525,5621.0,5579.0,10.0,79.0,65.0,14.0,33.4,3.0,7.7,0.393,8.0,1.9,5.2,0.373,0.518
Stephen Curry,GSW,2017-18,51.0,31.980392156862745,8.71046831955923,26.337125748502995,3507.0,3492.0,5.0,51.0,41.0,10.0,32.0,3.3,7.0,0.468,8.3,1.8,4.5,0.41,0.599
Stephen Curry,GSW,2025-26,43.0,30.906976744186046,8.050158730158731,27.099380165289254,2819.0,2825.0,8.0,43.0,24.0,19.0,30.9,3.3,7.5,0.433,8.7,2.2,5.5,0.407,0.582
Stephon Castle,SAS,2025-26,68.0,29.970588235294116,5.379334500875657,25.73729508196721,4251.0,4270.0,25.0,68.0,51.0,17.0,30.0,0.8,2.5,0.32,1.7,0.1,0.7,0.17,0.343
Steve Blake,"GSW,LAL",2013-14,55.0,27.23636363636364,14.024475524475523,25.499523809523808,3024.0,3014.0,10.0,55.0,31.0,24.0,27.2,0.8,2.6,0.317,2.0,0.3,1.0,0.296,0.372
Steve Blake,POR,2014-15,81.0,18.876543209876544,13.476851851851851,26.48675799086758,2990.0,2981.0,10.0,81.0,51.0,30.0,18.9,0.5,1.5,0.347,1.3,0.2,0.8,0.328,0.432
Steve Blake,DET,2015-16,58.0,17.0,11.530337078651684,27.296026490066225,1935.0,1934.0,7.0,58.0,34.0,24.0,17.0,0.6,1.5,0.398,1.5,0.3,0.8,0.367,0.5
Steven Adams,OKC,2014-15,70.0,25.3,3.0806045340050376,51.5,3475.0,3466.0,2.0,70.0,37.0,33.0,25.3,0.0,0.0,0.0,0.0,0.0,0.0,0.0,0.0
Steven Adams,OKC,2015-16,80.0,25.1875,2.534037558685446,0.0,4032.0,4035.0,7.0,80.0,54.0,26.0,25.2,0.0,0.0,0.0,0.0,0.0,0.0,0.0,0.0
Steven Adams,OKC,2016-17,80.0,29.8625,3.5964831804281343,64.3,4878.0,4856.0,8.0,80.0,47.0,33.0,29.9,0.0,0.2,0.167,0.1,0.0,0.0,0.0,0.167
Steven Adams,OKC,2017-18,76.0,32.723684210526315,2.9615492957746476,71.45,5031.0,5005.0,4.0,76.0,43.0,33.0,32.7,0.0,0.1,0.1,0.0,0.0,0.0,0.0,0.1
Steven Adams,HOU,2025-26,32.0,22.8125,2.6258992805755397,0.0,1459.0,1444.0,1.0,32.0,21.0,11.0,22.8,0.0,0.0,0.0,0.0,0.0,0.0,0.0,0.0
Svi Mykhailiuk,UTA,2025-26,50.0,23.12,5.504918032786885,24.830416666666668,2441.0,2448.0,3.0,50.0,14.0,36.0,23.1,0.8,2.0,0.412,2.3,0.6,1.6,0.366,0.559
TJ McConnell,PHI,2015-16,81.0,19.82716049382716,9.353066666666669,27.52247191011236,3223.0,3233.0,10.0,81.0,10.0,71.0,19.8,1.2,2.5,0.478,2.5,0.2,0.3,0.52,0.51
TJ McConnell,PHI,2016-17,81.0,26.333333333333332,7.077242888402626,26.88909090909091,4414.0,4449.0,18.0,81.0,27.0,54.0,26.3,0.8,2.0,0.381,1.5,0.0,0.2,0.125,0.388
TJ McConnell,PHI,2017-18,76.0,22.44736842105263,8.61866295264624,26.66290322580645,3526.0,3539.0,12.0,76.0,50.0,26.0,22.5,1.1,2.2,0.488,2.1,0.0,0.1,0.333,0.497
TJ McConnell,IND,2025-26,56.0,17.196428571428573,9.92475,25.636,2021.0,2019.0,18.0,56.0,15.0,41.0,17.2,2.1,4.1,0.517,4.3,0.0,0.2,0.222,0.522
TJ Warren,PHX,2017-18,65.0,32.95384615384615,7.800411099691676,24.81111111111111,4439.0,4435.0,6.0,65.0,18.0,47.0,33.0,1.4,3.8,0.365,2.7,0.0,0.2,0.0,0.365
TJ Warren,PHX,2014-15,40.0,15.35,5.947668393782384,27.304761904761904,1227.0,1233.0,5.0,40.0,17.0,23.0,15.4,0.4,1.0,0.436,0.9,0.0,0.1,0.333,0.449
TJ Warren,PHX,2015-16,47.0,22.76595744680851,8.722102425876011,25.12857142857143,2208.0,2188.0,4.0,47.0,14.0,33.0,22.8,1.4,3.2,0.437,2.9,0.1,0.2,0.375,0.447
TJ Warren,PHX,2016-17,66.0,31.03030303030303,8.67304469273743,25.452040816326537,4292.0,4292.0,5.0,66.0,20.0,46.0,31.0,1.4,3.6,0.391,2.8,0.0,0.2,0.167,0.396
Taj Gibson,CHI,2013-14,82.0,28.67073170731707,8.243644544431946,39.98571428571428,4344.0,4410.0,7.0,82.0,48.0,34.0,28.7,0.3,0.9,0.3,0.5,0.0,0.0,0.0,0.3
Taj Gibson,CHI,2014-15,62.0,27.29032258064516,5.53498023715415,0.0,3211.0,3227.0,6.0,62.0,38.0,24.0,27.3,0.2,0.4,0.4,0.3,0.0,0.0,0.0,0.4
Taj Gibson,CHI,2015-16,73.0,26.52054794520548,6.03400402414487,27.5,3772.0,3828.0,4.0,73.0,37.0,36.0,26.5,0.1,0.3,0.304,0.2,0.0,0.0,0.0,0.304
Taj Gibson,"CHI,OKC",2016-17,78.0,25.5,6.576867816091954,26.53076923076923,3945.0,3961.0,8.0,78.0,41.0,37.0,25.5,0.1,0.3,0.308,0.2,0.0,0.0,0.0,0.308
Taj Gibson,MIN,2017-18,82.0,33.25609756097561,6.014957264957265,25.282857142857143,5423.0,5417.0,8.0,82.0,47.0,35.0,33.2,0.2,0.5,0.349,0.4,0.0,0.0,0.0,0.349
Tari Eason,HOU,2025-26,60.0,25.816666666666663,5.73125,24.767692307692307,3096.0,3152.0,2.0,60.0,38.0,22.0,25.8,0.3,1.3,0.253,0.7,0.1,0.3,0.211,0.278
Tarik Black,"HOU,LAL",2014-15,63.0,18.984126984126984,3.1180147058823526,78.2,2287.0,2283.0,3.0,63.0,25.0,38.0,19.0,0.0,0.0,0.0,0.0,0.0,0.0,0.0,0.0
Tarik Black,LAL,2016-17,67.0,16.28358208955224,3.0924657534246576,36.9,2211.0,2224.0,2.0,67.0,24.0,43.0,16.3,0.0,0.1,0.5,0.1,0.0,0.0,1.0,0.625
Taurean Prince,ATL,2016-17,59.0,16.627118644067796,5.504371584699453,24.73725490196078,1985.0,1999.0,5.0,59.0,28.0,31.0,16.6,0.2,0.8,0.311,0.5,0.1,0.3,0.25,0.356
Taurean Prince,ATL,2017-18,82.0,30.048780487804876,6.866023166023166,25.06126914660831,5027.0,5030.0,13.0,82.0,24.0,58.0,30.0,0.9,2.9,0.321,2.2,0.4,1.4,0.295,0.391
Taurean Prince,MIL,2025-26,26.0,23.5,8.384313725490196,24.625,1239.0,1253.0,2.0,26.0,10.0,16.0,23.5,1.1,2.0,0.538,2.9,0.7,1.3,0.559,0.721
Taylor Hendricks,"MEM,UTA",2025-26,59.0,18.94915254237288,3.902923976608187,24.603804347826088,2331.0,2367.0,1.0,59.0,12.0,47.0,19.0,0.2,0.4,0.455,0.4,0.1,0.2,0.308,0.545
Tayshaun Prince,MEM,2013-14,76.0,25.63157894736842,12.119858156028368,23.98840579710145,3583.0,3583.0,9.0,76.0,46.0,30.0,25.6,0.3,1.3,0.238,0.6,0.0,0.0,0.0,0.238
Tayshaun Prince,"BOS,DET,MEM",2014-15,58.0,24.08620689655172,12.110746268656715,23.923880597014925,2628.0,2654.0,1.0,58.0,27.0,31.0,24.1,0.7,1.8,0.358,1.3,0.0,0.1,0.333,0.363
Tayshaun Prince,MIN,2015-16,77.0,18.974025974025977,13.96359223300971,23.752173913043475,2796.0,2825.0,10.0,77.0,27.0,50.0,19.0,0.2,0.5,0.333,0.3,0.0,0.0,0.0,0.333
Terance Mann,BKN,2025-26,63.0,24.26984126984127,6.218691588785046,24.797385620915033,3064.0,3079.0,11.0,63.0,15.0,48.0,24.3,0.6,1.7,0.34,1.3,0.2,0.7,0.267,0.396
Terrence Jones,HOU,2013-14,76.0,27.342105263157897,4.121112929623568,24.89306930693069,4119.0,4126.0,5.0,76.0,51.0,25.0,27.3,0.1,0.4,0.265,0.3,0.0,0.1,0.111,0.279
Terrence Jones,HOU,2014-15,33.0,26.939393939393938,4.012213740458016,26.232432432432432,1774.0,1771.0,4.0,33.0,24.0,9.0,27.0,0.1,0.6,0.158,0.2,0.1,0.2,0.25,0.211
Terrence Jones,HOU,2015-16,50.0,20.88,4.332986111111111,25.61392405063291,2108.0,2124.0,1.0,50.0,24.0,26.0,20.9,0.1,0.5,0.192,0.2,0.0,0.3,0.154,0.231
Terrence Jones,"MIL,NOP",2016-17,54.0,23.53703703703704,5.51127098321343,26.004,2561.0,2571.0,3.0,54.0,20.0,34.0,23.5,0.2,0.8,0.273,0.5,0.0,0.3,0.125,0.295
Terrence Ross,TOR,2013-14,81.0,26.65432098765432,9.765889212827988,25.350490196078432,4158.0,4151.0,13.0,81.0,47.0,34.0,26.7,0.8,2.3,0.342,1.7,0.2,0.6,0.275,0.38
Terrence Ross,TOR,2014-15,82.0,25.51219512195122,10.380165289256198,25.01153846153846,4012.0,4018.0,6.0,82.0,49.0,33.0,25.5,1.1,2.8,0.408,2.5,0.2,0.7,0.273,0.441
Terrence Ross,TOR,2015-16,73.0,23.931506849315067,12.53588850174216,25.065781710914457,3356.0,3326.0,4.0,73.0,53.0,20.0,23.9,1.1,2.7,0.413,2.4,0.2,0.6,0.289,0.446
Terrence Ross,"ORL,TOR",2016-17,78.0,25.06410256410257,11.683098591549296,25.39769820971867,3954.0,3948.0,7.0,78.0,39.0,39.0,25.1,1.3,3.1,0.433,3.0,0.4,1.1,0.337,0.492
Terry Rozier,BOS,2016-17,74.0,17.06756756756757,7.655603448275862,26.003351955307263,2507.0,2509.0,11.0,74.0,47.0,27.0,17.1,0.6,1.8,0.338,1.4,0.2,0.7,0.255,0.392
Terry Rozier,BOS,2017-18,80.0,25.85,8.591708542713567,26.01766169154229,4107.0,4088.0,13.0,80.0,54.0,26.0,25.9,1.4,3.8,0.363,3.5,0.7,2.0,0.36,0.459
Thabo Sefolosha,OKC,2013-14,61.0,25.9672131147541,6.625,23.899342105263155,3165.0,3162.0,2.0,61.0,44.0,17.0,26.0,0.3,0.7,0.415,0.6,0.0,0.1,0.429,0.451
Thabo Sefolosha,ATL,2014-15,52.0,18.76923076923077,5.518713450292398,24.146153846153847,1854.0,1891.0,2.0,52.0,43.0,9.0,18.8,0.1,0.4,0.368,0.3,0.0,0.0,0.0,0.368
Thabo Sefolosha,ATL,2015-16,75.0,23.44,6.178225806451613,24.9,3466.0,3559.0,6.0,75.0,42.0,33.0,23.4,0.3,0.6,0.426,0.6,0.0,0.1,0.333,0.457
Thabo Sefolosha,ATL,2016-17,62.0,25.741935483870968,7.420727272727273,24.305,3193.0,3231.0,4.0,62.0,32.0,30.0,25.7,0.3,1.0,0.333,0.7,0.0,0.1,0.167,0.342
Thabo Sefolosha,UTA,2017-18,38.0,21.210526315789473,6.792307692307692,23.95952380952381,1590.0,1609.0,1.0,38.0,16.0,22.0,21.2,0.3,0.7,0.423,0.6,0.1,0.1,0.5,0.462
Thaddeus Young,PHI,2013-14,79.0,34.40506329113924,5.963773965691221,25.150342465753425,5596.0,5599.0,6.0,79.0,18.0,61.0,34.4,0.6,1.9,0.313,1.3,0.1,0.4,0.206,0.337
Thaddeus Young,"BKN,MIN",2014-15,76.0,32.026315789473685,6.34525205158265,25.080869565217395,4758.0,4767.0,3.0,76.0,25.0,51.0,32.0,0.5,1.5,0.333,1.1,0.0,0.1,0.375,0.346
Thaddeus Young,BKN,2015-16,73.0,32.986301369863014,6.403858520900322,26.793333333333333,4738.0,4747.0,10.0,73.0,21.0,52.0,33.0,0.5,1.3,0.43,1.1,0.0,0.1,0.333,0.441
Thaddeus Young,IND,2016-17,74.0,30.22972972972973,4.762565905096661,25.03050847457627,4478.0,4516.0,5.0,74.0,40.0,34.0,30.2,0.1,0.4,0.423,0.3,0.0,0.0,0.333,0.442
Thaddeus Young,IND,2017-18,81.0,32.18518518518518,5.527086383601757,25.46685082872928,5155.0,5173.0,8.0,81.0,48.0,33.0,32.2,0.4,1.0,0.381,0.8,0.0,0.1,0.25,0.399
Thon Maker,MIL,2017-18,74.0,16.72972972972973,8.260377358490567,25.317307692307693,2428.0,2443.0,4.0,74.0,40.0,34.0,16.7,0.0,0.1,0.0,0.0,0.0,0.0,0.0,0.0
Tiago Splitter,SAS,2013-14,59.0,21.54237288135593,3.499416909620991,40.266666666666666,2520.0,2519.0,7.0,59.0,46.0,13.0,21.5,0.0,0.1,0.25,0.0,0.0,0.0,0.0,0.25
Tiago Splitter,SAS,2014-15,52.0,19.807692307692307,3.178877887788779,0.0,2007.0,2000.0,8.0,52.0,34.0,18.0,19.8,0.0,0.0,1.0,0.0,0.0,0.0,0.0,1.0
Tiago Splitter,ATL,2015-16,36.0,16.11111111111111,2.815032679738562,52.3,1159.0,1162.0,2.0,36.0,21.0,15.0,16.1,0.0,0.1,0.5,0.1,0.0,0.0,0.0,0.5
Tidjane Salaun,CHA,2025-26,37.0,15.54054054054054,3.294736842105263,25.83855421686747,1150.0,1176.0,2.0,37.0,19.0,18.0,15.6,0.1,0.1,0.667,0.2,0.1,0.1,0.667,1.0
Tim Duncan,SAS,2013-14,74.0,29.16216216216216,8.844284128745837,36.38,4239.0,4214.0,4.0,74.0,56.0,18.0,29.2,0.3,0.9,0.344,0.6,0.0,0.0,0.0,0.344
Tim Duncan,SAS,2014-15,77.0,28.92207792207792,7.10628078817734,36.98571428571428,4342.0,4315.0,5.0,77.0,53.0,24.0,28.9,0.3,1.0,0.311,0.6,0.0,0.0,0.0,0.311
Tim Duncan,SAS,2015-16,61.0,25.19672131147541,7.512300683371299,35.8,2972.0,2953.0,4.0,61.0,50.0,11.0,25.2,0.2,0.6,0.405,0.5,0.0,0.0,0.0,0.405
Tim Frazier,NOP,2016-17,65.0,23.46153846153846,7.854347826086957,25.4953125,3090.0,3096.0,9.0,65.0,26.0,39.0,23.5,0.8,2.3,0.354,1.9,0.3,1.0,0.306,0.418
Tim Hardaway,NYK,2013-14,81.0,23.14814814814815,9.22705167173252,25.0695530726257,3605.0,3586.0,6.0,81.0,37.0,44.0,23.2,0.8,2.0,0.417,1.9,0.2,0.6,0.348,0.466
Tim Hardaway,NYK,2014-15,70.0,24.014285714285716,9.450413223140496,25.557062146892655,3206.0,3212.0,5.0,70.0,16.0,54.0,24.0,0.9,2.5,0.364,2.1,0.3,0.8,0.333,0.419
Tim Hardaway,ATL,2015-16,51.0,16.941176470588236,8.424590163934425,25.272027972027978,1714.0,1726.0,5.0,51.0,29.0,22.0,16.9,0.4,1.0,0.415,1.0,0.1,0.4,0.286,0.472
Tim Hardaway,ATL,2016-17,79.0,27.253164556962027,6.925454545454545,25.60191846522782,4379.0,4371.0,6.0,79.0,42.0,37.0,27.3,1.2,3.0,0.39,2.8,0.5,1.3,0.36,0.466
Tim Hardaway,NYK,2017-18,57.0,33.07017543859649,8.364349775784753,26.17951219512195,3826.0,3824.0,13.0,57.0,19.0,38.0,33.1,1.6,4.5,0.366,3.9,0.6,2.3,0.287,0.438
Tim Hardaway,DEN,2025-26,80.0,26.5875,9.078165938864627,25.687978142076503,4394.0,4409.0,12.0,80.0,52.0,28.0,26.6,1.1,2.6,0.431,2.9,0.6,1.5,0.388,0.543
Timofey Mozgov,DEN,2013-14,82.0,21.585365853658537,4.252015355086373,27.7375,3596.0,3604.0,4.0,82.0,36.0,46.0,21.6,0.0,0.1,0.5,0.1,0.0,0.0,0.0,0.5
Timofey Mozgov,"CLE,DEN",2014-15,81.0,25.25925925925926,4.711607142857143,23.85,3997.0,3978.0,6.0,81.0,49.0,32.0,25.3,0.0,0.1,0.091,0.0,0.0,0.0,0.0,0.091
Timofey Mozgov,CLE,2015-16,76.0,17.44736842105263,4.653125,24.32857142857143,2553.0,2558.0,2.0,76.0,52.0,24.0,17.4,0.1,0.1,0.4,0.1,0.0,0.0,0.0,0.4
Timofey Mozgov,LAL,2016-17,54.0,20.444444444444443,6.8577981651376145,25.6,2227.0,2228.0,5.0,54.0,16.0,38.0,20.4,0.1,0.3,0.214,0.1,0.0,0.0,0.0,0.214
Timothe Luwawu Cabarrot,PHI,2016-17,69.0,17.246376811594203,3.542,24.855900621118018,2473.0,2461.0,5.0,69.0,23.0,46.0,17.2,0.1,0.4,0.154,0.1,0.0,0.1,0.2,0.192
Timothe Luwawu Cabarrot,PHI,2017-18,52.0,15.51923076923077,4.305504587155964,25.146835443037972,1674.0,1678.0,7.0,52.0,29.0,23.0,15.5,0.1,0.3,0.385,0.3,0.1,0.2,0.444,0.538
Tobias Harris,ORL,2013-14,61.0,30.327868852459016,8.765254237288136,24.53095238095238,3583.0,3583.0,4.0,61.0,16.0,45.0,30.3,1.0,2.1,0.45,2.0,0.0,0.2,0.2,0.458
Tobias Harris,ORL,2014-15,68.0,34.838235294117645,7.65718309859155,24.962761506276152,4608.0,4587.0,7.0,68.0,20.0,48.0,34.8,1.0,2.6,0.379,2.0,0.1,0.3,0.25,0.394
Tobias Harris,"DET,ORL",2015-16,76.0,33.06578947368421,5.921384615384616,24.90543933054393,4942.0,4941.0,7.0,76.0,37.0,39.0,33.1,0.6,1.6,0.372,1.2,0.0,0.2,0.231,0.384
Tobias Harris,DET,2016-17,82.0,31.29268292682927,8.235514018691589,25.247133757961784,5070.0,5060.0,4.0,82.0,37.0,45.0,31.3,1.5,3.1,0.474,2.9,0.0,0.2,0.2,0.48
Tobias Harris,"DET,LAC",2017-18,80.0,33.3625,8.055025773195876,25.40674157303371,5382.0,5365.0,1.0,80.0,39.0,41.0,33.3,1.8,4.1,0.427,3.9,0.4,1.0,0.432,0.48
Tobias Harris,DET,2025-26,63.0,27.6984126984127,7.553669724770643,24.753363228699552,3605.0,3606.0,2.0,63.0,46.0,17.0,27.7,1.3,2.8,0.441,2.6,0.1,0.4,0.25,0.458
Tomas Satoransky,WAS,2017-18,73.0,22.506849315068493,7.738515901060071,25.58019801980198,3284.0,3259.0,8.0,73.0,39.0,34.0,22.5,0.4,1.1,0.361,0.8,0.0,0.1,0.0,0.361
Toney Douglas,NOP,2015-16,61.0,20.688524590163933,9.390495867768594,25.110837438423644,2559.0,2557.0,7.0,61.0,22.0,39.0,20.7,1.2,3.5,0.343,3.0,0.6,1.8,0.336,0.428
Tony Allen,MEM,2013-14,55.0,23.23636363636364,5.693169398907103,26.92127659574468,2388.0,2416.0,5.0,55.0,31.0,24.0,23.2,0.2,0.7,0.27,0.4,0.0,0.1,0.333,0.284
Tony Allen,MEM,2014-15,63.0,26.15873015873016,3.393192488262911,24.055172413793105,3150.0,3203.0,7.0,63.0,46.0,17.0,26.2,0.2,0.3,0.524,0.3,0.0,0.0,0.0,0.524
Tony Allen,MEM,2015-16,64.0,25.3125,5.001873536299766,23.833333333333332,3070.0,3134.0,4.0,64.0,34.0,30.0,25.3,0.2,0.5,0.382,0.4,0.0,0.0,0.0,0.382
Tony Allen,MEM,2016-17,71.0,26.95774647887324,3.75452865064695,23.977777777777774,3611.0,3667.0,7.0,71.0,36.0,35.0,27.0,0.0,0.3,0.143,0.1,0.0,0.0,0.0,0.143
Tony Parker,SAS,2013-14,68.0,29.36764705882353,8.801770956316412,23.943283582089553,3942.0,3931.0,7.0,68.0,51.0,17.0,29.4,2.1,4.7,0.456,4.3,0.0,0.1,0.286,0.459
Tony Parker,SAS,2014-15,68.0,28.720588235294116,9.954104979811577,23.905617977528088,3793.0,3791.0,4.0,68.0,48.0,20.0,28.7,2.1,4.7,0.445,4.2,0.1,0.1,0.5,0.451
Tony Parker,SAS,2015-16,72.0,27.51388888888889,9.631162790697674,24.06307692307692,3829.0,3816.0,7.0,72.0,59.0,13.0,27.5,1.8,3.9,0.466,3.7,0.1,0.1,0.833,0.475
Tony Parker,SAS,2016-17,63.0,25.19047619047619,9.3132,24.01014492753623,3011.0,3016.0,5.0,63.0,46.0,17.0,25.2,1.4,2.9,0.484,2.8,0.0,0.0,0.0,0.484
Tony Parker,SAS,2017-18,55.0,19.472727272727273,9.484330484330483,24.61891891891892,2106.0,2092.0,2.0,55.0,32.0,23.0,19.5,1.1,2.7,0.404,2.2,0.0,0.0,0.5,0.408
Tony Snell,CHI,2013-14,77.0,15.987012987012989,9.73987341772152,24.811235955056176,2291.0,2318.0,6.0,77.0,46.0,31.0,16.0,0.3,0.7,0.434,0.6,0.0,0.2,0.2,0.462
Tony Snell,CHI,2014-15,72.0,19.61111111111111,7.141954022988506,25.04162436548223,2715.0,2748.0,5.0,72.0,43.0,29.0,19.6,0.3,0.7,0.4,0.7,0.1,0.3,0.389,0.47
Tony Snell,CHI,2015-16,64.0,20.328125,8.222282608695652,25.253548387096775,2600.0,2604.0,2.0,64.0,33.0,31.0,20.3,0.4,1.0,0.444,1.0,0.1,0.2,0.583,0.5
Tony Snell,MIL,2016-17,80.0,29.2,7.712365591397849,24.88647887323944,4583.0,4597.0,7.0,80.0,42.0,38.0,29.2,0.3,0.7,0.415,0.6,0.0,0.1,0.2,0.434
Tony Snell,MIL,2017-18,75.0,27.373333333333335,7.436305732484076,24.952985074626863,4104.0,4107.0,2.0,75.0,42.0,33.0,27.4,0.3,0.6,0.521,0.7,0.1,0.1,0.4,0.563
Tony Wroten,PHI,2013-14,72.0,24.51388888888889,2.7451612903225806,27.67127659574468,3642.0,3652.0,11.0,72.0,18.0,54.0,24.5,0.3,1.3,0.242,0.8,0.2,1.0,0.176,0.311
Tony Wroten,PHI,2014-15,30.0,29.833333333333332,2.6458904109589043,26.88943661971831,1777.0,1773.0,6.0,30.0,4.0,26.0,29.8,0.5,2.3,0.221,1.4,0.4,1.8,0.222,0.309
Torrey Craig,DEN,2017-18,39.0,16.128205128205128,3.1202531645569622,26.20689655172414,1234.0,1286.0,4.0,39.0,22.0,17.0,16.1,0.0,0.2,0.111,0.1,0.0,0.2,0.0,0.111
Toumani Camara,POR,2025-26,82.0,33.30487804878049,3.967892976588629,25.158614864864862,5714.0,5749.0,87.0,82.0,42.0,40.0,33.3,0.5,1.6,0.333,1.5,0.5,1.5,0.328,0.484
Travis Outlaw,SAC,2013-14,63.0,16.904761904761905,12.912440191387558,25.08974358974359,2093.0,2103.0,5.0,63.0,22.0,41.0,16.9,0.6,1.6,0.384,1.2,0.0,0.2,0.182,0.394
Tre Johnson,WAS,2025-26,60.0,24.05,9.88680981595092,26.56043613707165,3087.0,3085.0,3.0,60.0,12.0,48.0,24.0,2.2,4.9,0.446,5.1,0.7,1.9,0.386,0.52
Tre Jones,CHI,2025-26,65.0,26.95384615384615,3.935728952772074,24.891538461538463,3791.0,3804.0,13.0,65.0,27.0,38.0,27.0,0.6,1.3,0.494,1.5,0.2,0.5,0.433,0.571
Trendon Watford,PHI,2025-26,53.0,16.30188679245283,4.611009174311927,26.138,1805.0,1833.0,5.0,53.0,27.0,26.0,16.3,0.1,0.5,0.25,0.3,0.0,0.1,0.0,0.25
Treveon Graham,CHA,2017-18,63.0,16.650793650793652,6.918548387096774,25.03608247422681,2119.0,2108.0,13.0,63.0,28.0,35.0,16.7,0.3,0.6,0.4,0.5,0.0,0.1,0.2,0.413
Trevor Ariza,WAS,2013-14,77.0,35.36363636363637,7.317761557177615,25.144796380090497,5388.0,5366.0,12.0,77.0,41.0,36.0,35.4,0.6,1.7,0.356,1.4,0.2,0.5,0.343,0.402
Trevor Ariza,HOU,2014-15,82.0,35.73170731707317,6.687323943661972,24.637477477477475,5838.0,5829.0,8.0,82.0,56.0,26.0,35.7,0.6,1.8,0.309,1.3,0.2,0.6,0.321,0.366
Trevor Ariza,HOU,2015-16,81.0,35.2962962962963,6.031388888888889,24.43947895791583,5755.0,5760.0,5.0,81.0,40.0,41.0,35.3,0.6,1.9,0.295,1.4,0.2,0.9,0.268,0.356
Trevor Ariza,HOU,2016-17,80.0,34.6625,4.341152263374486,24.88108108108108,5779.0,5755.0,10.0,80.0,53.0,27.0,34.7,0.4,1.5,0.289,1.2,0.3,1.1,0.264,0.384
Trevor Ariza,HOU,2017-18,67.0,33.865671641791046,2.9624338624338624,24.78333333333333,4596.0,4601.0,9.0,67.0,51.0,16.0,33.9,0.3,1.3,0.235,0.9,0.3,1.2,0.241,0.347
Trevor Booker,WAS,2013-14,72.0,21.583333333333332,7.256857855361596,36.8,2978.0,2994.0,3.0,72.0,36.0,36.0,21.6,0.2,0.3,0.48,0.3,0.0,0.0,0.0,0.48
Trevor Booker,UTA,2014-15,79.0,19.79746835443038,6.868157894736842,25.863095238095237,2908.0,2909.0,3.0,79.0,37.0,42.0,19.8,0.1,0.5,0.268,0.3,0.0,0.1,0.286,0.293
Trevor Booker,UTA,2015-16,79.0,20.658227848101262,4.0590778097982705,24.339024390243903,3088.0,3110.0,4.0,79.0,39.0,40.0,20.7,0.0,0.2,0.214,0.1,0.0,0.0,0.0,0.214
Trevor Booker,BKN,2016-17,71.0,24.704225352112676,5.210721247563352,24.874358974358977,3647.0,3665.0,1.0,71.0,18.0,53.0,24.7,0.4,1.0,0.338,0.8,0.1,0.3,0.304,0.385
Trevor Booker,"BKN,IND,PHI",2017-18,68.0,17.029411764705884,5.087096774193548,25.636363636363637,2360.0,2368.0,1.0,68.0,36.0,32.0,17.0,0.2,0.4,0.393,0.4,0.0,0.1,0.5,0.429
Trey Burke,UTA,2013-14,70.0,32.32857142857143,11.794830659536542,25.281547619047647,4313.0,4306.0,10.0,70.0,24.0,46.0,32.3,1.9,5.1,0.365,4.0,0.3,0.9,0.318,0.394
Trey Burke,UTA,2014-15,76.0,30.105263157894736,10.803089430894309,25.58820512820513,4309.0,4301.0,5.0,76.0,35.0,41.0,30.1,1.8,4.8,0.367,3.7,0.2,1.1,0.173,0.387
Trey Burke,UTA,2015-16,64.0,21.34375,10.694973544973545,25.4390625,2598.0,2575.0,1.0,64.0,31.0,33.0,21.3,1.5,3.9,0.381,3.2,0.2,1.0,0.172,0.403
Trey Burke,NYK,2017-18,36.0,21.805555555555557,12.240501792114696,26.35904761904762,1581.0,1590.0,1.0,36.0,10.0,26.0,21.8,2.8,5.8,0.483,5.9,0.3,1.1,0.289,0.51
Trey Lyles,UTA,2015-16,80.0,17.275,8.748376623376624,24.2421875,2591.0,2588.0,5.0,80.0,38.0,42.0,17.3,0.5,1.0,0.469,1.0,0.0,0.1,0.333,0.481
Trey Lyles,UTA,2016-17,71.0,16.309859154929576,7.848936170212766,24.53578431372549,2222.0,2210.0,1.0,71.0,43.0,28.0,16.3,0.3,1.1,0.278,0.7,0.1,0.2,0.25,0.304
Trey Lyles,DEN,2017-18,73.0,19.054794520547944,5.336746987951807,25.46788990825688,2784.0,2784.0,1.0,73.0,41.0,32.0,19.1,0.4,1.1,0.342,0.8,0.1,0.3,0.2,0.373
Trey Murphy,NOP,2025-26,66.0,35.46969696969697,5.714226804123712,26.614336283185843,4881.0,4911.0,12.0,66.0,21.0,45.0,35.5,1.7,5.2,0.321,4.4,1.0,3.4,0.304,0.421
Tristan Thompson,CLE,2013-14,82.0,31.634146341463413,5.412105263157894,67.5,4967.0,4972.0,1.0,82.0,33.0,49.0,31.6,0.5,1.1,0.416,0.9,0.0,0.0,0.0,0.416
Tristan Thompson,CLE,2014-15,82.0,26.75609756097561,3.201024590163934,0.0,4159.0,4191.0,5.0,82.0,53.0,29.0,26.8,0.1,0.3,0.304,0.2,0.0,0.0,0.0,0.304
Tristan Thompson,CLE,2015-16,82.0,27.67073170731707,2.807857142857143,0.0,4373.0,4407.0,3.0,82.0,57.0,25.0,27.7,0.0,0.1,0.182,0.0,0.0,0.0,0.0,0.182
Tristan Thompson,CLE,2016-17,78.0,29.96153846153846,2.7758064516129033,38.233333333333334,4623.0,4659.0,3.0,78.0,50.0,28.0,30.0,0.1,0.1,0.5,0.1,0.0,0.0,0.0,0.5
Tristan Thompson,CLE,2017-18,53.0,20.22641509433962,3.727659574468085,0.0,2168.0,2185.0,2.0,53.0,27.0,26.0,20.2,0.1,0.2,0.3,0.1,0.0,0.0,0.0,0.3
Tristan da Silva,ORL,2025-26,77.0,24.662337662337663,6.101672240802676,24.9791277258567,3909.0,3933.0,4.0,77.0,43.0,34.0,24.7,0.6,1.5,0.387,1.5,0.3,0.7,0.375,0.475
Troy Daniels,MEM,2016-17,67.0,17.65671641791045,14.588571428571427,25.869577464788733,2323.0,2263.0,7.0,67.0,33.0,34.0,17.7,0.8,2.1,0.39,2.2,0.5,1.1,0.474,0.518
Troy Daniels,PHX,2017-18,79.0,20.531645569620252,11.563247863247865,25.58995633187773,3335.0,3322.0,2.0,79.0,20.0,59.0,20.5,0.8,1.8,0.411,2.1,0.6,1.4,0.411,0.562
Troy Williams,"HOU,MEM",2016-17,30.0,18.566666666666663,4.325714285714286,25.65806451612903,1106.0,1107.0,0.0,30.0,19.0,11.0,18.6,0.3,0.8,0.348,0.6,0.1,0.3,0.25,0.391
Ty Lawson,DEN,2013-14,62.0,35.83870967741935,9.87798013245033,25.52326732673267,4580.0,4565.0,19.0,62.0,29.0,33.0,35.8,2.2,5.9,0.375,4.9,0.5,1.3,0.354,0.414
Ty Lawson,DEN,2014-15,75.0,35.54666666666667,10.265187239944522,26.161951219512193,5386.0,5364.0,9.0,75.0,29.0,46.0,35.5,2.4,6.0,0.4,5.2,0.4,1.1,0.349,0.433
Ty Lawson,"HOU,IND",2015-16,66.0,21.37878787878788,10.065040650406504,26.025,2905.0,2892.0,3.0,66.0,31.0,35.0,21.4,0.8,2.3,0.338,1.7,0.1,0.5,0.273,0.368
Ty Lawson,SAC,2016-17,69.0,25.10144927536232,9.393564356435643,26.03813559322034,3441.0,3447.0,15.0,69.0,25.0,44.0,25.1,1.3,3.1,0.411,2.7,0.2,0.6,0.289,0.437
Tyler Dorsey,ATL,2017-18,56.0,17.392857142857142,9.495081967213114,25.872361809045227,1985.0,1996.0,5.0,56.0,15.0,41.0,17.4,0.8,2.2,0.388,2.1,0.4,1.0,0.386,0.479
Tyler Hansbrough,TOR,2013-14,64.0,15.28125,4.453092783505155,25.25,1870.0,1884.0,8.0,64.0,38.0,26.0,15.3,0.0,0.0,0.0,0.0,0.0,0.0,0.0,0.0
Tyler Herro,MIA,2025-26,33.0,31.303030303030305,8.63037542662116,26.295945945945945,2183.0,2183.0,3.0,33.0,14.0,19.0,31.3,3.2,7.0,0.45,7.6,1.3,3.4,0.387,0.543
Tyler Johnson,MIA,2014-15,32.0,18.84375,8.12016806722689,26.785416666666663,1183.0,1193.0,4.0,32.0,15.0,17.0,18.8,0.3,1.1,0.294,0.7,0.0,0.2,0.2,0.309
Tyler Johnson,MIA,2015-16,36.0,23.97222222222222,8.290116279069768,26.312676056338027,1641.0,1650.0,7.0,36.0,19.0,17.0,24.0,0.6,1.3,0.438,1.2,0.0,0.1,0.333,0.448
Tyler Johnson,MIA,2016-17,73.0,29.83561643835617,9.050174216027877,25.0572,4324.0,4333.0,26.0,73.0,35.0,38.0,29.8,0.9,2.6,0.348,1.8,0.1,0.2,0.267,0.358
Tyler Johnson,MIA,2017-18,72.0,28.5,9.245219638242894,25.146296296296295,4069.0,4087.0,13.0,72.0,39.0,33.0,28.5,0.7,1.8,0.382,1.5,0.1,0.3,0.333,0.408
Tyler Ulis,PHX,2016-17,61.0,18.40983606557377,12.54050279329609,28.163291139240503,2351.0,2360.0,11.0,61.0,15.0,46.0,18.4,2.0,4.6,0.435,4.2,0.2,0.7,0.222,0.452
Tyler Ulis,PHX,2017-18,71.0,23.35211267605634,11.449382716049383,26.65753424657534,3394.0,3403.0,13.0,71.0,20.0,51.0,23.4,1.9,4.7,0.399,4.1,0.3,1.2,0.279,0.435
Tyler Zeller,CLE,2013-14,70.0,15.0,6.042214532871973,81.9,2015.0,2040.0,6.0,70.0,27.0,43.0,15.0,0.1,0.1,0.571,0.1,0.0,0.0,0.0,0.571
Tyler Zeller,BOS,2014-15,82.0,21.109756097560975,5.780452342487884,0.0,3441.0,3454.0,6.0,82.0,40.0,42.0,21.1,0.0,0.1,0.667,0.1,0.0,0.0,0.0,0.667
Tyler Zeller,"BKN,MIL",2017-18,66.0,16.87878787878788,4.002614379084967,23.564285714285713,2266.0,2256.0,2.0,66.0,27.0,39.0,16.8,0.0,0.1,0.25,0.0,0.0,0.0,0.0,0.25
Tyreke Evans,NOP,2013-14,72.0,28.166666666666668,4.545511221945137,28.02421052631579,3883.0,3896.0,8.0,72.0,32.0,40.0,28.2,0.4,1.8,0.238,0.9,0.1,0.5,0.139,0.258
Tyreke Evans,NOP,2014-15,79.0,34.050632911392405,5.0525586353944565,25.878854625550662,5132.0,5105.0,6.0,79.0,43.0,36.0,34.0,0.8,2.6,0.322,1.9,0.2,1.0,0.22,0.365
Tyreke Evans,"NOP,SAC",2016-17,40.0,19.7,5.736904761904762,26.392372881355932,1559.0,1568.0,0.0,40.0,17.0,23.0,19.7,0.9,2.6,0.333,2.3,0.6,1.6,0.355,0.438
Tyreke Evans,MEM,2017-18,52.0,30.903846153846153,5.2554493307839385,25.895454545454548,3126.0,3122.0,1.0,52.0,19.0,33.0,30.9,1.9,4.8,0.406,5.2,1.3,3.2,0.411,0.544
Tyrese Martin,"BKN,PHI",2025-26,46.0,16.891304347826086,5.3446428571428575,26.104242424242425,1535.0,1559.0,1.0,46.0,12.0,34.0,16.9,0.3,1.0,0.319,0.8,0.2,0.7,0.267,0.404
Tyrese Maxey,PHI,2025-26,70.0,38.01428571428571,6.880155210643015,26.88914858096828,5500.0,5497.0,6.0,70.0,38.0,32.0,38.0,3.6,9.6,0.378,9.0,1.7,5.2,0.335,0.469
Tyrone Wallace,LAC,2017-18,30.0,28.366666666666667,5.611594202898551,24.8225,1786.0,1801.0,1.0,30.0,17.0,13.0,28.4,0.3,1.1,0.281,0.6,0.0,0.0,0.0,0.281
Tyson Chandler,NYK,2013-14,55.0,30.21818181818182,3.600623052959502,37.7,3103.0,3123.0,1.0,55.0,24.0,31.0,30.2,0.1,0.1,0.75,0.1,0.0,0.0,0.0,0.75
Tyson Chandler,DAL,2014-15,75.0,30.48,2.8593181818181814,0.0,4534.0,4512.0,9.0,75.0,47.0,28.0,30.5,0.0,0.0,0.0,0.0,0.0,0.0,0.0,0.0
Tyson Chandler,PHX,2015-16,66.0,24.515151515151516,2.984984025559106,45.9,3256.0,3288.0,4.0,66.0,18.0,48.0,24.5,0.0,0.0,0.0,0.0,0.0,0.0,0.0,0.0
Tyson Chandler,PHX,2016-17,47.0,27.617021276595743,1.443859649122807,0.0,2676.0,2676.0,5.0,47.0,15.0,32.0,27.6,0.0,0.0,0.0,0.0,0.0,0.0,0.0,0.0
Tyson Chandler,PHX,2017-18,46.0,25.02173913043478,1.5085561497326203,0.0,2357.0,2353.0,4.0,46.0,15.0,31.0,25.0,0.0,0.0,0.0,0.0,0.0,0.0,0.0,0.0
Tyus Jones,MIN,2015-16,37.0,15.486486486486486,8.092233009708737,25.341509433962266,1130.0,1157.0,4.0,37.0,13.0,24.0,15.5,0.6,1.5,0.375,1.4,0.2,0.6,0.381,0.446
Tyus Jones,MIN,2017-18,82.0,17.890243902439025,7.389949748743718,25.456589147286824,2883.0,2880.0,11.0,82.0,47.0,35.0,17.9,0.4,1.0,0.38,0.8,0.0,0.3,0.136,0.399
Udonis Haslem,MIA,2014-15,62.0,16.048387096774192,8.127510917030568,23.5,1862.0,1889.0,9.0,62.0,31.0,31.0,16.0,0.1,0.2,0.357,0.2,0.0,0.0,0.0,0.357
VJ Edgecombe,PHI,2025-26,75.0,34.973333333333336,7.14384236453202,25.95938242280285,5398.0,5433.0,8.0,75.0,43.0,32.0,35.0,1.9,5.0,0.377,4.4,0.7,2.1,0.311,0.444
Victor Oladipo,ORL,2013-14,80.0,31.075,7.978169014084507,26.151769911504427,4885.0,4901.0,17.0,80.0,23.0,57.0,31.1,1.4,3.9,0.36,3.0,0.2,0.7,0.281,0.386
Victor Oladipo,ORL,2014-15,72.0,35.736111111111114,7.084486873508354,25.256451612903227,5028.0,5026.0,10.0,72.0,22.0,50.0,35.7,1.7,4.4,0.384,3.8,0.4,1.0,0.361,0.425
Victor Oladipo,ORL,2015-16,72.0,33.041666666666664,9.30799418604651,25.529078014184396,4758.0,4777.0,10.0,72.0,32.0,40.0,33.0,2.0,4.8,0.422,4.3,0.2,0.8,0.271,0.445
Victor Oladipo,OKC,2016-17,67.0,33.17910447761194,8.424655172413793,24.74090909090909,4532.0,4508.0,2.0,67.0,39.0,28.0,33.2,1.7,4.0,0.422,3.6,0.3,0.7,0.347,0.453
Victor Oladipo,IND,2017-18,75.0,34.026666666666664,9.671995589856673,26.236866359447003,5127.0,5103.0,10.0,75.0,48.0,27.0,34.0,3.3,7.9,0.412,7.6,1.0,2.9,0.356,0.476
Victor Wembanyama,SAS,2025-26,64.0,29.15625,6.458904109589041,26.023999999999997,3888.0,3877.0,9.0,64.0,50.0,14.0,29.2,1.5,4.3,0.336,3.3,0.4,1.5,0.281,0.384
Vince Carter,DAL,2013-14,81.0,24.358024691358025,9.147272727272728,25.42264150943396,3889.0,3849.0,9.0,81.0,49.0,32.0,24.4,1.1,3.0,0.369,2.7,0.5,1.2,0.374,0.445
Vince Carter,MEM,2014-15,66.0,16.53030303030303,10.605172413793102,25.836637931034485,2109.0,2093.0,6.0,66.0,45.0,21.0,16.5,0.5,1.7,0.309,1.2,0.2,0.6,0.238,0.355
Vince Carter,MEM,2015-16,60.0,16.75,8.638505747126436,26.294082840236687,1995.0,1976.0,8.0,60.0,33.0,27.0,16.8,0.4,1.2,0.348,0.9,0.1,0.4,0.333,0.399
Vince Carter,MEM,2016-17,73.0,24.65753424657534,7.441237113402061,25.65945945945946,3441.0,3433.0,3.0,73.0,36.0,37.0,24.7,0.4,1.3,0.306,1.0,0.2,0.7,0.3,0.383
Vince Carter,SAC,2017-18,58.0,17.689655172413794,8.722881355932204,25.886060606060607,2005.0,1996.0,6.0,58.0,20.0,38.0,17.7,0.3,1.0,0.31,0.7,0.1,0.4,0.13,0.336
Vince Williams,"MEM,UTA",2025-26,40.0,20.5,7.324347826086957,25.198870056497174,1689.0,1711.0,11.0,40.0,16.0,24.0,20.5,0.7,2.3,0.29,1.6,0.3,1.3,0.208,0.349
Vit Krejci,"ATL,POR",2025-26,65.0,21.415384615384617,6.182352941176471,25.47560975609756,2921.0,2949.0,2.0,65.0,32.0,33.0,21.4,0.5,1.4,0.386,1.4,0.3,1.0,0.339,0.506
Walter Clayton,"MEM,UTA",2025-26,69.0,20.434782608695652,7.177880184331797,25.6905737704918,2971.0,2999.0,14.0,69.0,17.0,52.0,20.4,0.9,2.6,0.357,2.3,0.5,1.6,0.294,0.445
Wayne Ellington,LAL,2014-15,65.0,25.76923076923077,12.675133689839573,25.041563786008233,3261.0,3265.0,7.0,65.0,18.0,47.0,25.8,1.7,4.3,0.396,4.0,0.6,1.6,0.398,0.469
Wayne Ellington,BKN,2015-16,76.0,21.25,13.320819112627987,24.813059701492534,3185.0,3192.0,4.0,76.0,18.0,58.0,21.2,1.0,2.8,0.357,2.2,0.2,0.8,0.258,0.394
Wayne Ellington,MIA,2016-17,62.0,24.193548387096776,15.267080745341614,24.87868020304569,2946.0,2952.0,8.0,62.0,35.0,27.0,24.2,1.0,2.5,0.4,2.5,0.5,1.3,0.375,0.497
Wayne Ellington,MIA,2017-18,77.0,26.506493506493506,8.82892561983471,25.368566493955093,3993.0,3991.0,2.0,77.0,42.0,35.0,26.5,0.8,2.1,0.392,2.2,0.6,1.6,0.384,0.544
Wayne Selden,MEM,2017-18,35.0,19.742857142857144,7.277551020408163,25.49098360655738,1401.0,1395.0,3.0,35.0,10.0,25.0,19.8,0.9,2.1,0.419,2.1,0.4,1.0,0.382,0.507
Wendell Carter,ORL,2025-26,78.0,29.333333333333332,5.577372262773723,24.992477876106197,4756.0,4783.0,6.0,78.0,43.0,35.0,29.3,0.2,0.5,0.324,0.3,0.0,0.0,0.0,0.324
Wes Iwundu,ORL,2017-18,62.0,16.451612903225808,6.9186046511627906,24.18913043478261,2015.0,2035.0,6.0,62.0,18.0,44.0,16.5,0.2,0.7,0.244,0.4,0.0,0.1,0.0,0.244
Wesley Johnson,LAL,2013-14,79.0,28.35443037974683,9.835526315789474,24.904428044280444,4633.0,4635.0,5.0,79.0,27.0,52.0,28.4,0.4,1.5,0.302,1.0,0.1,0.3,0.333,0.332
Wesley Johnson,LAL,2014-15,76.0,29.539473684210527,12.701157407407406,24.847104247104244,4426.0,4413.0,7.0,76.0,20.0,56.0,29.5,0.9,2.9,0.317,2.0,0.1,0.6,0.229,0.342
Wesley Johnson,LAC,2015-16,80.0,20.825,11.25,24.697087378640777,3371.0,3331.0,2.0,80.0,51.0,29.0,20.8,0.3,0.9,0.38,0.7,0.0,0.2,0.214,0.401
Wesley Johnson,LAC,2017-18,74.0,20.08108108108108,12.0434554973822,24.441242937853108,3054.0,3096.0,3.0,74.0,38.0,36.0,20.1,0.6,1.4,0.39,1.2,0.1,0.2,0.375,0.419
Wesley Matthews,POR,2013-14,82.0,33.90243902439025,8.616064257028112,24.47925636007828,5502.0,5479.0,32.0,82.0,54.0,28.0,33.9,1.2,3.1,0.387,2.8,0.3,1.0,0.326,0.441
Wesley Matthews,POR,2014-15,60.0,33.733333333333334,8.445928338762215,24.6638202247191,3982.0,3989.0,16.0,60.0,41.0,19.0,33.7,1.6,3.7,0.445,3.9,0.6,1.5,0.4,0.527
Wesley Matthews,DAL,2015-16,78.0,33.8974358974359,9.920060790273556,24.62342857142857,5133.0,5128.0,19.0,78.0,40.0,38.0,33.9,1.1,3.3,0.337,2.6,0.4,1.6,0.266,0.402
Wesley Matthews,DAL,2016-17,73.0,34.178082191780824,10.41766304347826,25.10208768267223,4773.0,4783.0,33.0,73.0,29.0,44.0,34.2,1.5,4.2,0.367,3.6,0.5,1.6,0.314,0.428
Wesley Matthews,DAL,2017-18,63.0,33.82539682539682,10.147457627118644,25.31417910447761,4214.0,4202.0,22.0,63.0,20.0,43.0,33.8,1.3,3.3,0.402,3.2,0.5,1.3,0.383,0.476
Will Barton,"DEN,POR",2014-15,58.0,16.948275862068964,6.711567164179105,25.737647058823537,1960.0,1958.0,5.0,58.0,30.0,28.0,17.0,0.6,1.5,0.375,1.3,0.2,0.4,0.423,0.438
Will Barton,DEN,2015-16,82.0,28.695121951219512,6.855775075987842,25.72646153846154,4676.0,4686.0,11.0,82.0,33.0,49.0,28.7,1.3,3.4,0.376,3.0,0.4,1.2,0.317,0.433
Will Barton,DEN,2016-17,60.0,28.416666666666668,6.2893271461716935,25.39276595744681,3461.0,3475.0,4.0,60.0,31.0,29.0,28.4,1.2,3.1,0.383,3.0,0.6,1.3,0.413,0.471
Will Barton,DEN,2017-18,81.0,33.123456790123456,5.466831683168317,25.580568720379148,5397.0,5383.0,9.0,81.0,46.0,35.0,33.1,1.1,3.2,0.346,2.9,0.7,2.0,0.337,0.451
Will Bynum,DET,2013-14,56.0,18.821428571428573,8.035597826086956,26.233870967741936,2089.0,2089.0,4.0,56.0,17.0,39.0,18.8,1.0,2.5,0.383,2.1,0.2,0.4,0.36,0.415
Will Richard,GSW,2025-26,69.0,19.956521739130434,4.383582089552239,24.85377358490566,2856.0,2901.0,4.0,69.0,34.0,35.0,20.0,0.1,0.6,0.233,0.4,0.1,0.5,0.212,0.314
Will Riley,WAS,2025-26,74.0,22.054054054054053,6.9,26.016194331983804,3430.0,3468.0,4.0,74.0,16.0,58.0,22.1,0.8,2.4,0.333,1.9,0.3,1.0,0.316,0.401
Willie Cauley Stein,SAC,2015-16,66.0,21.37878787878788,4.000296735905044,22.75,2899.0,2922.0,4.0,66.0,26.0,40.0,21.4,0.0,0.2,0.214,0.1,0.0,0.0,0.0,0.214
Willie Cauley Stein,SAC,2016-17,75.0,18.946666666666665,5.822964509394572,33.45,2774.0,2804.0,4.0,75.0,29.0,46.0,18.9,0.2,0.7,0.32,0.4,0.0,0.0,0.0,0.32
Willie Cauley Stein,SAC,2017-18,73.0,28.0,6.330091984231275,31.975,4028.0,4033.0,7.0,73.0,23.0,50.0,28.0,0.2,0.9,0.266,0.5,0.0,0.1,0.0,0.266
Willie Green,LAC,2013-14,55.0,15.8,11.884666666666668,24.641322314049585,1724.0,1725.0,5.0,55.0,38.0,17.0,15.8,0.3,1.0,0.352,0.7,0.0,0.3,0.133,0.37
Willie Green,ORL,2014-15,52.0,18.28846153846154,10.427027027027028,25.00495867768595,1840.0,1848.0,6.0,52.0,15.0,37.0,18.3,0.7,2.0,0.34,1.6,0.2,0.6,0.281,0.382
Willy Hernangomez,NYK,2016-17,72.0,18.38888888888889,4.326222222222222,25.293333333333333,2657.0,2663.0,3.0,72.0,27.0,45.0,18.4,0.0,0.2,0.077,0.0,0.0,0.0,0.0,0.077
Wilson Chandler,DEN,2013-14,62.0,31.080645161290324,7.960981912144703,25.053561253561252,3942.0,3919.0,2.0,62.0,27.0,35.0,31.1,0.6,1.9,0.328,1.3,0.1,0.4,0.174,0.345
Wilson Chandler,DEN,2014-15,78.0,31.67948717948718,6.450263620386643,25.18128078817734,4917.0,4925.0,8.0,78.0,28.0,50.0,31.7,0.7,2.1,0.321,1.6,0.2,0.5,0.366,0.367
Wilson Chandler,DEN,2016-17,71.0,30.943661971830984,7.212887438825448,25.20644171779141,4485.0,4473.0,2.0,71.0,35.0,36.0,30.9,1.2,2.9,0.392,2.5,0.2,0.7,0.32,0.431
Wilson Chandler,DEN,2017-18,74.0,31.7027027027027,5.8563636363636355,24.990243902439023,4691.0,4702.0,4.0,74.0,41.0,33.0,31.7,0.4,1.5,0.287,1.0,0.1,0.5,0.225,0.329
Xavier Henry,LAL,2013-14,43.0,21.11627906976744,8.151136363636365,25.77530864197531,1873.0,1868.0,10.0,43.0,16.0,27.0,21.1,0.8,2.0,0.384,1.6,0.1,0.4,0.222,0.407
Yogi Ferrell,"BKN,DAL",2016-17,46.0,26.02173913043478,9.98073394495413,25.069886363636364,2332.0,2344.0,10.0,46.0,18.0,28.0,26.0,1.7,4.2,0.392,4.1,0.8,1.9,0.407,0.482
Yogi Ferrell,DAL,2017-18,82.0,27.817073170731707,10.61509433962264,25.313370473537603,4501.0,4500.0,16.0,82.0,24.0,58.0,27.8,1.7,4.0,0.438,4.0,0.5,1.5,0.354,0.508
Yves Missi,NOP,2025-26,66.0,19.651515151515152,2.7494880546075087,27.5,2665.0,2670.0,3.0,66.0,19.0,47.0,19.7,0.0,0.1,0.2,0.0,0.0,0.0,0.0,0.2
Zaccharie Risacher,ATL,2025-26,67.0,22.432835820895523,5.5359712230215825,25.17558139534884,3218.0,3231.0,1.0,67.0,39.0,28.0,22.4,0.4,1.2,0.342,1.0,0.2,0.7,0.289,0.424
Zach Collins,POR,2017-18,66.0,15.848484848484848,6.9,24.993805309734515,2041.0,2030.0,0.0,66.0,41.0,25.0,15.8,0.1,0.4,0.25,0.2,0.0,0.0,0.0,0.25
Zach LaVine,MIN,2014-15,77.0,24.7012987012987,10.231372549019609,25.808383233532933,3728.0,3742.0,14.0,77.0,15.0,62.0,24.7,1.2,3.7,0.319,2.6,0.2,0.9,0.258,0.349
Zach LaVine,MIN,2015-16,82.0,27.963414634146343,9.546811819595646,25.320569620253163,4607.0,4625.0,5.0,82.0,29.0,53.0,28.0,1.7,4.9,0.35,4.1,0.6,1.8,0.347,0.413
Zach LaVine,MIN,2016-17,47.0,37.212765957446805,8.6275,24.97,3413.0,3420.0,1.0,47.0,16.0,31.0,37.2,2.3,5.8,0.39,5.4,0.9,2.5,0.345,0.465
Zach LaVine,SAC,2025-26,39.0,31.384615384615383,8.595904436860067,26.082283464566927,2522.0,2534.0,0.0,39.0,9.0,30.0,31.4,2.3,5.8,0.394,5.8,1.2,3.4,0.356,0.498
Zach Randolph,MEM,2013-14,79.0,34.24050632911393,7.418166383701188,32.69,5028.0,5009.0,9.0,79.0,49.0,30.0,34.2,0.7,1.8,0.394,1.4,0.0,0.1,0.0,0.394
Zach Randolph,MEM,2014-15,71.0,32.45070422535211,7.068311403508772,35.55,4392.0,4355.0,7.0,71.0,51.0,20.0,32.4,0.4,1.5,0.278,0.8,0.0,0.0,0.0,0.278
Zach Randolph,MEM,2015-16,68.0,29.66176470588235,8.404086265607264,30.51153846153846,3878.0,3840.0,5.0,68.0,37.0,31.0,29.7,0.7,1.5,0.442,1.4,0.0,0.1,0.0,0.442
Zach Randolph,MEM,2016-17,73.0,24.465753424657535,8.397241379310346,27.602127659574467,3406.0,3365.0,3.0,73.0,38.0,35.0,24.5,0.5,1.5,0.33,1.0,0.0,0.1,0.143,0.335
Zach Randolph,SAC,2017-18,59.0,25.559322033898304,8.634902597402599,25.73537414965986,2963.0,2947.0,3.0,59.0,18.0,41.0,25.6,0.5,1.4,0.346,1.0,0.0,0.1,0.25,0.352
Zaza Pachulia,MIL,2013-14,53.0,25.0,6.25316091954023,42.5,2544.0,2538.0,16.0,53.0,10.0,43.0,25.0,0.1,0.2,0.25,0.1,0.0,0.0,0.0,0.25
Zaza Pachulia,MIL,2014-15,73.0,23.698630136986303,7.780988593155894,30.766666666666666,3382.0,3369.0,12.0,73.0,34.0,39.0,23.7,0.1,0.3,0.182,0.1,0.0,0.0,0.0,0.182
Zaza Pachulia,DAL,2015-16,76.0,26.36842105263158,6.030406852248394,62.26666666666667,3861.0,3851.0,10.0,76.0,40.0,36.0,26.4,0.1,0.2,0.286,0.1,0.0,0.0,0.0,0.286
Zaza Pachulia,GSW,2016-17,70.0,18.11428571428571,4.6072131147540984,44.8,2638.0,2635.0,6.0,70.0,58.0,12.0,18.1,0.0,0.1,0.125,0.0,0.0,0.0,0.0,0.125
Ziaire Williams,BKN,2025-26,56.0,22.875,4.51043956043956,24.83784860557769,2620.0,2634.0,15.0,56.0,13.0,43.0,22.9,0.3,0.8,0.372,0.7,0.1,0.4,0.35,0.453
Zion Williamson,NOP,2025-26,62.0,29.693548387096776,3.4830635118306352,25.75,3883.0,3901.0,0.0,62.0,22.0,40.0,29.7,0.2,0.6,0.378,0.5,0.0,0.1,0.25,0.392
AJ Lawson,TOR,2024-25,0.0,0.0,2.914606741573034,24.885148514851487,39.73076923076923,39.42307692307692,0.0,26.0,14.0,12.0,18.7,0.2,0.4,0.4,0.5,0.2,0.3,0.5,0.6
Aaron Gordon,ORL,2018-19,0.0,0.0,6.782260371959943,25.534582132564836,68.3076923076923,68.06410256410257,0.0897435897435897,78.0,40.0,38.0,33.8,1.2,3.4,0.362,2.8,0.4,1.2,0.323,0.419
Aaron Gordon,ORL,2019-20,0.0,0.0,6.87490566037736,26.44514767932489,65.98387096774194,66.29032258064517,0.0806451612903225,62.0,30.0,32.0,32.5,1.0,3.5,0.281,2.3,0.3,1.1,0.294,0.327
Aaron Gordon,"ORL,DEN",2020-21,0.0,0.0,5.171830985915493,25.7390625,56.06,56.12,0.06,50.0,29.0,21.0,27.7,1.0,3.2,0.323,2.4,0.4,1.3,0.273,0.38
Aaron Gordon,DEN,2021-22,0.0,0.0,5.211498257839722,25.257307692307688,64.6,64.06666666666666,0.0666666666666666,75.0,46.0,29.0,31.7,0.8,2.1,0.369,1.7,0.2,0.7,0.3,0.417
Aaron Gordon,DEN,2022-23,0.0,0.0,3.941836734693878,25.703468208092485,62.161764705882355,61.9264705882353,0.1323529411764706,68.0,45.0,23.0,30.2,0.6,1.7,0.351,1.5,0.3,0.9,0.39,0.452
Aaron Gordon,DEN,2023-24,0.0,0.0,3.1420415224913487,25.01086956521739,63.136986301369866,63.054794520547944,0.0684931506849315,73.0,49.0,24.0,31.5,0.3,1.1,0.269,0.7,0.2,0.6,0.268,0.34
Aaron Gordon,DEN,2024-25,0.0,0.0,4.742153846153847,25.12151162790697,59.01960784313726,58.76470588235294,0.1176470588235294,51.0,33.0,18.0,28.4,0.8,2.0,0.402,2.0,0.4,1.0,0.38,0.495
Aaron Holiday,IND,2018-19,0.0,0.0,9.233333333333333,26.751968503937015,27.1,27.02,0.26,50.0,31.0,19.0,12.9,0.9,2.6,0.338,2.1,0.4,1.2,0.295,0.408
Aaron Holiday,IND,2019-20,0.0,0.0,7.943567251461986,26.059276018099546,50.27272727272727,50.04545454545455,0.3939393939393939,66.0,42.0,24.0,24.5,1.1,3.2,0.359,2.7,0.4,1.3,0.341,0.428
Aaron Holiday,IND,2020-21,0.0,0.0,6.066929133858267,26.353846153846156,37.86363636363637,37.65151515151515,0.1818181818181818,66.0,30.0,36.0,17.8,0.6,1.6,0.374,1.4,0.2,0.7,0.304,0.439
Aaron Holiday,"WAS,PHO",2021-22,0.0,0.0,8.289772727272728,26.094444444444445,32.6031746031746,32.80952380952381,0.1269841269841269,63.0,34.0,29.0,16.2,0.7,1.6,0.398,1.5,0.2,0.5,0.448,0.461
Aaron Holiday,ATL,2022-23,0.0,0.0,7.458333333333333,25.625000000000004,27.88888888888889,27.92063492063492,0.238095238095238,63.0,32.0,31.0,13.4,0.4,1.1,0.38,1.0,0.1,0.4,0.346,0.444
Aaron Holiday,HOU,2023-24,0.0,0.0,8.008500000000002,25.774654377880186,33.294871794871796,33.794871794871796,0.1666666666666666,78.0,39.0,39.0,16.3,0.7,1.7,0.422,1.7,0.2,0.8,0.305,0.489
Aaron Holiday,HOU,2024-25,0.0,0.0,9.01954022988506,26.406077348066297,26.5,26.758064516129032,0.1935483870967742,62.0,39.0,23.0,12.8,0.5,1.2,0.382,1.2,0.2,0.7,0.333,0.48
Aaron Holiday,HOU,2025-26,0.0,0.0,8.186792452830188,25.770370370370376,26.428571428571427,27.34285714285714,0.2,57.0,38.0,19.0,13.7,0.2,0.9,0.241,0.6,0.1,0.4,0.24,0.296
Aaron Nesmith,BOS,2020-21,0.0,0.0,5.038571428571428,24.920370370370364,29.58695652173913,29.717391304347824,0.108695652173913,46.0,22.0,24.0,14.5,0.2,0.7,0.355,0.5,0.1,0.3,0.2,0.403
Aaron Nesmith,IND,2022-23,0.0,0.0,4.944202898550724,24.786305732484077,51.917808219178085,51.97260273972603,0.3013698630136986,73.0,30.0,43.0,24.9,0.5,1.2,0.435,1.3,0.3,0.6,0.442,0.547
Aaron Nesmith,IND,2023-24,0.0,0.0,4.429235880398671,24.84580838323354,57.986111111111114,57.84722222222222,0.4305555555555556,72.0,41.0,31.0,27.7,0.4,1.0,0.419,1.1,0.2,0.6,0.35,0.514
Aaron Nesmith,IND,2024-25,0.0,0.0,5.740760869565216,25.05589743589744,51.4,51.84444444444444,0.2,45.0,29.0,16.0,24.9,0.6,1.6,0.386,1.4,0.2,0.7,0.344,0.464
Aaron Wiggins,OKC,2021-22,0.0,0.0,4.049748743718594,25.075362318840583,50.53061224489796,51.36734693877551,0.0,50.0,13.0,37.0,24.2,0.1,0.4,0.263,0.2,0.0,0.2,0.2,0.316
Aaron Wiggins,OKC,2022-23,0.0,0.0,3.2099585062240665,25.21803278688525,38.32857142857143,38.75714285714286,0.0714285714285714,70.0,37.0,33.0,18.5,0.1,0.2,0.353,0.2,0.1,0.1,0.5,0.471
Aaron Wiggins,OKC,2023-24,0.0,0.0,3.684462151394422,24.70873015873016,31.974358974358974,32.64102564102564,0.0512820512820512,78.0,55.0,23.0,15.7,0.2,0.4,0.485,0.5,0.1,0.1,0.7,0.591
Aaron Wiggins,OKC,2024-25,0.0,0.0,4.4524421593830334,25.33952802359882,47.71052631578947,47.4078947368421,0.0263157894736842,76.0,62.0,14.0,22.9,0.6,1.5,0.375,1.4,0.3,0.8,0.356,0.469
Abdel Nader,OKC,2019-20,0.0,0.0,5.035555555555556,25.1,32.50909090909091,32.36363636363637,0.0363636363636363,55.0,37.0,18.0,15.8,0.2,0.6,0.406,0.5,0.0,0.1,0.286,0.438
Adem Bona,PHI,2024-25,0.0,0.0,2.167539267015706,24.6,31.79310344827586,31.448275862068964,0.0344827586206896,58.0,12.0,46.0,15.6,0.0,0.0,0.0,0.0,0.0,0.0,0.0,0.0
Admiral Schofield,ORL,2021-22,0.0,0.0,4.806,25.627848101265823,25.18421052631579,25.289473684210527,0.1052631578947368,38.0,10.0,28.0,12.3,0.1,0.2,0.333,0.2,0.1,0.2,0.286,0.444
Admiral Schofield,ORL,2022-23,0.0,0.0,3.1458333333333335,25.03918918918919,24.72972972972973,24.72972972972973,0.054054054054054,37.0,14.0,23.0,12.2,0.0,0.2,0.143,0.1,0.0,0.2,0.167,0.214
AJ Green,MIL,2024-25,0.0,0.0,12.736065573770489,25.891184573002754,46.87671232876713,46.61643835616438,0.1780821917808219,73.0,44.0,29.0,22.7,0.7,1.8,0.385,1.8,0.4,1.2,0.36,0.508
AJ Griffin,ATL,2022-23,0.0,0.0,9.02883211678832,25.060231660231658,40.5,40.541666666666664,0.0694444444444444,72.0,34.0,38.0,19.5,1.2,2.5,0.489,2.9,0.4,0.8,0.467,0.566
AJ Johnson,"MIL,WAS",2024-25,0.0,0.0,3.866055045871561,27.57647058823529,45.27586206896552,45.3448275862069,0.0,29.0,8.0,21.0,22.0,0.3,1.4,0.238,1.0,0.3,1.3,0.256,0.357
Ajay Mitchell,OKC,2024-25,0.0,0.0,5.736290322580646,25.621666666666663,33.97222222222222,33.666666666666664,0.2222222222222222,36.0,31.0,5.0,16.6,0.3,0.8,0.429,0.7,0.1,0.2,0.25,0.464
Al Horford,BOS,2018-19,0.0,0.0,8.341730769230766,25.83940886699507,59.61764705882353,59.52941176470589,0.0735294117647058,68.0,41.0,27.0,29.0,0.3,0.7,0.458,0.6,0.0,0.0,0.0,0.458
Al Horford,PHI,2019-20,0.0,0.0,8.615023474178402,25.729328621908124,62.149253731343286,62.08955223880597,0.0,67.0,39.0,28.0,30.2,0.4,0.9,0.475,0.9,0.1,0.2,0.333,0.508
Al Horford,OKC,2020-21,0.0,0.0,7.717307692307691,25.45394736842105,57.107142857142854,57.07142857142857,0.0357142857142857,28.0,11.0,17.0,27.9,0.5,1.2,0.412,1.0,0.0,0.2,0.167,0.426
Al Horford,BOS,2021-22,0.0,0.0,6.676973684210529,25.279245283018863,58.0,57.63768115942029,0.0,69.0,46.0,23.0,29.1,0.2,0.3,0.524,0.4,0.1,0.1,1.0,0.619
Al Horford,BOS,2022-23,0.0,0.0,5.729220779220779,25.056615384615384,62.36507936507937,62.04761904761905,0.0317460317460317,63.0,44.0,19.0,30.5,0.1,0.3,0.4,0.3,0.0,0.1,0.429,0.475
Al Horford,BOS,2023-24,0.0,0.0,4.62608695652174,25.08488372093024,53.95384615384615,53.76923076923077,0.0153846153846153,65.0,51.0,14.0,26.8,0.1,0.2,0.4,0.2,0.0,0.1,0.375,0.55
Al Horford,BOS,2024-25,0.0,0.0,5.379591836734694,25.321974522292994,55.06666666666667,54.96666666666667,0.0,60.0,44.0,16.0,27.6,0.1,0.1,0.375,0.1,0.0,0.0,0.5,0.438
Al Farouq Aminu,POR,2018-19,0.0,0.0,4.319169329073482,24.67607142857143,58.58024691358025,58.75308641975309,0.1481481481481481,81.0,52.0,29.0,28.3,0.1,0.5,0.171,0.2,0.0,0.2,0.143,0.195
Alec Burks,"UTA,CLE,SAC",2018-19,0.0,0.0,5.328571428571429,25.116666666666664,43.4375,43.40625,0.1875,64.0,19.0,45.0,21.5,0.6,2.4,0.27,1.6,0.3,1.2,0.297,0.342
Alec Burks,"GSW,PHI",2019-20,0.0,0.0,8.813333333333334,25.7012987012987,55.06060606060606,55.04545454545455,0.2272727272727272,66.0,21.0,45.0,26.6,2.1,5.1,0.414,5.2,1.0,2.5,0.394,0.51
Alec Burks,NYK,2020-21,0.0,0.0,8.850000000000001,25.016666666666666,50.673469387755105,50.53061224489796,0.1632653061224489,49.0,27.0,22.0,25.6,1.9,4.4,0.428,4.7,0.9,2.0,0.465,0.535
Alec Burks,NYK,2021-22,0.0,0.0,8.426843657817109,25.135475578406172,56.60493827160494,56.55555555555556,0.2839506172839506,81.0,37.0,44.0,28.6,1.3,3.5,0.363,3.2,0.7,1.8,0.386,0.461
Alec Burks,DET,2022-23,0.0,0.0,10.374545454545457,25.467782426778236,45.90196078431372,45.86274509803921,0.2941176470588235,51.0,12.0,39.0,22.0,2.0,4.6,0.426,4.8,0.9,2.2,0.396,0.519
Alec Burks,"DET,NYK",2023-24,0.0,0.0,8.947500000000002,25.04457831325301,37.25757575757576,37.43939393939394,0.2121212121212121,66.0,18.0,48.0,18.4,1.3,3.8,0.345,3.2,0.6,1.9,0.325,0.428
Alec Burks,MIA,2024-25,0.0,0.0,8.2765625,24.661352657004834,35.06122448979592,35.06122448979592,0.1224489795918367,49.0,26.0,23.0,17.6,0.6,1.3,0.462,1.6,0.3,0.8,0.425,0.592
Aleksej Pokusevski,OKC,2020-21,0.0,0.0,9.027860696517411,25.77246376811594,51.53333333333333,51.75555555555555,0.0222222222222222,45.0,13.0,32.0,24.2,0.8,2.8,0.304,1.8,0.1,0.8,0.132,0.324
Aleksej Pokusevski,OKC,2021-22,0.0,0.0,6.066409266409268,25.777157360406093,41.40983606557377,40.98360655737705,0.081967213114754,61.0,19.0,42.0,20.2,0.4,1.4,0.277,0.8,0.1,0.4,0.192,0.307
Aleksej Pokusevski,OKC,2022-23,0.0,0.0,4.600689655172415,25.275,43.3235294117647,43.61764705882353,0.0294117647058823,34.0,16.0,18.0,20.6,0.1,0.5,0.278,0.3,0.0,0.1,0.2,0.306
Aleksej Pokusevski,"OKC,CHO",2023-24,0.0,0.0,6.360655737704917,25.420454545454547,28.821428571428573,28.928571428571427,0.0714285714285714,28.0,14.0,14.0,14.5,0.1,0.8,0.19,0.4,0.1,0.3,0.25,0.238
Alex Abrines,OKC,2018-19,0.0,0.0,7.553333333333333,25.75511811023622,40.16129032258065,40.03225806451613,0.3225806451612903,31.0,21.0,10.0,19.0,0.3,0.5,0.5,0.7,0.2,0.4,0.545,0.688
Alex Caruso,LAL,2018-19,0.0,0.0,5.714634146341463,25.586,44.32,44.6,0.28,25.0,8.0,17.0,21.2,0.8,2.0,0.388,2.0,0.4,0.8,0.55,0.5
Alex Caruso,LAL,2019-20,0.0,0.0,5.470175438596493,25.32833333333333,38.296875,38.5,0.25,64.0,48.0,16.0,18.4,0.3,1.0,0.25,0.6,0.1,0.5,0.31,0.32
Alex Caruso,LAL,2020-21,0.0,0.0,6.594047619047619,24.778832116788323,42.46551724137931,42.58620689655172,0.3103448275862069,58.0,32.0,26.0,21.0,0.3,1.0,0.31,0.7,0.1,0.3,0.235,0.345
Alex Caruso,CHI,2021-22,0.0,0.0,5.673846153846154,25.41746031746032,56.5609756097561,56.68292682926829,0.5609756097560976,41.0,24.0,17.0,28.0,0.4,1.3,0.321,1.0,0.1,0.6,0.217,0.368
Alex Caruso,CHI,2022-23,0.0,0.0,4.209629629629631,24.619867549668875,47.76119402985075,47.6865671641791,0.5074626865671642,67.0,33.0,34.0,23.5,0.1,0.4,0.207,0.2,0.0,0.2,0.231,0.259
Alex Caruso,CHI,2023-24,0.0,0.0,4.945673076923077,24.72462462462462,57.76056338028169,57.59154929577465,0.4225352112676056,71.0,34.0,37.0,28.7,0.6,1.2,0.477,1.5,0.4,0.8,0.455,0.622
Alex Caruso,OKC,2024-25,0.0,0.0,3.85,24.84941176470588,40.886792452830186,40.64150943396226,0.1509433962264151,54.0,44.0,10.0,19.3,0.2,0.7,0.278,0.5,0.1,0.4,0.227,0.347
Alex Len,ATL,2018-19,0.0,0.0,3.2777027027027033,24.55588235294118,43.62337662337662,43.701298701298704,0.0,77.0,28.0,49.0,20.1,0.0,0.1,0.333,0.1,0.0,0.1,0.25,0.389
Alex Len,"ATL,SAC",2019-20,0.0,0.0,3.2857142857142856,24.666666666666668,37.45454545454545,37.38181818181818,0.0181818181818181,55.0,18.0,37.0,17.6,0.0,0.1,0.25,0.0,0.0,0.0,0.0,0.25
Alex Len,"TOR,WAS",2020-21,0.0,0.0,3.797590361445784,24.589473684210528,33.296875,33.28125,0.015625,64.0,30.0,34.0,15.3,0.0,0.0,0.5,0.0,0.0,0.0,0.0,0.5
Alex Len,SAC,2021-22,0.0,0.0,4.601290322580645,24.69047619047619,32.8974358974359,32.8974358974359,0.0512820512820512,39.0,17.0,22.0,15.9,0.0,0.1,0.2,0.1,0.0,0.0,0.0,0.2
Alex Sarr,WAS,2024-25,0.0,0.0,6.356057494866532,25.926686217008807,57.44776119402985,57.701492537313435,0.0149253731343283,67.0,13.0,54.0,27.1,0.4,1.2,0.325,0.8,0.0,0.2,0.231,0.344
Alfonzo McKinnie,GSW,2018-19,0.0,0.0,4.354140127388536,24.37881355932204,29.333333333333332,29.51388888888889,0.0138888888888888,72.0,53.0,19.0,13.9,0.1,0.3,0.368,0.2,0.0,0.0,0.0,0.368
Alfonzo McKinnie,CLE,2019-20,0.0,0.0,4.46132075471698,24.71076923076923,31.205128205128204,31.692307692307693,0.0512820512820512,40.0,11.0,29.0,14.8,0.2,0.6,0.273,0.3,0.0,0.2,0.143,0.295
Allen Crabbe,BRK,2018-19,0.0,0.0,10.785087719298245,25.45019305019305,55.25581395348837,54.88372093023256,0.1162790697674418,43.0,19.0,24.0,26.4,0.5,1.8,0.278,1.2,0.2,0.7,0.286,0.329
Allen Crabbe,"ATL,MIN",2019-20,0.0,0.0,10.1875,24.596153846153847,38.108108108108105,37.972972972972975,0.027027027027027,37.0,5.0,32.0,17.6,0.2,1.0,0.237,0.5,0.0,0.4,0.0,0.237
Allonzo Trier,NYK,2018-19,0.0,0.0,7.708808290155442,25.475000000000005,47.015625,46.640625,0.171875,64.0,13.0,51.0,22.8,1.3,3.4,0.365,2.8,0.3,1.0,0.344,0.416
Alperen Sengun,HOU,2021-22,0.0,0.0,3.6375,27.827350427350428,42.80555555555556,42.68055555555556,0.1666666666666666,72.0,18.0,54.0,20.7,0.1,0.5,0.211,0.3,0.0,0.2,0.125,0.237
Alperen Sengun,HOU,2022-23,0.0,0.0,4.407008086253369,26.42280701754386,59.56,59.026666666666664,0.2933333333333333,75.0,18.0,57.0,28.9,0.2,0.5,0.405,0.4,0.0,0.1,0.0,0.405
Alperen Sengun,HOU,2023-24,0.0,0.0,5.489322617680826,26.827927927927934,66.12698412698413,65.73015873015873,0.2222222222222222,63.0,29.0,34.0,32.5,0.3,0.8,0.415,0.7,0.0,0.1,0.125,0.425
Alperen Sengun,HOU,2024-25,0.0,0.0,5.890788224121557,26.110000000000007,64.1842105263158,63.39473684210526,0.131578947368421,76.0,52.0,24.0,31.5,0.6,1.5,0.376,1.2,0.0,0.1,0.0,0.376
Amen Thompson,HOU,2023-24,0.0,0.0,4.041494845360823,26.022413793103446,46.45161290322581,46.87096774193548,0.1774193548387097,62.0,30.0,32.0,22.4,0.2,0.8,0.28,0.5,0.0,0.2,0.0,0.28
Amen Thompson,HOU,2024-25,0.0,0.0,5.200825082508252,25.160439560439563,65.44927536231884,65.56521739130434,0.0869565217391304,69.0,43.0,26.0,32.3,0.5,1.4,0.347,1.0,0.0,0.2,0.154,0.358
Amir Coffey,LAC,2021-22,0.0,0.0,6.503773584905662,25.34645669291339,48.18181818181818,48.621212121212125,0.1212121212121212,69.0,33.0,36.0,22.7,0.5,1.3,0.382,1.1,0.1,0.5,0.286,0.438
Amir Coffey,LAC,2022-23,0.0,0.0,7.083809523809524,25.0875,25.7,25.98,0.08,50.0,26.0,24.0,12.5,0.2,0.7,0.286,0.4,0.0,0.1,0.167,0.3
Amir Coffey,LAC,2023-24,0.0,0.0,7.376190476190475,25.019565217391307,42.857142857142854,42.68571428571428,0.0857142857142857,70.0,46.0,24.0,20.9,0.5,1.2,0.427,1.1,0.1,0.2,0.235,0.451
Amir Coffey,LAC,2024-25,0.0,0.0,7.637262357414448,25.393522267206468,49.138888888888886,49.125,0.0833333333333333,72.0,41.0,31.0,24.3,0.8,1.8,0.434,1.7,0.1,0.4,0.286,0.465
Andre Drummond,DET,2018-19,0.0,0.0,3.099802761341224,32.0078947368421,67.54430379746836,67.32911392405063,0.1518987341772152,79.0,40.0,39.0,33.5,0.1,0.6,0.182,0.2,0.0,0.2,0.143,0.205
Andre Drummond,"DET,CLE",2019-20,0.0,0.0,2.269230769230769,25.44285714285714,66.96491228070175,66.56140350877193,0.1052631578947368,57.0,21.0,36.0,33.0,0.1,0.4,0.182,0.2,0.0,0.1,0.25,0.205
Andre Drummond,"CLE,LAL",2020-21,0.0,0.0,3.515625,0.0,54.08695652173913,54.19565217391305,0.108695652173913,46.0,19.0,27.0,27.0,0.2,0.2,0.636,0.3,0.0,0.0,0.0,0.636
Andre Drummond,"PHI,BRK",2021-22,0.0,0.0,2.5721649484536084,80.3,39.41095890410959,39.80821917808219,0.0410958904109589,73.0,42.0,31.0,19.7,0.0,0.1,0.375,0.1,0.0,0.0,0.0,0.375
Andre Drummond,CHI,2022-23,0.0,0.0,2.0221402214022133,26.5,25.77611940298507,26.16417910447761,0.0298507462686567,67.0,32.0,35.0,12.7,0.0,0.0,0.5,0.0,0.0,0.0,0.0,0.5
Andre Drummond,CHI,2023-24,0.0,0.0,2.3639412997903557,64.8,33.835443037974684,33.88607594936709,0.0253164556962025,79.0,37.0,42.0,17.1,0.0,0.0,0.5,0.0,0.0,0.0,0.0,0.5
Andre Drummond,PHI,2024-25,0.0,0.0,3.171495327102804,28.605000000000008,37.25,37.825,0.025,40.0,12.0,28.0,18.8,0.0,0.1,0.5,0.1,0.0,0.0,0.0,0.5
Andre Iguodala,GSW,2018-19,0.0,0.0,5.598101265822785,25.13888888888889,48.60294117647059,48.5,0.1176470588235294,68.0,47.0,21.0,23.2,0.2,0.6,0.3,0.4,0.1,0.2,0.308,0.35
Andre Iguodala,MIA,2020-21,0.0,0.0,5.845454545454546,25.493956043956047,41.698412698412696,42.285714285714285,0.0952380952380952,63.0,37.0,26.0,21.3,0.2,0.7,0.268,0.5,0.1,0.5,0.3,0.378
Andre Iguodala,GSW,2021-22,0.0,0.0,4.94468085106383,26.38648648648649,39.096774193548384,39.193548387096776,0.2258064516129032,31.0,20.0,11.0,19.4,0.1,0.5,0.118,0.2,0.0,0.4,0.091,0.147
Andre Jackson,MIL,2024-25,0.0,0.0,4.398347107438016,24.73421052631579,31.484375,31.640625,0.109375,67.0,39.0,28.0,14.6,0.1,0.3,0.391,0.3,0.1,0.1,0.444,0.478
Andrew Nembhard,IND,2022-23,0.0,0.0,8.253805774278215,25.76844106463878,58.013333333333335,58.013333333333335,0.2,75.0,32.0,43.0,27.6,1.1,2.9,0.359,2.4,0.3,0.9,0.288,0.402
Andrew Nembhard,IND,2023-24,0.0,0.0,8.346153846153845,25.765497076023394,52.56716417910448,52.67164179104478,0.208955223880597,68.0,41.0,27.0,25.0,1.3,2.8,0.466,2.7,0.1,0.5,0.222,0.487
Andrew Nembhard,IND,2024-25,0.0,0.0,9.353021978021978,26.518285714285717,59.76923076923077,59.89230769230769,0.1384615384615384,65.0,44.0,21.0,28.9,1.3,3.1,0.432,2.8,0.2,0.7,0.273,0.462
Andrew Wiggins,MIN,2018-19,0.0,0.0,8.84088269454123,25.76034482758621,72.28767123287672,72.57534246575342,0.1506849315068493,73.0,31.0,42.0,34.8,2.0,6.2,0.325,4.4,0.4,1.4,0.283,0.356
Andrew Wiggins,"MIN,GSW",2019-20,0.0,0.0,8.026356589147287,26.003389830508475,72.57407407407408,72.42592592592592,0.037037037037037,54.0,15.0,39.0,34.4,1.9,6.0,0.322,4.6,0.8,2.4,0.32,0.385
Andrew Wiggins,GSW,2020-21,0.0,0.0,8.145942028985505,25.62989130434783,70.2394366197183,70.15492957746478,0.0845070422535211,71.0,38.0,33.0,33.3,1.8,4.7,0.387,4.1,0.5,1.3,0.391,0.441
Andrew Wiggins,GSW,2021-22,0.0,0.0,8.165967741935484,25.371428571428577,65.04109589041096,65.31506849315069,0.136986301369863,73.0,47.0,26.0,31.9,1.4,3.9,0.362,3.1,0.3,1.0,0.338,0.404
Andrew Wiggins,GSW,2022-23,0.0,0.0,7.8726973684210515,25.648,68.27027027027027,68.4054054054054,0.2432432432432432,37.0,19.0,18.0,32.2,1.1,3.1,0.339,2.3,0.2,0.8,0.241,0.37
Andrew Wiggins,GSW,2023-24,0.0,0.0,7.1028517110266165,25.734251968503933,55.49295774647887,55.74647887323944,0.1549295774647887,71.0,38.0,33.0,27.0,0.8,2.2,0.377,1.8,0.2,0.4,0.387,0.416
Andrew Wiggins,"GSW,MIA",2024-25,0.0,0.0,7.271140939597315,25.237,62.68333333333333,62.78333333333333,0.1166666666666666,60.0,27.0,33.0,30.7,1.3,3.6,0.358,3.2,0.6,1.7,0.343,0.438
Anfernee Simons,POR,2019-20,0.0,0.0,8.714838709677414,25.706194690265487,43.285714285714285,43.22857142857143,0.0714285714285714,70.0,32.0,38.0,20.7,1.1,3.2,0.344,2.5,0.4,1.2,0.317,0.403
Anfernee Simons,POR,2020-21,0.0,0.0,8.883193277310923,25.631560283687943,34.921875,34.328125,0.015625,64.0,37.0,27.0,17.3,1.1,2.9,0.364,2.8,0.7,2.1,0.336,0.487
Anfernee Simons,POR,2021-22,0.0,0.0,9.812394366197184,26.34592760180995,59.31578947368421,59.333333333333336,0.0701754385964912,57.0,25.0,32.0,29.5,2.8,7.0,0.406,6.9,1.2,3.6,0.337,0.494
Anfernee Simons,POR,2022-23,0.0,0.0,8.069979296066254,26.407295373665487,70.79032258064517,70.87096774193549,0.1451612903225806,62.0,27.0,35.0,35.0,2.9,7.4,0.395,7.3,1.5,4.1,0.355,0.493
Anfernee Simons,POR,2023-24,0.0,0.0,8.262037037037034,26.518271604938267,69.06521739130434,68.91304347826087,0.0652173913043478,46.0,11.0,35.0,34.4,3.2,8.3,0.378,8.0,1.7,4.9,0.348,0.479
Anfernee Simons,POR,2024-25,0.0,0.0,7.989285714285713,26.803222784335773,66.42857142857143,66.44285714285714,0.0857142857142857,70.0,28.0,42.0,32.7,2.7,7.2,0.383,6.9,1.4,4.2,0.347,0.484
Ante Zizic,CLE,2018-19,0.0,0.0,4.4398791540785485,0.0,36.932203389830505,37.16949152542373,0.0338983050847457,59.0,13.0,46.0,18.3,0.0,0.1,0.125,0.0,0.0,0.0,0.0,0.125
Anthony Black,ORL,2023-24,0.0,0.0,5.80392156862745,24.713829787234047,35.3134328358209,35.56716417910448,0.2537313432835821,69.0,39.0,30.0,16.9,0.2,0.6,0.3,0.4,0.1,0.1,0.444,0.35
Anthony Black,ORL,2024-25,0.0,0.0,5.8677647058823545,25.40153846153846,48.03846153846154,48.32051282051282,0.2435897435897435,78.0,39.0,39.0,24.2,0.6,1.7,0.331,1.3,0.2,0.6,0.286,0.382
Anthony Davis,NOP,2018-19,0.0,0.0,7.103972758229286,25.99655172413793,70.30357142857143,70.35714285714286,0.1428571428571428,56.0,25.0,31.0,33.0,1.4,4.1,0.332,2.7,0.0,0.4,0.048,0.334
Anthony Davis,LAL,2019-20,0.0,0.0,7.433712984054669,26.094036697247702,72.45161290322581,72.37096774193549,0.0483870967741935,62.0,46.0,16.0,34.4,1.3,3.6,0.36,2.7,0.0,0.3,0.158,0.367
Anthony Davis,LAL,2020-21,0.0,0.0,8.947758284600392,26.08899999999999,65.61111111111111,65.83333333333333,0.1111111111111111,36.0,23.0,13.0,32.3,2.0,5.1,0.391,4.1,0.1,0.3,0.167,0.397
Anthony Davis,LAL,2021-22,0.0,0.0,7.783040000000001,26.005714285714287,73.375,73.05,0.075,40.0,17.0,23.0,35.1,1.2,3.9,0.312,2.5,0.1,0.1,0.5,0.318
Anthony Davis,LAL,2022-23,0.0,0.0,6.749774774774774,26.102702702702697,71.46428571428571,70.96428571428571,0.0535714285714285,56.0,31.0,25.0,34.0,1.3,3.0,0.422,2.5,0.0,0.1,0.0,0.422
Anthony Davis,LAL,2023-24,0.0,0.0,6.352295918367349,25.81495327102804,74.5657894736842,74.47368421052632,0.0394736842105263,76.0,45.0,31.0,35.5,0.8,2.2,0.376,1.8,0.1,0.2,0.313,0.391
Anthony Davis,"LAL,DAL",2024-25,0.0,0.0,8.699180327868852,25.506666666666668,67.6470588235294,67.68627450980392,0.0784313725490196,51.0,30.0,21.0,33.4,1.5,3.8,0.404,3.1,0.1,0.4,0.19,0.415
Anthony Edwards,MIN,2020-21,0.0,0.0,5.643994211287988,25.650961538461537,67.61111111111111,67.59722222222223,0.0277777777777777,72.0,23.0,49.0,32.1,1.7,5.5,0.31,4.5,1.1,3.5,0.329,0.414
Anthony Edwards,MIN,2021-22,0.0,0.0,5.353499222395024,25.646677740863783,70.95833333333333,71.13888888888889,0.0416666666666666,72.0,39.0,33.0,34.2,2.2,6.8,0.325,6.1,1.7,5.1,0.325,0.446
Anthony Edwards,MIN,2022-23,0.0,0.0,6.826687435098649,25.71262975778548,75.17721518987342,74.9746835443038,0.0632911392405063,79.0,40.0,39.0,36.0,2.8,7.9,0.351,7.1,1.5,4.6,0.338,0.448
Anthony Edwards,MIN,2023-24,0.0,0.0,8.00165692007797,25.794360902255647,70.69620253164557,70.59493670886076,0.0126582278481012,79.0,54.0,25.0,35.1,3.4,9.4,0.362,8.3,1.5,4.5,0.334,0.443
Anthony Edwards,MIN,2024-25,0.0,0.0,7.660424469413231,25.947472256473493,73.45569620253164,73.29113924050633,0.0253164556962025,79.0,48.0,31.0,36.3,4.2,11.2,0.378,11.3,2.9,7.6,0.385,0.509
Anthony Lamb,GSW,2022-23,0.0,0.0,4.763478260869565,25.41055276381909,40.096774193548384,40.03225806451613,0.1612903225806451,62.0,36.0,26.0,19.3,0.1,0.3,0.25,0.2,0.1,0.2,0.308,0.35
Anthony Tolliver,MIN,2018-19,0.0,0.0,6.413636363636363,25.2588785046729,35.55555555555556,35.301587301587304,0.0317460317460317,65.0,27.0,38.0,16.6,0.1,0.2,0.385,0.2,0.0,0.1,0.375,0.5
Anthony Tolliver,"POR,SAC,MEM",2019-20,0.0,0.0,8.4,25.429268292682924,33.4,33.36363636363637,0.0181818181818181,55.0,24.0,31.0,15.9,0.1,0.2,0.583,0.3,0.1,0.1,0.571,0.75
Antonio Blakeney,CHI,2018-19,0.0,0.0,10.905573770491804,24.93956043956044,30.392857142857142,30.5,0.0178571428571428,57.0,14.0,43.0,14.5,1.2,3.5,0.342,2.6,0.2,0.5,0.333,0.364
Antonio Reeves,NOP,2024-25,0.0,0.0,6.654621848739495,25.32015503875969,31.136363636363637,30.954545454545453,0.0,44.0,6.0,38.0,15.0,0.7,1.7,0.4,1.6,0.2,0.7,0.313,0.467
Anzejs Pasecniks,WAS,2019-20,0.0,0.0,5.123893805309735,26.666666666666668,35.23076923076923,35.80769230769231,0.2307692307692307,27.0,9.0,18.0,16.2,0.0,0.0,1.0,0.1,0.0,0.0,0.0,1.0
Armoni Brooks,"HOU,TOR",2021-22,0.0,0.0,3.55,25.89444444444444,32.01851851851852,31.814814814814813,0.0555555555555555,54.0,20.0,34.0,15.6,0.6,1.9,0.288,1.6,0.5,1.8,0.292,0.423
Aron Baynes,BOS,2018-19,0.0,0.0,4.069135802469137,25.504918032786883,33.333333333333336,33.333333333333336,0.0980392156862745,51.0,32.0,19.0,16.1,0.0,0.0,0.0,0.0,0.0,0.0,0.0,0.0
Aron Baynes,PHO,2019-20,0.0,0.0,3.8103286384976527,25.30892857142857,46.42857142857143,46.61904761904762,0.1428571428571428,42.0,19.0,23.0,22.2,0.1,0.2,0.4,0.2,0.0,0.0,1.0,0.45
Aron Baynes,TOR,2020-21,0.0,0.0,4.262686567164179,25.39902912621359,38.18867924528302,37.9622641509434,0.0566037735849056,53.0,20.0,33.0,18.5,0.0,0.1,0.0,0.0,0.0,0.0,0.0,0.0
Ausar Thompson,DET,2023-24,0.0,0.0,4.761580381471392,26.24867256637168,51.714285714285715,52.095238095238095,0.3333333333333333,63.0,10.0,53.0,25.1,0.2,0.8,0.286,0.5,0.0,0.2,0.182,0.306
Ausar Thompson,DET,2024-25,0.0,0.0,3.341219512195121,28.93469387755102,46.610169491525426,47.186440677966104,0.3389830508474576,59.0,34.0,25.0,22.5,0.1,0.5,0.167,0.2,0.0,0.1,0.125,0.183
Austin Reaves,LAL,2021-22,0.0,0.0,6.183443708609271,26.07365269461078,48.34426229508197,48.114754098360656,0.2950819672131147,61.0,28.0,33.0,23.2,0.4,1.1,0.324,0.8,0.1,0.6,0.147,0.36
Austin Reaves,LAL,2022-23,0.0,0.0,7.1890510948905115,25.798148148148133,60.859375,60.484375,0.390625,64.0,35.0,29.0,28.8,1.2,2.5,0.472,2.7,0.3,0.8,0.4,0.535
Austin Reaves,LAL,2023-24,0.0,0.0,7.658653846153846,26.5,66.84146341463415,66.71951219512195,0.3170731707317073,82.0,47.0,35.0,32.1,1.8,4.3,0.421,4.4,0.7,2.0,0.373,0.506
Austin Reaves,LAL,2024-25,0.0,0.0,6.882411067193676,26.884745762711862,71.27397260273973,71.38356164383562,0.2328767123287671,73.0,46.0,27.0,34.9,2.1,5.4,0.384,5.3,1.2,3.3,0.349,0.49
Austin Rivers,"WAS,HOU",2018-19,0.0,0.0,4.6248407643312115,25.457466063348413,54.973684210526315,54.89473684210526,0.2894736842105263,76.0,45.0,31.0,26.7,0.6,2.2,0.28,1.7,0.5,1.8,0.271,0.396
Austin Rivers,HOU,2019-20,0.0,0.0,3.8476190476190486,25.43703703703703,50.4264705882353,50.23529411764706,0.2205882352941176,68.0,43.0,25.0,23.4,0.6,1.6,0.364,1.6,0.5,1.4,0.359,0.519
Austin Rivers,"NYK,DEN",2020-21,0.0,0.0,4.494736842105263,25.34027777777778,47.02777777777778,46.638888888888886,0.25,36.0,20.0,16.0,23.5,0.4,1.6,0.254,1.2,0.3,1.2,0.273,0.356
Austin Rivers,DEN,2021-22,0.0,0.0,4.588235294117646,24.792640692640692,44.208955223880594,44.53731343283582,0.0597014925373134,67.0,41.0,26.0,22.1,0.2,1.0,0.212,0.6,0.2,0.8,0.222,0.303
Austin Rivers,MIN,2022-23,0.0,0.0,3.86046511627907,23.89918699186991,41.9,42.3,0.3,52.0,25.0,27.0,19.5,0.1,0.4,0.143,0.2,0.1,0.3,0.188,0.214
Avery Bradley,"LAC,MEM",2018-19,0.0,0.0,12.99304347826087,25.573972602739723,62.492063492063494,62.65079365079365,0.3492063492063492,63.0,31.0,32.0,30.2,1.6,3.7,0.427,3.5,0.3,0.9,0.339,0.468
Avery Bradley,LAL,2019-20,0.0,0.0,10.529523809523807,24.700578034682085,51.02040816326531,51.204081632653065,0.1020408163265306,49.0,36.0,13.0,24.2,1.0,2.2,0.443,2.1,0.2,0.4,0.364,0.481
Avery Bradley,"MIA,HOU",2020-21,0.0,0.0,8.564285714285713,25.115873015873017,46.25925925925926,46.51851851851852,0.037037037037037,27.0,6.0,21.0,22.3,0.4,1.5,0.275,1.0,0.2,0.7,0.316,0.35
Avery Bradley,LAL,2021-22,0.0,0.0,8.454285714285712,24.440952380952375,46.61290322580645,46.88709677419355,0.1451612903225806,62.0,27.0,35.0,22.7,0.5,1.3,0.372,1.1,0.2,0.5,0.419,0.455
Ayo Dosunmu,CHI,2021-22,0.0,0.0,5.820630372492836,24.438709677419357,56.25974025974026,56.103896103896105,0.0519480519480519,77.0,42.0,35.0,27.4,0.7,1.4,0.505,1.4,0.0,0.1,0.222,0.514
Ayo Dosunmu,CHI,2022-23,0.0,0.0,4.548293963254593,24.58148148148149,53.8625,54.025,0.1,80.0,40.0,40.0,26.2,0.4,0.9,0.373,0.7,0.0,0.1,0.4,0.387
Ayo Dosunmu,CHI,2023-24,0.0,0.0,4.906367924528301,24.55457627118644,58.26315789473684,58.19736842105263,0.0789473684210526,76.0,37.0,39.0,29.1,0.7,1.5,0.448,1.6,0.2,0.6,0.381,0.517
Ayo Dosunmu,CHI,2024-25,0.0,0.0,3.4200000000000004,24.84973544973545,64.34782608695652,64.71739130434783,0.0652173913043478,46.0,17.0,29.0,30.3,0.3,1.1,0.286,0.8,0.2,0.7,0.267,0.367
Bam Adebayo,MIA,2018-19,0.0,0.0,4.308280254777069,32.980000000000004,47.0609756097561,47.28048780487805,0.0853658536585365,82.0,39.0,43.0,23.3,0.2,0.4,0.486,0.4,0.0,0.0,0.5,0.514
Bam Adebayo,MIA,2019-20,0.0,0.0,5.378350515463918,28.2,67.45833333333333,67.44444444444444,0.0833333333333333,72.0,44.0,28.0,33.6,0.3,1.1,0.291,0.7,0.0,0.1,0.2,0.297
Bam Adebayo,MIA,2020-21,0.0,0.0,7.376388888888888,26.1,66.5625,66.65625,0.0625,64.0,34.0,30.0,33.5,1.1,2.8,0.409,2.3,0.0,0.1,0.0,0.409
Bam Adebayo,MIA,2021-22,0.0,0.0,6.679944674965421,43.85,64.76785714285714,64.375,0.1071428571428571,56.0,36.0,20.0,32.6,0.9,2.5,0.353,1.8,0.0,0.1,0.0,0.353
Bam Adebayo,MIA,2022-23,0.0,0.0,7.115880217785843,30.441666666666663,68.88,68.53333333333333,0.1066666666666666,75.0,40.0,35.0,34.6,1.4,3.2,0.444,2.8,0.0,0.1,0.0,0.444
Bam Adebayo,MIA,2023-24,0.0,0.0,7.696615384615384,25.890476190476186,67.73239436619718,67.54929577464789,0.0704225352112676,71.0,40.0,31.0,34.0,1.4,3.4,0.407,2.8,0.0,0.1,0.222,0.412
Bam Adebayo,MIA,2024-25,0.0,0.0,7.876569506726457,25.36832579185521,67.96153846153847,67.93589743589743,0.0641025641025641,78.0,36.0,42.0,34.3,1.6,3.8,0.413,3.3,0.2,0.6,0.289,0.435
Baylor Scheierman,BOS,2024-25,0.0,0.0,7.471428571428571,26.071951219512197,24.193548387096776,24.258064516129032,0.1612903225806451,31.0,27.0,4.0,12.4,0.3,0.8,0.308,0.7,0.2,0.5,0.4,0.423
Ben McLemore,HOU,2019-20,0.0,0.0,2.350537634408602,25.445132743362823,48.95774647887324,48.521126760563384,0.0845070422535211,71.0,44.0,27.0,22.8,0.4,0.9,0.391,1.0,0.3,0.9,0.381,0.578
Ben McLemore,"HOU,LAL",2020-21,0.0,0.0,11.644444444444444,25.688596491228065,36.0188679245283,36.18867924528302,0.0188679245283018,53.0,20.0,33.0,17.1,0.3,1.5,0.231,0.9,0.3,1.1,0.241,0.321
Ben McLemore,POR,2021-22,0.0,0.0,10.154918032786888,25.344124700239803,41.125,41.03125,0.125,64.0,20.0,44.0,20.1,0.6,1.7,0.342,1.5,0.3,1.2,0.282,0.441
Ben Sheppard,IND,2023-24,0.0,0.0,4.25068493150685,24.567948717948717,30.553571428571427,30.892857142857142,0.0892857142857142,57.0,32.0,25.0,14.3,0.1,0.3,0.438,0.3,0.1,0.2,0.273,0.531
Ben Sheppard,IND,2024-25,0.0,0.0,4.317045454545454,24.405025125628143,40.3968253968254,40.888888888888886,0.1904761904761904,63.0,40.0,23.0,19.5,0.1,0.4,0.346,0.3,0.1,0.3,0.2,0.423
Ben Simmons,PHI,2018-19,0.0,0.0,3.985534591194969,28.76666666666667,72.68354430379746,72.83544303797468,0.050632911392405,79.0,50.0,29.0,34.2,0.3,1.2,0.204,0.5,0.0,0.1,0.0,0.204
Ben Simmons,PHI,2019-20,0.0,0.0,3.32328125,31.557142857142857,73.45614035087719,73.40350877192982,0.3684210526315789,57.0,35.0,22.0,35.4,0.2,0.7,0.225,0.3,0.0,0.1,0.0,0.225
Ben Simmons,PHI,2020-21,0.0,0.0,3.8879581151832454,26.069999999999993,67.29310344827586,67.43103448275862,0.2758620689655172,58.0,42.0,16.0,32.4,0.2,0.7,0.325,0.5,0.0,0.1,0.25,0.338
Ben Simmons,BRK,2022-23,0.0,0.0,4.57596566523605,32.65,53.476190476190474,53.61904761904762,0.1428571428571428,42.0,24.0,18.0,26.3,0.1,0.4,0.235,0.2,0.0,0.0,0.0,0.235
Ben Simmons,"BRK,LAC",2024-25,0.0,0.0,5.1358490566037736,0.0,43.68627450980392,43.88235294117647,0.1764705882352941,51.0,26.0,25.0,22.0,0.2,0.4,0.5,0.4,0.0,0.0,0.0,0.5
Bennedict Mathurin,IND,2022-23,0.0,0.0,5.476911076443058,26.022580645161284,60.0,59.84615384615385,0.1025641025641025,78.0,33.0,45.0,28.5,1.1,3.0,0.349,2.7,0.6,1.6,0.349,0.443
Bennedict Mathurin,IND,2023-24,0.0,0.0,5.9775055679287314,25.895794392523356,55.186440677966104,55.23728813559322,0.1525423728813559,59.0,33.0,26.0,26.1,1.4,3.5,0.394,3.5,0.7,2.0,0.364,0.498
Bennedict Mathurin,IND,2024-25,0.0,0.0,6.4837168141592905,26.24375,61.65277777777778,61.93055555555556,0.0972222222222222,72.0,43.0,29.0,29.9,1.3,4.0,0.316,3.1,0.6,2.2,0.286,0.396
Bilal Coulibaly,WAS,2023-24,0.0,0.0,4.621052631578947,24.62162162162162,57.53968253968254,57.6031746031746,0.0158730158730158,63.0,11.0,52.0,27.2,0.2,0.7,0.311,0.6,0.1,0.3,0.438,0.389
Bilal Coulibaly,WAS,2024-25,0.0,0.0,6.274249999999999,25.84107142857143,69.61016949152543,69.9322033898305,0.0508474576271186,59.0,13.0,46.0,33.0,0.6,2.1,0.285,1.4,0.2,0.6,0.333,0.333
Bismack Biyombo,CHO,2018-19,0.0,0.0,4.2384615384615385,0.0,28.685185185185187,29.203703703703702,0.037037037037037,54.0,24.0,30.0,14.5,0.1,0.1,0.8,0.1,0.0,0.0,0.0,0.8
Bismack Biyombo,CHO,2019-20,0.0,0.0,3.637050359712231,0.0,37.79245283018868,38.20754716981132,0.0566037735849056,53.0,18.0,35.0,19.4,0.0,0.1,0.25,0.0,0.0,0.0,0.0,0.25
Bismack Biyombo,CHO,2020-21,0.0,0.0,2.65103734439834,24.0,41.53846153846154,42.30769230769231,0.0615384615384615,66.0,28.0,38.0,20.4,0.0,0.1,0.0,0.0,0.0,0.0,0.0,0.0
Bismack Biyombo,PHO,2021-22,0.0,0.0,4.24896551724138,0.0,28.47222222222222,28.333333333333332,0.0,36.0,30.0,6.0,14.1,0.0,0.1,0.0,0.0,0.0,0.0,0.0,0.0
Bismack Biyombo,PHO,2022-23,0.0,0.0,4.423300970873788,0.0,29.366666666666667,29.366666666666667,0.0666666666666666,61.0,33.0,28.0,14.3,0.0,0.0,0.5,0.0,0.0,0.0,0.0,0.5
Bismack Biyombo,"MEM,OKC",2023-24,0.0,0.0,3.3333333333333335,0.0,41.30769230769231,41.48717948717949,0.1025641025641025,40.0,20.0,20.0,19.8,0.0,0.0,0.0,0.0,0.0,0.0,0.0,0.0
Bismack Biyombo,SAS,2024-25,0.0,0.0,4.423684210526316,0.0,39.851851851851855,39.74074074074074,0.1111111111111111,28.0,10.0,18.0,18.8,0.0,0.0,0.0,0.0,0.0,0.0,0.0,0.0
Blake Griffin,DET,2018-19,0.0,0.0,5.059706959706961,25.683141762452102,70.89333333333333,70.58666666666667,0.2266666666666666,75.0,39.0,36.0,35.0,1.7,5.2,0.332,4.9,1.4,4.0,0.358,0.471
Blake Griffin,"DET,BRK",2020-21,0.0,0.0,2.822222222222221,25.425925925925927,51.76086956521739,51.78260869565217,0.1304347826086956,46.0,24.0,22.0,25.8,0.6,2.4,0.243,1.7,0.5,1.9,0.281,0.356
Blake Griffin,BRK,2021-22,0.0,0.0,3.3470238095238085,25.211724137931036,35.945454545454545,36.14545454545455,0.2,56.0,29.0,27.0,17.1,0.2,0.6,0.355,0.5,0.1,0.4,0.3,0.452
Blake Griffin,BOS,2022-23,0.0,0.0,2.5312499999999996,25.210606060606057,28.414634146341463,28.17073170731707,0.073170731707317,41.0,27.0,14.0,13.9,0.0,0.2,0.125,0.1,0.0,0.2,0.125,0.188
Blake Wesley,SAS,2022-23,0.0,0.0,7.307975460122698,26.032692307692308,38.45945945945946,38.729729729729726,0.027027027027027,37.0,9.0,28.0,18.1,0.3,1.6,0.183,0.7,0.1,0.2,0.375,0.208
Blake Wesley,SAS,2023-24,0.0,0.0,4.324375,25.88,30.0655737704918,30.262295081967213,0.0,61.0,19.0,42.0,14.4,0.1,0.5,0.276,0.3,0.0,0.1,0.0,0.276
Boban Marjanovic,"LAC,PHI",2018-19,0.0,0.0,5.5125,24.5375,25.535714285714285,25.696428571428573,0.0,58.0,31.0,27.0,11.7,0.1,0.2,0.385,0.2,0.0,0.0,0.0,0.385
Bobby Portis,"CHI,WAS",2018-19,0.0,0.0,7.571848739495799,25.517647058823535,53.96,53.78,0.0,50.0,14.0,36.0,26.0,0.5,1.3,0.364,1.0,0.0,0.1,0.333,0.371
Bobby Portis,NYK,2019-20,0.0,0.0,8.635323383084577,25.25240641711229,43.39393939393939,43.36363636363637,0.0454545454545454,66.0,21.0,45.0,21.1,0.6,1.4,0.436,1.3,0.0,0.1,0.4,0.447
Bobby Portis,MIL,2020-21,0.0,0.0,7.786848072562357,25.161146496815284,43.92424242424242,44.0,0.0151515151515151,66.0,44.0,22.0,20.8,0.7,1.7,0.429,1.5,0.0,0.1,0.6,0.442
Bobby Portis,MIL,2021-22,0.0,0.0,7.527954971857409,25.362130177514796,58.083333333333336,57.81944444444444,0.0555555555555555,72.0,46.0,26.0,28.2,0.8,1.9,0.449,1.8,0.1,0.2,0.5,0.471
Bobby Portis,MIL,2022-23,0.0,0.0,7.630219780219779,25.326848249027243,53.81428571428572,53.97142857142857,0.0142857142857142,70.0,47.0,23.0,26.0,0.8,2.1,0.384,1.6,0.0,0.1,0.143,0.387
Bobby Portis,MIL,2023-24,0.0,0.0,8.388541666666667,25.223983739837394,50.09756097560975,50.18292682926829,0.048780487804878,82.0,49.0,33.0,24.5,1.2,2.8,0.437,2.5,0.0,0.1,0.571,0.446
Bobby Portis,MIL,2024-25,0.0,0.0,9.12805755395683,25.59269662921348,52.40816326530612,52.08163265306123,0.0408163265306122,49.0,30.0,19.0,25.4,1.1,2.8,0.407,2.3,0.1,0.2,0.556,0.426
Bogdan Bogdanovic,SAC,2018-19,0.0,0.0,8.8938900203666,25.841129032258063,58.457142857142856,58.41428571428571,0.2285714285714285,70.0,32.0,38.0,27.8,1.6,4.6,0.358,3.9,0.6,2.0,0.305,0.425
Bogdan Bogdanovic,SAC,2019-20,0.0,0.0,8.973846153846152,25.53106575963719,58.75409836065574,58.459016393442624,0.2295081967213114,61.0,29.0,32.0,28.9,1.6,4.1,0.394,3.8,0.6,1.9,0.288,0.462
Bogdan Bogdanovic,ATL,2020-21,0.0,0.0,9.241379310344826,25.2957957957958,60.34090909090909,60.43181818181818,0.1363636363636363,44.0,30.0,14.0,29.7,1.7,3.9,0.427,4.0,0.7,1.7,0.392,0.512
Bogdan Bogdanovic,ATL,2021-22,0.0,0.0,9.244477611940296,25.499999999999993,59.3968253968254,59.25396825396825,0.0634920634920634,63.0,33.0,30.0,29.3,2.0,4.7,0.42,4.8,0.9,2.5,0.357,0.515
Bogdan Bogdanovic,ATL,2022-23,0.0,0.0,10.09840637450199,25.321388888888887,57.74074074074074,57.55555555555556,0.037037037037037,54.0,27.0,27.0,27.9,1.6,3.8,0.411,3.9,0.8,1.8,0.432,0.51
Bogdan Bogdanovic,ATL,2023-24,0.0,0.0,7.793464052287581,25.92137285491419,62.89873417721519,62.44303797468354,0.0886075949367088,79.0,35.0,44.0,30.4,1.5,3.5,0.428,3.7,0.7,1.8,0.366,0.522
Bogdan Bogdanovic,"ATL,LAC",2024-25,0.0,0.0,9.2408,26.27762237762238,51.666666666666664,51.18518518518518,0.1666666666666666,54.0,33.0,21.0,25.0,1.3,3.1,0.422,3.1,0.5,1.5,0.349,0.509
Bojan Bogdanovic,IND,2018-19,0.0,0.0,6.398496240601502,25.675129533678753,64.48148148148148,64.27160493827161,0.074074074074074,81.0,47.0,34.0,31.8,1.3,3.3,0.387,3.0,0.4,1.0,0.353,0.443
Bojan Bogdanovic,UTA,2019-20,0.0,0.0,6.15774058577406,25.081619256017504,67.61904761904762,67.17460317460318,0.0952380952380952,63.0,41.0,22.0,33.1,1.5,4.1,0.364,3.9,0.9,2.3,0.394,0.473
Bojan Bogdanovic,UTA,2020-21,0.0,0.0,6.01487068965517,24.75054229934924,62.94444444444444,62.958333333333336,0.0694444444444444,72.0,52.0,20.0,30.8,1.1,3.0,0.367,2.8,0.5,1.4,0.382,0.456
Bojan Bogdanovic,UTA,2021-22,0.0,0.0,6.2032608695652165,24.871153846153852,62.405797101449274,62.3768115942029,0.0579710144927536,69.0,45.0,24.0,30.9,1.1,3.0,0.362,2.7,0.5,1.4,0.378,0.45
Bojan Bogdanovic,DET,2022-23,0.0,0.0,8.423251417769375,25.37875354107648,66.45762711864407,66.40677966101696,0.1016949152542373,59.0,15.0,44.0,32.1,2.4,5.5,0.437,5.4,0.6,1.7,0.327,0.488
Bojan Bogdanovic,"DET,NYK",2023-24,0.0,0.0,8.995348837209301,24.75354330708662,52.578947368421055,52.578947368421055,0.087719298245614,57.0,20.0,37.0,25.9,1.8,4.1,0.437,4.1,0.6,1.5,0.379,0.509
Bol Bol,ORL,2022-23,0.0,0.0,6.044109589041096,25.50442477876106,44.24285714285714,44.42857142857143,0.0428571428571428,70.0,26.0,44.0,21.5,0.6,1.8,0.331,1.4,0.2,0.6,0.244,0.374
Bol Bol,PHO,2024-25,0.0,0.0,9.634444444444444,24.610752688172045,25.97222222222222,25.944444444444443,0.0,36.0,10.0,26.0,12.5,0.9,1.7,0.517,1.9,0.2,0.6,0.273,0.567
Bones Hyland,DEN,2021-22,0.0,0.0,7.41556603773585,26.492737430167608,39.01470588235294,38.97058823529411,0.0294117647058823,69.0,41.0,28.0,19.0,1.1,3.1,0.37,3.0,0.8,2.0,0.369,0.493
Bones Hyland,"DEN,LAC",2022-23,0.0,0.0,6.573015873015873,26.009459459459457,38.964285714285715,39.0,0.1428571428571428,56.0,36.0,20.0,19.4,1.5,4.1,0.357,3.9,1.0,2.8,0.364,0.478
Bones Hyland,LAC,2023-24,0.0,0.0,6.7732758620689655,26.705925925925932,29.83783783783784,29.513513513513512,0.0,37.0,20.0,17.0,14.6,0.9,2.8,0.311,2.3,0.6,1.9,0.304,0.413
Brad Wanamaker,BOS,2019-20,0.0,0.0,6.912692307692306,25.86764705882352,39.71830985915493,39.83098591549296,0.0422535211267605,71.0,48.0,23.0,19.3,0.5,1.6,0.328,1.2,0.1,0.6,0.205,0.366
Brad Wanamaker,"GSW,CHO",2020-21,0.0,0.0,6.025490196078431,26.433333333333337,35.09836065573771,35.540983606557376,0.0983606557377049,61.0,29.0,32.0,17.3,0.4,1.5,0.278,0.9,0.1,0.6,0.143,0.306
Bradley Beal,WAS,2018-19,0.0,0.0,8.278282329713724,25.70939597315436,78.07317073170732,77.73170731707317,0.1707317073170731,82.0,32.0,50.0,36.9,3.0,7.5,0.405,7.1,1.0,2.9,0.344,0.472
Bradley Beal,WAS,2019-20,0.0,0.0,8.106447688564478,25.87983367983368,76.73684210526316,76.47368421052632,0.1228070175438596,57.0,20.0,37.0,36.0,3.6,9.3,0.384,8.5,1.3,3.9,0.329,0.454
Bradley Beal,WAS,2020-21,0.0,0.0,8.648809523809522,25.92037533512065,77.43333333333334,77.15,0.1333333333333333,60.0,32.0,28.0,35.8,3.8,9.0,0.418,8.4,0.9,2.9,0.308,0.467
Bradley Beal,WAS,2021-22,0.0,0.0,8.354188948306595,25.60714285714286,73.125,73.125,0.25,40.0,17.0,23.0,36.0,3.3,8.1,0.41,7.4,0.8,2.5,0.31,0.458
Bradley Beal,WAS,2022-23,0.0,0.0,8.577693474962064,25.750684931506857,67.18,67.12,0.06,50.0,24.0,26.0,33.5,3.2,7.3,0.442,7.2,0.7,2.2,0.33,0.492
Bradley Beal,PHO,2023-24,0.0,0.0,8.0302,25.130212765957445,67.66037735849056,67.98113207547169,0.1320754716981132,53.0,33.0,20.0,33.3,1.8,4.3,0.425,4.1,0.4,1.1,0.39,0.476
Bradley Beal,PHO,2024-25,0.0,0.0,8.979302325581394,25.206818181818186,65.39622641509433,65.50943396226415,0.1132075471698113,53.0,22.0,31.0,32.1,2.0,4.8,0.42,4.5,0.5,1.4,0.324,0.467
Brandin Podziemski,GSW,2023-24,0.0,0.0,5.957575757575759,25.901709401709404,54.821917808219176,54.89041095890411,0.0547945205479452,74.0,41.0,33.0,26.6,0.7,1.7,0.398,1.8,0.4,0.9,0.455,0.516
Brandin Podziemski,GSW,2024-25,0.0,0.0,8.248125,26.435598705501615,54.59375,54.53125,0.21875,64.0,38.0,26.0,26.8,1.5,3.8,0.388,3.5,0.6,1.8,0.319,0.465
Brandon Boston,LAC,2021-22,0.0,0.0,8.638785046728973,26.354054054054057,31.36,31.48,0.04,51.0,26.0,25.0,14.9,0.9,2.8,0.34,2.2,0.3,1.1,0.309,0.401
Brandon Boston,NOP,2024-25,0.0,0.0,8.804149377593358,25.437857142857148,47.88095238095238,48.095238095238095,0.1666666666666666,42.0,8.0,34.0,23.6,1.5,4.0,0.371,3.4,0.4,1.3,0.268,0.415
Brandon Clarke,MEM,2019-20,0.0,0.0,4.990843373493977,24.6796875,48.189655172413794,48.706896551724135,0.0689655172413793,58.0,29.0,29.0,22.4,0.5,0.9,0.527,1.0,0.0,0.0,0.0,0.527
Brandon Clarke,MEM,2020-21,0.0,0.0,5.02129186602871,24.035064935064938,49.559322033898304,49.83050847457627,0.0847457627118644,59.0,32.0,27.0,24.0,0.2,0.7,0.35,0.5,0.0,0.0,0.0,0.35
Brandon Clarke,MEM,2021-22,0.0,0.0,4.477882352941178,23.895454545454548,41.0,41.4375,0.0625,64.0,44.0,20.0,19.5,0.1,0.4,0.36,0.3,0.0,0.0,0.0,0.36
Brandon Clarke,MEM,2022-23,0.0,0.0,4.785714285714283,23.1,40.75,41.214285714285715,0.0357142857142857,56.0,32.0,24.0,19.5,0.1,0.2,0.615,0.3,0.0,0.0,0.0,0.615
Brandon Clarke,MEM,2024-25,0.0,0.0,4.826997245179063,23.799999999999997,40.171875,40.5625,0.046875,64.0,40.0,24.0,18.9,0.1,0.3,0.333,0.2,0.0,0.0,0.0,0.333
Brandon Goodwin,ATL,2019-20,0.0,0.0,6.948543689320387,26.210344827586216,26.61764705882353,26.794117647058822,0.0588235294117647,34.0,13.0,21.0,12.7,0.7,1.7,0.404,1.8,0.4,0.9,0.483,0.526
Brandon Goodwin,ATL,2020-21,0.0,0.0,6.733333333333334,26.996116504854363,26.82608695652174,27.17391304347826,0.0652173913043478,47.0,25.0,22.0,13.2,0.6,1.6,0.351,1.4,0.3,0.8,0.316,0.432
Brandon Goodwin,CLE,2021-22,0.0,0.0,6.567676767676768,27.01272727272727,27.02777777777778,27.02777777777778,0.1388888888888889,36.0,19.0,17.0,13.9,0.6,1.5,0.364,1.3,0.2,0.7,0.333,0.436
Brandon Ingram,LAL,2018-19,0.0,0.0,7.929921259842523,24.722340425531915,72.34615384615384,72.13461538461539,0.2307692307692307,52.0,25.0,27.0,33.9,2.1,4.7,0.441,4.2,0.1,0.1,0.6,0.447
Brandon Ingram,NOP,2019-20,0.0,0.0,8.231882022471911,25.164062499999996,73.40322580645162,73.04838709677419,0.2096774193548387,62.0,25.0,37.0,33.9,2.3,5.8,0.389,4.8,0.3,1.1,0.279,0.415
Brandon Ingram,NOP,2020-21,0.0,0.0,10.930303030303028,25.535200000000003,70.32786885245902,70.31147540983606,0.0983606557377049,61.0,29.0,32.0,34.3,4.1,9.4,0.432,8.8,0.7,2.3,0.302,0.469
Brandon Ingram,NOP,2021-22,0.0,0.0,11.28546895640687,25.86017699115044,68.30909090909091,68.36363636363636,0.1272727272727272,55.0,29.0,26.0,34.0,3.5,8.1,0.436,7.2,0.2,0.9,0.213,0.447
Brandon Ingram,NOP,2022-23,0.0,0.0,10.724590163934426,25.81219512195122,69.42222222222222,69.31111111111112,0.2,45.0,23.0,22.0,34.2,4.2,9.6,0.435,8.7,0.3,1.0,0.326,0.451
Brandon Ingram,NOP,2023-24,0.0,0.0,10.753935483870965,25.87355371900827,66.671875,66.3125,0.0625,64.0,38.0,26.0,32.9,3.8,8.2,0.459,8.0,0.4,1.3,0.338,0.485
Brandon Knight,"HOU,CLE",2018-19,0.0,0.0,9.443103448275862,25.770103092783508,37.94871794871795,38.256410256410255,0.3076923076923077,39.0,17.0,22.0,18.9,1.2,3.0,0.39,2.9,0.5,1.5,0.356,0.479
Brandon Knight,"CLE,DET",2019-20,0.0,0.0,6.85,26.197014925373132,37.28,37.2,0.12,25.0,4.0,21.0,18.5,1.2,3.3,0.366,3.4,1.0,2.7,0.373,0.518
Brandon Miller,CHO,2023-24,0.0,0.0,8.73983050847458,26.152941176470577,64.97297297297297,64.82432432432432,0.1351351351351351,74.0,18.0,56.0,32.2,2.1,4.9,0.433,4.7,0.5,1.4,0.343,0.483
Brandon Miller,CHO,2024-25,0.0,0.0,7.54141414141414,26.74334470989761,69.25925925925925,69.44444444444444,0.074074074074074,27.0,8.0,19.0,34.2,2.0,6.5,0.313,5.2,1.1,3.8,0.304,0.401
Brice Sensabaugh,UTA,2023-24,0.0,0.0,8.695145631067959,25.0,37.8125,37.71875,0.125,32.0,8.0,24.0,18.3,0.8,2.2,0.348,1.8,0.3,1.0,0.281,0.413
Brice Sensabaugh,UTA,2024-25,0.0,0.0,7.983700440528636,25.20403225806453,42.63380281690141,42.40845070422535,0.028169014084507,71.0,14.0,57.0,20.2,1.0,2.5,0.389,2.5,0.5,1.4,0.364,0.489
Brodric Thomas,"HOU,CLE",2020-21,0.0,0.0,7.735416666666667,25.55471698113207,25.5,25.71875,0.0625,32.0,6.0,26.0,12.5,0.2,0.9,0.207,0.5,0.1,0.4,0.231,0.259
Brook Lopez,MIL,2018-19,0.0,0.0,5.697445255474453,26.399218750000003,61.358024691358025,60.93827160493827,0.0246913580246913,81.0,60.0,21.0,28.7,0.6,1.4,0.407,1.4,0.3,0.7,0.431,0.518
Brook Lopez,MIL,2019-20,0.0,0.0,5.755780346820808,25.980307692307697,58.44117647058823,57.94117647058823,0.0441176470588235,68.0,53.0,15.0,26.7,0.5,1.0,0.456,1.0,0.1,0.1,0.4,0.485
Brook Lopez,MIL,2020-21,0.0,0.0,5.147632311977715,25.860142348754454,57.57142857142857,57.31428571428572,0.0571428571428571,70.0,46.0,24.0,27.2,0.4,0.9,0.438,0.9,0.1,0.3,0.389,0.492
Brook Lopez,MIL,2022-23,0.0,0.0,5.769719626168225,26.17005494505495,63.43589743589744,63.51282051282051,0.0256410256410256,78.0,57.0,21.0,30.4,0.4,1.1,0.393,0.9,0.1,0.3,0.32,0.44
Brook Lopez,MIL,2023-24,0.0,0.0,5.007692307692308,26.576237623762392,63.88607594936709,63.70886075949367,0.0379746835443038,79.0,48.0,31.0,30.5,0.2,0.9,0.25,0.5,0.1,0.4,0.233,0.301
Brook Lopez,MIL,2024-25,0.0,0.0,6.044887780548626,26.763270777479885,65.3875,65.0625,0.0375,80.0,47.0,33.0,31.8,0.4,1.0,0.385,0.8,0.1,0.2,0.385,0.417
Bruce Brown,DET,2018-19,0.0,0.0,3.517647058823529,26.03655913978495,39.0,39.82432432432432,0.1486486486486486,74.0,35.0,39.0,19.6,0.1,0.3,0.261,0.2,0.0,0.1,0.1,0.283
Bruce Brown,DET,2019-20,0.0,0.0,4.138176638176639,24.437499999999982,55.86206896551724,56.327586206896555,0.1379310344827586,58.0,18.0,40.0,28.2,0.1,0.5,0.172,0.2,0.0,0.1,0.167,0.19
Bruce Brown,BRK,2020-21,0.0,0.0,3.569505494505493,23.700000000000003,45.06153846153846,45.84615384615385,0.0,65.0,45.0,20.0,22.3,0.1,0.4,0.375,0.3,0.0,0.0,0.0,0.375
Bruce Brown,BRK,2021-22,0.0,0.0,4.8898058252427195,24.00957446808511,50.06944444444444,50.736111111111114,0.0833333333333333,72.0,37.0,35.0,24.6,0.1,0.4,0.25,0.2,0.0,0.0,0.333,0.266
Bruce Brown,DEN,2022-23,0.0,0.0,5.6248459958932235,24.88031496062992,57.6125,57.65,0.1375,80.0,53.0,27.0,28.5,0.6,1.6,0.344,1.2,0.1,0.4,0.25,0.375
Bruce Brown,"IND,TOR",2023-24,0.0,0.0,5.765365853658536,25.085714285714285,58.37313432835821,58.55223880597015,0.0149253731343283,67.0,26.0,41.0,27.8,0.7,1.8,0.369,1.4,0.1,0.3,0.261,0.393
Bruce Brown,"TOR,NOP",2024-25,0.0,0.0,6.464661654135339,24.604444444444447,45.97560975609756,45.609756097560975,0.024390243902439,41.0,15.0,26.0,22.5,0.6,1.6,0.364,1.2,0.1,0.1,0.5,0.386
Bruno Caboclo,MEM,2018-19,0.0,0.0,3.4642105263157905,24.756153846153843,47.52941176470589,47.8235294117647,0.0588235294117647,34.0,14.0,20.0,23.5,0.2,0.6,0.3,0.5,0.1,0.5,0.278,0.425
Bruno Fernando,ATL,2019-20,0.0,0.0,3.0012345679012347,24.7,26.696428571428573,26.678571428571427,0.0535714285714285,56.0,18.0,38.0,12.7,0.1,0.3,0.357,0.2,0.0,0.1,0.0,0.357
Bruno Fernando,ATL,2023-24,0.0,0.0,3.251366120218578,25.625,30.35555555555555,30.711111111111112,0.0444444444444444,45.0,20.0,25.0,15.2,0.0,0.1,0.4,0.1,0.0,0.0,0.0,0.4
Bryce McGowens,CHO,2022-23,0.0,0.0,4.725409836065574,25.5725,36.577777777777776,36.6,0.2,46.0,16.0,30.0,17.1,0.2,0.7,0.25,0.4,0.1,0.3,0.308,0.313
Bryce McGowens,CHO,2023-24,0.0,0.0,4.8414062499999995,25.36568627450981,30.152542372881356,30.271186440677965,0.1525423728813559,59.0,11.0,48.0,14.9,0.2,0.5,0.387,0.5,0.1,0.2,0.364,0.452
Bryn Forbes,SAS,2018-19,0.0,0.0,11.047354497354496,25.720338983050844,56.21951219512195,56.609756097560975,0.1219512195121951,82.0,48.0,34.0,28.0,1.7,3.9,0.425,3.9,0.6,1.5,0.373,0.498
Bryn Forbes,SAS,2019-20,0.0,0.0,11.827499999999995,25.787926509186352,51.41269841269841,51.25396825396825,0.0634920634920634,63.0,27.0,36.0,25.1,1.2,3.0,0.415,3.0,0.6,1.4,0.396,0.511
Bryn Forbes,MIL,2020-21,0.0,0.0,12.512234042553192,25.625513196480934,41.02857142857143,40.65714285714286,0.0142857142857142,70.0,45.0,25.0,19.3,1.2,2.5,0.486,2.7,0.3,0.8,0.396,0.546
Bryn Forbes,"SAS,DEN",2021-22,0.0,0.0,12.74141414141414,25.365277777777777,35.2,34.986666666666665,0.04,75.0,36.0,39.0,17.1,1.0,2.4,0.404,2.2,0.3,0.7,0.38,0.456
Bub Carrington,WAS,2024-25,0.0,0.0,10.485630498533729,26.27960687960687,62.707317073170735,62.75609756097561,0.1219512195121951,82.0,18.0,64.0,30.0,1.9,4.5,0.42,4.6,0.8,2.4,0.354,0.513
Buddy Hield,SAC,2018-19,0.0,0.0,9.411565585331452,25.22273425499231,68.57317073170732,68.28048780487805,0.1829268292682926,82.0,39.0,43.0,31.9,2.7,6.8,0.398,6.5,1.1,3.0,0.376,0.48
Buddy Hield,SAC,2019-20,0.0,0.0,9.948523206751055,25.35828488372094,63.90277777777778,63.263888888888886,0.0416666666666666,72.0,31.0,41.0,30.8,3.0,7.6,0.395,7.6,1.6,4.3,0.374,0.502
Buddy Hield,SAC,2020-21,0.0,0.0,9.398154981549816,25.578363384188627,71.25352112676056,70.92957746478874,0.056338028169014,71.0,31.0,40.0,34.3,2.2,5.7,0.395,5.9,1.5,3.8,0.384,0.524
Buddy Hield,"SAC,IND",2021-22,0.0,0.0,8.094021739130433,25.71764705882353,63.370370370370374,63.0,0.0864197530864197,81.0,26.0,55.0,30.8,1.6,4.7,0.346,4.2,0.9,3.0,0.31,0.445
Buddy Hield,IND,2022-23,0.0,0.0,7.344321329639892,25.81831610044313,64.9125,64.6625,0.025,80.0,35.0,45.0,31.0,1.7,3.8,0.431,4.4,1.1,2.4,0.438,0.57
Buddy Hield,"IND,PHI",2023-24,0.0,0.0,7.108196721311474,25.723222748815164,53.32142857142857,52.916666666666664,0.0119047619047619,84.0,46.0,38.0,25.7,0.8,2.6,0.327,2.3,0.6,1.9,0.302,0.438
Buddy Hield,GSW,2024-25,0.0,0.0,6.969198312236289,25.604189435336973,46.91463414634146,46.03658536585366,0.0121951219512195,82.0,48.0,34.0,22.7,0.9,2.7,0.321,2.4,0.6,2.0,0.319,0.438
Brandon Williams,DAL,2024-25,0.0,0.0,5.113385826771653,27.026666666666667,31.454545454545453,31.303030303030305,0.1515151515151515,33.0,15.0,18.0,14.8,0.5,1.2,0.41,1.2,0.2,0.7,0.261,0.487
Cade Cunningham,DET,2021-22,0.0,0.0,7.104191616766465,26.25068870523415,66.203125,65.921875,0.046875,64.0,20.0,44.0,32.6,1.8,5.1,0.354,4.2,0.6,2.0,0.302,0.412
Cade Cunningham,DET,2023-24,0.0,0.0,8.185697115384615,26.6023880597015,69.04838709677419,69.3225806451613,0.0806451612903225,62.0,9.0,53.0,33.5,3.1,7.1,0.436,6.9,0.6,2.0,0.325,0.481
Cade Cunningham,DET,2024-25,0.0,0.0,7.055534167468723,26.455741626794257,72.91428571428571,72.51428571428572,0.0571428571428571,70.0,38.0,32.0,35.0,3.4,8.1,0.414,8.0,1.3,3.8,0.338,0.494
Caleb Houstan,ORL,2022-23,0.0,0.0,5.371739130434782,25.09999999999999,32.64705882352941,32.745098039215684,0.0,51.0,20.0,31.0,15.9,0.1,0.2,0.4,0.2,0.1,0.1,0.5,0.55
Caleb Houstan,ORL,2023-24,0.0,0.0,8.192307692307693,24.985492227979275,27.23728813559322,27.322033898305083,0.0169491525423728,59.0,31.0,28.0,13.8,0.1,0.2,0.444,0.2,0.0,0.1,0.2,0.5
Caleb Houstan,ORL,2024-25,0.0,0.0,8.059999999999999,25.08,26.689655172413794,26.896551724137932,0.0172413793103448,58.0,29.0,29.0,13.6,0.2,0.4,0.478,0.5,0.1,0.2,0.417,0.587
Caleb Martin,CHO,2020-21,0.0,0.0,7.050381679389313,25.3984,30.9622641509434,31.433962264150946,0.0943396226415094,53.0,23.0,30.0,15.4,0.2,0.7,0.333,0.6,0.1,0.4,0.211,0.385
Caleb Martin,MIA,2021-22,0.0,0.0,5.118823529411766,24.84064516129032,45.63333333333333,45.86666666666667,0.1333333333333333,60.0,37.0,23.0,22.9,0.4,1.0,0.407,1.0,0.2,0.5,0.429,0.508
Caleb Martin,MIA,2022-23,0.0,0.0,7.369551282051284,25.16016949152542,58.056338028169016,58.46478873239437,0.2112676056338028,71.0,38.0,33.0,29.3,0.6,1.4,0.465,1.5,0.2,0.5,0.417,0.54
Caleb Martin,MIA,2023-24,0.0,0.0,6.86330275229358,25.226724137931036,53.828125,54.109375,0.1875,64.0,36.0,28.0,27.4,0.5,1.6,0.327,1.3,0.2,0.6,0.359,0.394
Caleb Martin,"PHI,DAL",2024-25,0.0,0.0,7.514285714285715,23.86875000000001,54.15555555555556,54.28888888888889,0.2444444444444444,45.0,17.0,28.0,27.1,0.6,1.7,0.355,1.2,0.0,0.4,0.059,0.362
Caleb Martin,DAL,2025-26,0.0,0.0,6.393939393939395,23.910526315789472,29.76086956521739,30.347826086956523,0.2391304347826087,58.0,20.0,38.0,14.8,0.1,0.5,0.258,0.3,0.0,0.1,0.2,0.274
Cam Reddish,ATL,2019-20,0.0,0.0,7.394736842105263,25.097199999999997,57.327586206896555,57.758620689655174,0.2758620689655172,58.0,17.0,41.0,26.7,0.8,2.4,0.338,1.9,0.2,0.8,0.265,0.384
Cam Reddish,ATL,2020-21,0.0,0.0,5.650364963503649,25.447619047619057,60.30769230769231,60.46153846153846,0.1538461538461538,26.0,10.0,16.0,28.9,0.5,2.4,0.206,1.2,0.2,1.2,0.2,0.254
Cam Reddish,"ATL,NYK",2021-22,0.0,0.0,5.823529411764706,25.222580645161297,41.89795918367347,42.265306122448976,0.1020408163265306,49.0,20.0,29.0,20.7,0.8,2.8,0.304,2.0,0.3,1.0,0.275,0.356
Cam Reddish,"NYK,POR",2022-23,0.0,0.0,4.677272727272728,25.231818181818184,51.125,51.225,0.125,40.0,14.0,26.0,24.7,0.5,1.4,0.327,1.2,0.3,0.8,0.323,0.418
Cam Reddish,LAL,2023-24,0.0,0.0,4.9443548387096765,24.226363636363633,43.1875,42.875,0.0416666666666666,48.0,27.0,21.0,20.5,0.1,0.4,0.235,0.2,0.1,0.1,0.5,0.324
Cam Reddish,LAL,2024-25,0.0,0.0,4.597872340425533,24.719148936170217,35.93939393939394,36.696969696969695,0.0303030303030303,33.0,15.0,18.0,17.9,0.0,0.2,0.167,0.1,0.0,0.1,0.0,0.167
Cam Thomas,BRK,2021-22,0.0,0.0,10.98996960486322,25.50114942528735,36.07462686567164,36.014925373134325,0.0149253731343283,67.0,32.0,35.0,17.6,1.9,4.2,0.443,4.0,0.3,1.2,0.253,0.479
Cam Thomas,BRK,2022-23,0.0,0.0,9.956965944272444,25.908270676691732,34.43859649122807,34.03508771929825,0.175438596491228,57.0,30.0,27.0,16.6,1.6,4.3,0.378,3.8,0.6,1.5,0.368,0.443
Cam Thomas,BRK,2023-24,0.0,0.0,9.254659949622164,25.937626262626264,64.12121212121212,63.57575757575758,0.2272727272727272,66.0,23.0,43.0,31.4,3.3,8.6,0.389,7.6,1.0,3.2,0.306,0.445
Cam Thomas,BRK,2024-25,0.0,0.0,8.964092664092663,26.0676923076923,61.44,61.16,0.28,25.0,8.0,17.0,31.2,3.8,9.5,0.397,9.3,1.8,5.2,0.349,0.492
Cam Whitmore,HOU,2023-24,0.0,0.0,4.883805668016195,26.148636363636363,39.42553191489362,39.57446808510638,0.0212765957446808,47.0,19.0,28.0,18.7,0.7,2.3,0.282,1.7,0.4,1.7,0.235,0.368
Cam Whitmore,HOU,2024-25,0.0,0.0,5.62,25.77103825136612,33.294117647058826,33.529411764705884,0.0,51.0,30.0,21.0,16.2,0.9,2.3,0.4,2.4,0.6,1.6,0.381,0.539
Cameron Johnson,PHO,2019-20,0.0,0.0,6.254887218045112,24.804779411764713,46.280701754385966,46.49122807017544,0.1578947368421052,57.0,28.0,29.0,22.0,0.2,0.6,0.324,0.5,0.1,0.2,0.333,0.365
Cameron Johnson,PHO,2020-21,0.0,0.0,6.864189189189189,25.108656716417908,47.95,47.733333333333334,0.1833333333333333,60.0,43.0,17.0,24.0,0.3,1.0,0.339,0.7,0.1,0.3,0.2,0.373
Cameron Johnson,PHO,2021-22,0.0,0.0,6.541666666666667,25.20306905370844,54.21212121212121,54.43939393939394,0.1515151515151515,66.0,50.0,16.0,26.2,0.2,1.1,0.222,0.6,0.1,0.4,0.292,0.271
Cameron Johnson,"PHO,BRK",2022-23,0.0,0.0,7.5406896551724145,24.897435897435894,57.5,57.476190476190474,0.1428571428571428,42.0,25.0,17.0,28.6,1.1,2.5,0.434,2.4,0.2,0.7,0.345,0.481
Cameron Johnson,BRK,2023-24,0.0,0.0,7.17481203007519,25.274504249291788,55.6551724137931,54.689655172413794,0.0689655172413793,58.0,21.0,37.0,27.6,0.8,2.4,0.331,1.9,0.3,1.1,0.242,0.387
Cameron Johnson,BRK,2024-25,0.0,0.0,6.923008849557524,25.824509803921565,62.92982456140351,62.63157894736842,0.087719298245614,57.0,21.0,36.0,31.6,1.5,3.9,0.382,3.7,0.7,2.1,0.359,0.477
Cameron Payne,"CHI,CLE",2018-19,0.0,0.0,8.403333333333334,25.744,36.875,36.775,0.2,40.0,7.0,33.0,17.8,0.8,1.9,0.408,1.9,0.3,0.7,0.444,0.487
Cameron Payne,PHO,2020-21,0.0,0.0,6.869868995633191,26.434939759036148,36.166666666666664,36.15,0.25,60.0,42.0,18.0,18.0,0.9,2.1,0.433,2.3,0.4,1.1,0.373,0.531
Cameron Payne,PHO,2021-22,0.0,0.0,6.751063829787236,26.239336492891,45.63793103448276,45.98275862068966,0.3448275862068966,58.0,46.0,12.0,22.0,1.2,3.4,0.364,3.0,0.5,1.7,0.299,0.437
Cameron Payne,PHO,2022-23,0.0,0.0,8.32761194029851,26.63837837837838,41.6875,41.4375,0.3958333333333333,48.0,27.0,21.0,20.2,1.5,3.7,0.413,3.7,0.6,1.5,0.425,0.5
Cameron Payne,"MIL,PHI",2023-24,0.0,0.0,6.526016260162603,26.42426470588236,34.15384615384615,34.06410256410256,0.141025641025641,78.0,46.0,32.0,16.7,0.9,2.1,0.453,2.4,0.5,1.3,0.429,0.584
Cameron Payne,NYK,2024-25,0.0,0.0,6.587894736842106,26.03984375000001,30.61111111111111,30.75,0.0833333333333333,72.0,46.0,26.0,15.1,1.1,2.6,0.422,2.9,0.7,1.7,0.403,0.551
Caris LeVert,BRK,2018-19,0.0,0.0,5.313981762917933,25.42272727272727,55.25,55.575,0.275,40.0,19.0,21.0,26.6,1.3,3.9,0.34,3.4,0.8,2.2,0.349,0.436
Caris LeVert,BRK,2019-20,0.0,0.0,6.9083984375,25.550000000000004,61.75555555555555,61.86666666666667,0.2,45.0,21.0,24.0,29.6,2.7,6.7,0.399,6.6,1.2,3.2,0.387,0.49
Caris LeVert,"BRK,IND",2020-21,0.0,0.0,7.693317422434366,25.98358974358975,67.51063829787235,67.53191489361703,0.0638297872340425,47.0,24.0,23.0,31.6,3.2,8.1,0.392,7.4,1.1,3.3,0.325,0.458
Caris LeVert,"IND,CLE",2021-22,0.0,0.0,7.000606060606062,25.555223880597016,61.48275862068966,61.310344827586206,0.2413793103448276,58.0,23.0,35.0,30.7,2.4,6.6,0.36,5.4,0.7,2.6,0.262,0.411
Caris LeVert,CLE,2022-23,0.0,0.0,6.216985645933013,25.555555555555557,60.189189189189186,60.148648648648646,0.3243243243243243,74.0,45.0,29.0,30.2,1.1,3.2,0.356,2.9,0.6,1.5,0.389,0.449
Caris LeVert,CLE,2023-24,0.0,0.0,5.4963114754098354,25.554518072289152,58.51470588235294,58.4264705882353,0.1911764705882352,68.0,38.0,30.0,28.8,1.2,3.8,0.323,3.0,0.6,2.0,0.275,0.397
Caris LeVert,"CLE,ATL",2024-25,0.0,0.0,4.877575757575758,24.911764705882348,52.921875,52.46875,0.0625,64.0,46.0,18.0,24.9,1.0,2.5,0.389,2.6,0.6,1.5,0.419,0.509
Carmelo Anthony,POR,2019-20,0.0,0.0,10.171043165467625,25.02699115044247,67.37931034482759,67.15517241379311,0.1034482758620689,58.0,28.0,30.0,32.8,2.2,5.5,0.404,4.6,0.1,0.4,0.308,0.416
Carmelo Anthony,POR,2020-21,0.0,0.0,13.0716814159292,25.164,49.56521739130435,49.04347826086956,0.072463768115942,69.0,39.0,30.0,24.5,2.6,6.2,0.422,5.8,0.6,1.4,0.394,0.468
Carmelo Anthony,LAL,2021-22,0.0,0.0,11.258282208588952,25.481612090680095,54.405797101449274,54.01449275362319,0.0289855072463768,69.0,27.0,42.0,26.0,1.5,3.3,0.471,3.3,0.3,0.7,0.383,0.511
Cason Wallace,OKC,2023-24,0.0,0.0,6.4274038461538465,24.47564102564104,42.40243902439025,42.86585365853659,0.0365853658536585,82.0,57.0,25.0,20.6,0.4,0.9,0.39,0.8,0.1,0.3,0.259,0.435
Cason Wallace,OKC,2024-25,0.0,0.0,4.776156583629893,24.612980769230766,57.26470588235294,57.455882352941174,0.088235294117647,68.0,55.0,13.0,27.6,0.3,0.9,0.313,0.7,0.1,0.4,0.269,0.367
Cedi Osman,CLE,2018-19,0.0,0.0,6.330425531914895,25.50748663101604,64.44736842105263,64.61842105263158,0.1447368421052631,76.0,17.0,59.0,32.2,1.1,3.1,0.353,2.6,0.5,1.3,0.37,0.433
Cedi Osman,CLE,2019-20,0.0,0.0,4.721180555555557,25.73239875389408,60.30769230769231,60.292307692307695,0.2923076923076923,65.0,19.0,46.0,29.4,0.7,1.9,0.36,1.8,0.4,1.0,0.368,0.46
Cedi Osman,CLE,2020-21,0.0,0.0,4.751908396946565,25.62808641975308,51.52542372881356,51.71186440677966,0.135593220338983,59.0,17.0,42.0,25.6,0.6,2.2,0.283,1.5,0.3,1.2,0.236,0.35
Cedi Osman,CLE,2021-22,0.0,0.0,4.141784037558685,25.992479108635095,44.53030303030303,44.803030303030305,0.1363636363636363,66.0,37.0,29.0,22.1,0.6,1.6,0.374,1.7,0.5,1.1,0.4,0.514
Cedi Osman,CLE,2022-23,0.0,0.0,4.0504587155963305,25.78717948717949,39.88311688311688,39.81818181818182,0.2727272727272727,77.0,48.0,29.0,20.1,0.3,0.9,0.319,0.9,0.3,0.7,0.377,0.458
Cedi Osman,SAS,2023-24,0.0,0.0,4.601226993865032,25.542533936651587,37.236111111111114,37.44444444444444,0.1944444444444444,72.0,17.0,55.0,17.6,0.2,0.6,0.267,0.4,0.1,0.3,0.19,0.311
Chandler Hutchison,CHI,2018-19,0.0,0.0,4.239622641509434,26.699999999999996,41.54545454545455,41.84090909090909,0.1590909090909091,44.0,10.0,34.0,20.3,0.1,0.4,0.278,0.2,0.0,0.0,0.0,0.278
Chandler Hutchison,CHI,2019-20,0.0,0.0,3.4766423357664236,24.38421052631579,40.07142857142857,40.0,0.0357142857142857,28.0,8.0,20.0,18.8,0.1,0.3,0.333,0.2,0.0,0.0,0.0,0.333
Chandler Parsons,MEM,2018-19,0.0,0.0,8.021590909090909,25.47340425531915,40.16,39.96,0.04,25.0,11.0,14.0,19.8,0.6,1.8,0.326,1.4,0.2,0.7,0.278,0.38
Charles Bassey,SAS,2022-23,0.0,0.0,4.074015748031496,25.112499999999997,30.514285714285716,30.6,0.0,35.0,9.0,26.0,14.5,0.2,0.3,0.6,0.4,0.1,0.1,0.667,0.7
Chasson Randle,WAS,2018-19,0.0,0.0,5.125490196078431,25.532173913043476,31.612244897959183,32.30612244897959,0.1632653061224489,49.0,19.0,30.0,15.2,0.4,1.1,0.393,1.3,0.4,0.8,0.487,0.563
Chasson Randle,ORL,2020-21,0.0,0.0,7.190654205607477,25.919230769230772,41.5609756097561,42.09756097560975,0.073170731707317,41.0,10.0,31.0,20.4,0.7,2.2,0.304,1.8,0.5,1.4,0.322,0.408
Cheick Diallo,NOP,2018-19,0.0,0.0,5.79250936329588,36.900000000000006,30.296875,30.25,0.03125,64.0,27.0,37.0,14.0,0.2,0.3,0.526,0.3,0.0,0.0,0.0,0.526
Chet Holmgren,OKC,2023-24,0.0,0.0,5.399668874172186,25.69025787965617,61.26829268292683,61.3780487804878,0.0975609756097561,82.0,57.0,25.0,29.4,0.7,1.6,0.424,1.4,0.0,0.3,0.167,0.439
Chet Holmgren,OKC,2024-25,0.0,0.0,5.513839285714284,25.926724137931043,58.0625,57.96875,0.0625,32.0,26.0,6.0,27.4,0.4,1.4,0.304,1.1,0.2,0.3,0.6,0.37
Chimezie Metu,SAC,2020-21,0.0,0.0,7.177464788732395,25.432432432432428,29.257142857142856,29.02857142857143,0.0285714285714285,36.0,14.0,22.0,13.6,0.3,0.9,0.375,0.7,0.0,0.1,0.25,0.391
Chimezie Metu,SAC,2021-22,0.0,0.0,6.179847908745248,25.006989247311814,43.96666666666667,44.083333333333336,0.1166666666666666,60.0,23.0,37.0,21.3,0.4,1.1,0.358,0.9,0.1,0.3,0.222,0.388
Chimezie Metu,"PHO,DET",2023-24,0.0,0.0,5.947887323943661,25.132558139534886,34.1764705882353,34.372549019607845,0.0392156862745098,51.0,24.0,27.0,16.8,0.4,0.7,0.541,0.9,0.1,0.2,0.364,0.595
Chris Boucher,TOR,2019-20,0.0,0.0,2.822099447513812,25.644915254237286,27.43548387096774,27.35483870967742,0.064516129032258,62.0,45.0,17.0,13.2,0.0,0.1,0.125,0.0,0.0,0.1,0.0,0.125
Chris Boucher,TOR,2020-21,0.0,0.0,3.4944615384615387,25.654893617021276,49.45,49.333333333333336,0.1666666666666666,60.0,25.0,35.0,24.2,0.2,0.5,0.5,0.5,0.1,0.2,0.444,0.571
Chris Boucher,TOR,2021-22,0.0,0.0,3.424712643678161,25.21659388646287,41.8125,41.8625,0.125,80.0,48.0,32.0,21.1,0.1,0.5,0.167,0.2,0.0,0.1,0.182,0.194
Chris Boucher,TOR,2022-23,0.0,0.0,3.44,25.197883597883592,40.05263157894737,40.10526315789474,0.1052631578947368,76.0,39.0,37.0,20.0,0.1,0.4,0.367,0.3,0.0,0.1,0.2,0.4
Chris Boucher,TOR,2023-24,0.0,0.0,3.086178861788618,24.60212765957447,28.22,28.64,0.16,50.0,16.0,34.0,14.1,0.0,0.1,0.2,0.0,0.0,0.0,0.0,0.2
Chris Boucher,TOR,2024-25,0.0,0.0,4.050282485875705,24.86632124352332,34.72,34.8,0.04,50.0,18.0,32.0,17.2,0.3,0.7,0.371,0.6,0.1,0.3,0.235,0.429
Chris Chiozza,"WAS,BRK",2019-20,0.0,0.0,4.9799999999999995,25.976785714285715,30.928571428571427,30.428571428571427,0.25,28.0,14.0,14.0,14.3,0.4,1.7,0.213,0.9,0.2,1.1,0.167,0.266
Chris Duarte,IND,2021-22,0.0,0.0,8.542349726775958,25.57568627450981,56.69090909090909,56.47272727272728,0.0909090909090909,55.0,21.0,34.0,28.0,1.7,4.7,0.365,4.1,0.6,2.0,0.315,0.431
Chris Duarte,IND,2022-23,0.0,0.0,8.136477987421381,25.655172413793103,40.608695652173914,40.869565217391305,0.1304347826086956,46.0,19.0,27.0,19.5,0.9,3.0,0.297,2.2,0.4,1.5,0.282,0.37
Chris Duarte,SAC,2023-24,0.0,0.0,7.179518072289158,25.51968503937008,24.879310344827587,25.29310344827586,0.2413793103448276,59.0,35.0,24.0,12.2,0.3,0.9,0.34,0.8,0.2,0.5,0.387,0.453
Chris Paul,HOU,2018-19,0.0,0.0,9.993972602739726,25.96647887323944,65.3103448275862,64.70689655172414,0.0689655172413793,58.0,39.0,19.0,32.0,3.5,8.6,0.401,8.7,1.7,5.0,0.345,0.501
Chris Paul,OKC,2019-20,0.0,0.0,12.021955403087476,26.94901315789473,64.57142857142857,63.91428571428571,0.0857142857142857,70.0,44.0,26.0,31.5,4.5,9.4,0.479,10.2,1.2,3.4,0.358,0.544
Chris Paul,PHO,2020-21,0.0,0.0,12.828663446054753,26.579844961240312,63.31428571428572,63.114285714285714,0.1285714285714285,70.0,49.0,21.0,31.4,4.6,9.5,0.483,10.1,1.0,2.6,0.372,0.534
Chris Paul,PHO,2021-22,0.0,0.0,12.74674115456238,26.407537688442225,67.47692307692307,67.0923076923077,0.123076923076923,65.0,53.0,12.0,32.9,4.1,8.5,0.481,8.9,0.6,2.1,0.302,0.519
Chris Paul,PHO,2022-23,0.0,0.0,12.726535626535624,26.15057471264367,64.23728813559322,63.813559322033896,0.0847457627118644,59.0,33.0,26.0,32.0,3.5,8.3,0.426,7.9,0.9,2.9,0.302,0.478
Chris Paul,GSW,2023-24,0.0,0.0,13.06342412451362,26.337142857142865,53.55172413793103,53.13793103448276,0.0689655172413793,58.0,33.0,25.0,26.4,2.1,5.1,0.418,4.7,0.5,1.6,0.309,0.468
Chris Paul,SAS,2024-25,0.0,0.0,13.113207547169813,25.822102425876015,57.573170731707314,56.9390243902439,0.0365853658536585,82.0,34.0,48.0,28.0,2.1,5.1,0.424,5.4,1.1,2.9,0.37,0.529
Christian Braun,DEN,2022-23,0.0,0.0,4.534715025906736,25.193750000000005,31.88,32.16,0.0266666666666666,76.0,49.0,27.0,15.5,0.1,0.4,0.273,0.3,0.1,0.2,0.4,0.364
Christian Braun,DEN,2023-24,0.0,0.0,4.334169278996864,25.139634146341457,40.14634146341464,40.75609756097561,0.0121951219512195,82.0,57.0,25.0,20.2,0.3,0.8,0.343,0.7,0.2,0.5,0.368,0.448
Christian Braun,DEN,2024-25,0.0,0.0,4.052763819095477,25.324999999999996,69.81012658227849,70.0506329113924,0.0126582278481012,79.0,48.0,31.0,33.9,0.5,1.1,0.432,1.2,0.2,0.5,0.436,0.528
Christian Koloko,TOR,2022-23,0.0,0.0,3.019565217391304,26.491666666666664,28.275862068965516,28.20689655172414,0.0344827586206896,58.0,29.0,29.0,13.8,0.0,0.0,0.0,0.0,0.0,0.0,0.0,0.0
Christian Wood,DET,2019-20,0.0,0.0,4.265489130434784,25.44285714285714,43.17741935483871,43.403225806451616,0.2096774193548387,62.0,20.0,42.0,21.4,0.2,0.6,0.333,0.5,0.1,0.3,0.3,0.41
Christian Wood,HOU,2020-21,0.0,0.0,5.913364055299541,25.602912621359216,67.95121951219512,67.7560975609756,0.2682926829268293,41.0,12.0,29.0,32.3,0.9,2.3,0.409,2.2,0.3,0.8,0.412,0.484
Christian Wood,HOU,2021-22,0.0,0.0,4.979151291512913,25.944642857142856,64.41176470588235,64.23529411764706,0.1470588235294117,68.0,19.0,49.0,30.8,0.7,2.0,0.343,1.8,0.4,1.2,0.375,0.455
Christian Wood,DAL,2022-23,0.0,0.0,5.505918367346942,25.684587813620073,51.25373134328358,51.43283582089552,0.1194029850746268,67.0,33.0,34.0,25.9,0.4,1.5,0.28,1.0,0.1,0.7,0.196,0.325
Christian Wood,LAL,2023-24,0.0,0.0,5.1193333333333335,25.29035087719298,35.86,36.26,0.04,50.0,28.0,22.0,17.4,0.1,0.3,0.5,0.3,0.0,0.1,0.4,0.571
Chuma Okeke,ORL,2020-21,0.0,0.0,9.68743169398907,26.13546099290781,51.37777777777778,51.8,0.0444444444444444,45.0,15.0,30.0,25.2,0.8,2.2,0.376,1.8,0.1,0.6,0.154,0.396
Chuma Okeke,ORL,2021-22,0.0,0.0,6.205882352941177,25.35498652291106,52.15714285714286,51.885714285714286,0.0571428571428571,70.0,21.0,49.0,25.0,0.4,1.6,0.264,1.1,0.2,0.9,0.262,0.336
Chuma Okeke,ORL,2022-23,0.0,0.0,5.811111111111111,25.305813953488368,39.07407407407408,39.407407407407405,0.037037037037037,27.0,8.0,19.0,19.2,0.1,0.7,0.2,0.4,0.1,0.4,0.2,0.25
CJ Elleby,POR,2021-22,0.0,0.0,5.182967032967032,25.15238095238095,41.55172413793103,41.41379310344828,0.0517241379310344,58.0,17.0,41.0,20.2,0.2,0.6,0.257,0.3,0.0,0.1,0.0,0.257
CJ McCollum,POR,2018-19,0.0,0.0,9.65501253132832,25.473483146067416,70.5,70.21428571428571,0.1428571428571428,70.0,43.0,27.0,33.9,4.1,8.9,0.457,9.3,1.1,3.1,0.355,0.518
CJ McCollum,POR,2019-20,0.0,0.0,9.475355450236972,25.478320312500003,75.84285714285714,75.67142857142858,0.0714285714285714,70.0,34.0,36.0,36.5,4.2,9.8,0.427,9.5,1.2,3.8,0.308,0.486
CJ McCollum,POR,2020-21,0.0,0.0,10.22995689655172,25.54380952380953,69.95744680851064,69.25531914893617,0.0851063829787234,47.0,28.0,19.0,34.0,4.6,10.9,0.419,11.2,2.1,5.7,0.367,0.516
CJ McCollum,"POR,NOP",2021-22,0.0,0.0,9.95141065830721,25.581111111111113,69.80645161290323,70.11290322580645,0.0967741935483871,62.0,28.0,34.0,34.6,4.2,9.8,0.429,9.9,1.5,4.1,0.35,0.502
CJ McCollum,NOP,2022-23,0.0,0.0,9.63807740324594,25.761325966850823,72.08,71.90666666666667,0.0933333333333333,75.0,38.0,37.0,35.3,3.5,8.2,0.419,7.9,1.0,2.9,0.356,0.482
CJ McCollum,NOP,2023-24,0.0,0.0,8.299799196787149,25.79892280071813,66.3030303030303,65.87878787878788,0.0757575757575757,66.0,42.0,24.0,32.7,3.2,6.9,0.459,7.9,1.5,3.6,0.432,0.57
CJ McCollum,NOP,2024-25,0.0,0.0,8.00332717190388,25.695642701525056,68.08928571428571,67.58928571428571,0.0178571428571428,56.0,17.0,39.0,32.7,3.0,7.9,0.378,7.4,1.4,4.0,0.345,0.466
CJ Miles,"TOR,MEM",2018-19,0.0,0.0,9.728205128205127,25.12727272727272,34.86538461538461,34.63461538461539,0.0192307692307692,53.0,33.0,20.0,16.2,0.5,1.4,0.329,1.1,0.2,0.6,0.235,0.384
Clint Capela,HOU,2018-19,0.0,0.0,2.37172131147541,0.0,67.17910447761194,67.43283582089552,0.0746268656716417,67.0,44.0,23.0,33.6,0.0,0.0,0.0,0.0,0.0,0.0,0.0,0.0
Clint Capela,HOU,2019-20,0.0,0.0,2.298453608247422,0.0,70.15384615384616,70.15384615384616,0.1025641025641025,39.0,22.0,17.0,32.8,0.0,0.1,0.0,0.0,0.0,0.0,0.0,0.0
Clint Capela,ATL,2020-21,0.0,0.0,2.36,0.0,60.80952380952381,61.285714285714285,0.0158730158730158,63.0,34.0,29.0,30.1,0.0,0.1,0.333,0.1,0.0,0.0,0.0,0.333
Clint Capela,ATL,2021-22,0.0,0.0,2.151409618573797,49.8,56.28378378378378,56.48648648648648,0.0135135135135135,74.0,40.0,34.0,27.6,0.0,0.0,0.333,0.0,0.0,0.0,0.0,0.333
Clint Capela,ATL,2022-23,0.0,0.0,2.065981308411215,53.1,55.72307692307693,55.98461538461538,0.0307692307692307,65.0,35.0,30.0,26.6,0.0,0.0,0.0,0.0,0.0,0.0,0.0,0.0
Clint Capela,ATL,2023-24,0.0,0.0,2.362398703403565,72.6,53.68493150684932,53.56164383561644,0.0410958904109589,73.0,33.0,40.0,25.8,0.0,0.0,0.5,0.0,0.0,0.0,0.0,0.5
Clint Capela,ATL,2024-25,0.0,0.0,2.972493573264782,26.3,45.63636363636363,45.72727272727273,0.0181818181818181,55.0,27.0,28.0,21.4,0.0,0.0,0.0,0.0,0.0,0.0,0.0,0.0
Coby White,CHI,2019-20,0.0,0.0,7.250961538461539,25.68138297872341,53.76923076923077,53.815384615384616,0.1846153846153846,65.0,22.0,43.0,25.8,1.3,4.0,0.322,3.2,0.7,2.0,0.328,0.405
Coby White,CHI,2020-21,0.0,0.0,7.530803571428569,25.605506607929513,64.79710144927536,64.85507246376811,0.217391304347826,69.0,30.0,39.0,31.2,1.5,4.0,0.379,3.7,0.6,1.8,0.347,0.455
Coby White,CHI,2021-22,0.0,0.0,7.310309278350516,25.768271954674223,55.57377049180328,55.63934426229508,0.1147540983606557,61.0,32.0,29.0,27.5,1.0,2.9,0.362,2.5,0.4,1.2,0.311,0.427
Coby White,CHI,2022-23,0.0,0.0,6.6652,25.84331395348838,48.01351351351352,48.08108108108108,0.2162162162162162,74.0,37.0,37.0,23.4,0.6,1.8,0.358,1.5,0.2,0.8,0.276,0.418
Coby White,CHI,2023-24,0.0,0.0,6.3460949464012275,26.22805755395684,72.78481012658227,72.50632911392405,0.5063291139240507,79.0,37.0,42.0,36.5,1.6,4.1,0.405,4.0,0.7,1.8,0.404,0.497
Coby White,CHI,2024-25,0.0,0.0,5.841340782122907,26.575171232876706,70.85135135135135,70.83783783783784,0.1621621621621621,74.0,35.0,39.0,33.1,1.9,5.1,0.379,5.1,1.2,3.4,0.345,0.492
Cody Martin,CHO,2019-20,0.0,0.0,4.4023076923076925,24.893506493506493,38.212765957446805,38.51063829787234,0.3617021276595745,48.0,16.0,32.0,18.8,0.2,0.5,0.348,0.4,0.1,0.2,0.4,0.435
Cody Martin,CHO,2020-21,0.0,0.0,5.133846153846155,24.622413793103455,33.431372549019606,33.92156862745098,0.0588235294117647,52.0,26.0,26.0,16.3,0.2,0.5,0.407,0.5,0.0,0.1,0.5,0.444
Cody Martin,CHO,2021-22,0.0,0.0,4.706818181818182,24.381132075471697,53.647887323943664,54.12676056338028,0.1971830985915492,71.0,41.0,30.0,26.3,0.2,0.8,0.315,0.6,0.1,0.2,0.471,0.389
Cody Martin,CHO,2023-24,0.0,0.0,8.051937984496123,24.83255813953489,53.892857142857146,54.0,0.1785714285714285,28.0,7.0,21.0,26.9,0.8,2.3,0.333,1.9,0.4,0.8,0.476,0.413
Cody Martin,"CHO,PHO",2024-25,0.0,0.0,7.113333333333333,24.596296296296305,45.24528301886792,45.81132075471698,0.1886792452830188,53.0,16.0,37.0,22.1,0.5,1.5,0.321,1.1,0.2,0.5,0.346,0.378
Cody Williams,UTA,2024-25,0.0,0.0,7.112295081967212,24.532592592592597,44.22,44.48,0.04,50.0,9.0,41.0,21.2,0.1,0.6,0.194,0.3,0.0,0.1,0.167,0.21
Cody Zeller,CHO,2018-19,0.0,0.0,3.642724458204334,26.463636363636365,52.326530612244895,52.04081632653061,0.1020408163265306,49.0,22.0,27.0,25.4,0.2,0.4,0.45,0.4,0.0,0.1,0.333,0.475
Cody Zeller,CHO,2019-20,0.0,0.0,2.976732673267327,25.85466666666667,46.06896551724138,45.62068965517241,0.0689655172413793,58.0,18.0,40.0,23.1,0.1,0.3,0.5,0.3,0.0,0.1,0.5,0.563
Cody Zeller,CHO,2020-21,0.0,0.0,2.9165540540540538,25.482142857142858,42.9375,42.75,0.1458333333333333,48.0,21.0,27.0,20.9,0.1,0.2,0.5,0.2,0.0,0.0,0.5,0.55
Cody Zeller,POR,2021-22,0.0,0.0,2.7360465116279067,25.225,26.96296296296296,26.85185185185185,0.1111111111111111,27.0,13.0,14.0,13.1,0.0,0.0,0.0,0.0,0.0,0.0,0.0,0.0
Colby Jones,"SAC,WAS",2024-25,0.0,0.0,6.870312500000001,25.689743589743593,28.24324324324324,28.054054054054053,0.054054054054054,39.0,12.0,27.0,13.2,0.4,1.1,0.415,1.1,0.2,0.4,0.412,0.5
Cole Anthony,ORL,2020-21,0.0,0.0,7.640789473684212,25.932558139534887,55.340425531914896,55.191489361702125,0.1489361702127659,47.0,13.0,34.0,27.1,1.6,4.2,0.381,3.7,0.5,1.5,0.347,0.444
Cole Anthony,ORL,2021-22,0.0,0.0,8.53282149712092,26.318158567774944,64.98461538461538,64.84615384615384,0.2,65.0,18.0,47.0,31.7,1.9,5.5,0.343,4.5,0.7,2.4,0.288,0.405
Cole Anthony,ORL,2022-23,0.0,0.0,8.977722772277227,26.05,52.45,52.81666666666667,0.1,60.0,28.0,32.0,25.9,1.7,3.8,0.454,3.8,0.4,1.0,0.386,0.502
Cole Anthony,ORL,2023-24,0.0,0.0,8.402459016393447,26.30036363636364,44.44444444444444,44.30864197530864,0.1234567901234567,81.0,47.0,34.0,22.4,1.1,2.9,0.386,2.4,0.1,0.6,0.245,0.411
Cole Anthony,ORL,2024-25,0.0,0.0,8.178461538461539,26.672018348623855,36.76119402985075,36.492537313432834,0.1044776119402985,67.0,35.0,32.0,18.4,1.0,2.8,0.368,2.3,0.3,0.8,0.357,0.422
Colin Castleton,"MEM,TOR,PHI",2024-25,0.0,0.0,4.839285714285714,24.0,35.76,36.12,0.04,26.0,15.0,11.0,16.6,0.0,0.1,0.0,0.0,0.0,0.0,0.0,0.0
Collin Gillespie,PHO,2024-25,0.0,0.0,7.598529411764707,26.44,28.8125,28.875,0.0625,33.0,12.0,21.0,14.0,0.6,1.6,0.385,1.6,0.4,0.8,0.429,0.5
Collin Sexton,CLE,2018-19,0.0,0.0,9.477032967032963,25.71148648648648,63.97560975609756,64.14634146341463,0.4390243902439024,82.0,19.0,63.0,31.8,2.7,6.9,0.389,6.0,0.7,1.8,0.374,0.437
Collin Sexton,CLE,2019-20,0.0,0.0,6.607460890493382,25.916078431372547,67.76923076923077,67.86153846153846,0.3076923076923077,65.0,19.0,46.0,33.0,2.2,5.5,0.398,5.0,0.6,1.6,0.35,0.448
Collin Sexton,CLE,2020-21,0.0,0.0,7.189892984542212,25.839015151515156,71.45,71.2,0.3333333333333333,60.0,18.0,42.0,35.3,2.8,7.0,0.406,6.3,0.6,1.9,0.313,0.447
Collin Sexton,UTA,2022-23,0.0,0.0,5.867341040462427,25.28934426229509,49.791666666666664,50.0,0.5625,48.0,24.0,24.0,23.9,1.0,2.2,0.471,2.5,0.4,0.9,0.465,0.567
Collin Sexton,UTA,2023-24,0.0,0.0,6.292847124824682,25.330769230769235,55.23076923076923,55.43589743589744,0.3205128205128205,78.0,29.0,49.0,26.6,1.3,3.4,0.381,3.2,0.6,1.8,0.326,0.466
Collin Sexton,UTA,2024-25,0.0,0.0,7.48238255033557,25.4870848708487,57.46031746031746,57.82539682539682,0.1428571428571428,63.0,14.0,49.0,27.9,1.9,4.7,0.411,4.7,0.9,2.2,0.386,0.502
Corey Brewer,"PHI,SAC",2018-19,0.0,0.0,4.452272727272727,25.269999999999996,33.32258064516129,33.483870967741936,0.1935483870967742,31.0,13.0,18.0,15.9,0.1,0.5,0.143,0.1,0.0,0.2,0.0,0.143
Corey Kispert,WAS,2021-22,0.0,0.0,5.684536082474226,25.59125,47.064935064935064,46.701298701298704,0.0779220779220779,77.0,31.0,46.0,23.4,0.2,0.8,0.31,0.5,0.0,0.2,0.167,0.336
Corey Kispert,WAS,2022-23,0.0,0.0,4.516417910447763,26.048437499999995,57.83783783783784,57.87837837837838,0.081081081081081,74.0,31.0,43.0,28.3,0.3,0.7,0.385,0.7,0.2,0.4,0.394,0.51
Corey Kispert,WAS,2023-24,0.0,0.0,4.546496815286624,26.299999999999997,54.775,54.4625,0.05,80.0,15.0,65.0,25.8,0.5,1.4,0.381,1.4,0.3,0.9,0.333,0.491
Corey Kispert,WAS,2024-25,0.0,0.0,4.6485106382978705,26.583030303030306,55.049180327868854,54.55737704918032,0.0983606557377049,61.0,14.0,47.0,26.3,0.4,1.2,0.338,1.0,0.3,0.8,0.333,0.451
Cory Joseph,IND,2018-19,0.0,0.0,10.787798408488063,26.49590643274853,50.80487804878049,51.23170731707317,0.2560975609756097,82.0,48.0,34.0,25.2,1.1,3.0,0.38,2.3,0.1,0.4,0.161,0.39
Cory Joseph,SAC,2019-20,0.0,0.0,9.305138339920951,25.15220125786163,49.40277777777778,49.93055555555556,0.5,72.0,31.0,41.0,24.4,0.7,2.1,0.324,1.4,0.1,0.5,0.242,0.351
Cory Joseph,"SAC,DET",2020-21,0.0,0.0,7.018840579710146,26.289473684210524,47.06349206349206,47.41269841269841,0.2063492063492063,63.0,25.0,38.0,23.0,0.7,1.8,0.398,1.5,0.1,0.3,0.438,0.429
Cory Joseph,DET,2021-22,0.0,0.0,7.512757201646089,25.913375796178347,49.44615384615385,49.33846153846154,0.3230769230769231,65.0,19.0,46.0,24.6,0.6,1.8,0.325,1.3,0.2,0.5,0.314,0.373
Cory Joseph,DET,2022-23,0.0,0.0,8.364912280701756,25.808888888888895,40.016129032258064,39.95161290322581,0.1774193548387097,62.0,12.0,50.0,19.8,0.8,2.2,0.368,2.0,0.3,1.0,0.333,0.445
Cory Joseph,ORL,2024-25,0.0,0.0,8.03404255319149,25.800934579439257,24.58,24.54,0.16,50.0,26.0,24.0,12.2,0.3,0.7,0.361,0.6,0.1,0.3,0.294,0.431
Courtney Lee,"NYK,DAL",2018-19,0.0,0.0,10.016279069767442,24.684615384615388,26.11764705882353,26.176470588235293,0.088235294117647,34.0,6.0,28.0,12.6,0.6,1.4,0.429,1.3,0.1,0.2,0.375,0.459
Craig Porter,CLE,2023-24,0.0,0.0,7.292268041237113,26.44705882352941,25.058823529411764,25.09803921568627,0.0196078431372549,51.0,30.0,21.0,12.7,0.8,1.8,0.457,1.9,0.2,0.5,0.37,0.511
Cristiano Felicio,CHI,2018-19,0.0,0.0,3.3834285714285715,25.85,25.5,25.566666666666663,0.0333333333333333,60.0,16.0,44.0,12.4,0.0,0.1,0.333,0.0,0.0,0.0,0.0,0.333
DAngelo Russell,BRK,2018-19,0.0,0.0,9.696825396825394,25.712125984251976,63.20987654320987,62.888888888888886,0.1234567901234567,81.0,42.0,39.0,30.2,4.0,9.8,0.408,9.6,1.6,4.5,0.349,0.487
DAngelo Russell,"GSW,MIN",2019-20,0.0,0.0,10.600990099009902,26.355454545454545,69.13333333333334,68.91111111111111,0.1111111111111111,45.0,11.0,34.0,32.3,4.2,10.8,0.39,10.3,1.9,5.5,0.345,0.479
DAngelo Russell,MIN,2020-21,0.0,0.0,10.566959064327486,25.94354838709677,60.214285714285715,60.476190476190474,0.1666666666666666,42.0,16.0,26.0,28.5,3.0,7.8,0.387,7.4,1.3,3.5,0.376,0.473
DAngelo Russell,MIN,2021-22,0.0,0.0,9.282713347921224,25.964864864864875,66.87692307692308,66.36923076923077,0.0769230769230769,65.0,39.0,26.0,31.9,2.5,6.9,0.36,6.2,1.2,3.8,0.329,0.45
DAngelo Russell,"MIN,LAL",2022-23,0.0,0.0,7.415454545454545,25.77207207207207,67.33802816901408,67.08450704225352,0.2253521126760563,71.0,39.0,32.0,32.5,2.6,6.1,0.428,6.3,1.2,3.0,0.383,0.523
DAngelo Russell,LAL,2023-24,0.0,0.0,8.279439252336449,26.345321100917428,68.71052631578948,68.44736842105263,0.2368421052631578,76.0,46.0,30.0,32.7,2.2,5.5,0.393,5.4,1.1,2.8,0.391,0.494
DAngelo Russell,"LAL,BRK",2024-25,0.0,0.0,8.73777777777778,26.25624999999999,51.87931034482759,51.258620689655174,0.1551724137931034,58.0,26.0,32.0,25.5,1.7,4.8,0.359,4.5,1.1,3.0,0.351,0.468
DJ Augustin,ORL,2018-19,0.0,0.0,6.169125683060109,25.803858520900317,56.901234567901234,56.28395061728395,0.3086419753086419,81.0,42.0,39.0,28.0,1.2,3.0,0.412,3.2,0.8,1.9,0.389,0.537
DJ Augustin,ORL,2019-20,0.0,0.0,7.62923076923077,26.579601990049746,50.78947368421053,50.421052631578945,0.1578947368421052,57.0,28.0,29.0,24.9,1.4,3.6,0.38,3.4,0.6,2.0,0.295,0.459
DJ Augustin,"MIL,HOU",2020-21,0.0,0.0,6.2666666666666675,25.986363636363635,41.21052631578947,40.85964912280702,0.1052631578947368,57.0,28.0,29.0,19.8,0.8,2.3,0.349,2.1,0.5,1.6,0.333,0.469
DJ Augustin,"HOU,LAL",2021-22,0.0,0.0,5.694444444444445,25.194117647058828,32.8,32.45454545454545,0.0181818181818181,55.0,15.0,40.0,16.1,0.4,1.3,0.301,1.1,0.3,1.1,0.302,0.432
DJ Wilson,MIL,2018-19,0.0,0.0,6.103225806451613,25.12755905511811,39.020833333333336,39.3125,0.0416666666666666,48.0,37.0,11.0,18.4,0.4,0.8,0.459,0.9,0.2,0.2,0.727,0.568
DJ Wilson,"MIL,HOU",2020-21,0.0,0.0,7.1030303030303035,25.799999999999997,25.542857142857144,25.65714285714286,0.0857142857142857,35.0,13.0,22.0,12.4,0.3,0.7,0.375,0.6,0.1,0.3,0.4,0.458
Daishen Nix,HOU,2022-23,0.0,0.0,4.531958762886598,26.233571428571427,32.824561403508774,32.85964912280702,0.0526315789473684,57.0,15.0,42.0,16.0,0.3,0.9,0.34,0.9,0.3,0.8,0.34,0.491
Dalano Banton,"BOS,POR",2023-24,0.0,0.0,5.701127819548872,26.072131147540983,39.679245283018865,39.75471698113208,0.0,54.0,24.0,30.0,19.4,0.4,1.9,0.208,1.0,0.2,1.0,0.182,0.257
Dalano Banton,POR,2024-25,0.0,0.0,5.212280701754386,26.27522522522523,34.53731343283582,34.44776119402985,0.0298507462686567,67.0,28.0,39.0,16.7,0.4,1.6,0.262,1.0,0.2,0.8,0.245,0.322
Dalen Terry,CHI,2024-25,0.0,0.0,3.4914634146341457,24.73365384615384,29.027397260273972,29.21917808219178,0.0410958904109589,73.0,33.0,40.0,13.5,0.0,0.2,0.167,0.1,0.0,0.1,0.167,0.208
Dalton Knecht,LAL,2024-25,0.0,0.0,6.194009216589864,25.73794117647059,38.12820512820513,38.243589743589745,0.0128205128205128,78.0,47.0,31.0,19.2,0.7,1.6,0.435,1.7,0.3,0.7,0.397,0.528
Damian Jones,ATL,2019-20,0.0,0.0,2.173372781065089,23.95555555555556,34.163636363636364,34.2,0.0727272727272727,55.0,15.0,40.0,16.1,0.0,0.0,0.0,0.0,0.0,0.0,0.0,0.0
Damian Jones,"PHO,LAL,SAC",2020-21,0.0,0.0,4.3999999999999995,39.05,29.256410256410255,29.17948717948718,0.0769230769230769,39.0,24.0,15.0,14.0,0.0,0.0,0.0,0.0,0.0,0.0,0.0,0.0
Damian Jones,SAC,2021-22,0.0,0.0,5.09746835443038,26.537931034482757,37.05357142857143,37.19642857142857,0.1071428571428571,56.0,19.0,37.0,18.2,0.1,0.2,0.231,0.1,0.0,0.0,0.0,0.231
Damian Lillard,POR,2018-19,0.0,0.0,7.712808988764045,26.638258164852264,73.825,73.475,0.3375,80.0,51.0,29.0,35.5,3.8,9.4,0.404,9.5,1.9,5.3,0.364,0.507
Damian Lillard,POR,2019-20,0.0,0.0,5.844444444444444,27.67477744807121,78.84848484848484,78.65151515151516,0.2575757575757575,66.0,33.0,33.0,37.5,4.0,10.1,0.402,11.1,3.0,7.5,0.404,0.552
Damian Lillard,POR,2020-21,0.0,0.0,6.985555555555557,27.703409090909098,74.01492537313433,73.56716417910448,0.2686567164179104,67.0,39.0,28.0,35.8,4.2,10.9,0.385,11.4,3.0,8.1,0.371,0.523
Damian Lillard,POR,2021-22,0.0,0.0,7.644402985074625,27.617253521126756,74.51724137931035,74.17241379310344,0.2413793103448276,29.0,12.0,17.0,36.4,3.6,10.4,0.348,9.4,2.2,7.1,0.304,0.452
Damian Lillard,POR,2022-23,0.0,0.0,5.976838235294117,27.66550151975683,74.36206896551724,74.25862068965517,0.3275862068965517,58.0,27.0,31.0,36.3,3.9,9.7,0.405,10.6,2.7,7.4,0.372,0.546
Damian Lillard,MIL,2023-24,0.0,0.0,7.56534351145038,27.289871382636655,74.28767123287672,73.97260273972603,0.136986301369863,73.0,48.0,25.0,35.3,3.3,8.6,0.384,8.7,2.1,5.7,0.365,0.504
Damian Lillard,MIL,2024-25,0.0,0.0,8.601923076923079,27.26889312977098,74.75862068965517,74.24137931034483,0.1034482758620689,58.0,32.0,26.0,36.1,3.5,8.7,0.404,9.0,1.9,5.4,0.35,0.513
Damion Lee,GSW,2019-20,0.0,0.0,8.875000000000002,26.06778242677824,60.95918367346939,60.95918367346939,0.3061224489795918,49.0,12.0,37.0,29.0,1.1,2.8,0.415,2.4,0.2,0.7,0.235,0.444
Damion Lee,GSW,2020-21,0.0,0.0,8.090000000000002,25.295360824742268,39.73684210526316,39.59649122807018,0.2456140350877192,57.0,28.0,29.0,18.9,0.3,0.8,0.442,0.8,0.1,0.3,0.368,0.523
Damion Lee,GSW,2021-22,0.0,0.0,7.855612244897962,25.34171122994652,40.714285714285715,40.26984126984127,0.1904761904761904,63.0,41.0,22.0,19.9,0.4,1.3,0.316,0.9,0.1,0.3,0.444,0.367
Damion Lee,PHO,2022-23,0.0,0.0,8.598536585365855,24.97165991902834,41.9054054054054,41.62162162162162,0.2702702702702703,74.0,40.0,34.0,20.4,0.4,1.3,0.312,0.8,0.0,0.2,0.125,0.323
Damyean Dotson,NYK,2018-19,0.0,0.0,11.03061797752809,25.71783625730994,56.47945205479452,56.50684931506849,0.0684931506849315,73.0,12.0,61.0,27.4,1.3,3.2,0.403,2.9,0.4,1.0,0.347,0.459
Damyean Dotson,NYK,2019-20,0.0,0.0,11.69448818897638,25.70981595092024,35.833333333333336,35.979166666666664,0.0416666666666666,48.0,14.0,34.0,17.4,0.9,2.5,0.364,2.1,0.3,1.1,0.302,0.432
Damyean Dotson,CLE,2020-21,0.0,0.0,9.35223880597015,26.00754716981132,39.93478260869565,39.82608695652174,0.0434782608695652,46.0,14.0,32.0,19.7,0.7,2.1,0.316,1.5,0.2,1.0,0.196,0.362
Daniel Gafford,CHI,2019-20,0.0,0.0,1.842537313432836,0.0,29.20930232558139,29.20930232558139,0.2093023255813953,43.0,15.0,28.0,14.2,0.0,0.0,0.0,0.0,0.0,0.0,0.0,0.0
Daniel Gafford,"CHI,WAS",2020-21,0.0,0.0,3.255797101449276,0.0,30.75925925925926,31.185185185185187,0.0925925925925925,54.0,31.0,23.0,14.7,0.0,0.0,0.0,0.0,0.0,0.0,0.0,0.0
Daniel Gafford,WAS,2021-22,0.0,0.0,2.816870415647922,27.9,40.416666666666664,40.541666666666664,0.0416666666666666,72.0,30.0,42.0,20.1,0.0,0.0,1.0,0.0,0.0,0.0,0.0,1.0
Daniel Gafford,WAS,2022-23,0.0,0.0,3.2374683544303813,0.0,41.6025641025641,41.70512820512821,0.0769230769230769,78.0,32.0,46.0,20.6,0.1,0.1,0.667,0.2,0.0,0.0,0.0,0.667
Daniel Gafford,"WAS,DAL",2023-24,0.0,0.0,2.233870967741936,0.0,51.770270270270274,51.66216216216216,0.1486486486486486,74.0,30.0,44.0,24.5,0.0,0.1,0.25,0.0,0.0,0.0,0.0,0.25
Daniel Gafford,DAL,2024-25,0.0,0.0,2.561290322580646,0.0,44.35087719298246,44.36842105263158,0.0526315789473684,57.0,28.0,29.0,21.5,0.0,0.1,0.333,0.0,0.0,0.0,0.0,0.333
Daniel Theis,BOS,2018-19,0.0,0.0,4.936180904522613,25.61492537313433,28.560606060606062,28.681818181818183,0.0606060606060606,66.0,38.0,28.0,13.8,0.0,0.1,0.5,0.1,0.0,0.0,1.0,0.625
Daniel Theis,BOS,2019-20,0.0,0.0,4.263939393939394,26.192708333333343,48.93846153846154,49.04615384615385,0.1538461538461538,65.0,42.0,23.0,24.1,0.0,0.1,0.25,0.1,0.0,0.1,0.2,0.313
Daniel Theis,"BOS,CHI",2020-21,0.0,0.0,5.974380165289256,25.11052631578948,50.06153846153846,49.89230769230769,0.0615384615384615,65.0,28.0,37.0,24.6,0.2,0.4,0.458,0.4,0.0,0.2,0.231,0.521
Daniel Theis,"HOU,BOS",2021-22,0.0,0.0,4.598809523809523,24.814285714285717,42.191489361702125,42.723404255319146,0.1914893617021276,47.0,20.0,27.0,20.8,0.0,0.2,0.125,0.0,0.0,0.0,0.0,0.125
Daniel Theis,"IND,LAC",2023-24,0.0,0.0,4.329223744292238,25.77428571428571,34.333333333333336,34.3,0.15,60.0,38.0,22.0,16.9,0.1,0.2,0.667,0.3,0.0,0.1,0.2,0.708
Daniel Theis,NOP,2024-25,0.0,0.0,5.2934782608695645,25.640540540540535,34.0,33.71052631578947,0.0263157894736842,38.0,10.0,28.0,16.3,0.2,0.3,0.5,0.3,0.0,0.0,0.0,0.5
Danilo Gallinari,LAC,2018-19,0.0,0.0,8.908984374999996,26.00833333333334,63.05882352941177,62.69117647058823,0.1176470588235294,68.0,40.0,28.0,30.3,1.5,3.7,0.417,3.6,0.5,1.3,0.364,0.48
Danilo Gallinari,OKC,2019-20,0.0,0.0,9.781216931216935,26.006378132118453,60.403225806451616,59.645161290322584,0.0806451612903225,62.0,37.0,25.0,29.6,1.4,3.6,0.403,3.4,0.5,1.4,0.353,0.471
Danilo Gallinari,ATL,2020-21,0.0,0.0,11.532579185520362,26.196850393700796,48.19607843137255,47.627450980392155,0.1176470588235294,51.0,29.0,22.0,24.0,1.2,2.6,0.466,2.7,0.3,0.8,0.415,0.531
Danilo Gallinari,ATL,2021-22,0.0,0.0,11.170297029702972,25.7891156462585,51.34848484848485,51.25757575757576,0.0303030303030303,66.0,35.0,31.0,25.3,1.0,2.9,0.344,2.1,0.2,0.8,0.192,0.37
Danilo Gallinari,"WAS,DET,MIL",2023-24,0.0,0.0,7.675,26.711764705882352,26.428571428571427,26.163265306122447,0.0204081632653061,49.0,15.0,34.0,12.8,0.4,1.1,0.407,1.0,0.1,0.3,0.214,0.435
Danny Green,TOR,2018-19,0.0,0.0,7.956923076923076,24.84321839080459,57.275,57.1,0.1,80.0,56.0,24.0,27.7,0.7,1.6,0.405,1.7,0.3,0.9,0.371,0.504
Danny Green,LAL,2019-20,0.0,0.0,7.322448979591837,24.864220183486236,52.25,52.01470588235294,0.2352941176470588,68.0,51.0,17.0,24.8,0.6,1.4,0.411,1.4,0.3,0.8,0.346,0.505
Danny Green,PHI,2020-21,0.0,0.0,8.003571428571428,25.045833333333334,58.2463768115942,57.971014492753625,0.0869565217391304,69.0,46.0,23.0,28.0,0.5,1.5,0.366,1.3,0.3,0.9,0.306,0.46
Danny Green,PHI,2021-22,0.0,0.0,6.055102040816328,24.69077490774907,43.75806451612903,43.564516129032256,0.0967741935483871,62.0,37.0,25.0,21.8,0.2,0.8,0.224,0.5,0.1,0.6,0.175,0.296
Dante Cunningham,SAS,2018-19,0.0,0.0,6.3741935483870975,24.286153846153844,30.19047619047619,30.428571428571427,0.0634920634920634,64.0,36.0,28.0,14.5,0.0,0.0,0.0,0.0,0.0,0.0,0.0,0.0
Dante Exum,UTA,2018-19,0.0,0.0,3.758100558659218,24.14838709677419,32.785714285714285,32.666666666666664,0.2619047619047619,42.0,21.0,21.0,15.8,0.1,0.4,0.25,0.2,0.0,0.1,0.2,0.281
Dante Exum,"UTA,CLE",2019-20,0.0,0.0,2.749152542372882,26.59999999999999,28.257142857142856,28.65714285714286,0.2285714285714285,35.0,10.0,25.0,13.9,0.1,0.4,0.286,0.3,0.1,0.3,0.273,0.393
Dante Exum,DAL,2023-24,0.0,0.0,4.407216494845361,25.375000000000007,40.74545454545454,40.83636363636363,0.3090909090909091,55.0,36.0,19.0,19.8,0.3,0.6,0.438,0.6,0.1,0.1,0.375,0.484
Danuel House,HOU,2018-19,0.0,0.0,2.827027027027027,24.730337078651687,51.20512820512821,51.333333333333336,0.0,39.0,27.0,12.0,25.1,0.4,1.2,0.378,1.3,0.4,1.1,0.395,0.567
Danuel House,HOU,2019-20,0.0,0.0,3.531521739130435,24.9574647887324,64.98412698412699,64.9047619047619,0.238095238095238,63.0,40.0,23.0,30.4,0.4,1.3,0.329,1.2,0.3,1.0,0.361,0.468
Danuel House,HOU,2020-21,0.0,0.0,5.87155172413793,25.29423076923077,54.0,53.75,0.2222222222222222,36.0,8.0,28.0,25.9,0.7,2.0,0.366,1.9,0.5,1.4,0.347,0.486
Danuel House,"HOU,NYK,UTA",2021-22,0.0,0.0,5.036585365853658,24.18658536585366,35.333333333333336,35.19047619047619,0.119047619047619,42.0,18.0,24.0,17.3,0.3,0.8,0.353,0.7,0.1,0.5,0.316,0.441
Danuel House,PHI,2022-23,0.0,0.0,4.625287356321838,24.753636363636364,30.203703703703702,30.53703703703704,0.1111111111111111,56.0,38.0,18.0,14.4,0.4,0.9,0.423,1.0,0.2,0.7,0.351,0.548
Danuel House,PHI,2023-24,0.0,0.0,4.192727272727273,25.954,30.941176470588236,31.0,0.0588235294117647,34.0,21.0,13.0,15.0,0.1,0.6,0.25,0.4,0.1,0.4,0.214,0.325
DaQuan Jeffries,"SAC,HOU",2020-21,0.0,0.0,6.625,24.68205128205128,33.774193548387096,34.096774193548384,0.1290322580645161,31.0,6.0,25.0,15.9,0.2,0.6,0.389,0.5,0.1,0.3,0.222,0.444
DaQuan Jeffries,CHO,2024-25,0.0,0.0,5.225984251968504,24.921341463414635,45.38297872340426,45.5531914893617,0.0425531914893617,47.0,9.0,38.0,22.8,0.3,0.8,0.444,0.8,0.1,0.3,0.333,0.514
Dario Saric,"PHI,MIN",2018-19,0.0,0.0,6.029260450160771,25.04387351778656,52.111111111111114,52.333333333333336,0.0617283950617283,81.0,39.0,42.0,25.0,0.2,0.8,0.284,0.5,0.1,0.2,0.263,0.321
Dario Saric,PHO,2019-20,0.0,0.0,5.210561056105611,25.25829787234043,51.68181818181818,51.81818181818182,0.0757575757575757,66.0,32.0,34.0,24.7,0.2,0.5,0.467,0.5,0.1,0.1,0.571,0.533
Dario Saric,PHO,2020-21,0.0,0.0,5.379710144927536,25.88888888888889,35.64,35.32,0.08,50.0,37.0,13.0,17.4,0.1,0.3,0.2,0.1,0.0,0.1,0.25,0.233
Dario Saric,"PHO,OKC",2022-23,0.0,0.0,5.658490566037735,25.54565217391304,29.12280701754386,28.75438596491228,0.0350877192982456,57.0,26.0,31.0,14.1,0.1,0.5,0.269,0.3,0.0,0.1,0.2,0.288
Dario Saric,GSW,2023-24,0.0,0.0,5.949738219895287,26.044670050761425,34.890625,34.796875,0.078125,64.0,35.0,29.0,17.2,0.1,0.3,0.222,0.2,0.0,0.2,0.273,0.306
Darius Bazley,OKC,2019-20,0.0,0.0,4.934659090909092,24.755319148936177,37.950819672131146,38.36065573770492,0.1147540983606557,61.0,36.0,25.0,18.5,0.2,0.5,0.419,0.6,0.1,0.2,0.571,0.548
Darius Bazley,OKC,2020-21,0.0,0.0,4.810396039603961,25.251748251748253,65.41818181818182,65.36363636363636,0.0727272727272727,55.0,16.0,39.0,31.2,0.7,2.3,0.313,1.9,0.5,1.5,0.325,0.414
Darius Bazley,OKC,2021-22,0.0,0.0,3.684210526315789,25.36840148698884,57.405797101449274,57.63768115942029,0.0869565217391304,69.0,19.0,50.0,27.9,0.2,0.7,0.245,0.4,0.1,0.5,0.206,0.316
Darius Bazley,"OKC,PHO",2022-23,0.0,0.0,4.129411764705882,24.75,29.372093023255815,29.976744186046513,0.0697674418604651,43.0,19.0,24.0,14.3,0.0,0.3,0.167,0.1,0.0,0.0,0.5,0.208
Darius Garland,CLE,2019-20,0.0,0.0,8.518610421836227,26.21148648648649,63.28813559322034,63.101694915254235,0.1694915254237288,59.0,17.0,42.0,30.9,2.0,5.3,0.375,4.8,0.8,2.4,0.317,0.446
Darius Garland,CLE,2020-21,0.0,0.0,6.668656716417911,26.05864661654135,66.92592592592592,66.88888888888889,0.2777777777777778,54.0,18.0,36.0,33.1,2.1,5.5,0.371,5.0,0.9,2.4,0.357,0.448
Darius Garland,CLE,2021-22,0.0,0.0,8.193602225312931,27.050881057268715,71.41176470588235,70.82352941176471,0.2352941176470588,68.0,37.0,31.0,35.7,3.4,7.8,0.434,8.3,1.5,3.8,0.405,0.533
Darius Garland,CLE,2022-23,0.0,0.0,8.472803347280333,26.56820388349514,70.52173913043478,69.92753623188406,0.5217391304347826,69.0,40.0,29.0,35.5,3.0,7.2,0.421,7.4,1.3,3.4,0.391,0.512
Darius Garland,CLE,2023-24,0.0,0.0,7.802474226804123,26.38988764044944,66.96491228070175,66.15789473684211,0.2280701754385964,57.0,31.0,26.0,33.3,2.7,6.5,0.424,6.9,1.4,3.7,0.388,0.534
Darius Garland,CLE,2024-25,0.0,0.0,8.117209302325577,26.249527410207943,63.946666666666665,63.61333333333334,0.2933333333333333,75.0,60.0,15.0,30.7,3.0,7.2,0.414,7.5,1.5,4.0,0.387,0.52
Darius Miller,NOP,2018-19,0.0,0.0,12.909166666666666,25.36153846153846,54.405797101449274,54.30434782608695,0.1159420289855072,69.0,31.0,38.0,25.5,0.7,1.9,0.377,1.7,0.3,0.9,0.349,0.462
Darren Collison,IND,2018-19,0.0,0.0,10.799139784946234,25.65979381443299,57.31578947368421,56.973684210526315,0.0789473684210526,76.0,45.0,31.0,28.2,1.8,4.2,0.427,3.9,0.4,1.0,0.355,0.47
David Nwaba,CLE,2018-19,0.0,0.0,4.058288770053477,25.050666666666665,38.31372549019608,38.568627450980394,0.1176470588235294,51.0,14.0,37.0,19.3,0.1,0.3,0.412,0.3,0.0,0.1,0.0,0.412
David Nwaba,HOU,2020-21,0.0,0.0,2.9425806451612906,24.67619047619047,47.53333333333333,47.56666666666667,0.3,30.0,8.0,22.0,22.6,0.0,0.2,0.0,0.0,0.0,0.1,0.0,0.0
David Nwaba,HOU,2021-22,0.0,0.0,2.7433070866141724,25.291836734693884,27.67391304347826,27.91304347826087,0.0434782608695652,46.0,6.0,40.0,13.2,0.1,0.1,0.75,0.2,0.0,0.0,0.5,0.875
David Roddy,MEM,2022-23,0.0,0.0,4.013461538461538,24.798113207547164,37.32857142857143,37.67142857142857,0.0571428571428571,70.0,44.0,26.0,18.0,0.2,0.4,0.419,0.4,0.0,0.2,0.231,0.468
David Roddy,"MEM,PHO",2023-24,0.0,0.0,4.426666666666666,24.7875,37.84375,37.921875,0.078125,65.0,25.0,40.0,18.1,0.1,0.6,0.205,0.3,0.0,0.2,0.154,0.231
David Roddy,"ATL,PHI,HOU",2024-25,0.0,0.0,7.883333333333333,26.128571428571433,26.333333333333332,26.545454545454547,0.0606060606060606,33.0,9.0,24.0,12.4,0.2,0.5,0.333,0.4,0.1,0.3,0.364,0.467
Davion Mitchell,SAC,2021-22,0.0,0.0,9.32695984703633,25.755312499999995,56.76,56.946666666666665,0.1866666666666666,75.0,28.0,47.0,27.7,1.8,5.1,0.357,4.2,0.5,1.9,0.284,0.409
Davion Mitchell,SAC,2022-23,0.0,0.0,7.476732673267326,25.54162436548223,36.825,37.9,0.4875,80.0,47.0,33.0,18.1,0.6,1.7,0.353,1.4,0.2,0.8,0.262,0.414
Davion Mitchell,SAC,2023-24,0.0,0.0,7.523030303030307,25.290506329113924,30.84722222222222,30.875,0.1666666666666666,72.0,41.0,31.0,15.3,0.4,1.2,0.365,1.0,0.2,0.5,0.324,0.429
Davion Mitchell,"TOR,MIA",2024-25,0.0,0.0,4.902898550724638,25.45106382978723,55.9041095890411,55.863013698630134,0.6438356164383562,74.0,25.0,49.0,27.4,0.5,1.4,0.379,1.4,0.4,0.9,0.409,0.51
Davis Bertans,SAS,2018-19,0.0,0.0,9.04608695652174,26.12662721893491,44.21052631578947,44.48684210526316,0.1973684210526315,76.0,44.0,32.0,21.5,0.4,1.1,0.386,1.0,0.2,0.6,0.357,0.476
Davis Bertans,WAS,2019-20,0.0,0.0,7.018840579710146,26.669067796610168,63.44444444444444,63.22222222222222,0.3518518518518518,54.0,20.0,34.0,29.3,0.7,1.9,0.379,2.0,0.5,1.3,0.4,0.515
Davis Bertans,WAS,2020-21,0.0,0.0,6.948,26.85584112149532,55.8421052631579,55.29824561403509,0.1228070175438596,57.0,29.0,28.0,25.7,0.2,0.9,0.26,0.6,0.2,0.7,0.282,0.37
Davis Bertans,"WAS,DAL",2021-22,0.0,0.0,4.305555555555555,25.76279069767442,28.964285714285715,28.857142857142858,0.0892857142857142,56.0,32.0,24.0,14.4,0.2,0.5,0.346,0.5,0.1,0.4,0.348,0.5
Davis Bertans,"OKC,CHO",2023-24,0.0,0.0,8.46875,26.464204545454542,33.0,32.63414634146341,0.048780487804878,43.0,20.0,23.0,15.7,0.2,0.7,0.31,0.6,0.2,0.6,0.269,0.431
Davon Reed,DEN,2021-22,0.0,0.0,9.311999999999998,25.486046511627915,29.822222222222223,30.42222222222222,0.0,48.0,29.0,19.0,13.9,0.6,1.0,0.551,1.3,0.1,0.4,0.353,0.612
DayRon Sharpe,BRK,2021-22,0.0,0.0,2.0781690140845073,25.342857142857145,24.9375,24.75,0.0625,32.0,12.0,20.0,12.2,0.0,0.0,0.0,0.0,0.0,0.0,0.0,0.0
DayRon Sharpe,BRK,2023-24,0.0,0.0,2.5258064516129024,24.973333333333336,30.19672131147541,30.50819672131147,0.0,61.0,25.0,36.0,15.1,0.0,0.0,0.0,0.0,0.0,0.0,0.0,0.0
DayRon Sharpe,BRK,2024-25,0.0,0.0,3.57610294117647,24.955555555555552,35.88,35.52,0.02,50.0,14.0,36.0,18.1,0.0,0.2,0.2,0.1,0.0,0.0,0.0,0.2
DeAaron Fox,SAC,2018-19,0.0,0.0,7.914482758620689,25.258620689655174,68.14814814814815,67.87654320987654,0.5555555555555556,81.0,39.0,42.0,31.4,2.0,5.6,0.36,4.7,0.6,1.8,0.352,0.415
DeAaron Fox,SAC,2019-20,0.0,0.0,6.453015873015872,25.387567567567572,67.23529411764706,66.82352941176471,0.4313725490196078,51.0,20.0,31.0,32.0,2.1,5.5,0.376,4.7,0.5,2.0,0.267,0.424
DeAaron Fox,SAC,2020-21,0.0,0.0,7.784050632911392,25.551250000000003,73.29310344827586,73.01724137931035,0.2758620689655172,58.0,24.0,34.0,35.1,3.3,8.7,0.383,7.8,1.2,3.8,0.3,0.449
DeAaron Fox,SAC,2021-22,0.0,0.0,8.565480427046266,25.388353413654624,73.9322033898305,73.55932203389831,0.4915254237288136,59.0,22.0,37.0,35.3,3.6,8.7,0.409,7.8,0.7,2.6,0.271,0.449
DeAaron Fox,SAC,2022-23,0.0,0.0,8.962448132780084,25.513896457765668,70.21917808219177,69.6027397260274,0.3972602739726027,73.0,44.0,29.0,33.4,3.5,8.6,0.41,7.9,0.8,2.7,0.301,0.456
DeAaron Fox,SAC,2023-24,0.0,0.0,8.448606811145508,25.85206896551724,74.6891891891892,73.94594594594595,0.2432432432432432,74.0,42.0,32.0,35.9,3.9,9.8,0.394,9.3,1.6,4.6,0.356,0.477
DeAaron Fox,"SAC,SAS",2024-25,0.0,0.0,8.81891891891892,25.49157894736842,75.19354838709677,74.87096774193549,0.4032258064516129,62.0,27.0,35.0,36.1,3.3,8.1,0.405,7.5,0.9,3.0,0.308,0.462
DeAndre Hunter,ATL,2019-20,0.0,0.0,7.932981530343007,25.18190789473684,67.93650793650794,68.15873015873017,0.2222222222222222,63.0,19.0,44.0,32.0,0.8,2.5,0.325,1.8,0.1,0.7,0.186,0.35
DeAndre Hunter,ATL,2021-22,0.0,0.0,8.309736842105263,24.77846153846154,60.9811320754717,60.66037735849056,0.2830188679245283,53.0,28.0,25.0,29.8,1.1,2.8,0.377,2.2,0.1,0.3,0.278,0.394
DeAndre Hunter,ATL,2022-23,0.0,0.0,9.250932835820898,24.66503496503497,66.74626865671642,66.83582089552239,0.4328358208955223,67.0,35.0,32.0,31.7,2.0,3.9,0.51,4.2,0.2,0.5,0.389,0.536
DeAndre Hunter,ATL,2023-24,0.0,0.0,8.562395543175487,24.98322368421053,60.94736842105263,60.80701754385965,0.4561403508771929,57.0,26.0,31.0,29.5,1.4,3.5,0.414,3.3,0.4,1.2,0.333,0.47
DeAndre Hunter,"ATL,CLE",2024-25,0.0,0.0,7.109302325581396,25.226241134751778,58.0625,58.1875,0.25,64.0,38.0,26.0,27.2,1.3,2.9,0.441,3.0,0.5,1.3,0.383,0.524
DeAnthony Melton,PHO,2018-19,0.0,0.0,6.970807453416147,25.16526315789474,41.1,41.02,0.2,50.0,13.0,37.0,19.7,0.3,1.4,0.191,0.6,0.0,0.4,0.1,0.206
DeAnthony Melton,MEM,2019-20,0.0,0.0,7.511494252873565,25.86499999999999,41.7,42.13333333333333,0.2333333333333333,60.0,27.0,33.0,19.5,0.5,1.8,0.274,1.1,0.1,0.7,0.175,0.307
DeAnthony Melton,MEM,2020-21,0.0,0.0,7.230219780219783,25.315639810426543,41.86538461538461,42.05769230769231,0.0,52.0,27.0,25.0,20.1,0.8,2.0,0.415,2.1,0.4,1.1,0.362,0.514
DeAnthony Melton,MEM,2021-22,0.0,0.0,7.372445820433437,25.80967741935484,47.68493150684932,47.73972602739726,0.0958904109589041,73.0,49.0,24.0,22.7,0.8,2.6,0.318,2.1,0.4,1.4,0.307,0.398
DeAnthony Melton,PHI,2022-23,0.0,0.0,5.258064516129035,25.756327543424323,55.63636363636363,55.72727272727273,0.1038961038961039,77.0,50.0,27.0,27.9,0.6,1.8,0.317,1.6,0.4,1.3,0.32,0.43
DeAnthony Melton,PHI,2023-24,0.0,0.0,5.593150684931506,25.817289719626164,55.78947368421053,55.578947368421055,0.0526315789473684,38.0,25.0,13.0,26.9,0.8,2.4,0.356,2.3,0.6,1.7,0.381,0.489
Dean Wade,CLE,2020-21,0.0,0.0,4.4897959183673475,25.24976525821596,38.84126984126984,38.76190476190476,0.0793650793650793,63.0,19.0,44.0,19.2,0.1,0.3,0.364,0.3,0.0,0.1,0.25,0.409
Dean Wade,CLE,2021-22,0.0,0.0,5.341333333333332,25.16619718309859,38.09803921568628,38.21568627450981,0.0588235294117647,51.0,27.0,24.0,19.2,0.2,0.4,0.409,0.4,0.0,0.1,0.25,0.432
Dean Wade,CLE,2022-23,0.0,0.0,4.644,24.839370078740156,40.13636363636363,40.5,0.1363636363636363,44.0,30.0,14.0,20.3,0.0,0.2,0.25,0.1,0.0,0.0,0.5,0.313
Dean Wade,CLE,2023-24,0.0,0.0,6.826666666666667,24.939108910891083,41.148148148148145,41.75925925925926,0.2037037037037037,54.0,36.0,18.0,20.5,0.1,0.2,0.667,0.4,0.1,0.1,0.833,0.875
Dean Wade,CLE,2024-25,0.0,0.0,4.0857142857142845,24.720720720720724,43.52542372881356,43.76271186440678,0.0847457627118644,59.0,47.0,12.0,21.2,0.1,0.2,0.308,0.2,0.0,0.1,0.286,0.385
Deandre Ayton,PHO,2018-19,0.0,0.0,6.632217090069283,25.725,63.57746478873239,63.70422535211268,0.028169014084507,71.0,17.0,54.0,30.7,0.2,0.6,0.405,0.5,0.0,0.0,0.0,0.405
Deandre Ayton,PHO,2019-20,0.0,0.0,6.227927927927929,25.230769230769234,67.84210526315789,67.8157894736842,0.0526315789473684,38.0,20.0,18.0,32.5,0.3,0.8,0.313,0.5,0.0,0.0,0.0,0.313
Deandre Ayton,PHO,2020-21,0.0,0.0,4.926686656671663,25.870000000000005,61.57971014492754,61.130434782608695,0.0434782608695652,69.0,48.0,21.0,30.6,0.2,0.5,0.314,0.3,0.0,0.0,0.0,0.314
Deandre Ayton,PHO,2021-22,0.0,0.0,6.440412979351032,25.7421052631579,60.93103448275862,60.689655172413794,0.0344827586206896,58.0,46.0,12.0,29.5,0.3,0.5,0.516,0.6,0.0,0.0,0.0,0.516
Deandre Ayton,PHO,2022-23,0.0,0.0,7.180185399768249,25.983333333333334,61.656716417910445,61.25373134328358,0.0,67.0,36.0,31.0,30.4,0.5,1.1,0.465,1.0,0.0,0.0,1.0,0.479
Deandre Ayton,POR,2023-24,0.0,0.0,8.58876860622463,29.04,65.03636363636363,65.01818181818182,0.0545454545454545,55.0,14.0,41.0,32.4,0.8,1.9,0.423,1.6,0.0,0.0,0.0,0.423
Deandre Ayton,POR,2024-25,0.0,0.0,7.214220183486239,24.36875,61.225,60.975,0.05,40.0,17.0,23.0,30.1,0.5,1.0,0.5,1.0,0.0,0.0,0.0,0.5
DeAndre Jordan,"DAL,NYK",2018-19,0.0,0.0,2.321138211382114,0.0,60.85507246376812,60.7536231884058,0.0289855072463768,69.0,25.0,44.0,29.7,0.0,0.0,0.0,0.0,0.0,0.0,0.0,0.0
DeAndre Jordan,BRK,2019-20,0.0,0.0,1.847386759581882,0.0,46.07142857142857,46.375,0.0892857142857142,56.0,27.0,29.0,22.0,0.0,0.0,0.0,0.0,0.0,0.0,0.0,0.0
DeAndre Jordan,BRK,2020-21,0.0,0.0,1.5766129032258065,28.5,44.91228070175438,45.14035087719298,0.0350877192982456,57.0,37.0,20.0,21.9,0.0,0.0,0.0,0.0,0.0,0.0,0.0,0.0
DeAndre Jordan,"LAL,PHI",2021-22,0.0,0.0,1.5944444444444446,0.0,26.604166666666668,26.979166666666668,0.0,48.0,26.0,22.0,13.0,0.0,0.0,0.0,0.0,0.0,0.0,0.0,0.0
DeAndre Jordan,DEN,2022-23,0.0,0.0,1.9614035087719297,26.9,30.076923076923077,30.43589743589743,0.0,39.0,23.0,16.0,15.0,0.0,0.0,1.0,0.1,0.0,0.0,0.0,1.0
DeAndre Jordan,DEN,2024-25,0.0,0.0,2.301428571428571,0.0,24.892857142857142,25.142857142857142,0.0,56.0,37.0,19.0,12.3,0.0,0.0,0.0,0.0,0.0,0.0,0.0,0.0
DeAndre Bembry,ATL,2018-19,0.0,0.0,3.776749435665913,25.244508670520226,50.58536585365854,50.890243902439025,0.2317073170731707,82.0,29.0,53.0,23.6,0.1,0.6,0.261,0.3,0.0,0.2,0.235,0.304
DeAndre Bembry,ATL,2019-20,0.0,0.0,3.366871165644171,25.418461538461532,46.666666666666664,47.30952380952381,0.2857142857142857,43.0,10.0,33.0,21.3,0.1,0.4,0.353,0.3,0.0,0.2,0.143,0.382
DeAndre Bembry,TOR,2020-21,0.0,0.0,3.810857142857143,25.515094339622635,39.11764705882353,39.15686274509804,0.1764705882352941,51.0,23.0,28.0,19.1,0.1,0.3,0.235,0.2,0.0,0.2,0.25,0.294
DeAndre Bembry,"BRK,MIL",2021-22,0.0,0.0,4.35,0.0,37.763636363636365,38.345454545454544,0.1454545454545454,56.0,31.0,25.0,18.3,0.0,0.1,0.0,0.0,0.0,0.0,0.0,0.0
Dejounte Murray,SAS,2019-20,0.0,0.0,8.694866920152089,24.85405405405405,52.77272727272727,53.21212121212121,0.1666666666666666,66.0,29.0,37.0,25.6,1.7,4.0,0.437,3.5,0.0,0.2,0.133,0.441
Dejounte Murray,SAS,2020-21,0.0,0.0,9.335870967741934,25.3748743718593,65.32835820895522,65.14925373134328,0.1194029850746268,67.0,32.0,35.0,31.9,3.0,6.6,0.456,6.2,0.1,0.4,0.333,0.466
Dejounte Murray,SAS,2021-22,0.0,0.0,8.697676874340022,25.571088435374147,72.22058823529412,72.20588235294117,0.1176470588235294,68.0,30.0,38.0,34.8,3.5,8.4,0.413,7.4,0.5,1.7,0.28,0.441
Dejounte Murray,ATL,2022-23,0.0,0.0,10.084656652360518,25.312919896640828,75.85135135135135,75.94594594594595,0.081081081081081,74.0,38.0,36.0,36.4,3.9,8.5,0.463,8.5,0.6,1.8,0.364,0.502
Dejounte Murray,ATL,2023-24,0.0,0.0,8.433553355335532,25.385018050541515,74.26923076923077,74.11538461538461,0.1025641025641025,78.0,34.0,44.0,35.7,3.5,8.1,0.436,8.1,1.1,3.3,0.32,0.502
Dejounte Murray,NOP,2024-25,0.0,0.0,8.829062500000003,25.69425287356322,68.74193548387096,68.45161290322581,0.032258064516129,31.0,9.0,22.0,32.6,3.0,7.8,0.379,6.7,0.8,2.7,0.289,0.428
Delon Wright,"TOR,MEM",2018-19,0.0,0.0,4.255080213903742,26.310256410256414,46.64,46.6,0.1733333333333333,75.0,45.0,30.0,22.6,0.4,1.5,0.239,0.9,0.2,0.8,0.226,0.301
Delon Wright,DAL,2019-20,0.0,0.0,4.292253521126761,26.08661417322834,44.23287671232877,44.78082191780822,0.0547945205479452,73.0,42.0,31.0,21.5,0.3,0.9,0.313,0.8,0.2,0.5,0.371,0.41
Delon Wright,"DET,SAC",2020-21,0.0,0.0,5.350000000000001,25.390361445783135,56.15873015873016,56.06349206349206,0.238095238095238,63.0,21.0,42.0,27.7,0.5,1.6,0.284,1.2,0.3,1.0,0.262,0.363
Delon Wright,ATL,2021-22,0.0,0.0,5.082352941176468,25.862931034482763,37.61038961038961,37.90909090909091,0.1688311688311688,77.0,42.0,35.0,18.9,0.3,0.7,0.412,0.7,0.2,0.4,0.382,0.539
Delon Wright,WAS,2022-23,0.0,0.0,5.749999999999999,26.55833333333333,49.4,49.4,0.24,50.0,26.0,24.0,24.4,0.5,1.4,0.377,1.3,0.3,0.9,0.349,0.486
Delon Wright,"WAS,MIA",2023-24,0.0,0.0,4.716666666666666,25.496666666666663,32.212765957446805,32.255319148936174,0.1063829787234042,47.0,16.0,31.0,15.8,0.2,0.8,0.216,0.4,0.1,0.4,0.235,0.27
Delon Wright,"MIL,NYK",2024-25,0.0,0.0,3.3920000000000003,24.85416666666667,32.0,31.825,0.1,40.0,22.0,18.0,15.9,0.1,0.6,0.182,0.3,0.1,0.4,0.118,0.227
DeMar DeRozan,SAS,2018-19,0.0,0.0,10.271845425867506,25.64444444444445,70.36363636363636,70.48051948051948,0.2077922077922078,77.0,44.0,33.0,34.9,3.4,8.2,0.412,6.7,0.0,0.2,0.0,0.412
DeMar DeRozan,SAS,2019-20,0.0,0.0,9.268145956607494,26.845714285714287,70.36764705882354,70.47058823529412,0.1176470588235294,68.0,31.0,37.0,34.1,2.8,6.3,0.444,5.6,0.0,0.1,0.167,0.445
DeMar DeRozan,SAS,2020-21,0.0,0.0,9.736879432624114,25.24459459459459,69.44262295081967,69.24590163934427,0.2295081967213114,61.0,27.0,34.0,33.7,3.2,6.5,0.491,6.4,0.0,0.2,0.091,0.492
DeMar DeRozan,CHI,2021-22,0.0,0.0,11.761737257717156,25.550704225352103,73.4342105263158,73.35526315789474,0.1447368421052631,76.0,43.0,33.0,36.1,6.0,12.2,0.493,12.1,0.1,0.3,0.304,0.497
DeMar DeRozan,CHI,2022-23,0.0,0.0,12.223169681309216,25.521126760563384,73.75675675675676,73.8108108108108,0.2702702702702703,74.0,37.0,37.0,36.2,4.8,10.1,0.472,9.6,0.1,0.4,0.308,0.478
DeMar DeRozan,CHI,2023-24,0.0,0.0,10.757964601769912,25.532888888888884,75.58227848101266,75.0379746835443,0.1265822784810126,79.0,37.0,42.0,37.8,3.7,8.1,0.453,7.5,0.2,0.6,0.298,0.463
DeMar DeRozan,SAC,2024-25,0.0,0.0,12.657794676806082,26.393749999999994,73.33766233766234,72.8051948051948,0.1688311688311688,77.0,38.0,39.0,35.9,4.6,9.9,0.472,9.5,0.2,0.9,0.264,0.484
DeMarcus Cousins,GSW,2018-19,0.0,0.0,4.588768115942029,26.22736842105263,53.666666666666664,53.733333333333334,0.2666666666666666,30.0,23.0,7.0,25.7,0.1,0.4,0.231,0.2,0.0,0.1,0.5,0.269
DeMarcus Cousins,"HOU,LAC",2020-21,0.0,0.0,4.503947368421053,26.16842105263158,36.04878048780488,35.926829268292686,0.073170731707317,41.0,22.0,19.0,17.4,0.1,0.1,0.6,0.2,0.0,0.0,1.0,0.8
DeMarcus Cousins,"MIL,DEN",2021-22,0.0,0.0,4.0159090909090915,26.10810810810811,30.3125,30.375,0.0833333333333333,48.0,33.0,15.0,14.9,0.0,0.2,0.222,0.1,0.0,0.1,0.167,0.278
DeMarre Carroll,BRK,2018-19,0.0,0.0,6.323018867924527,24.90064516129032,52.92537313432836,53.343283582089555,0.0895522388059701,67.0,36.0,31.0,25.4,0.3,1.2,0.269,0.7,0.1,0.5,0.258,0.321
Deni Avdija,WAS,2020-21,0.0,0.0,5.845833333333334,25.8357142857143,50.2037037037037,50.51851851851852,0.1111111111111111,54.0,25.0,29.0,23.3,0.2,0.5,0.31,0.4,0.0,0.1,0.286,0.345
Deni Avdija,WAS,2021-22,0.0,0.0,5.245312499999999,25.621621621621617,48.90243902439025,49.13414634146341,0.024390243902439,82.0,35.0,47.0,24.2,0.2,0.7,0.31,0.5,0.1,0.3,0.333,0.388
Deni Avdija,WAS,2022-23,0.0,0.0,4.31556195965418,25.687931034482755,53.921052631578945,54.276315789473685,0.0789473684210526,76.0,33.0,43.0,26.6,0.1,0.8,0.175,0.4,0.1,0.5,0.189,0.237
Deni Avdija,WAS,2023-24,0.0,0.0,4.625528169014085,25.982127659574463,64.09333333333333,64.38666666666667,0.16,75.0,14.0,61.0,30.1,0.5,1.6,0.303,1.3,0.3,0.9,0.324,0.395
Deni Avdija,POR,2024-25,0.0,0.0,4.330339321357284,25.566959064327477,61.263888888888886,61.44444444444444,0.1666666666666666,72.0,33.0,39.0,30.0,0.7,1.5,0.441,1.8,0.4,1.0,0.408,0.572
Dennis Schroder,OKC,2018-19,0.0,0.0,8.31337837837838,25.797252747252745,62.24050632911393,62.037974683544306,0.3037974683544304,79.0,47.0,32.0,29.3,2.1,5.4,0.394,4.6,0.4,1.3,0.287,0.428
Dennis Schroder,OKC,2019-20,0.0,0.0,9.12015625,26.09846153846153,63.6,63.50769230769231,0.1846153846153846,65.0,40.0,25.0,30.8,2.2,5.5,0.404,4.8,0.3,1.3,0.268,0.435
Dennis Schroder,LAL,2020-21,0.0,0.0,7.61186131386861,25.979245283018862,65.01639344262296,65.45901639344262,0.2950819672131147,61.0,38.0,23.0,32.1,1.5,4.0,0.388,3.2,0.1,0.7,0.2,0.405
Dennis Schroder,"BOS,HOU",2021-22,0.0,0.0,8.301219512195123,25.81896551724138,57.5625,57.265625,0.296875,64.0,32.0,32.0,28.7,1.5,3.9,0.388,3.3,0.3,1.0,0.323,0.428
Dennis Schroder,LAL,2022-23,0.0,0.0,8.63105882352941,25.321777777777783,62.71212121212121,62.60606060606061,0.3181818181818182,66.0,37.0,29.0,30.1,1.4,3.2,0.421,2.8,0.1,0.5,0.242,0.439
Dennis Schroder,"TOR,BRK",2023-24,0.0,0.0,7.623636363636364,26.14797297297298,62.5375,62.25,0.275,80.0,30.0,50.0,31.1,1.5,3.7,0.399,3.2,0.3,0.9,0.338,0.442
Dennis Schroder,"BRK,GSW,DET",2024-25,0.0,0.0,8.199310344827587,26.61981132075471,57.08,57.013333333333335,0.3466666666666667,75.0,37.0,38.0,28.1,1.7,4.2,0.397,3.9,0.5,1.7,0.328,0.462
Dennis Smith,"DAL,NYK",2018-19,0.0,0.0,6.9580952380952406,25.77349397590362,58.886792452830186,58.735849056603776,0.0943396226415094,53.0,21.0,32.0,28.5,1.6,4.6,0.35,3.9,0.7,2.0,0.349,0.426
Dennis Smith,NYK,2019-20,0.0,0.0,8.387261146496813,25.314814814814813,32.35294117647059,32.26470588235294,0.1470588235294117,34.0,7.0,27.0,15.8,0.7,2.9,0.245,1.7,0.3,1.0,0.303,0.296
Dennis Smith,POR,2021-22,0.0,0.0,6.095679012345679,26.288888888888888,35.351351351351354,35.432432432432435,0.054054054054054,37.0,15.0,22.0,17.3,0.4,1.2,0.318,0.8,0.1,0.3,0.273,0.352
Dennis Smith,CHO,2022-23,0.0,0.0,6.712023460410558,25.853153153153155,53.57407407407408,53.57407407407408,0.074074074074074,54.0,19.0,35.0,25.7,0.6,2.3,0.252,1.2,0.0,0.4,0.053,0.256
Dennis Smith,BRK,2023-24,0.0,0.0,5.05633187772926,25.03027522935781,37.25,38.017857142857146,0.0714285714285714,56.0,19.0,37.0,18.9,0.3,1.2,0.275,0.8,0.1,0.4,0.24,0.319
Denzel Valentine,CHI,2019-20,0.0,0.0,10.391999999999998,26.183211678832112,27.77777777777778,27.47222222222222,0.0277777777777777,36.0,12.0,24.0,13.6,1.5,3.3,0.442,3.4,0.4,1.5,0.302,0.508
Denzel Valentine,CHI,2020-21,0.0,0.0,9.406896551724142,25.45867768595042,34.11290322580645,33.83870967741935,0.032258064516129,62.0,26.0,36.0,16.7,0.8,2.3,0.355,1.9,0.3,0.9,0.296,0.411
Dereck Lively,DAL,2023-24,0.0,0.0,2.292517006802721,22.8,48.25454545454546,48.32727272727273,0.0363636363636363,55.0,35.0,20.0,23.5,0.0,0.0,0.0,0.0,0.0,0.0,0.0,0.0
Dereck Lively,DAL,2024-25,0.0,0.0,3.1371727748691103,0.0,47.22222222222222,47.333333333333336,0.0,36.0,21.0,15.0,23.1,0.0,0.0,0.0,0.0,0.0,0.0,0.0,0.0
Derrick Favors,UTA,2018-19,0.0,0.0,4.2073937153419605,23.375641025641023,47.76315789473684,48.026315789473685,0.0394736842105263,76.0,46.0,30.0,23.2,0.0,0.1,0.286,0.1,0.0,0.0,0.0,0.286
Derrick Favors,NOP,2019-20,0.0,0.0,3.5373493975903623,24.0,52.07843137254902,51.96078431372549,0.0392156862745098,51.0,24.0,27.0,24.4,0.0,0.1,0.286,0.1,0.0,0.0,0.0,0.286
Derrick Favors,UTA,2020-21,0.0,0.0,4.973029045643152,22.3,31.235294117647054,31.191176470588236,0.0,68.0,49.0,19.0,15.3,0.0,0.0,0.0,0.0,0.0,0.0,0.0,0.0
Derrick Favors,OKC,2021-22,0.0,0.0,8.40843373493976,23.606250000000003,33.61538461538461,33.97435897435897,0.0769230769230769,39.0,15.0,24.0,16.7,0.1,0.1,0.6,0.2,0.0,0.0,0.0,0.6
Derrick Jones,MIA,2018-19,0.0,0.0,2.5660944206008582,25.50769230769231,38.36666666666667,38.733333333333334,0.1166666666666666,60.0,31.0,29.0,19.2,0.0,0.2,0.083,0.0,0.0,0.1,0.0,0.083
Derrick Jones,MIA,2019-20,0.0,0.0,2.4958525345622116,25.538636363636368,48.3859649122807,49.333333333333336,0.2807017543859649,59.0,34.0,25.0,23.3,0.1,0.3,0.15,0.1,0.0,0.2,0.182,0.2
Derrick Jones,POR,2020-21,0.0,0.0,1.7386904761904762,24.638235294117635,45.810344827586206,46.5,0.1551724137931034,58.0,32.0,26.0,22.7,0.1,0.2,0.273,0.2,0.1,0.2,0.273,0.409
Derrick Jones,CHI,2021-22,0.0,0.0,2.1208955223880595,23.80327868852459,36.31372549019608,36.431372549019606,0.0980392156862745,51.0,28.0,23.0,17.6,0.0,0.0,0.5,0.1,0.0,0.0,0.5,0.75
Derrick Jones,CHI,2022-23,0.0,0.0,1.8913333333333329,24.24875,28.546875,28.8125,0.078125,64.0,29.0,35.0,14.0,0.0,0.0,0.667,0.1,0.0,0.0,0.5,0.833
Derrick Jones,DAL,2023-24,0.0,0.0,3.03203125,24.167782426778235,48.48684210526316,48.578947368421055,0.2631578947368421,76.0,47.0,29.0,23.5,0.1,0.3,0.36,0.3,0.0,0.1,0.273,0.42
Derrick Jones,LAC,2024-25,0.0,0.0,3.493783783783785,24.784474885844748,49.506493506493506,49.506493506493506,0.1948051948051948,77.0,48.0,29.0,24.3,0.1,0.4,0.182,0.2,0.0,0.2,0.077,0.197
Derrick Rose,MIN,2018-19,0.0,0.0,8.789621087314663,26.05821917808219,57.627450980392155,57.47058823529411,0.2549019607843137,51.0,24.0,27.0,27.3,2.8,6.3,0.449,6.2,0.5,1.3,0.385,0.488
Derrick Rose,DET,2019-20,0.0,0.0,7.276237623762376,26.043537414965986,53.82,53.68,0.14,50.0,17.0,33.0,26.0,2.3,6.0,0.38,5.0,0.4,1.8,0.228,0.415
Derrick Rose,"DET,NYK",2020-21,0.0,0.0,8.871810089020771,25.648888888888894,51.26,51.12,0.16,50.0,28.0,22.0,25.6,2.4,5.0,0.476,5.0,0.3,0.9,0.333,0.506
Derrick Rose,NYK,2021-22,0.0,0.0,7.386813186813186,25.368478260869573,48.84615384615385,48.38461538461539,0.1153846153846153,26.0,11.0,15.0,24.5,1.2,3.6,0.34,3.0,0.5,1.3,0.382,0.41
Derrick Rose,NYK,2022-23,0.0,0.0,6.7729166666666645,25.404761904761905,25.96296296296296,26.185185185185187,0.074074074074074,27.0,12.0,15.0,12.5,0.9,2.1,0.414,2.1,0.4,1.0,0.385,0.5
Derrick White,SAS,2018-19,0.0,0.0,7.841396508728178,25.383802816901408,51.56716417910448,52.04477611940298,0.2835820895522388,67.0,41.0,26.0,25.8,1.2,2.6,0.446,2.6,0.2,0.5,0.361,0.483
Derrick White,SAS,2019-20,0.0,0.0,6.688392857142855,25.875,51.9264705882353,51.73529411764706,0.3382352941176471,68.0,32.0,36.0,24.7,1.0,2.5,0.402,2.4,0.4,1.1,0.329,0.473
Derrick White,SAS,2020-21,0.0,0.0,6.674761904761903,25.698765432098767,59.72222222222222,59.861111111111114,0.4166666666666667,36.0,18.0,18.0,29.5,0.9,3.1,0.297,2.3,0.4,1.6,0.263,0.365
Derrick White,"SAS,BOS",2021-22,0.0,0.0,7.029411764705882,25.63513513513513,59.82666666666667,60.0,0.3466666666666667,75.0,40.0,35.0,29.3,1.1,2.8,0.378,2.4,0.3,1.2,0.287,0.438
Derrick White,BOS,2022-23,0.0,0.0,6.151771117166211,25.430434782608693,57.54878048780488,57.59756097560975,0.4634146341463415,82.0,57.0,25.0,28.3,0.8,1.9,0.442,2.0,0.3,0.9,0.351,0.529
Derrick White,BOS,2023-24,0.0,0.0,6.726453488372095,25.74828282828282,66.61643835616438,66.35616438356165,0.273972602739726,73.0,58.0,15.0,32.6,1.3,3.2,0.401,3.2,0.7,2.0,0.352,0.511
Derrick White,BOS,2024-25,0.0,0.0,7.0645522388059705,26.04008683068018,67.96052631578948,67.69736842105263,0.131578947368421,76.0,58.0,18.0,33.9,1.6,4.1,0.385,4.2,1.0,3.0,0.341,0.51
Desmond Bane,MEM,2020-21,0.0,0.0,7.297368421052631,25.10553505535056,46.338235294117645,46.0,0.0441176470588235,68.0,36.0,32.0,22.3,0.7,1.9,0.362,1.6,0.3,0.8,0.351,0.441
Desmond Bane,MEM,2021-22,0.0,0.0,8.78200692041522,25.58145315487571,61.06578947368421,60.921052631578945,0.0131578947368421,76.0,53.0,23.0,29.8,2.5,6.0,0.417,6.3,1.3,3.0,0.431,0.523
Desmond Bane,MEM,2022-23,0.0,0.0,6.264473684210527,26.0093366093366,66.62068965517241,66.32758620689656,0.1379310344827586,58.0,38.0,20.0,31.7,2.3,5.4,0.42,5.8,1.3,3.3,0.401,0.543
Desmond Bane,MEM,2023-24,0.0,0.0,7.113461538461536,26.13333333333333,71.07142857142857,70.85714285714286,0.0952380952380952,42.0,14.0,28.0,34.4,3.1,8.1,0.382,8.0,1.8,5.2,0.346,0.493
Desmond Bane,MEM,2024-25,0.0,0.0,7.0550918196995,25.71148325358853,68.3913043478261,67.98550724637681,0.0579710144927536,69.0,38.0,31.0,32.0,2.2,5.5,0.408,5.7,1.3,3.3,0.378,0.524
Devin Booker,PHO,2018-19,0.0,0.0,8.67217598097503,26.481884057971023,73.390625,73.09375,0.25,64.0,15.0,49.0,35.0,3.7,9.3,0.399,8.4,1.1,3.7,0.291,0.456
Devin Booker,PHO,2019-20,0.0,0.0,8.6909604519774,26.06256281407035,75.57142857142857,75.28571428571429,0.2857142857142857,70.0,34.0,36.0,35.9,3.9,9.2,0.421,8.8,1.1,3.3,0.338,0.481
Devin Booker,PHO,2020-21,0.0,0.0,9.763427947598252,26.353908355795145,68.50746268656717,68.19402985074628,0.2388059701492537,67.0,48.0,19.0,33.9,4.1,9.2,0.442,9.0,0.9,2.8,0.308,0.488
Devin Booker,PHO,2021-22,0.0,0.0,10.992152704135734,26.067782426778244,71.55882352941177,71.41176470588235,0.1176470588235294,68.0,56.0,12.0,34.5,5.2,11.8,0.443,11.8,1.3,3.8,0.357,0.499
Devin Booker,PHO,2022-23,0.0,0.0,9.787083888149136,25.809810126582285,70.88679245283019,70.22641509433963,0.2452830188679245,53.0,34.0,19.0,34.6,4.9,11.0,0.443,10.9,1.2,3.8,0.309,0.497
Devin Booker,PHO,2023-24,0.0,0.0,10.267418263810596,26.186363636363627,73.97058823529412,73.58823529411765,0.1911764705882352,68.0,43.0,25.0,36.0,5.1,11.0,0.46,11.5,1.4,3.9,0.362,0.525
Devin Booker,PHO,2024-25,0.0,0.0,10.101035673187573,25.93085299455535,75.48,75.14666666666666,0.32,75.0,35.0,40.0,37.3,4.4,10.1,0.434,10.0,1.2,4.0,0.307,0.495
Devin Harris,DAL,2018-19,0.0,0.0,5.863945578231292,26.149,31.852941176470587,31.779411764705884,0.1323529411764706,68.0,28.0,40.0,15.7,0.3,1.1,0.267,0.8,0.2,0.7,0.25,0.347
Devin Vassell,SAS,2020-21,0.0,0.0,10.284967320261435,24.80533333333333,35.80327868852459,36.032786885245905,0.0491803278688524,62.0,30.0,32.0,17.0,0.6,1.6,0.408,1.4,0.1,0.2,0.364,0.429
Devin Vassell,SAS,2021-22,0.0,0.0,9.33671875,25.257894736842115,56.74647887323944,56.774647887323944,0.0704225352112676,71.0,29.0,42.0,27.3,1.3,3.3,0.386,2.7,0.1,0.6,0.22,0.406
Devin Vassell,SAS,2022-23,0.0,0.0,10.63404255319149,26.083082706766913,65.39473684210526,65.10526315789474,0.1052631578947368,38.0,12.0,26.0,31.0,2.8,7.0,0.4,6.2,0.6,2.1,0.282,0.442
Devin Vassell,SAS,2023-24,0.0,0.0,9.540327868852458,25.793497757847533,69.27941176470588,69.3529411764706,0.1176470588235294,68.0,17.0,51.0,33.1,2.9,6.9,0.415,6.5,0.8,2.4,0.331,0.471
Devin Vassell,SAS,2024-25,0.0,0.0,9.438913043478264,25.58018648018649,64.078125,63.953125,0.046875,64.0,24.0,40.0,31.0,2.3,5.4,0.422,5.2,0.6,1.7,0.327,0.474
Devonte Graham,CHO,2018-19,0.0,0.0,7.65157894736842,26.78760330578512,30.0,30.217391304347824,0.0869565217391304,46.0,18.0,28.0,14.7,0.5,1.9,0.27,1.3,0.2,1.1,0.216,0.331
Devonte Graham,CHO,2019-20,0.0,0.0,8.344444444444443,26.511623931623937,69.77777777777777,69.3015873015873,0.1587301587301587,63.0,23.0,40.0,35.1,3.0,8.3,0.357,7.9,2.0,5.8,0.344,0.478
Devonte Graham,CHO,2020-21,0.0,0.0,10.732291666666669,26.21341719077567,60.81818181818182,60.29090909090909,0.0545454545454545,55.0,23.0,32.0,30.2,1.7,5.3,0.327,4.5,1.0,3.3,0.294,0.417
Devonte Graham,NOP,2021-22,0.0,0.0,10.388492063492066,26.081527531083477,57.36842105263158,57.21052631578947,0.1447368421052631,76.0,34.0,42.0,28.4,1.4,4.6,0.301,3.5,0.7,2.8,0.257,0.38
Devonte Graham,"NOP,SAS",2022-23,0.0,0.0,9.709615384615384,26.289864864864864,38.10958904109589,37.93150684931507,0.0547945205479452,73.0,31.0,42.0,18.3,0.9,2.5,0.354,2.4,0.6,1.9,0.329,0.481
Dewayne Dedmon,ATL,2018-19,0.0,0.0,5.0012944983818794,24.994009216589852,53.03125,52.921875,0.015625,64.0,24.0,40.0,25.1,0.1,0.3,0.211,0.2,0.0,0.1,0.4,0.263
Dewayne Dedmon,"SAC,ATL",2019-20,0.0,0.0,4.295833333333333,25.00277777777778,35.81818181818182,35.59090909090909,0.0227272727272727,44.0,17.0,27.0,17.6,0.1,0.2,0.5,0.3,0.0,0.1,0.4,0.6
Dewayne Dedmon,MIA,2021-22,0.0,0.0,4.556378600823044,26.78297872340426,31.35820895522388,31.597014925373134,0.0746268656716417,67.0,43.0,24.0,15.9,0.0,0.1,0.2,0.0,0.0,0.0,0.0,0.2
Dillon Brooks,MEM,2019-20,0.0,0.0,9.265753424657538,25.739416058394152,61.342465753424655,61.23287671232877,0.2191780821917808,73.0,34.0,39.0,28.9,2.3,5.9,0.391,5.2,0.5,1.7,0.309,0.435
Dillon Brooks,MEM,2020-21,0.0,0.0,9.145675265553866,25.462365591397855,62.17910447761194,62.28358208955224,0.1641791044776119,67.0,36.0,31.0,29.8,2.5,6.5,0.38,5.3,0.4,1.7,0.25,0.412
Dillon Brooks,MEM,2021-22,0.0,0.0,8.209814323607429,26.034228187919464,57.09375,57.25,0.5,32.0,22.0,10.0,27.7,2.7,7.2,0.371,5.9,0.6,2.1,0.288,0.413
Dillon Brooks,MEM,2022-23,0.0,0.0,8.106159420289854,25.447380410022777,63.24657534246575,63.23287671232877,0.3013698630136986,73.0,46.0,27.0,30.3,1.7,5.0,0.345,4.1,0.6,2.1,0.271,0.402
Dillon Brooks,HOU,2023-24,0.0,0.0,6.27989949748744,25.731621621621628,63.111111111111114,63.263888888888886,0.3194444444444444,72.0,36.0,36.0,30.9,1.0,2.5,0.39,2.4,0.5,1.3,0.374,0.486
Dillon Brooks,HOU,2024-25,0.0,0.0,8.398122065727696,25.44164889836532,64.50666666666666,64.32,0.1866666666666666,75.0,49.0,26.0,31.8,1.4,3.5,0.405,3.2,0.4,1.1,0.337,0.458
Dion Waiters,MIA,2018-19,0.0,0.0,6.579365079365078,25.156401384083047,51.77272727272727,51.65909090909091,0.0227272727272727,44.0,20.0,24.0,25.9,1.0,2.9,0.341,2.6,0.7,1.9,0.357,0.46
Dirk Nowitzki,DAL,2018-19,0.0,0.0,15.288304093567255,25.64878048780488,31.88235294117647,31.45098039215686,0.0196078431372549,51.0,17.0,34.0,15.6,0.5,1.4,0.406,1.2,0.1,0.2,0.364,0.435
Domantas Sabonis,IND,2018-19,0.0,0.0,5.757833089311862,26.041176470588233,50.28378378378378,50.37837837837838,0.054054054054054,74.0,43.0,31.0,24.8,0.1,0.2,0.278,0.1,0.0,0.0,0.0,0.278
Domantas Sabonis,IND,2019-20,0.0,0.0,5.574519846350833,26.070149253731355,70.45161290322581,70.29032258064517,0.032258064516129,62.0,37.0,25.0,34.8,0.2,0.4,0.435,0.3,0.0,0.0,0.0,0.435
Domantas Sabonis,IND,2020-21,0.0,0.0,4.973180592991915,26.32654320987654,75.54838709677419,75.35483870967742,0.1290322580645161,62.0,29.0,33.0,36.0,0.5,1.4,0.36,1.0,0.0,0.2,0.3,0.378
Domantas Sabonis,"IND,SAC",2021-22,0.0,0.0,5.144324324324324,25.282352941176462,69.95161290322581,69.29032258064517,0.0967741935483871,62.0,21.0,41.0,34.4,0.1,0.5,0.182,0.2,0.0,0.1,0.2,0.197
Domantas Sabonis,SAC,2022-23,0.0,0.0,4.429005847953215,25.608433734939755,71.64556962025317,71.25316455696202,0.1139240506329113,79.0,47.0,32.0,34.6,0.1,0.3,0.45,0.2,0.0,0.0,0.0,0.45
Domantas Sabonis,SAC,2023-24,0.0,0.0,4.418858307849133,25.917241379310347,73.20731707317073,72.90243902439025,0.0609756097560975,82.0,46.0,36.0,35.7,0.3,0.6,0.468,0.6,0.0,0.1,0.667,0.511
Domantas Sabonis,SAC,2024-25,0.0,0.0,4.366892808683852,25.97115384615385,71.11428571428571,70.81428571428572,0.0571428571428571,70.0,36.0,34.0,34.7,0.2,0.4,0.393,0.3,0.0,0.0,1.0,0.429
Dominick Barlow,SAS,2022-23,0.0,0.0,4.567073170731707,24.075,31.0,31.214285714285715,0.0357142857142857,28.0,5.0,23.0,14.6,0.0,0.0,1.0,0.1,0.0,0.0,0.0,1.0
Dominick Barlow,SAS,2023-24,0.0,0.0,5.96826923076923,23.64444444444444,26.84375,27.03125,0.0625,33.0,7.0,26.0,12.7,0.1,0.2,0.333,0.1,0.0,0.0,0.0,0.333
Donovan Clingan,POR,2024-25,0.0,0.0,2.4265017667844533,25.659183673469386,40.791044776119406,40.850746268656714,0.0149253731343283,67.0,29.0,38.0,19.8,0.0,0.1,0.0,0.0,0.0,0.0,0.0,0.0
Donovan Mitchell,UTA,2018-19,0.0,0.0,7.407022749752722,25.932755298651244,70.16883116883118,70.0,0.1428571428571428,77.0,49.0,28.0,33.7,2.9,7.6,0.384,7.1,1.2,3.8,0.332,0.467
Donovan Mitchell,UTA,2019-20,0.0,0.0,8.689988492520142,25.994503171247345,70.10144927536231,69.94202898550725,0.2608695652173913,69.0,43.0,26.0,34.3,3.8,9.2,0.41,8.8,1.3,4.1,0.321,0.481
Donovan Mitchell,UTA,2020-21,0.0,0.0,8.466825396825394,26.30281995661605,68.54716981132076,68.62264150943396,0.1509433962264151,53.0,39.0,14.0,33.4,3.9,9.8,0.397,9.8,2.0,5.5,0.363,0.498
Donovan Mitchell,UTA,2021-22,0.0,0.0,7.716481994459833,26.573700305810387,68.49253731343283,68.43283582089552,0.1343283582089552,67.0,41.0,26.0,33.8,3.7,9.5,0.394,9.7,2.2,6.2,0.356,0.509
Donovan Mitchell,CLE,2022-23,0.0,0.0,7.865189048239895,26.583464566929127,71.20588235294117,70.57352941176471,0.1764705882352941,68.0,44.0,24.0,35.8,4.1,9.6,0.428,10.4,2.2,5.7,0.392,0.544
Donovan Mitchell,CLE,2023-24,0.0,0.0,7.977478991596639,26.581781376518222,72.67272727272727,71.89090909090909,0.0727272727272727,55.0,36.0,19.0,35.3,3.9,9.8,0.392,9.7,2.0,5.8,0.35,0.495
Donovan Mitchell,CLE,2024-25,0.0,0.0,8.39475982532751,26.404423380726698,65.29577464788733,65.04225352112677,0.1126760563380281,71.0,55.0,16.0,31.4,3.3,8.8,0.377,8.5,1.9,5.5,0.343,0.483
Donte DiVincenzo,MIL,2018-19,0.0,0.0,3.6048780487804866,26.030120481927707,32.851851851851855,32.55555555555556,0.1481481481481481,27.0,20.0,7.0,15.2,0.1,0.7,0.211,0.4,0.1,0.5,0.143,0.263
Donte DiVincenzo,MIL,2019-20,0.0,0.0,4.765779467680609,26.423886639676127,50.166666666666664,50.27272727272727,0.303030303030303,66.0,53.0,13.0,23.0,0.6,1.7,0.336,1.4,0.3,1.0,0.292,0.42
Donte DiVincenzo,MIL,2020-21,0.0,0.0,4.85603112840467,26.286127167630056,58.40909090909091,58.13636363636363,0.2121212121212121,66.0,44.0,22.0,27.5,0.8,2.3,0.362,2.2,0.6,1.5,0.374,0.487
Donte DiVincenzo,"MIL,SAC",2021-22,0.0,0.0,6.279729729729729,25.545833333333334,50.023809523809526,49.642857142857146,0.3571428571428571,42.0,21.0,21.0,23.9,0.5,1.9,0.244,1.3,0.4,1.3,0.278,0.34
Donte DiVincenzo,GSW,2022-23,0.0,0.0,5.050000000000001,26.043650793650805,55.72222222222222,55.708333333333336,0.4722222222222222,72.0,42.0,30.0,26.3,0.2,1.0,0.236,0.6,0.2,0.7,0.226,0.319
Donte DiVincenzo,NYK,2023-24,0.0,0.0,4.233779264214047,25.525957446808516,57.77777777777778,57.74074074074074,0.2098765432098765,81.0,50.0,31.0,29.1,0.8,1.8,0.415,2.0,0.5,1.3,0.38,0.554
Donte DiVincenzo,MIN,2024-25,0.0,0.0,4.489743589743589,26.113926940639267,52.516129032258064,52.983870967741936,0.2258064516129032,62.0,37.0,25.0,25.9,0.8,2.2,0.365,2.3,0.7,2.0,0.36,0.529
Dorian Finney Smith,DAL,2018-19,0.0,0.0,3.816058394160584,25.177165354330697,49.876543209876544,50.07407407407408,0.0987654320987654,81.0,33.0,48.0,24.5,0.2,0.7,0.271,0.5,0.1,0.4,0.212,0.331
Dorian Finney Smith,DAL,2019-20,0.0,0.0,3.1077625570776264,24.521782178217823,60.943661971830984,61.140845070422536,0.0985915492957746,71.0,40.0,31.0,29.9,0.1,0.5,0.257,0.3,0.1,0.3,0.286,0.343
Dorian Finney Smith,DAL,2020-21,0.0,0.0,3.4804878048780483,24.65033112582782,64.26666666666667,64.06666666666666,0.1166666666666666,60.0,36.0,24.0,32.0,0.2,0.7,0.3,0.6,0.2,0.4,0.346,0.413
Dorian Finney Smith,DAL,2021-22,0.0,0.0,3.80817120622568,24.822528735632172,64.2875,64.125,0.0625,80.0,51.0,29.0,33.0,0.2,0.7,0.308,0.5,0.1,0.4,0.286,0.385
Dorian Finney Smith,"DAL,BRK",2022-23,0.0,0.0,2.895714285714286,24.81570247933885,60.121212121212125,60.39393939393939,0.0606060606060606,66.0,31.0,35.0,30.4,0.1,0.4,0.231,0.3,0.1,0.3,0.286,0.346
Dorian Finney Smith,BRK,2023-24,0.0,0.0,3.312571428571427,25.063690476190477,56.30882352941177,57.088235294117645,0.0147058823529411,68.0,28.0,40.0,28.4,0.1,0.5,0.303,0.4,0.1,0.4,0.269,0.409
Dorian Finney Smith,"BRK,LAL",2024-25,0.0,0.0,3.671428571428571,25.17864077669903,57.65079365079365,57.698412698412696,0.0317460317460317,63.0,36.0,27.0,28.9,0.1,0.3,0.375,0.2,0.0,0.1,0.375,0.469
Doug McDermott,IND,2018-19,0.0,0.0,7.303240740740741,25.404854368932043,35.44155844155844,35.45454545454545,0.0519480519480519,77.0,43.0,34.0,17.4,0.2,0.7,0.321,0.5,0.0,0.2,0.167,0.34
Doug McDermott,IND,2019-20,0.0,0.0,6.534387351778656,25.68503401360544,41.289855072463766,41.46376811594203,0.072463768115942,69.0,43.0,26.0,19.9,0.4,1.2,0.353,1.1,0.2,0.6,0.436,0.453
Doug McDermott,IND,2020-21,0.0,0.0,3.0015831134564643,25.860139860139856,52.10606060606061,51.53030303030303,0.0454545454545454,66.0,32.0,34.0,24.5,0.6,1.3,0.416,1.6,0.4,1.0,0.42,0.579
Doug McDermott,SAS,2021-22,0.0,0.0,5.818181818181819,25.437109375,50.372549019607845,49.666666666666664,0.0392156862745098,51.0,21.0,30.0,24.0,0.6,1.5,0.446,1.7,0.4,0.9,0.432,0.574
Doug McDermott,SAS,2022-23,0.0,0.0,6.260888888888891,25.6013422818792,43.671875,43.171875,0.0625,64.0,19.0,45.0,20.5,0.6,1.6,0.394,1.6,0.3,0.7,0.426,0.49
Doug McDermott,"SAS,IND",2023-24,0.0,0.0,7.684615384615385,25.64821428571429,29.90625,29.578125,0.0,64.0,22.0,42.0,14.1,0.3,0.5,0.457,0.7,0.2,0.4,0.478,0.614
Dragan Bender,PHO,2018-19,0.0,0.0,2.483333333333334,24.85148514851485,37.80434782608695,37.91304347826087,0.0434782608695652,46.0,9.0,37.0,18.0,0.0,0.2,0.25,0.1,0.0,0.1,0.2,0.313
Draymond Green,GSW,2018-19,0.0,0.0,5.291828793774319,26.066060606060603,65.96969696969697,66.03030303030303,0.1666666666666666,66.0,48.0,18.0,31.3,0.2,0.4,0.379,0.3,0.0,0.1,0.25,0.397
Draymond Green,GSW,2019-20,0.0,0.0,7.258288770053473,26.176744186046516,59.83720930232558,59.97674418604651,0.1395348837209302,43.0,10.0,33.0,28.4,0.3,1.0,0.25,0.5,0.0,0.2,0.1,0.261
Draymond Green,GSW,2020-21,0.0,0.0,4.9503937007874,26.65476190476191,67.46031746031746,67.17460317460318,0.2063492063492063,63.0,35.0,28.0,31.5,0.1,0.6,0.111,0.1,0.0,0.1,0.0,0.111
Draymond Green,GSW,2021-22,0.0,0.0,5.1064039408867,27.601851851851848,61.24444444444445,61.17777777777778,0.1111111111111111,46.0,34.0,12.0,28.9,0.1,0.3,0.2,0.1,0.0,0.0,0.0,0.2
Draymond Green,GSW,2022-23,0.0,0.0,4.466472303206997,25.69618320610687,66.75342465753425,66.64383561643835,0.2328767123287671,73.0,41.0,32.0,31.5,0.0,0.2,0.231,0.1,0.0,0.0,0.333,0.269
Draymond Green,GSW,2023-24,0.0,0.0,4.317283950617284,25.378294573643405,56.945454545454545,56.96363636363636,0.1454545454545454,55.0,33.0,22.0,27.1,0.1,0.2,0.273,0.1,0.0,0.0,1.0,0.318
Draymond Green,GSW,2024-25,0.0,0.0,5.4212927756654,24.975609756097565,59.955882352941174,60.044117647058826,0.1176470588235294,68.0,42.0,26.0,29.2,0.2,0.5,0.4,0.5,0.1,0.1,0.444,0.457
Drew Eubanks,SAS,2020-21,0.0,0.0,4.413793103448276,23.15,28.85185185185185,29.185185185185187,0.1111111111111111,54.0,21.0,33.0,14.0,0.0,0.1,0.667,0.1,0.0,0.0,0.0,0.667
Drew Eubanks,"SAS,POR",2021-22,0.0,0.0,5.161421319796955,25.366666666666667,35.7887323943662,35.859154929577464,0.0704225352112676,71.0,19.0,52.0,17.5,0.2,0.3,0.579,0.3,0.0,0.0,0.0,0.579
Drew Eubanks,POR,2022-23,0.0,0.0,4.638607594936708,26.466666666666665,41.32051282051282,41.47435897435897,0.0512820512820512,78.0,31.0,47.0,20.3,0.1,0.3,0.435,0.3,0.0,0.0,0.0,0.435
Drew Eubanks,PHO,2023-24,0.0,0.0,4.098799999999998,23.53333333333333,31.36,31.426666666666662,0.0133333333333333,75.0,42.0,33.0,15.6,0.0,0.1,0.3,0.1,0.0,0.0,0.0,0.3
Drew Eubanks,"UTA,LAC",2024-25,0.0,0.0,3.5583333333333336,23.6,25.783333333333335,25.95,0.0166666666666666,61.0,25.0,36.0,12.2,0.1,0.2,0.545,0.2,0.0,0.0,1.0,0.591
Drew Eubanks,SAC,2025-26,0.0,0.0,5.3999999999999995,25.359999999999996,27.5625,27.9375,0.0625,42.0,10.0,32.0,13.1,0.2,0.3,0.667,0.4,0.0,0.0,0.0,0.667
Duncan Robinson,MIA,2019-20,0.0,0.0,5.3469135802469125,25.633993399339932,60.178082191780824,59.78082191780822,0.1095890410958904,73.0,44.0,29.0,29.7,0.5,1.3,0.355,1.3,0.4,1.2,0.381,0.527
Duncan Robinson,MIA,2020-21,0.0,0.0,5.755769230769232,25.6415986949429,62.625,62.22222222222222,0.0555555555555555,72.0,40.0,32.0,31.4,0.9,2.5,0.384,2.7,0.8,2.1,0.379,0.548
Duncan Robinson,MIA,2021-22,0.0,0.0,5.192156862745101,25.5375,51.10126582278481,50.79746835443038,0.1012658227848101,79.0,52.0,27.0,25.9,0.9,2.0,0.453,2.6,0.8,1.8,0.451,0.657
Duncan Robinson,MIA,2022-23,0.0,0.0,7.417777777777778,25.834375,32.95238095238095,32.904761904761905,0.0714285714285714,42.0,19.0,23.0,16.4,0.6,1.6,0.403,1.8,0.5,1.3,0.377,0.552
Duncan Robinson,MIA,2023-24,0.0,0.0,5.154455445544555,25.730866807610983,56.22058823529411,55.705882352941174,0.0735294117647058,68.0,38.0,30.0,28.0,1.1,2.6,0.415,3.1,0.9,2.2,0.408,0.591
Duncan Robinson,MIA,2024-25,0.0,0.0,4.582777777777777,25.586542443064193,48.28378378378378,47.78378378378378,0.0675675675675675,74.0,30.0,44.0,24.1,1.1,2.8,0.4,3.2,1.0,2.5,0.401,0.578
Duop Reath,POR,2023-24,0.0,0.0,3.880314960629921,25.456734693877547,35.75,35.63235294117647,0.0588235294117647,68.0,17.0,51.0,17.9,0.1,0.2,0.333,0.2,0.0,0.1,0.333,0.433
Dwayne Bacon,CHO,2018-19,0.0,0.0,6.6635294117647055,25.270114942528735,36.42857142857143,36.88095238095238,0.0476190476190476,43.0,20.0,23.0,17.6,0.8,2.1,0.374,2.0,0.4,0.9,0.421,0.462
Dwayne Bacon,CHO,2019-20,0.0,0.0,6.23276836158192,25.777611940298502,35.205128205128204,35.87179487179487,0.1025641025641025,39.0,10.0,29.0,17.6,0.5,1.9,0.257,1.1,0.1,0.6,0.136,0.277
Dwayne Bacon,ORL,2020-21,0.0,0.0,7.834104046242775,25.445410628019324,52.388888888888886,52.65277777777778,0.0694444444444444,72.0,21.0,51.0,25.7,1.4,3.9,0.355,3.1,0.4,1.3,0.304,0.405
Dwight Howard,LAL,2019-20,0.0,0.0,2.118014705882352,24.94,38.289855072463766,38.52173913043478,0.0289855072463768,69.0,52.0,17.0,18.9,0.0,0.0,0.0,0.0,0.0,0.0,0.0,0.0
Dwight Howard,PHI,2020-21,0.0,0.0,2.8187279151943465,27.035000000000004,34.98550724637681,35.36231884057971,0.0289855072463768,69.0,46.0,23.0,17.3,0.0,0.0,0.0,0.0,0.0,0.0,0.0,0.0
Dwight Howard,LAL,2021-22,0.0,0.0,2.9490196078431374,25.819999999999997,32.88333333333333,33.083333333333336,0.05,60.0,21.0,39.0,16.2,0.0,0.1,0.333,0.1,0.0,0.0,0.5,0.5
Dwight Powell,DAL,2018-19,0.0,0.0,2.685236768802229,25.269291338582672,43.94805194805195,43.90909090909091,0.1168831168831168,77.0,31.0,46.0,21.6,0.0,0.1,0.167,0.0,0.0,0.0,0.0,0.167
Dwight Powell,DAL,2019-20,0.0,0.0,2.24,24.98205128205128,53.85,53.575,0.225,40.0,25.0,15.0,26.5,0.0,0.0,0.0,0.0,0.0,0.0,0.0,0.0
Dwight Powell,DAL,2020-21,0.0,0.0,1.9236994219653176,25.771428571428572,33.46551724137931,33.55172413793103,0.2413793103448276,58.0,36.0,22.0,16.6,0.0,0.0,1.0,0.1,0.0,0.0,1.0,1.5
Dwight Powell,DAL,2021-22,0.0,0.0,2.5035714285714277,25.499999999999996,42.21951219512195,42.4390243902439,0.0975609756097561,82.0,52.0,30.0,21.9,0.0,0.1,0.333,0.0,0.0,0.0,0.0,0.333
Dwight Powell,DAL,2022-23,0.0,0.0,2.023863636363636,24.72,38.026315789473685,38.21052631578947,0.2105263157894736,76.0,37.0,39.0,19.2,0.0,0.0,0.333,0.0,0.0,0.0,0.0,0.333
Dwight Powell,DAL,2023-24,0.0,0.0,1.7194174757281553,24.1,27.79365079365079,27.666666666666668,0.0317460317460317,63.0,38.0,25.0,13.3,0.0,0.0,0.0,0.0,0.0,0.0,0.0,0.0
Dwight Powell,DAL,2025-26,0.0,0.0,2.31578947368421,23.1,29.384615384615383,29.41025641025641,0.0769230769230769,63.0,19.0,44.0,14.4,0.0,0.0,0.0,0.0,0.0,0.0,0.0,0.0
Dwyane Wade,MIA,2018-19,0.0,0.0,8.386981402002863,25.413409961685822,53.94444444444444,53.888888888888886,0.0416666666666666,72.0,35.0,37.0,26.2,2.2,6.3,0.348,5.2,0.8,2.5,0.306,0.409
Dylan Windler,CLE,2020-21,0.0,0.0,3.683018867924529,24.833766233766234,33.774193548387096,34.354838709677416,0.064516129032258,31.0,11.0,20.0,16.5,0.1,0.2,0.429,0.2,0.0,0.0,1.0,0.5
Dyson Daniels,NOP,2022-23,0.0,0.0,4.36311475409836,26.688372093023247,37.241379310344826,37.62068965517241,0.0517241379310344,59.0,33.0,26.0,17.7,0.1,0.5,0.276,0.3,0.1,0.3,0.2,0.328
Dyson Daniels,NOP,2023-24,0.0,0.0,5.233522727272726,25.810370370370375,45.08196721311475,45.42622950819672,0.081967213114754,61.0,34.0,27.0,22.3,0.3,0.7,0.356,0.6,0.1,0.2,0.286,0.4
Dyson Daniels,ATL,2024-25,0.0,0.0,5.048908296943232,26.13148936170213,71.96052631578948,72.25,0.1710526315789473,76.0,37.0,39.0,33.8,0.4,1.4,0.298,0.9,0.1,0.5,0.231,0.341
Dzanan Musa,BRK,2019-20,0.0,0.0,3.317021276595745,25.801282051282055,26.125,26.05,0.2,40.0,20.0,20.0,12.2,0.2,0.7,0.214,0.4,0.1,0.5,0.2,0.286
Duane Washington,IND,2021-22,0.0,0.0,6.949056603773586,25.568837209302323,42.375,42.166666666666664,0.2291666666666666,48.0,12.0,36.0,20.2,0.8,2.4,0.351,2.0,0.3,1.2,0.281,0.421
Duane Washington,PHO,2022-23,0.0,0.0,9.366206896551724,26.52072072072071,26.451612903225808,26.06451612903226,0.064516129032258,31.0,17.0,14.0,12.7,1.4,3.5,0.393,3.4,0.6,1.5,0.435,0.486
ETwaun Moore,NOP,2018-19,0.0,0.0,7.631460674157301,24.875,58.490566037735846,58.56603773584906,0.0377358490566037,53.0,21.0,32.0,27.6,1.1,2.6,0.426,2.5,0.3,0.6,0.469,0.482
ETwaun Moore,NOP,2019-20,0.0,0.0,8.05962962962963,24.749101796407174,38.535714285714285,38.589285714285715,0.0357142857142857,56.0,27.0,29.0,18.2,0.6,2.2,0.298,1.4,0.2,0.6,0.273,0.335
ETwaun Moore,PHO,2020-21,0.0,0.0,8.158139534883718,24.874285714285715,29.814814814814813,29.51851851851852,0.037037037037037,27.0,20.0,7.0,14.4,0.7,1.2,0.576,1.5,0.1,0.2,0.5,0.621
Ed Davis,BRK,2018-19,0.0,0.0,2.0910000000000006,32.1,36.407407407407405,36.77777777777778,0.0617283950617283,81.0,42.0,39.0,17.9,0.0,0.0,0.0,0.0,0.0,0.0,0.0,0.0
Edmond Sumner,IND,2019-20,0.0,0.0,4.048314606741572,25.618867924528296,29.870967741935484,30.096774193548388,0.1612903225806451,31.0,16.0,15.0,14.4,0.1,0.5,0.176,0.3,0.1,0.3,0.25,0.235
Edmond Sumner,IND,2020-21,0.0,0.0,3.498453608247423,25.521590909090904,35.48076923076923,35.5,0.0769230769230769,53.0,23.0,30.0,16.2,0.2,0.5,0.333,0.4,0.1,0.2,0.455,0.438
Edmond Sumner,BRK,2022-23,0.0,0.0,4.751098901098901,24.76781609195402,28.90566037735849,29.0188679245283,0.1698113207547169,53.0,33.0,20.0,13.9,0.3,0.7,0.389,0.6,0.1,0.2,0.308,0.444
Elfrid Payton,NOP,2018-19,0.0,0.0,3.981107491856678,25.809523809523817,64.23809523809524,64.61904761904762,0.1666666666666666,42.0,18.0,24.0,29.8,0.3,0.9,0.333,0.8,0.1,0.6,0.25,0.41
Elfrid Payton,NYK,2019-20,0.0,0.0,5.549595687331537,25.508695652173913,56.977777777777774,56.888888888888886,0.1555555555555555,45.0,17.0,28.0,27.7,0.6,1.9,0.306,1.2,0.1,0.5,0.19,0.329
Elfrid Payton,NYK,2020-21,0.0,0.0,5.35229007633588,24.758163265306116,46.80952380952381,47.04761904761905,0.0793650793650793,63.0,36.0,27.0,23.6,0.6,1.6,0.343,1.1,0.0,0.1,0.125,0.348
Elie Okobo,PHO,2018-19,0.0,0.0,6.812025316455697,25.871969696969693,37.0188679245283,37.16981132075472,0.0377358490566037,53.0,7.0,46.0,18.1,0.6,2.0,0.296,1.5,0.3,1.0,0.309,0.375
Elie Okobo,PHO,2019-20,0.0,0.0,5.567272727272729,25.8056338028169,26.70909090909091,26.654545454545456,0.0545454545454545,55.0,23.0,32.0,13.1,0.2,1.0,0.218,0.5,0.1,0.5,0.2,0.264
Elijah Hughes,"UTA,POR",2021-22,0.0,0.0,8.919512195121952,26.422388059701493,24.916666666666668,25.36111111111111,0.0833333333333333,36.0,15.0,21.0,12.1,0.4,1.1,0.325,0.9,0.2,0.5,0.421,0.425
Emmanuel Mudiay,NYK,2018-19,0.0,0.0,7.608867924528302,25.547142857142855,56.32203389830509,56.20338983050848,0.0169491525423728,59.0,13.0,46.0,27.2,2.2,5.1,0.434,4.9,0.4,1.4,0.313,0.475
Emmanuel Mudiay,UTA,2019-20,0.0,0.0,7.78625,25.35862068965518,32.72222222222222,32.833333333333336,0.0555555555555555,54.0,34.0,20.0,15.7,1.2,2.5,0.463,2.5,0.2,0.5,0.345,0.5
Enes Freedom,"NYK,POR",2018-19,0.0,0.0,2.8847290640394085,25.491666666666664,50.08955223880597,49.701492537313435,0.0597014925373134,67.0,28.0,39.0,24.5,0.1,0.1,0.4,0.1,0.0,0.0,0.0,0.4
Enes Freedom,BOS,2019-20,0.0,0.0,3.20850439882698,25.542857142857144,34.60344827586207,34.37931034482759,0.0172413793103448,58.0,36.0,22.0,17.0,0.0,0.1,0.0,0.0,0.0,0.0,0.0,0.0
Enes Freedom,POR,2020-21,0.0,0.0,2.520646319569121,32.775,49.25,49.166666666666664,0.0277777777777777,72.0,42.0,30.0,24.4,0.0,0.1,0.2,0.0,0.0,0.0,0.0,0.2
Eric Bledsoe,MIL,2018-19,0.0,0.0,4.593939393939394,25.863660477453585,62.23076923076923,61.88461538461539,0.1538461538461538,78.0,59.0,19.0,29.1,1.3,3.3,0.388,3.4,0.8,2.1,0.384,0.51
Eric Bledsoe,MIL,2019-20,0.0,0.0,6.225819672131147,25.83441860465116,59.60655737704918,59.59016393442623,0.1967213114754098,61.0,48.0,13.0,27.0,1.5,3.9,0.39,3.8,0.8,1.9,0.393,0.487
Eric Bledsoe,NOP,2020-21,0.0,0.0,8.131999999999996,25.38197183098591,61.66197183098591,61.87323943661972,0.2112676056338028,71.0,31.0,40.0,29.7,1.1,3.1,0.365,2.6,0.3,1.1,0.299,0.418
Eric Bledsoe,LAC,2021-22,0.0,0.0,7.829508196721313,26.101226993865037,51.092592592592595,51.2037037037037,0.3333333333333333,54.0,27.0,27.0,25.2,0.8,2.7,0.292,1.7,0.1,0.7,0.158,0.313
Eric Gordon,HOU,2018-19,0.0,0.0,4.05621301775148,26.26816666666667,64.6470588235294,64.5,0.0147058823529411,68.0,44.0,24.0,31.7,0.8,2.6,0.297,2.2,0.6,2.1,0.299,0.42
Eric Gordon,HOU,2019-20,0.0,0.0,4.130624999999998,26.791419141914194,61.69444444444444,61.638888888888886,0.1111111111111111,36.0,21.0,15.0,28.2,1.0,2.8,0.35,2.9,1.0,2.4,0.398,0.525
Eric Gordon,HOU,2020-21,0.0,0.0,3.8828025477707016,26.977619047619044,61.333333333333336,61.03703703703704,0.0,27.0,10.0,17.0,29.2,0.9,2.7,0.329,2.6,0.8,2.4,0.344,0.479
Eric Gordon,HOU,2021-22,0.0,0.0,4.008365019011408,26.90963455149501,61.45614035087719,61.01754385964912,0.0350877192982456,57.0,19.0,38.0,29.3,0.8,2.2,0.381,2.4,0.7,1.9,0.374,0.54
Eric Gordon,"HOU,LAC",2022-23,0.0,0.0,4.5796875,27.28198198198198,59.072463768115945,59.072463768115945,0.1159420289855072,69.0,25.0,44.0,28.5,0.6,1.7,0.362,1.7,0.5,1.3,0.386,0.509
Eric Gordon,PHO,2023-24,0.0,0.0,4.347511312217196,26.243073047858942,56.661764705882355,56.9264705882353,0.0441176470588235,68.0,41.0,27.0,27.8,0.4,1.0,0.412,1.1,0.3,0.7,0.36,0.544
Eric Gordon,PHI,2024-25,0.0,0.0,4.714925373134328,27.268613138686135,39.87179487179487,39.717948717948715,0.0256410256410256,39.0,12.0,27.0,19.7,0.2,0.5,0.429,0.6,0.1,0.4,0.357,0.548
Eric Paschall,GSW,2019-20,0.0,0.0,7.388258317025438,26.081395348837212,57.11666666666667,57.31666666666667,0.05,60.0,14.0,46.0,27.6,0.9,2.1,0.402,1.7,0.0,0.2,0.111,0.406
Eric Paschall,GSW,2020-21,0.0,0.0,8.101639344262296,25.820370370370377,36.225,36.4,0.075,40.0,20.0,20.0,17.4,1.0,1.9,0.52,2.0,0.1,0.1,0.667,0.533
Eric Paschall,UTA,2021-22,0.0,0.0,3.847244094488189,24.641666666666673,25.46551724137931,25.53448275862069,0.0344827586206896,58.0,36.0,22.0,12.7,0.1,0.1,0.375,0.1,0.0,0.0,0.0,0.375
Ersan Ilyasova,MIL,2018-19,0.0,0.0,5.127601809954752,25.72000000000001,38.8955223880597,38.865671641791046,0.1343283582089552,67.0,49.0,18.0,18.4,0.2,0.7,0.311,0.6,0.1,0.4,0.346,0.411
Ersan Ilyasova,MIL,2019-20,0.0,0.0,5.052272727272728,25.629197080291963,34.07936507936508,34.15873015873016,0.1269841269841269,63.0,48.0,15.0,15.7,0.3,0.7,0.409,0.7,0.1,0.4,0.321,0.511
Eugene Omoruyi,"OKC,DET",2022-23,0.0,0.0,3.70657894736842,25.441379310344825,32.5,32.6,0.125,40.0,10.0,30.0,16.1,0.1,0.3,0.3,0.2,0.1,0.2,0.429,0.45
Evan Fournier,ORL,2018-19,0.0,0.0,8.531017770597739,25.558222222222227,63.876543209876544,63.5679012345679,0.1975308641975308,81.0,42.0,39.0,31.5,1.6,4.3,0.368,3.7,0.5,1.7,0.288,0.425
Evan Fournier,ORL,2019-20,0.0,0.0,8.684646464646463,25.506912442396317,64.12121212121212,64.25757575757575,0.1666666666666666,66.0,28.0,38.0,31.4,2.3,5.7,0.407,5.7,1.0,2.8,0.368,0.497
Evan Fournier,"ORL,BOS",2020-21,0.0,0.0,9.874025974025974,25.71894736842106,62.45238095238095,62.285714285714285,0.1666666666666666,42.0,18.0,24.0,30.0,2.4,5.6,0.424,6.0,1.2,3.1,0.403,0.534
Evan Fournier,NYK,2021-22,0.0,0.0,9.591040462427747,25.137802907915994,59.3375,58.9625,0.1,80.0,36.0,44.0,29.5,1.8,4.7,0.39,4.6,1.0,2.7,0.349,0.492
Evan Fournier,NYK,2022-23,0.0,0.0,9.278846153846157,25.4578947368421,34.592592592592595,34.81481481481482,0.1111111111111111,27.0,15.0,12.0,17.0,0.9,2.8,0.303,2.2,0.5,1.8,0.265,0.388
Evan Fournier,"NYK,DET",2023-24,0.0,0.0,9.682558139534883,25.28,36.9375,36.96875,0.03125,32.0,8.0,24.0,18.1,1.1,2.9,0.391,2.5,0.3,1.3,0.22,0.44
Evan Mobley,CLE,2021-22,0.0,0.0,6.279403794037936,25.67391304347826,66.98550724637681,66.92753623188406,0.0289855072463768,69.0,40.0,29.0,33.8,0.8,2.1,0.374,1.6,0.0,0.1,0.125,0.378
Evan Mobley,CLE,2022-23,0.0,0.0,5.227218934911242,24.79411764705883,68.0632911392405,68.15189873417721,0.1139240506329113,79.0,48.0,31.0,34.4,0.6,1.5,0.391,1.2,0.0,0.0,1.0,0.396
Evan Mobley,CLE,2023-24,0.0,0.0,4.342799188640973,24.764406779661016,62.6,62.54,0.06,50.0,29.0,21.0,30.6,0.2,0.6,0.267,0.3,0.0,0.0,1.0,0.283
Evan Mobley,CLE,2024-25,0.0,0.0,4.021153846153845,25.323043478260864,63.40845070422535,63.11267605633803,0.0845070422535211,71.0,58.0,13.0,30.5,0.3,1.0,0.311,0.8,0.1,0.5,0.286,0.378
Evan Turner,POR,2018-19,0.0,0.0,8.353964194373402,24.525,44.95890410958904,45.082191780821915,0.136986301369863,73.0,47.0,26.0,22.0,1.1,2.5,0.436,2.2,0.0,0.1,0.167,0.439
Facundo Campazzo,DEN,2020-21,0.0,0.0,6.369696969696969,25.687037037037044,43.96923076923077,44.27692307692307,0.3076923076923077,65.0,43.0,22.0,21.9,0.3,1.4,0.237,1.0,0.3,1.0,0.273,0.333
Facundo Campazzo,DEN,2021-22,0.0,0.0,5.398058252427186,26.909326424870468,37.15625,37.5,0.296875,65.0,38.0,27.0,18.2,0.4,1.3,0.289,1.0,0.3,1.0,0.266,0.392
Frank Jackson,NOP,2018-19,0.0,0.0,5.656474820143886,24.59585798816568,41.81967213114754,41.868852459016395,0.081967213114754,61.0,22.0,39.0,19.2,0.6,1.6,0.358,1.3,0.2,0.6,0.361,0.426
Frank Jackson,NOP,2019-20,0.0,0.0,7.025133689839572,25.25416666666666,29.45762711864407,29.54237288135593,0.0847457627118644,59.0,26.0,33.0,13.5,0.6,1.6,0.394,1.4,0.2,0.6,0.297,0.452
Frank Jackson,DET,2020-21,0.0,0.0,7.214685314685314,25.085333333333335,37.35,37.525,0.2,40.0,13.0,27.0,18.5,0.5,1.5,0.3,1.0,0.1,0.6,0.2,0.342
Frank Jackson,DET,2021-22,0.0,0.0,6.258823529411765,25.578494623655907,45.075471698113205,45.301886792452834,0.1698113207547169,53.0,9.0,44.0,22.0,0.8,2.2,0.371,1.9,0.3,1.2,0.25,0.44
Frank Kaminsky,CHO,2018-19,0.0,0.0,5.023270440251572,25.725899280575536,33.73913043478261,33.19565217391305,0.0869565217391304,47.0,22.0,25.0,16.1,0.1,0.3,0.188,0.1,0.0,0.1,0.333,0.219
Frank Kaminsky,PHO,2019-20,0.0,0.0,5.195628415300546,25.46612903225807,42.46153846153846,42.35897435897436,0.0512820512820512,39.0,19.0,20.0,19.9,0.1,0.4,0.267,0.2,0.0,0.1,0.0,0.267
Frank Kaminsky,PHO,2020-21,0.0,0.0,5.536046511627907,25.592941176470585,30.638297872340427,30.659574468085108,0.1276595744680851,47.0,33.0,14.0,15.2,0.0,0.3,0.143,0.1,0.0,0.1,0.25,0.179
Frank Ntilikina,NYK,2018-19,0.0,0.0,10.197005988023951,25.83391304347826,43.23255813953488,43.7906976744186,0.2325581395348837,43.0,9.0,34.0,21.0,0.9,2.7,0.348,2.0,0.2,0.7,0.258,0.383
Frank Ntilikina,NYK,2019-20,0.0,0.0,10.446938775510205,25.455474452554753,42.589285714285715,42.839285714285715,0.2857142857142857,57.0,19.0,38.0,20.8,0.8,2.4,0.343,1.8,0.2,0.6,0.278,0.38
Frank Ntilikina,DAL,2022-23,0.0,0.0,8.364615384615385,25.194029850746276,26.91304347826087,27.347826086956523,0.0869565217391304,47.0,20.0,27.0,12.9,0.3,0.6,0.467,0.7,0.1,0.2,0.273,0.517
Franz Wagner,ORL,2021-22,0.0,0.0,4.6414772727272755,25.414022140221416,64.0,63.88461538461539,0.1666666666666666,79.0,21.0,58.0,30.7,0.7,2.0,0.342,1.8,0.4,1.3,0.324,0.447
Franz Wagner,ORL,2022-23,0.0,0.0,5.241292875989445,26.195277777777775,67.1875,67.1375,0.525,80.0,33.0,47.0,32.6,1.1,3.2,0.345,2.7,0.5,1.8,0.291,0.427
Franz Wagner,ORL,2023-24,0.0,0.0,4.533989501312336,26.625449101796416,65.23611111111111,65.36111111111111,0.4166666666666667,72.0,44.0,28.0,32.5,0.8,2.6,0.295,2.0,0.5,1.7,0.268,0.382
Franz Wagner,ORL,2024-25,0.0,0.0,6.349072929542646,26.657102272727276,67.28333333333333,67.1,0.4,60.0,33.0,27.0,33.7,2.0,5.7,0.355,4.8,0.7,2.5,0.291,0.419
Fred VanVleet,TOR,2018-19,0.0,0.0,7.582236842105262,25.842905405405403,56.125,55.9375,0.15625,64.0,46.0,18.0,27.5,1.1,3.3,0.337,2.7,0.5,1.7,0.321,0.421
Fred VanVleet,TOR,2019-20,0.0,0.0,5.367167919799497,26.044117647058833,73.87037037037037,73.87037037037037,0.1666666666666666,54.0,40.0,14.0,35.7,1.4,4.4,0.315,3.7,1.0,3.0,0.327,0.428
Fred VanVleet,TOR,2020-21,0.0,0.0,8.002030456852795,26.67584033613445,74.42307692307692,74.13461538461539,0.25,52.0,22.0,30.0,36.5,2.5,6.8,0.37,6.5,1.5,4.1,0.353,0.479
Fred VanVleet,TOR,2021-22,0.0,0.0,10.305054945054948,26.747040498442352,75.50769230769231,75.0923076923077,0.3076923076923077,65.0,39.0,26.0,37.9,3.3,8.8,0.373,8.3,1.7,5.2,0.331,0.47
Fred VanVleet,TOR,2022-23,0.0,0.0,8.939723320158103,26.7486798679868,74.30434782608695,73.6231884057971,0.3623188405797101,69.0,34.0,35.0,36.7,2.9,7.5,0.383,7.2,1.5,4.4,0.336,0.483
Fred VanVleet,HOU,2023-24,0.0,0.0,10.54375,26.72883959044368,74.87671232876713,74.83561643835617,0.3698630136986301,73.0,38.0,35.0,36.8,3.2,7.7,0.41,8.0,1.7,4.8,0.364,0.523
Fred VanVleet,HOU,2024-25,0.0,0.0,10.15,26.74316702819956,70.78333333333333,70.55,0.1666666666666666,60.0,41.0,19.0,35.2,2.3,6.5,0.354,5.8,1.3,4.0,0.315,0.452
Furkan Korkmaz,PHI,2018-19,0.0,0.0,7.116831683168318,26.408333333333324,30.0,30.083333333333332,0.1041666666666666,48.0,30.0,18.0,14.2,0.4,1.3,0.317,1.0,0.2,0.6,0.286,0.381
Furkan Korkmaz,PHI,2019-20,0.0,0.0,8.074879227053142,25.598033707865177,44.97222222222222,44.875,0.0972222222222222,72.0,42.0,30.0,21.7,0.7,2.3,0.305,1.7,0.3,1.1,0.28,0.374
Furkan Korkmaz,PHI,2020-21,0.0,0.0,8.183870967741935,26.061710037174713,39.4,39.63636363636363,0.109090909090909,55.0,39.0,16.0,19.3,0.8,2.3,0.336,2.0,0.4,1.3,0.314,0.422
Furkan Korkmaz,PHI,2021-22,0.0,0.0,6.347549019607848,25.92443609022556,42.52238805970149,42.55223880597015,0.1194029850746268,67.0,44.0,23.0,21.1,0.6,2.1,0.305,1.6,0.3,1.2,0.265,0.383
Gabe Vincent,MIA,2020-21,0.0,0.0,5.165476190476191,25.606711409395977,26.102040816326532,26.428571428571427,0.1224489795918367,50.0,27.0,23.0,13.1,0.4,1.1,0.333,1.0,0.3,0.7,0.351,0.454
Gabe Vincent,MIA,2021-22,0.0,0.0,8.301578947368423,26.14427244582043,46.25,46.13235294117647,0.2794117647058823,68.0,47.0,21.0,23.4,1.0,2.9,0.364,2.7,0.6,1.8,0.325,0.464
Gabe Vincent,MIA,2022-23,0.0,0.0,8.667281105990783,25.39657142857143,51.61764705882353,51.73529411764706,0.2352941176470588,68.0,37.0,31.0,25.9,1.3,3.1,0.416,3.2,0.6,1.8,0.325,0.509
Gabe Vincent,LAL,2024-25,0.0,0.0,8.190090090090091,25.55113268608414,43.22222222222222,43.02777777777778,0.0972222222222222,72.0,46.0,26.0,21.2,0.6,1.6,0.373,1.5,0.3,1.1,0.295,0.47
Garrett Temple,"MEM,LAC",2018-19,0.0,0.0,7.642307692307695,24.790740740740738,54.96,55.053333333333335,0.16,75.0,37.0,38.0,27.2,0.5,1.6,0.297,1.0,0.1,0.6,0.152,0.326
Garrett Temple,BRK,2019-20,0.0,0.0,6.9840796019900475,25.129015544041454,58.645161290322584,58.435483870967744,0.1451612903225806,62.0,30.0,32.0,27.9,0.9,3.0,0.312,2.4,0.5,1.9,0.267,0.395
Garrett Temple,CHI,2020-21,0.0,0.0,6.837016574585635,24.527,56.785714285714285,56.767857142857146,0.1964285714285714,56.0,25.0,31.0,27.3,0.6,1.5,0.386,1.3,0.2,0.5,0.31,0.44
Garrett Temple,NOP,2021-22,0.0,0.0,6.9409090909090905,24.703783783783788,37.15254237288136,37.66101694915254,0.1016949152542373,59.0,23.0,36.0,18.6,0.2,1.0,0.211,0.5,0.1,0.4,0.217,0.254
Garrison Mathews,WAS,2020-21,0.0,0.0,9.766666666666664,26.02626262626263,35.666666666666664,35.73015873015873,0.492063492063492,64.0,32.0,32.0,16.2,0.3,0.6,0.415,0.7,0.2,0.5,0.367,0.549
Garrison Mathews,HOU,2021-22,0.0,0.0,4.021333333333334,26.11321243523315,55.12307692307692,54.753846153846155,0.7076923076923077,65.0,19.0,46.0,26.3,0.3,0.9,0.328,0.9,0.3,0.8,0.327,0.483
Garrison Mathews,"HOU,ATL",2022-23,0.0,0.0,6.533333333333334,25.408,26.296296296296298,26.333333333333332,0.2592592592592592,54.0,16.0,38.0,12.7,0.2,0.6,0.353,0.6,0.2,0.6,0.355,0.515
Garrison Mathews,ATL,2023-24,0.0,0.0,8.439393939393938,25.024352331606213,31.0,31.0,0.3484848484848485,66.0,29.0,37.0,15.0,0.3,0.6,0.524,0.9,0.2,0.4,0.464,0.679
Garrison Mathews,ATL,2024-25,0.0,0.0,7.792307692307693,24.972018348623852,37.744680851063826,37.702127659574465,0.1489361702127659,47.0,21.0,26.0,17.6,0.3,1.0,0.304,0.8,0.2,0.8,0.297,0.424
Gary Clark,HOU,2018-19,0.0,0.0,3.076923076923076,25.424637681159417,25.745098039215687,25.294117647058822,0.1568627450980392,51.0,33.0,18.0,12.6,0.1,0.2,0.333,0.2,0.1,0.2,0.333,0.5
Gary Clark,"HOU,ORL",2019-20,0.0,0.0,4.914285714285714,25.03666666666667,28.261904761904763,28.333333333333332,0.0238095238095238,42.0,23.0,19.0,13.5,0.0,0.2,0.25,0.1,0.0,0.1,0.167,0.313
Gary Clark,"ORL,DEN,PHI",2020-21,0.0,0.0,22.2,0.0,34.46153846153846,34.666666666666664,0.0769230769230769,39.0,12.0,27.0,16.8,0.0,0.2,0.111,0.1,0.0,0.1,0.2,0.167
Gary Harris,DEN,2018-19,0.0,0.0,6.627594936708862,25.034710743801657,58.63157894736842,58.35087719298246,0.0526315789473684,57.0,38.0,19.0,28.8,1.0,3.0,0.341,2.4,0.3,1.2,0.284,0.396
Gary Harris,DEN,2019-20,0.0,0.0,6.409385113268608,24.84571428571428,63.410714285714285,63.607142857142854,0.125,56.0,37.0,19.0,31.8,0.9,2.6,0.34,2.1,0.3,1.1,0.254,0.395
Gary Harris,"DEN,ORL",2020-21,0.0,0.0,8.269918699186992,25.403030303030302,56.07692307692308,55.69230769230769,0.0769230769230769,39.0,15.0,24.0,27.7,0.7,2.4,0.312,1.8,0.3,1.1,0.268,0.371
Gary Harris,ORL,2021-22,0.0,0.0,8.198804780876495,24.738410596026487,58.67213114754098,58.24590163934426,0.2131147540983606,61.0,16.0,45.0,28.4,0.6,2.2,0.271,1.4,0.2,0.9,0.222,0.316
Gary Harris,ORL,2022-23,0.0,0.0,5.911235955056181,24.948165137614676,50.583333333333336,50.604166666666664,0.125,48.0,22.0,26.0,24.7,0.4,1.0,0.404,1.1,0.3,0.6,0.452,0.553
Gary Harris,ORL,2023-24,0.0,0.0,6.239130434782608,25.33121951219513,48.166666666666664,48.18518518518518,0.1481481481481481,54.0,35.0,19.0,24.0,0.3,0.6,0.467,0.6,0.1,0.3,0.4,0.567
Gary Harris,ORL,2024-25,0.0,0.0,7.028125000000001,24.95544554455445,29.791666666666668,29.833333333333332,0.0,48.0,28.0,20.0,14.8,0.1,0.3,0.467,0.4,0.1,0.2,0.556,0.633
Gary Harris,MIL,2025-26,0.0,0.0,6.322222222222222,24.43617021276596,29.07894736842105,29.31578947368421,0.0,48.0,15.0,33.0,13.8,0.1,0.3,0.188,0.1,0.0,0.2,0.125,0.219
George Hill,"CLE,MIL",2018-19,0.0,0.0,6.037499999999999,25.964,44.68333333333333,45.05,0.15,60.0,39.0,21.0,21.7,0.8,1.9,0.412,1.8,0.2,0.7,0.286,0.465
George Hill,MIL,2019-20,0.0,0.0,5.638499999999998,25.593750000000004,45.88135593220339,45.66101694915254,0.2542372881355932,59.0,47.0,12.0,21.5,0.8,1.9,0.395,2.0,0.5,1.2,0.435,0.526
George Hill,"OKC,PHI",2020-21,0.0,0.0,7.82962962962963,25.41304347826087,44.6,44.93333333333333,0.2,30.0,16.0,14.0,22.4,0.9,2.1,0.422,2.0,0.2,0.8,0.292,0.477
George Hill,MIL,2021-22,0.0,0.0,5.635460992907803,25.746268656716413,47.833333333333336,47.5,0.1296296296296296,54.0,36.0,18.0,23.2,0.2,1.0,0.218,0.5,0.1,0.5,0.111,0.245
George Hill,"MIL,IND",2022-23,0.0,0.0,5.061538461538461,25.83809523809524,37.23913043478261,37.19565217391305,0.3043478260869565,46.0,27.0,19.0,18.1,0.4,0.9,0.405,0.9,0.1,0.5,0.261,0.476
Georges Niang,UTA,2019-20,0.0,0.0,6.223711340206186,24.627111111111113,28.727272727272727,28.53030303030303,0.0606060606060606,66.0,41.0,25.0,14.0,0.3,0.8,0.353,0.7,0.2,0.4,0.393,0.461
Georges Niang,UTA,2020-21,0.0,0.0,7.2938053097345135,24.692808219178083,33.041666666666664,32.875,0.0416666666666666,72.0,52.0,20.0,16.0,0.2,0.8,0.281,0.5,0.1,0.4,0.231,0.333
Georges Niang,PHI,2021-22,0.0,0.0,5.531249999999997,25.29793281653747,45.80263157894737,45.64473684210526,0.1052631578947368,76.0,48.0,28.0,22.8,0.2,0.6,0.333,0.5,0.1,0.2,0.471,0.422
Georges Niang,PHI,2022-23,0.0,0.0,4.928813559322033,25.68020833333333,39.47435897435897,38.97435897435897,0.0,78.0,51.0,27.0,19.4,0.2,0.6,0.318,0.4,0.1,0.4,0.241,0.398
Georges Niang,CLE,2023-24,0.0,0.0,6.0364406779661,24.99292929292928,44.9390243902439,44.5609756097561,0.073170731707317,82.0,48.0,34.0,22.3,0.4,1.1,0.402,1.0,0.2,0.6,0.3,0.489
Georges Niang,"CLE,ATL",2024-25,0.0,0.0,5.770454545454546,24.946195652173905,44.92405063291139,44.56962025316456,0.0632911392405063,79.0,55.0,24.0,21.5,0.2,0.6,0.413,0.6,0.1,0.3,0.364,0.5
Gerald Green,HOU,2018-19,0.0,0.0,7.248175182481753,25.09274376417234,41.28767123287671,41.04109589041096,0.0410958904109589,73.0,47.0,26.0,20.2,0.6,2.1,0.295,1.7,0.4,1.6,0.267,0.394
GG Jackson,MEM,2023-24,0.0,0.0,4.949097472924187,26.193356643356637,52.5,52.354166666666664,0.0416666666666666,48.0,14.0,34.0,25.7,0.6,2.2,0.298,1.7,0.4,1.3,0.317,0.389
GG Jackson,MEM,2024-25,0.0,0.0,4.508653846153846,25.65789473684211,32.89655172413793,33.03448275862069,0.0689655172413793,29.0,19.0,10.0,15.8,0.2,0.8,0.292,0.6,0.1,0.5,0.214,0.354
Giannis Antetokounmpo,MIL,2018-19,0.0,0.0,4.127969348659003,26.23300492610837,70.18055555555556,69.79166666666667,0.0555555555555555,72.0,56.0,16.0,32.8,1.3,4.0,0.323,3.1,0.5,1.8,0.28,0.387
Giannis Antetokounmpo,MIL,2019-20,0.0,0.0,4.596296296296296,26.469624573378837,66.76190476190476,66.2063492063492,0.1269841269841269,63.0,51.0,12.0,30.4,1.8,5.5,0.333,4.7,1.0,3.5,0.289,0.424
Giannis Antetokounmpo,MIL,2020-21,0.0,0.0,5.234584755403869,26.437556561085973,70.1639344262295,69.52459016393442,0.0491803278688524,61.0,40.0,21.0,33.0,2.0,5.9,0.338,4.9,0.9,2.9,0.315,0.416
Giannis Antetokounmpo,MIL,2021-22,0.0,0.0,5.918245264207378,26.925206611570243,68.92537313432835,68.74626865671642,0.0298507462686567,67.0,45.0,22.0,32.9,2.4,6.6,0.362,5.5,0.7,2.7,0.275,0.418
Giannis Antetokounmpo,MIL,2022-23,0.0,0.0,5.207226738934055,26.465497076023393,67.63492063492063,67.3015873015873,0.0317460317460317,63.0,47.0,16.0,32.1,1.6,4.8,0.323,3.5,0.3,1.5,0.229,0.36
Giannis Antetokounmpo,MIL,2023-24,0.0,0.0,4.712931726907631,26.712903225806453,73.32876712328768,73.10958904109589,0.0821917808219178,73.0,45.0,28.0,35.2,1.2,3.7,0.315,2.7,0.3,1.1,0.272,0.355
Giannis Antetokounmpo,MIL,2024-25,0.0,0.0,6.054617834394903,26.749206349206347,70.22388059701493,69.8955223880597,0.044776119402985,67.0,40.0,27.0,34.2,2.3,5.5,0.418,4.7,0.2,0.6,0.256,0.433
Goga Bitadze,IND,2020-21,0.0,0.0,3.8495652173913046,26.18481012658227,27.022727272727273,27.15909090909091,0.0,45.0,19.0,26.0,12.5,0.0,0.1,0.2,0.0,0.0,0.0,0.0,0.2
Goga Bitadze,IND,2021-22,0.0,0.0,3.163372093023256,25.84999999999999,29.9,29.72,0.04,50.0,17.0,33.0,14.6,0.0,0.2,0.125,0.0,0.0,0.1,0.0,0.125
Goga Bitadze,ORL,2023-24,0.0,0.0,2.2897435897435905,25.12142857142857,31.442622950819672,31.40983606557377,0.0,62.0,34.0,28.0,15.4,0.0,0.0,0.0,0.0,0.0,0.0,0.0,0.0
Goga Bitadze,ORL,2024-25,0.0,0.0,2.981028938906752,26.52142857142857,39.91428571428571,39.82857142857143,0.0571428571428571,70.0,38.0,32.0,20.4,0.0,0.0,0.0,0.0,0.0,0.0,0.0,0.0
Goran Dragic,MIA,2018-19,0.0,0.0,6.77806691449814,25.242682926829275,57.611111111111114,57.333333333333336,0.1111111111111111,36.0,16.0,20.0,27.5,1.4,4.0,0.338,3.2,0.4,1.6,0.276,0.393
Goran Dragic,MIA,2019-20,0.0,0.0,7.958031088082901,25.521597633136096,57.983050847457626,57.3728813559322,0.1864406779661017,59.0,37.0,22.0,28.2,1.9,4.6,0.409,4.6,0.8,2.2,0.372,0.496
Goran Dragic,MIA,2020-21,0.0,0.0,7.131189710610932,25.716393442622948,53.66,53.68,0.08,50.0,30.0,20.0,26.7,1.4,3.8,0.379,3.4,0.5,1.6,0.317,0.447
Goran Dragic,"CHI,MIL",2022-23,0.0,0.0,10.036842105263158,26.4,31.379310344827587,31.29310344827586,0.0862068965517241,58.0,27.0,31.0,15.0,0.8,2.2,0.354,1.7,0.1,0.7,0.175,0.381
Gordon Hayward,BOS,2018-19,0.0,0.0,8.68638613861386,25.032467532467535,53.986111111111114,53.666666666666664,0.1111111111111111,72.0,44.0,28.0,25.9,1.0,2.8,0.369,2.3,0.2,0.8,0.263,0.406
Gordon Hayward,BOS,2019-20,0.0,0.0,8.576987447698743,25.67477477477477,69.92307692307692,69.67307692307692,0.0576923076923076,52.0,34.0,18.0,33.5,2.1,4.7,0.459,4.7,0.4,1.3,0.294,0.5
Gordon Hayward,CHO,2020-21,0.0,0.0,8.490949227373067,25.296097560975618,70.27272727272727,69.93181818181819,0.0454545454545454,44.0,24.0,20.0,34.0,2.2,5.2,0.425,4.9,0.5,1.4,0.317,0.469
Gordon Hayward,CHO,2021-22,0.0,0.0,8.236272040302268,25.425454545454546,66.81632653061224,67.26530612244898,0.1428571428571428,49.0,26.0,23.0,31.9,1.7,3.8,0.439,3.7,0.3,0.8,0.425,0.484
Gordon Hayward,CHO,2022-23,0.0,0.0,10.106888361045131,25.5375,66.56,66.4,0.08,50.0,20.0,30.0,31.5,2.2,4.9,0.437,4.5,0.2,0.7,0.278,0.457
Gordon Hayward,"CHO,OKC",2023-24,0.0,0.0,7.118181818181818,24.672413793103445,50.372549019607845,50.27450980392157,0.0196078431372549,51.0,25.0,26.0,24.4,0.9,2.3,0.376,1.8,0.1,0.3,0.286,0.393
Gorgui Dieng,MIN,2018-19,0.0,0.0,10.692834890965733,25.060714285714287,27.98684210526316,28.44736842105263,0.0657894736842105,76.0,33.0,43.0,13.6,0.4,1.0,0.355,0.7,0.0,0.1,0.222,0.368
Gorgui Dieng,"MIN,MEM",2019-20,0.0,0.0,6.698181818181819,24.821874999999995,36.19047619047619,36.74603174603175,0.0793650793650793,63.0,20.0,43.0,17.4,0.2,0.6,0.275,0.4,0.0,0.1,0.25,0.3
Gorgui Dieng,"MEM,SAS",2020-21,0.0,0.0,5.06969696969697,25.295454545454547,30.0,30.05263157894737,0.0,38.0,14.0,24.0,14.5,0.3,0.6,0.417,0.6,0.1,0.2,0.5,0.479
Gradey Dick,TOR,2023-24,0.0,0.0,7.38921568627451,25.43485477178423,43.63333333333333,43.983333333333334,0.05,60.0,18.0,42.0,21.1,0.5,1.6,0.309,1.2,0.2,0.7,0.256,0.367
Gradey Dick,TOR,2024-25,0.0,0.0,6.77258566978193,25.653987730061353,60.94444444444444,61.07407407407408,0.1851851851851851,54.0,15.0,39.0,29.4,1.1,3.1,0.341,2.5,0.4,1.4,0.247,0.398
Gradey Dick,TOR,2025-26,0.0,0.0,6.313380281690141,25.11503267973857,33.45454545454545,33.41818181818182,0.0181818181818181,76.0,43.0,33.0,14.0,0.4,1.0,0.355,0.8,0.1,0.3,0.32,0.408
Grant Williams,BOS,2019-20,0.0,0.0,4.980869565217392,25.196875,31.420289855072465,31.652173913043477,0.1014492753623188,69.0,47.0,22.0,15.1,0.1,0.4,0.222,0.2,0.0,0.2,0.231,0.278
Grant Williams,BOS,2020-21,0.0,0.0,5.107627118644068,24.84573643410853,36.80952380952381,37.04761904761905,0.1428571428571428,63.0,30.0,33.0,18.1,0.1,0.4,0.292,0.3,0.0,0.1,0.429,0.354
Grant Williams,BOS,2021-22,0.0,0.0,4.690804597701148,24.570155038759687,48.62337662337662,48.77922077922078,0.2077922077922078,77.0,49.0,28.0,24.4,0.1,0.4,0.29,0.3,0.1,0.2,0.389,0.403
Grant Williams,BOS,2022-23,0.0,0.0,5.326486486486487,25.19965635738832,52.50632911392405,52.59493670886076,0.1772151898734177,79.0,55.0,24.0,25.9,0.4,1.0,0.405,1.1,0.3,0.7,0.462,0.557
Grant Williams,"DAL,CHO",2023-24,0.0,0.0,5.341358024691359,25.792063492063495,56.63157894736842,56.94736842105263,0.2368421052631578,76.0,34.0,42.0,28.0,0.4,1.0,0.373,0.8,0.1,0.3,0.308,0.427
Grayson Allen,MEM,2019-20,0.0,0.0,6.3100000000000005,25.23191489361702,40.526315789473685,40.81578947368421,0.2105263157894736,38.0,16.0,22.0,18.9,0.6,1.6,0.344,1.3,0.2,0.7,0.231,0.393
Grayson Allen,MEM,2020-21,0.0,0.0,6.844999999999999,25.460948905109483,52.54,52.6,0.16,50.0,26.0,24.0,25.2,0.8,2.2,0.375,2.2,0.5,1.3,0.358,0.482
Grayson Allen,MIL,2021-22,0.0,0.0,5.399444444444444,25.576092544987144,56.46969696969697,56.36363636363637,0.0757575757575757,66.0,43.0,23.0,27.3,0.8,1.8,0.441,2.1,0.5,1.2,0.432,0.589
Grayson Allen,MIL,2022-23,0.0,0.0,4.68324607329843,26.073497267759564,57.041666666666664,56.94444444444444,0.2777777777777778,72.0,53.0,19.0,27.4,0.6,1.7,0.331,1.6,0.5,1.3,0.362,0.471
Grayson Allen,PHO,2023-24,0.0,0.0,4.043881856540085,25.728988764044946,68.56,68.4,0.2533333333333333,75.0,45.0,30.0,33.5,0.5,1.1,0.482,1.5,0.4,0.8,0.492,0.665
Grayson Allen,PHO,2024-25,0.0,0.0,5.127338129496404,25.84285714285714,49.484375,48.9375,0.125,64.0,29.0,35.0,24.1,0.4,1.2,0.355,1.2,0.3,0.9,0.379,0.5
Greg Brown,POR,2021-22,0.0,0.0,3.9379844961240305,24.909836065573774,28.21276595744681,28.27659574468085,0.0638297872340425,48.0,14.0,34.0,13.3,0.1,0.4,0.158,0.2,0.0,0.1,0.4,0.211
Guerschon Yabusele,PHI,2024-25,0.0,0.0,3.310726643598616,26.005109489051097,53.81428571428572,53.82857142857143,0.0714285714285714,70.0,23.0,47.0,27.1,0.1,0.3,0.25,0.2,0.0,0.2,0.182,0.3
Gui Santos,GSW,2024-25,0.0,0.0,3.9315789473684206,25.48155339805825,27.535714285714285,27.5,0.0535714285714285,56.0,36.0,20.0,13.6,0.0,0.2,0.222,0.1,0.0,0.1,0.167,0.278
Gary Payton,WAS,2019-20,0.0,0.0,3.0914285714285716,24.689130434782616,31.275862068965516,31.379310344827587,0.0344827586206896,29.0,13.0,16.0,14.9,0.1,0.1,0.5,0.1,0.0,0.1,0.0,0.5
Gary Payton,GSW,2021-22,0.0,0.0,2.784304932735426,24.566666666666677,36.14492753623188,36.7536231884058,0.072463768115942,71.0,47.0,24.0,17.6,0.0,0.1,0.2,0.0,0.0,0.0,0.0,0.2
Gary Payton,GSW,2023-24,0.0,0.0,3.01328125,24.303636363636365,31.772727272727273,32.34090909090909,0.0454545454545454,44.0,27.0,17.0,15.5,0.0,0.0,0.0,0.0,0.0,0.0,0.0,0.0
Gary Payton,GSW,2024-25,0.0,0.0,3.3420792079207926,24.56421052631579,30.193548387096776,31.016129032258064,0.032258064516129,62.0,36.0,26.0,15.0,0.0,0.1,0.333,0.1,0.0,0.0,0.333,0.417
Gary Trent,POR,2019-20,0.0,0.0,10.485549132947977,25.192537313432833,45.540983606557376,45.278688524590166,0.2295081967213114,61.0,29.0,32.0,21.8,1.1,2.8,0.404,2.8,0.5,1.3,0.39,0.497
Gary Trent,"POR,TOR",2020-21,0.0,0.0,10.231386861313869,25.707258064516132,63.53448275862069,63.241379310344826,0.1551724137931034,58.0,29.0,29.0,31.1,2.5,6.5,0.377,6.1,1.1,3.2,0.355,0.463
Gary Trent,TOR,2021-22,0.0,0.0,11.186506469500918,25.77082568807339,70.08571428571429,70.04285714285714,0.2142857142857142,70.0,44.0,26.0,35.0,3.0,7.5,0.395,7.0,1.0,3.0,0.346,0.464
Gary Trent,TOR,2022-23,0.0,0.0,10.461649484536084,25.640000000000008,65.4090909090909,65.28787878787878,0.1515151515151515,66.0,31.0,35.0,32.1,2.3,5.9,0.39,5.3,0.7,2.2,0.299,0.445
Gary Trent,TOR,2023-24,0.0,0.0,10.119796954314722,25.686975717439292,57.50704225352113,57.309859154929576,0.0845070422535211,71.0,24.0,47.0,28.1,1.5,4.2,0.342,3.4,0.5,1.7,0.308,0.404
Gary Trent,MIL,2024-25,0.0,0.0,10.414732142857144,25.623787528868363,52.432432432432435,52.36486486486486,0.1486486486486486,74.0,44.0,30.0,25.6,1.3,3.0,0.426,3.2,0.6,1.4,0.427,0.525
Glenn Robinson,DET,2018-19,0.0,0.0,7.647368421052634,24.630645161290325,26.106382978723403,26.340425531914892,0.0851063829787234,47.0,24.0,23.0,13.0,0.3,0.6,0.5,0.7,0.0,0.0,0.5,0.517
Glenn Robinson,"GSW,PHI",2019-20,0.0,0.0,7.1706896551724135,24.91851851851852,59.564516129032256,59.82258064516129,0.0483870967741935,62.0,17.0,45.0,28.8,1.0,2.5,0.396,2.1,0.1,0.4,0.333,0.422
Hamidou Diallo,OKC,2019-20,0.0,0.0,4.570292887029289,24.419298245614037,40.45652173913044,40.65217391304348,0.391304347826087,46.0,25.0,21.0,19.5,0.2,0.8,0.278,0.5,0.0,0.1,0.167,0.292
Hamidou Diallo,"OKC,DET",2020-21,0.0,0.0,5.766666666666666,25.54390243902439,48.23076923076923,48.11538461538461,0.0961538461538461,52.0,18.0,34.0,23.6,0.7,2.0,0.327,1.4,0.1,0.3,0.438,0.361
Hamidou Diallo,DET,2021-22,0.0,0.0,6.080831408775982,25.353763440860217,45.0,44.827586206896555,0.1724137931034483,58.0,14.0,44.0,21.9,0.8,1.8,0.411,1.6,0.1,0.2,0.444,0.43
Hamidou Diallo,DET,2022-23,0.0,0.0,5.692655367231638,26.1,37.0,37.30357142857143,0.25,56.0,12.0,44.0,17.8,0.5,1.2,0.42,1.1,0.0,0.1,0.5,0.435
Harrison Barnes,"DAL,SAC",2018-19,0.0,0.0,6.93888888888889,25.63384615384615,68.93506493506493,68.79220779220779,0.1298701298701298,77.0,34.0,43.0,32.9,1.1,3.2,0.337,2.5,0.4,1.1,0.368,0.403
Harrison Barnes,SAC,2019-20,0.0,0.0,5.031809523809523,25.020522388059703,71.19444444444444,71.05555555555556,0.25,72.0,31.0,41.0,34.5,0.6,1.7,0.358,1.5,0.3,0.7,0.415,0.45
Harrison Barnes,SAC,2020-21,0.0,0.0,4.086269430051814,25.22265625,75.06896551724138,75.05172413793103,0.1551724137931034,58.0,25.0,33.0,36.2,0.6,1.8,0.34,1.7,0.5,1.3,0.351,0.467
Harrison Barnes,SAC,2021-22,0.0,0.0,4.725105485232066,25.13666666666667,69.55844155844156,69.67532467532467,0.2207792207792207,77.0,27.0,50.0,33.6,0.6,1.8,0.355,1.6,0.3,1.1,0.317,0.447
Harrison Barnes,SAC,2022-23,0.0,0.0,4.666438356164384,25.00481586402266,67.67073170731707,67.32926829268293,0.1951219512195122,82.0,48.0,34.0,32.5,0.5,1.3,0.402,1.3,0.3,0.7,0.418,0.509
Harrison Barnes,SAC,2023-24,0.0,0.0,5.7755043227665706,24.95402597402597,59.8780487804878,59.707317073170735,0.1463414634146341,82.0,46.0,36.0,29.0,0.6,1.3,0.486,1.6,0.3,0.6,0.415,0.587
Harrison Barnes,SAS,2024-25,0.0,0.0,4.003405572755417,24.445185185185196,55.670731707317074,55.21951219512195,0.024390243902439,82.0,34.0,48.0,27.2,0.4,0.9,0.432,1.0,0.2,0.6,0.391,0.554
Harry Giles,SAC,2018-19,0.0,0.0,6.692690058479534,30.183333333333337,30.25862068965517,30.603448275862068,0.0862068965517241,58.0,26.0,32.0,14.1,0.1,0.5,0.267,0.3,0.0,0.0,0.0,0.267
Harry Giles,SAC,2019-20,0.0,0.0,7.434538152610441,23.799999999999997,29.934782608695652,30.065217391304348,0.0434782608695652,46.0,22.0,24.0,14.5,0.3,0.6,0.462,0.5,0.0,0.0,0.0,0.462
Hassan Whiteside,MIA,2018-19,0.0,0.0,4.2835843373494,24.2625,46.958333333333336,47.27777777777778,0.0555555555555555,72.0,33.0,39.0,23.3,0.0,0.3,0.15,0.1,0.0,0.0,0.0,0.15
Hassan Whiteside,POR,2019-20,0.0,0.0,4.847482014388489,25.457142857142856,62.23880597014925,62.014925373134325,0.0895522388059701,67.0,34.0,33.0,30.0,0.2,0.5,0.333,0.4,0.0,0.0,0.0,0.333
Hassan Whiteside,SAC,2020-21,0.0,0.0,5.719730941704036,25.4,31.38888888888889,31.666666666666668,0.0555555555555555,36.0,16.0,20.0,15.2,0.1,0.3,0.167,0.1,0.0,0.0,0.0,0.167
Hassan Whiteside,UTA,2021-22,0.0,0.0,3.8203030303030303,0.0,36.09230769230769,36.03076923076923,0.0153846153846153,65.0,40.0,25.0,17.9,0.0,0.2,0.1,0.0,0.0,0.0,0.0,0.1
Haywood Highsmith,MIA,2022-23,0.0,0.0,5.723364485981308,24.966972477064218,37.07692307692308,37.38461538461539,0.0961538461538461,54.0,28.0,26.0,18.0,0.1,0.3,0.313,0.2,0.0,0.1,0.4,0.375
Haywood Highsmith,MIA,2023-24,0.0,0.0,4.921897810218978,24.96822916666667,41.21212121212121,41.303030303030305,0.0757575757575757,66.0,39.0,27.0,20.7,0.2,0.3,0.476,0.3,0.0,0.1,0.333,0.548
Haywood Highsmith,MIA,2024-25,0.0,0.0,4.238607594936708,24.69442060085837,48.71621621621622,48.972972972972975,0.1081081081081081,74.0,35.0,39.0,24.6,0.1,0.3,0.455,0.3,0.1,0.2,0.417,0.568
Herbert Jones,NOP,2021-22,0.0,0.0,4.997788697788698,24.517751479289952,60.55128205128205,60.756410256410255,0.1794871794871795,78.0,36.0,42.0,29.9,0.1,0.3,0.292,0.2,0.0,0.1,0.0,0.292
Herbert Jones,NOP,2022-23,0.0,0.0,4.15568862275449,24.414970059880236,60.04545454545455,60.0,0.2424242424242424,66.0,31.0,35.0,29.6,0.1,0.2,0.308,0.1,0.0,0.0,0.333,0.346
Herbert Jones,NOP,2023-24,0.0,0.0,4.624761904761906,24.41428571428571,61.578947368421055,61.86842105263158,0.1052631578947368,76.0,46.0,30.0,30.5,0.1,0.4,0.241,0.2,0.0,0.1,0.375,0.293
Hugo Gonzalez,BOS,2025-26,0.0,0.0,4.060919540229885,24.99736842105263,29.77551020408163,30.46938775510204,0.1836734693877551,74.0,51.0,23.0,14.6,0.1,0.2,0.25,0.1,0.0,0.1,0.1,0.281
Ian Clark,NOP,2018-19,0.0,0.0,8.982872928176795,25.261881188118807,34.88333333333333,34.78333333333333,0.0833333333333333,60.0,24.0,36.0,16.2,0.8,2.2,0.353,1.8,0.3,1.0,0.276,0.414
Ian Mahinmi,WAS,2018-19,0.0,0.0,3.5840909090909094,24.356250000000003,29.91176470588235,29.91176470588235,0.088235294117647,34.0,12.0,22.0,14.6,0.0,0.0,0.0,0.0,0.0,0.0,0.0,0.0
Ian Mahinmi,WAS,2019-20,0.0,0.0,3.732065217391304,27.723076923076924,44.39473684210526,44.026315789473685,0.0789473684210526,38.0,15.0,23.0,21.3,0.0,0.0,0.0,0.0,0.0,0.0,0.0,0.0
Ignas Brazdeikis,ORL,2021-22,0.0,0.0,4.296039603960395,25.312643678160924,26.5,26.47619047619047,0.119047619047619,42.0,9.0,33.0,12.8,0.2,0.6,0.346,0.5,0.1,0.4,0.267,0.423
Iman Shumpert,"SAC,HOU",2018-19,0.0,0.0,11.322222222222225,25.023943661971828,50.75806451612903,50.45161290322581,0.4354838709677419,62.0,39.0,23.0,23.9,0.7,2.5,0.297,1.8,0.3,1.0,0.262,0.352
Immanuel Quickley,NYK,2020-21,0.0,0.0,9.62129963898917,26.413201320132018,38.421875,38.078125,0.046875,64.0,37.0,27.0,19.4,1.8,5.2,0.337,4.4,0.9,2.8,0.331,0.426
Immanuel Quickley,NYK,2021-22,0.0,0.0,9.260365853658538,25.947222222222223,45.32051282051282,45.217948717948715,0.0769230769230769,78.0,35.0,43.0,23.1,1.9,5.3,0.36,5.0,1.2,3.3,0.351,0.469
Immanuel Quickley,NYK,2022-23,0.0,0.0,8.01514522821577,25.458590308370052,58.0,57.839506172839506,0.1111111111111111,81.0,47.0,34.0,28.9,1.8,4.8,0.38,4.6,0.9,2.5,0.345,0.471
Immanuel Quickley,"NYK,TOR",2023-24,0.0,0.0,7.8447916666666675,26.1819188191882,59.794117647058826,59.64705882352941,0.25,68.0,28.0,40.0,29.2,2.1,5.6,0.379,5.4,1.2,3.1,0.376,0.483
Immanuel Quickley,TOR,2024-25,0.0,0.0,7.752582159624411,26.389777777777773,56.878787878787875,57.18181818181818,0.0909090909090909,33.0,12.0,21.0,27.8,2.3,5.6,0.413,5.9,1.3,3.4,0.387,0.53
Isaac Bonga,WAS,2019-20,0.0,0.0,3.342944785276075,25.726760563380285,39.78787878787879,40.196969696969695,0.2272727272727272,66.0,22.0,44.0,18.9,0.0,0.2,0.154,0.1,0.0,0.1,0.0,0.154
Isaac Okoro,CLE,2020-21,0.0,0.0,3.649275362318841,24.982242990654203,64.95522388059702,65.34328358208955,0.1194029850746268,67.0,20.0,47.0,32.4,0.2,1.0,0.217,0.6,0.2,0.6,0.262,0.297
Isaac Okoro,CLE,2021-22,0.0,0.0,2.6240875912408765,23.945859872611464,58.55223880597015,59.134328358208954,0.2537313432835821,67.0,34.0,33.0,29.6,0.0,0.3,0.053,0.0,0.0,0.1,0.0,0.053
Isaac Okoro,CLE,2022-23,0.0,0.0,2.696174863387977,23.649122807017548,43.026315789473685,43.81578947368421,0.131578947368421,76.0,48.0,28.0,21.7,0.0,0.1,0.333,0.1,0.0,0.1,0.429,0.5
Isaac Okoro,CLE,2023-24,0.0,0.0,2.7392452830188674,24.461860465116285,54.31884057971015,54.95652173913044,0.1304347826086956,69.0,41.0,28.0,27.3,0.1,0.2,0.438,0.3,0.1,0.2,0.357,0.594
Isaac Okoro,CLE,2024-25,0.0,0.0,2.429310344827587,24.28675496688743,38.85454545454545,39.4,0.0545454545454545,55.0,44.0,11.0,19.1,0.1,0.2,0.231,0.2,0.1,0.2,0.273,0.346
Isaiah Briscoe,ORL,2018-19,0.0,0.0,9.089423076923074,24.747058823529414,29.23076923076923,29.307692307692307,0.2051282051282051,39.0,17.0,22.0,14.3,0.3,1.2,0.289,0.7,0.0,0.1,0.25,0.3
Isaiah Canaan,"PHO,MIN,MIL",2018-19,0.0,0.0,6.6,25.340000000000003,42.4,42.766666666666666,0.2333333333333333,30.0,10.0,20.0,20.9,0.8,1.8,0.434,2.0,0.4,1.2,0.351,0.557
Isaiah Collier,UTA,2024-25,0.0,0.0,5.841709844559586,26.22071005917159,53.91549295774648,53.985915492957744,0.056338028169014,71.0,14.0,57.0,25.9,0.5,2.1,0.236,1.2,0.2,1.1,0.205,0.291
Isaiah Hartenstein,"DEN,CLE",2020-21,0.0,0.0,4.260000000000001,25.433333333333337,24.369565217391305,24.456521739130434,0.108695652173913,46.0,20.0,26.0,12.1,0.0,0.1,0.25,0.1,0.0,0.0,1.0,0.375
Isaiah Hartenstein,LAC,2021-22,0.0,0.0,4.113095238095237,25.846666666666668,36.48529411764706,36.588235294117645,0.0735294117647058,68.0,37.0,31.0,17.9,0.1,0.3,0.278,0.2,0.0,0.1,0.4,0.333
Isaiah Hartenstein,NYK,2022-23,0.0,0.0,3.702413793103448,24.0027027027027,40.41463414634146,40.25609756097561,0.0365853658536585,82.0,47.0,35.0,19.9,0.0,0.1,0.375,0.1,0.0,0.0,0.0,0.375
Isaiah Hartenstein,NYK,2023-24,0.0,0.0,3.33038674033149,26.3,50.586666666666666,50.413333333333334,0.04,75.0,47.0,28.0,25.3,0.1,0.1,0.6,0.2,0.0,0.0,1.0,0.65
Isaiah Hartenstein,OKC,2024-25,0.0,0.0,5.918221258134489,25.594736842105263,57.75438596491228,57.45614035087719,0.0350877192982456,57.0,49.0,8.0,27.9,0.2,0.4,0.409,0.3,0.0,0.0,0.0,0.409
Isaiah Jackson,IND,2021-22,0.0,0.0,3.2547368421052636,25.58125,32.34285714285714,32.2,0.1428571428571428,36.0,9.0,27.0,15.0,0.1,0.3,0.182,0.1,0.0,0.1,0.5,0.227
Isaiah Jackson,IND,2022-23,0.0,0.0,3.2085526315789465,25.435714285714287,34.904761904761905,35.15873015873016,0.0476190476190476,63.0,24.0,39.0,16.5,0.1,0.2,0.462,0.2,0.0,0.0,0.0,0.462
Isaiah Jackson,IND,2023-24,0.0,0.0,2.750655021834061,24.6,28.051724137931036,28.13793103448276,0.0689655172413793,60.0,37.0,23.0,12.8,0.0,0.1,0.333,0.1,0.0,0.0,0.0,0.333
Isaiah Joe,OKC,2022-23,0.0,0.0,10.664035087719302,26.056091370558367,41.80281690140845,40.67605633802817,0.1971830985915492,73.0,36.0,37.0,19.1,0.8,2.0,0.431,2.1,0.4,1.2,0.345,0.531
Isaiah Joe,OKC,2023-24,0.0,0.0,9.668181818181816,25.701699716713893,39.37179487179487,38.166666666666664,0.1923076923076923,78.0,54.0,24.0,18.5,0.6,1.6,0.386,1.5,0.3,0.8,0.338,0.472
Isaiah Joe,OKC,2024-25,0.0,0.0,8.356557377049176,25.89656652360514,45.229729729729726,44.63513513513514,0.2027027027027027,74.0,63.0,11.0,21.7,0.7,2.3,0.312,2.0,0.5,1.7,0.305,0.425
Isaiah Livers,DET,2022-23,0.0,0.0,9.315294117647058,25.537931034482757,46.57692307692308,46.75,0.1153846153846153,52.0,10.0,42.0,23.1,0.5,1.2,0.406,1.2,0.2,0.4,0.391,0.477
Isaiah Roby,OKC,2020-21,0.0,0.0,3.845937499999999,26.100917431192663,48.967213114754095,48.967213114754095,0.081967213114754,61.0,19.0,42.0,23.4,0.3,0.7,0.356,0.7,0.1,0.4,0.346,0.456
Isaiah Roby,OKC,2021-22,0.0,0.0,4.205357142857142,25.653535353535357,44.022222222222226,43.95555555555555,0.0888888888888888,45.0,10.0,35.0,21.1,0.3,0.5,0.542,0.8,0.2,0.3,0.667,0.75
Isaiah Stewart,DET,2020-21,0.0,0.0,4.026011560693642,25.78095238095238,43.1764705882353,43.48529411764706,0.088235294117647,68.0,20.0,48.0,21.4,0.0,0.1,0.429,0.1,0.0,0.0,0.0,0.429
Isaiah Stewart,DET,2021-22,0.0,0.0,3.525900900900901,25.713043478260875,51.59154929577465,51.63380281690141,0.0985915492957746,71.0,21.0,50.0,25.6,0.0,0.1,0.111,0.0,0.0,0.0,0.5,0.167
Isaiah Stewart,DET,2022-23,0.0,0.0,3.4148305084745765,25.158536585365855,58.5,58.38,0.1,50.0,12.0,38.0,28.3,0.0,0.1,0.167,0.0,0.0,0.1,0.0,0.167
Isaiah Stewart,DET,2023-24,0.0,0.0,3.676328502415459,25.11428571428572,63.630434782608695,63.80434782608695,0.0652173913043478,46.0,9.0,37.0,30.9,0.1,0.3,0.5,0.3,0.1,0.1,0.667,0.667
Isaiah Stewart,DET,2024-25,0.0,0.0,3.5011494252873567,25.371698113207557,40.90277777777778,41.0,0.0555555555555555,72.0,38.0,34.0,19.9,0.0,0.2,0.167,0.1,0.0,0.1,0.0,0.167
Isaiah Thomas,WAS,2019-20,0.0,0.0,11.160759493670884,25.85449735449735,49.75,49.725,0.125,40.0,14.0,26.0,23.1,2.1,5.2,0.403,4.8,0.7,1.9,0.351,0.468
Ish Smith,DET,2018-19,0.0,0.0,8.764406779661016,26.3925925925926,44.910714285714285,44.910714285714285,0.125,56.0,33.0,23.0,22.3,1.3,3.6,0.368,3.0,0.4,1.1,0.313,0.417
Ish Smith,WAS,2019-20,0.0,0.0,9.298653846153847,25.121301775147924,56.088235294117645,55.955882352941174,0.1029411764705882,68.0,23.0,45.0,26.3,1.8,4.4,0.411,4.0,0.3,0.9,0.362,0.445
Ish Smith,WAS,2020-21,0.0,0.0,10.409677419354844,26.11428571428572,44.54545454545455,44.56818181818182,0.2045454545454545,44.0,23.0,21.0,21.0,1.2,3.2,0.366,2.4,0.0,0.2,0.125,0.37
Ish Smith,"CHO,WAS",2021-22,0.0,0.0,11.96502463054187,26.166666666666668,35.44615384615385,35.52307692307692,0.0769230769230769,65.0,27.0,38.0,17.3,1.6,3.9,0.426,3.5,0.2,0.6,0.293,0.45
Ish Smith,CHO,2023-24,0.0,0.0,9.224666666666668,29.9875,34.86046511627907,35.46511627906977,0.0930232558139534,43.0,6.0,37.0,17.2,0.8,2.1,0.363,1.6,0.1,0.2,0.429,0.379
Ish Wainright,PHO,2022-23,0.0,0.0,3.3296296296296286,24.94797687861272,31.216666666666665,31.55,0.0833333333333333,60.0,33.0,27.0,15.3,0.1,0.2,0.357,0.2,0.1,0.2,0.333,0.5
Ivan Rabb,MEM,2018-19,0.0,0.0,6.291370558375635,24.686666666666667,29.285714285714285,29.571428571428573,0.0612244897959183,49.0,20.0,29.0,14.7,0.1,0.4,0.389,0.3,0.0,0.0,0.0,0.389
Ivica Zubac,"LAL,LAC",2018-19,0.0,0.0,3.2806451612903227,0.0,37.49152542372882,37.440677966101696,0.0508474576271186,59.0,32.0,27.0,17.6,0.0,0.1,0.333,0.0,0.0,0.0,0.0,0.333
Ivica Zubac,LAC,2019-20,0.0,0.0,3.296083550913838,27.9,37.75,38.111111111111114,0.0,72.0,49.0,23.0,18.4,0.0,0.1,0.75,0.1,0.0,0.0,0.0,0.75
Ivica Zubac,LAC,2020-21,0.0,0.0,2.51948717948718,34.475,45.7887323943662,45.70422535211268,0.0704225352112676,72.0,47.0,25.0,22.3,0.0,0.0,1.0,0.0,0.0,0.0,0.0,1.0
Ivica Zubac,LAC,2021-22,0.0,0.0,3.43090909090909,0.0,48.89473684210526,48.85526315789474,0.0657894736842105,76.0,40.0,36.0,24.4,0.0,0.1,0.75,0.1,0.0,0.0,0.0,0.75
Ivica Zubac,LAC,2022-23,0.0,0.0,3.0910156249999994,51.3,57.44736842105263,57.38157894736842,0.0263157894736842,76.0,43.0,33.0,28.5,0.0,0.0,0.0,0.0,0.0,0.0,0.0,0.0
Ivica Zubac,LAC,2023-24,0.0,0.0,3.7090558766859343,0.0,52.51470588235294,52.25,0.0441176470588235,68.0,42.0,26.0,26.4,0.0,0.0,0.5,0.0,0.0,0.0,0.0,0.5
Ivica Zubac,LAC,2024-25,0.0,0.0,4.388853503184714,0.0,66.4,66.2375,0.05,80.0,50.0,30.0,32.8,0.1,0.1,0.545,0.2,0.0,0.0,0.0,0.545
JJ Barea,DAL,2018-19,0.0,0.0,8.231128404669262,25.761718749999993,41.18421052631579,40.8421052631579,0.4736842105263157,38.0,20.0,18.0,19.8,2.0,4.9,0.416,4.7,0.7,2.1,0.321,0.486
JJ Barea,DAL,2019-20,0.0,0.0,7.051639344262293,25.927058823529418,31.689655172413794,31.344827586206897,0.5517241379310345,29.0,15.0,14.0,15.5,1.3,3.5,0.366,3.3,0.8,2.1,0.367,0.475
Ja Morant,MEM,2019-20,0.0,0.0,5.441820580474934,26.87709497206704,65.59701492537313,65.59701492537313,0.0895522388059701,67.0,33.0,34.0,31.0,1.6,4.3,0.379,3.7,0.5,1.7,0.313,0.44
Ja Morant,MEM,2020-21,0.0,0.0,5.453631284916201,26.330705394190876,68.19047619047619,68.22222222222223,0.1587301587301587,63.0,33.0,30.0,32.6,1.5,4.2,0.348,3.5,0.6,2.0,0.302,0.42
Ja Morant,MEM,2021-22,0.0,0.0,5.7116178067318115,26.793750000000006,68.89473684210526,68.82456140350877,0.1052631578947368,57.0,36.0,21.0,33.1,2.3,6.3,0.369,5.5,0.8,2.4,0.338,0.433
Ja Morant,MEM,2022-23,0.0,0.0,5.949452954048139,26.59066666666666,67.24590163934427,67.01639344262296,0.3278688524590163,61.0,40.0,21.0,31.9,2.7,7.1,0.385,6.4,0.9,3.1,0.298,0.451
Ja Morant,MEM,2024-25,0.0,0.0,6.1405629139072815,26.638596491228068,65.64,65.14,0.24,50.0,30.0,20.0,30.4,2.0,5.6,0.352,4.8,0.8,2.8,0.286,0.423
JaKobe Walter,TOR,2024-25,0.0,0.0,5.7231884057971,25.214516129032265,43.53846153846154,43.73076923076923,0.1153846153846153,52.0,19.0,33.0,21.2,0.6,1.6,0.378,1.3,0.1,0.6,0.226,0.421
Jabari Parker,"CHI,WAS",2018-19,0.0,0.0,5.251960784313725,25.75802469135802,56.53125,56.328125,0.078125,64.0,18.0,46.0,26.9,1.1,3.0,0.374,2.6,0.3,0.9,0.321,0.421
Jabari Parker,"ATL,SAC",2019-20,0.0,0.0,6.9875,24.325000000000003,51.71052631578947,51.578947368421055,0.1578947368421052,38.0,9.0,29.0,24.2,0.3,1.2,0.244,0.7,0.1,0.5,0.263,0.3
Jabari Walker,POR,2023-24,0.0,0.0,4.047837837837838,25.193525179856113,47.541666666666664,47.361111111111114,0.125,72.0,18.0,54.0,23.6,0.1,0.4,0.222,0.2,0.0,0.1,0.25,0.241
Jabari Walker,POR,2024-25,0.0,0.0,3.3095541401273887,24.904166666666665,26.383333333333333,26.25,0.0833333333333333,60.0,23.0,37.0,12.5,0.0,0.1,0.333,0.1,0.0,0.0,0.5,0.417
Jabari Walker,PHI,2025-26,0.0,0.0,2.962962962962964,24.495238095238093,24.955555555555556,25.11111111111111,0.0,64.0,36.0,28.0,11.9,0.0,0.1,0.2,0.0,0.0,0.0,0.0,0.2
Jacob Evans,"GSW,MIN",2019-20,0.0,0.0,0.0,26.4,30.20689655172414,30.482758620689655,0.2068965517241379,29.0,8.0,21.0,14.4,0.8,2.3,0.343,1.7,0.1,0.3,0.25,0.358
Jacob Gilyard,"MEM,BRK",2023-24,0.0,0.0,0.0,31.46666666666667,34.65,34.75,0.05,41.0,12.0,29.0,17.0,0.5,1.2,0.388,1.3,0.3,0.9,0.389,0.531
Jaden Hardy,DAL,2022-23,0.0,0.0,5.6881355932203395,25.501282051282057,31.23404255319149,30.91489361702128,0.0638297872340425,48.0,20.0,28.0,14.8,0.8,2.1,0.374,2.0,0.5,1.2,0.386,0.485
Jaden Hardy,DAL,2023-24,0.0,0.0,8.232156862745097,25.69598214285714,28.575342465753423,28.410958904109588,0.0821917808219178,73.0,44.0,29.0,13.6,0.9,2.4,0.368,2.0,0.3,0.9,0.294,0.425
Jaden Hardy,DAL,2024-25,0.0,0.0,7.845622119815668,25.366497461928933,33.35087719298246,33.10526315789474,0.1228070175438596,57.0,30.0,27.0,15.9,1.0,2.3,0.417,2.2,0.3,0.8,0.319,0.473
Jaden Ivey,DET,2022-23,0.0,0.0,7.100473933649289,26.626,64.10810810810811,64.27027027027027,0.2567567567567567,74.0,16.0,58.0,31.1,1.9,5.1,0.363,4.4,0.7,2.3,0.305,0.431
Jaden Ivey,DET,2023-24,0.0,0.0,6.2788079470198666,26.166666666666668,59.96103896103896,59.922077922077925,0.1298701298701298,77.0,14.0,63.0,28.8,1.1,3.5,0.33,2.7,0.4,1.4,0.303,0.391
Jaden Ivey,DET,2024-25,0.0,0.0,6.076447876447876,26.55194805194806,60.56666666666667,60.36666666666667,0.2333333333333333,30.0,14.0,16.0,29.9,1.8,4.8,0.375,4.4,0.8,2.3,0.348,0.458
Jaden McDaniels,MIN,2020-21,0.0,0.0,5.680473372781065,24.825757575757567,50.25396825396825,50.476190476190474,0.0952380952380952,63.0,18.0,45.0,24.0,0.3,0.8,0.377,0.7,0.1,0.3,0.313,0.425
Jaden McDaniels,MIN,2021-22,0.0,0.0,4.978476821192051,24.406746031746025,53.92857142857143,53.957142857142856,0.2142857142857142,70.0,40.0,30.0,25.8,0.4,0.9,0.452,0.9,0.1,0.2,0.353,0.5
Jaden McDaniels,MIN,2022-23,0.0,0.0,5.367561521252798,24.405204460966544,63.24050632911393,63.31645569620253,0.1772151898734177,79.0,41.0,38.0,30.6,0.6,1.4,0.407,1.2,0.1,0.2,0.421,0.444
Jaden McDaniels,MIN,2023-24,0.0,0.0,6.196514745308311,24.36745098039216,58.083333333333336,58.30555555555556,0.1805555555555555,72.0,48.0,24.0,29.2,0.6,1.5,0.369,1.2,0.1,0.3,0.24,0.396
Jaden McDaniels,MIN,2024-25,0.0,0.0,6.0681732580037675,24.535643564356437,63.792682926829265,64.17073170731707,0.2682926829268293,82.0,49.0,33.0,31.9,0.9,2.2,0.422,2.0,0.1,0.5,0.324,0.456
Jae Crowder,UTA,2018-19,0.0,0.0,6.486909090909091,25.09157088122606,56.65,56.475,0.15,80.0,48.0,32.0,27.1,0.5,1.7,0.295,1.4,0.4,1.3,0.297,0.409
Jae Crowder,"MEM,MIA",2019-20,0.0,0.0,5.183333333333334,25.325,60.784615384615385,61.15384615384615,0.1846153846153846,65.0,29.0,36.0,28.8,0.8,2.1,0.363,2.1,0.6,1.6,0.369,0.504
Jae Crowder,PHO,2020-21,0.0,0.0,10.303571428571429,25.31368421052632,55.88333333333333,55.96666666666667,0.1666666666666666,60.0,42.0,18.0,27.5,0.4,1.2,0.304,1.0,0.3,0.8,0.356,0.42
Jae Crowder,PHO,2021-22,0.0,0.0,10.9608938547486,25.61643835616438,58.04477611940298,58.059701492537314,0.0895522388059701,67.0,54.0,13.0,28.1,0.6,1.8,0.358,1.5,0.2,0.8,0.264,0.417
Jae Crowder,MIL,2023-24,0.0,0.0,8.371153846153849,25.03614457831325,47.68,47.76,0.12,50.0,25.0,25.0,23.1,0.3,0.8,0.421,0.8,0.2,0.4,0.429,0.539
JaeSean Tate,HOU,2020-21,0.0,0.0,3.548372093023256,24.799487179487176,61.042857142857144,61.1,0.2571428571428571,70.0,17.0,53.0,29.2,0.0,0.4,0.115,0.1,0.0,0.1,0.2,0.154
JaeSean Tate,HOU,2021-22,0.0,0.0,3.2637571157495255,24.823762376237628,54.756410256410255,54.70512820512821,0.1538461538461538,78.0,19.0,59.0,26.4,0.1,0.3,0.308,0.3,0.1,0.3,0.4,0.462
JaeSean Tate,HOU,2022-23,0.0,0.0,4.25792349726776,25.57826086956522,44.645161290322584,44.67741935483871,0.0967741935483871,31.0,7.0,24.0,21.9,0.1,0.5,0.25,0.3,0.0,0.2,0.2,0.281
JaeSean Tate,HOU,2023-24,0.0,0.0,3.789473684210526,24.540259740259746,32.4,32.95384615384615,0.0615384615384615,65.0,32.0,33.0,15.9,0.0,0.1,0.0,0.0,0.0,0.1,0.0,0.0
Jahlil Okafor,NOP,2018-19,0.0,0.0,4.278151260504202,28.06,33.91379310344828,34.08620689655172,0.0517241379310344,59.0,23.0,36.0,15.8,0.2,0.5,0.429,0.4,0.0,0.0,0.0,0.429
Jahlil Okafor,NOP,2019-20,0.0,0.0,3.4704402515723274,25.866666666666664,32.56666666666667,32.666666666666664,0.0,30.0,9.0,21.0,15.6,0.2,0.3,0.556,0.3,0.0,0.0,0.0,0.556
Jahlil Okafor,DET,2020-21,0.0,0.0,3.953763440860215,25.433333333333337,25.814814814814813,26.22222222222222,0.037037037037037,27.0,5.0,22.0,12.9,0.1,0.3,0.5,0.3,0.0,0.0,0.0,0.5
Jaime Jaquez,MIA,2023-24,0.0,0.0,5.024040404040403,25.13960396039604,56.306666666666665,56.46666666666667,0.08,75.0,44.0,31.0,28.2,0.3,0.8,0.345,0.6,0.0,0.2,0.133,0.362
Jaime Jaquez,MIA,2024-25,0.0,0.0,4.50466472303207,25.304201680672264,41.78787878787879,41.74242424242424,0.0151515151515151,66.0,32.0,34.0,20.7,0.2,0.6,0.286,0.4,0.1,0.3,0.278,0.345
JaKarr Sampson,IND,2019-20,0.0,0.0,4.334313725490196,24.46923076923077,29.058823529411764,29.0,0.088235294117647,34.0,21.0,13.0,13.8,0.1,0.1,0.4,0.1,0.0,0.0,0.0,0.4
Jake LaRavia,MEM,2023-24,0.0,0.0,4.930612244897959,25.778205128205126,46.57142857142857,46.8,0.0285714285714285,35.0,8.0,27.0,23.0,0.6,1.7,0.361,1.6,0.4,1.2,0.317,0.467
Jake LaRavia,"MEM,SAC",2024-25,0.0,0.0,5.984090909090909,26.486538461538466,43.03030303030303,43.15151515151515,0.106060606060606,66.0,40.0,26.0,20.4,0.2,0.7,0.341,0.6,0.2,0.4,0.357,0.455
Jake Layman,POR,2018-19,0.0,0.0,4.6534979423868315,25.0182320441989,38.50704225352113,38.32394366197183,0.056338028169014,71.0,46.0,25.0,18.7,0.4,0.9,0.418,1.0,0.2,0.4,0.452,0.522
Jake Layman,MIN,2020-21,0.0,0.0,3.234905660377359,25.48846153846154,29.533333333333335,29.244444444444444,0.0666666666666666,45.0,12.0,33.0,13.9,0.1,0.5,0.286,0.3,0.1,0.3,0.214,0.357
Jakob Poeltl,SAS,2018-19,0.0,0.0,2.920000000000001,0.0,33.57142857142857,33.84415584415584,0.0519480519480519,77.0,43.0,34.0,16.5,0.0,0.1,0.25,0.0,0.0,0.0,0.0,0.25
Jakob Poeltl,SAS,2019-20,0.0,0.0,3.4041353383458635,0.0,37.333333333333336,37.378787878787875,0.106060606060606,66.0,30.0,36.0,17.7,0.0,0.0,1.0,0.1,0.0,0.0,0.0,1.0
Jakob Poeltl,SAS,2020-21,0.0,0.0,3.644883720930233,0.0,54.333333333333336,54.507246376811594,0.0289855072463768,69.0,32.0,37.0,26.7,0.0,0.1,0.2,0.0,0.0,0.0,0.0,0.2
Jakob Poeltl,SAS,2021-22,0.0,0.0,4.639425981873112,50.1,59.47058823529411,59.23529411764706,0.1176470588235294,68.0,30.0,38.0,29.0,0.1,0.4,0.4,0.3,0.0,0.0,1.0,0.42
Jakob Poeltl,"SAS,TOR",2022-23,0.0,0.0,4.508260869565217,0.0,54.416666666666664,54.388888888888886,0.0138888888888888,72.0,26.0,46.0,26.5,0.2,0.4,0.548,0.5,0.0,0.0,0.0,0.548
Jakob Poeltl,TOR,2023-24,0.0,0.0,3.886243386243385,0.0,54.04,54.04,0.04,50.0,21.0,29.0,26.4,0.0,0.1,0.167,0.0,0.0,0.0,0.0,0.167
Jakob Poeltl,TOR,2024-25,0.0,0.0,4.790277777777778,38.0,61.07017543859649,61.421052631578945,0.087719298245614,57.0,21.0,36.0,29.6,0.1,0.3,0.4,0.2,0.0,0.0,0.0,0.4
Jalen Brunson,DAL,2018-19,0.0,0.0,7.744791666666667,25.038121546961325,44.56164383561644,44.602739726027394,0.3835616438356164,73.0,27.0,46.0,21.8,1.1,2.7,0.395,2.5,0.3,0.9,0.368,0.458
Jalen Brunson,DAL,2019-20,0.0,0.0,8.467790262172283,25.26,37.25,37.32142857142857,0.2321428571428571,57.0,34.0,23.0,17.9,1.1,2.9,0.396,2.5,0.2,0.8,0.239,0.43
Jalen Brunson,DAL,2020-21,0.0,0.0,7.71615925058548,25.1135,50.27941176470589,50.05882352941177,0.3382352941176471,68.0,40.0,28.0,25.0,1.4,3.1,0.462,3.2,0.3,0.8,0.333,0.507
Jalen Brunson,DAL,2021-22,0.0,0.0,9.08029100529101,25.108730158730168,62.40506329113924,62.20253164556962,0.3417721518987341,79.0,50.0,29.0,31.9,2.4,5.2,0.451,5.0,0.3,1.0,0.313,0.482
Jalen Brunson,NYK,2022-23,0.0,0.0,8.377777777777778,25.24223602484473,70.41176470588235,69.79411764705883,0.7352941176470589,68.0,40.0,28.0,35.0,3.7,8.3,0.447,8.5,1.1,2.8,0.38,0.512
Jalen Brunson,NYK,2023-24,0.0,0.0,8.923796791443849,25.779847908745246,70.49350649350649,69.85714285714286,0.5324675324675324,77.0,49.0,28.0,35.4,4.8,10.9,0.445,11.3,1.6,4.3,0.374,0.518
Jalen Brunson,NYK,2024-25,0.0,0.0,8.58742216687422,25.634508816120913,71.15384615384616,70.78461538461538,0.4615384615384615,65.0,40.0,25.0,35.4,4.1,9.3,0.44,9.7,1.5,4.1,0.371,0.522
Jalen Duren,DET,2022-23,0.0,0.0,3.141414141414142,25.299999999999997,50.76119402985075,50.74626865671642,0.0298507462686567,67.0,16.0,51.0,24.9,0.1,0.2,0.333,0.1,0.0,0.0,0.0,0.333
Jalen Duren,DET,2023-24,0.0,0.0,3.704107142857143,28.174999999999997,60.295081967213115,60.540983606557376,0.0163934426229508,61.0,13.0,48.0,29.1,0.1,0.5,0.25,0.3,0.0,0.0,0.0,0.25
Jalen Duren,DET,2024-25,0.0,0.0,2.5168498168498172,0.0,53.79487179487179,53.93589743589744,0.0256410256410256,78.0,43.0,35.0,26.1,0.0,0.1,0.6,0.1,0.0,0.0,0.0,0.6
Jalen Green,HOU,2021-22,0.0,0.0,6.071975806451613,26.017903930131016,67.05970149253731,66.91044776119404,0.2985074626865671,67.0,12.0,55.0,31.9,1.6,4.7,0.348,4.3,1.0,3.0,0.342,0.456
Jalen Green,HOU,2022-23,0.0,0.0,7.410062111801243,26.437545126353783,70.82894736842105,70.57894736842105,0.1842105263157894,76.0,20.0,56.0,34.2,2.6,7.3,0.364,6.6,1.3,4.0,0.327,0.454
Jalen Green,HOU,2023-24,0.0,0.0,7.094773039889955,26.315867768595034,65.1219512195122,64.65853658536585,0.0365853658536585,82.0,41.0,41.0,31.7,2.4,6.8,0.354,6.2,1.4,4.1,0.335,0.456
Jalen Green,HOU,2024-25,0.0,0.0,7.953092783505153,26.14281391830561,67.2560975609756,66.82926829268293,0.024390243902439,82.0,52.0,30.0,32.9,2.5,7.8,0.327,6.6,1.5,4.8,0.316,0.424
Jalen Johnson,ATL,2022-23,0.0,0.0,4.421559633027522,25.51634615384616,31.3768115942029,31.47826086956522,0.0289855072463768,70.0,35.0,35.0,14.9,0.1,0.4,0.31,0.3,0.0,0.1,0.0,0.31
Jalen Johnson,ATL,2023-24,0.0,0.0,4.719123505976095,25.241999999999997,70.96428571428571,71.26785714285714,0.125,56.0,27.0,29.0,33.7,0.5,1.3,0.397,1.1,0.1,0.4,0.25,0.432
Jalen Johnson,ATL,2024-25,0.0,0.0,4.829850746268656,25.32482269503546,77.41666666666667,77.27777777777777,0.1388888888888889,36.0,18.0,18.0,35.7,0.4,1.8,0.222,0.9,0.1,0.5,0.235,0.254
Jalen McDaniels,CHO,2020-21,0.0,0.0,3.9363128491620127,24.562857142857155,38.361702127659576,38.57446808510638,0.0638297872340425,47.0,18.0,29.0,19.2,0.2,0.6,0.379,0.5,0.0,0.1,0.0,0.379
Jalen McDaniels,CHO,2021-22,0.0,0.0,4.7335616438356185,25.080555555555552,33.43636363636364,33.43636363636364,0.1272727272727272,55.0,34.0,21.0,16.3,0.1,0.3,0.412,0.3,0.0,0.1,0.333,0.441
Jalen McDaniels,"CHO,PHI",2022-23,0.0,0.0,4.510752688172044,25.09333333333333,49.6125,49.8375,0.1875,80.0,31.0,49.0,23.9,0.3,0.9,0.333,0.7,0.0,0.1,0.25,0.347
Jalen Pickett,DEN,2024-25,0.0,0.0,10.31012658227848,25.465346534653467,27.979166666666668,28.0625,0.0,49.0,31.0,18.0,13.6,0.5,1.3,0.406,1.3,0.3,0.5,0.583,0.516
Jalen Smith,"PHO,IND",2021-22,0.0,0.0,5.316923076923077,25.169879518072293,37.03921568627451,37.19607843137255,0.1764705882352941,51.0,29.0,22.0,18.1,0.1,0.3,0.176,0.1,0.0,0.0,0.0,0.176
Jalen Smith,IND,2022-23,0.0,0.0,4.82397476340694,25.187958115183243,39.5735294117647,39.544117647058826,0.0735294117647058,68.0,31.0,37.0,18.8,0.1,0.4,0.333,0.3,0.0,0.1,0.6,0.396
Jalen Smith,IND,2023-24,0.0,0.0,3.498007968127489,26.062499999999996,35.721311475409834,35.9344262295082,0.081967213114754,61.0,36.0,25.0,17.2,0.1,0.3,0.5,0.3,0.1,0.1,0.5,0.625
Jalen Smith,CHI,2024-25,0.0,0.0,3.311827956989246,25.603153153153155,32.015625,32.625,0.0625,64.0,28.0,36.0,15.0,0.1,0.2,0.357,0.2,0.0,0.1,0.375,0.464
Jalen Suggs,ORL,2021-22,0.0,0.0,6.099431818181818,26.273469387755096,56.583333333333336,56.75,0.3125,48.0,16.0,32.0,27.2,0.8,3.5,0.234,2.0,0.3,1.8,0.19,0.281
Jalen Suggs,ORL,2022-23,0.0,0.0,6.7508264462809935,26.635643564356428,48.62264150943396,48.679245283018865,0.3584905660377358,53.0,20.0,33.0,23.5,1.0,2.9,0.34,2.5,0.5,1.7,0.303,0.426
Jalen Suggs,ORL,2023-24,0.0,0.0,6.185106382978723,25.71948051948051,55.053333333333335,55.13333333333333,0.3733333333333333,75.0,43.0,32.0,27.0,0.9,2.4,0.36,2.2,0.5,1.3,0.378,0.463
Jalen Suggs,ORL,2024-25,0.0,0.0,8.16234309623431,27.097520661157024,57.74285714285714,58.17142857142857,0.4,35.0,20.0,15.0,28.6,1.8,5.4,0.339,4.4,0.7,2.7,0.269,0.405
Jalen Williams,OKC,2022-23,0.0,0.0,5.051952461799658,25.9180487804878,63.973333333333336,64.10666666666667,0.1733333333333333,75.0,36.0,39.0,30.3,0.8,2.0,0.395,1.7,0.1,0.4,0.333,0.432
Jalen Williams,OKC,2023-24,0.0,0.0,7.459973404255321,25.689626556016595,65.64788732394366,65.52112676056338,0.2816901408450704,71.0,51.0,20.0,31.3,2.6,5.2,0.501,5.7,0.6,1.3,0.421,0.556
Jalen Williams,OKC,2024-25,0.0,0.0,8.071256038647345,26.038235294117648,67.94202898550725,67.71014492753623,0.217391304347826,69.0,55.0,14.0,32.4,3.0,6.8,0.435,6.4,0.5,1.7,0.304,0.472
Jalen Wilson,BRK,2023-24,0.0,0.0,5.656190476190477,25.71351351351351,31.214285714285715,31.142857142857142,0.0476190476190476,43.0,14.0,29.0,15.5,0.1,0.5,0.19,0.2,0.0,0.1,0.0,0.19
Jalen Wilson,BRK,2024-25,0.0,0.0,4.704651162790698,25.536187845303875,50.88607594936709,50.88607594936709,0.0379746835443038,79.0,25.0,54.0,25.7,0.1,0.6,0.25,0.3,0.0,0.3,0.143,0.284
Jamal Cain,NOP,2024-25,0.0,0.0,5.865384615384616,24.65875,28.77777777777778,28.47222222222222,0.0555555555555555,37.0,6.0,31.0,13.6,0.3,0.8,0.333,0.7,0.2,0.4,0.429,0.433
Jamal Crawford,PHO,2018-19,0.0,0.0,14.066949152542367,26.15742574257426,40.0625,39.859375,0.09375,64.0,13.0,51.0,18.9,1.9,4.7,0.401,4.3,0.6,1.8,0.31,0.46
Jamal Murray,DEN,2018-19,0.0,0.0,9.288142292490122,25.68140096618357,66.05333333333333,65.98666666666666,0.24,75.0,49.0,26.0,32.6,3.1,7.8,0.399,7.1,0.9,2.8,0.338,0.46
Jamal Murray,DEN,2019-20,0.0,0.0,9.779473684210526,25.66172839506172,64.45762711864407,64.10169491525424,0.288135593220339,59.0,38.0,21.0,32.3,3.4,8.1,0.414,7.7,1.0,3.0,0.324,0.475
Jamal Murray,DEN,2020-21,0.0,0.0,10.74936974789916,26.074367088607595,70.60416666666667,70.27083333333333,0.3125,48.0,31.0,17.0,35.5,3.9,9.4,0.412,9.3,1.6,4.0,0.391,0.496
Jamal Murray,DEN,2022-23,0.0,0.0,9.529720853858787,26.331250000000008,66.43076923076923,66.21538461538462,0.2,65.0,43.0,22.0,32.8,3.4,8.5,0.401,8.3,1.5,3.8,0.393,0.488
Jamal Murray,DEN,2023-24,0.0,0.0,9.60341085271318,25.907038123167148,62.79661016949152,62.88135593220339,0.1016949152542373,59.0,44.0,15.0,31.5,3.7,8.3,0.449,8.8,1.3,3.1,0.424,0.528
Jamal Murray,DEN,2024-25,0.0,0.0,9.794060773480664,26.068261964735523,74.23880597014926,74.1044776119403,0.1791044776119403,67.0,41.0,26.0,36.1,3.6,8.3,0.436,8.4,1.3,3.1,0.402,0.512
Jamal Shead,TOR,2024-25,0.0,0.0,6.781138790035587,26.10627802690582,40.52,40.57333333333333,0.28,75.0,28.0,47.0,19.6,0.5,1.9,0.293,1.3,0.2,0.8,0.242,0.346
Jamaree Bouyea,PHO,2025-26,0.0,0.0,8.37238095238095,25.55384615384616,31.0,31.428571428571427,0.1071428571428571,46.0,23.0,23.0,14.0,0.7,2.0,0.323,1.6,0.3,0.8,0.324,0.387
James Bouknight,CHO,2022-23,0.0,0.0,6.732142857142856,26.49082568807339,31.558823529411764,31.852941176470587,0.1176470588235294,34.0,9.0,25.0,15.2,0.7,2.1,0.324,1.7,0.4,1.3,0.273,0.408
James Ennis,"HOU,PHI",2018-19,0.0,0.0,3.704255319148936,24.26944444444444,43.172413793103445,43.293103448275865,0.1379310344827586,58.0,35.0,23.0,21.2,0.2,0.4,0.375,0.4,0.1,0.3,0.412,0.521
James Ennis,"PHI,ORL",2019-20,0.0,0.0,4.43,25.99047619047619,37.78260869565217,38.130434782608695,0.1014492753623188,69.0,42.0,27.0,18.3,0.2,0.6,0.366,0.6,0.1,0.3,0.364,0.463
James Ennis,ORL,2020-21,0.0,0.0,5.242446043165466,25.335576923076925,48.80487804878049,48.80487804878049,0.1951219512195122,41.0,12.0,29.0,24.1,0.5,1.1,0.426,1.1,0.2,0.6,0.304,0.5
James Harden,HOU,2018-19,0.0,0.0,4.7889897843359845,26.264980544747083,74.07692307692308,73.88461538461539,0.2051282051282051,78.0,51.0,27.0,36.8,5.1,13.7,0.369,14.5,4.4,12.1,0.363,0.529
James Harden,HOU,2019-20,0.0,0.0,3.915648286140088,26.656583629893237,77.47058823529412,77.51470588235294,0.0588235294117647,68.0,43.0,25.0,36.5,4.0,11.6,0.347,11.8,3.8,10.9,0.35,0.511
James Harden,"HOU,BRK",2020-21,0.0,0.0,4.876557863501485,26.28740458015267,74.63636363636364,74.36363636363636,0.0909090909090909,44.0,31.0,13.0,36.6,2.8,7.6,0.372,8.1,2.4,6.6,0.361,0.528
James Harden,"BRK,PHI",2021-22,0.0,0.0,5.501379310344828,26.003546099290777,75.44615384615385,75.84615384615384,0.0615384615384615,65.0,40.0,25.0,37.2,2.6,7.4,0.344,7.0,1.9,5.8,0.332,0.473
James Harden,PHI,2022-23,0.0,0.0,6.866037735849058,26.495454545454542,72.53448275862068,72.37931034482759,0.1379310344827586,58.0,39.0,19.0,36.8,3.0,7.6,0.395,8.0,2.0,5.3,0.376,0.525
James Harden,LAC,2023-24,0.0,0.0,6.947305389221557,26.323155737704912,68.29166666666667,68.15277777777777,0.0972222222222222,72.0,46.0,26.0,34.3,2.4,6.1,0.394,6.5,1.7,4.5,0.385,0.538
James Harden,LAC,2024-25,0.0,0.0,7.371451355661882,26.59925149700598,71.78481012658227,71.65822784810126,0.1012658227848101,79.0,50.0,29.0,35.3,3.3,9.4,0.352,8.9,2.3,6.9,0.338,0.476
James Johnson,MIA,2018-19,0.0,0.0,5.133913043478262,25.6758389261745,42.72727272727273,42.872727272727275,0.0181818181818181,55.0,27.0,28.0,21.2,0.4,1.3,0.348,1.1,0.2,0.6,0.364,0.435
James Johnson,"MIA,MIN",2019-20,0.0,0.0,3.784146341463414,26.330434782608695,41.09375,41.59375,0.03125,32.0,14.0,18.0,19.4,0.3,1.2,0.282,0.9,0.3,1.0,0.25,0.385
James Johnson,"DAL,NOP",2020-21,0.0,0.0,4.158196721311475,24.905,42.84313725490196,42.86274509803921,0.0588235294117647,51.0,21.0,30.0,20.5,0.2,0.8,0.3,0.5,0.1,0.4,0.158,0.338
James Johnson,BRK,2021-22,0.0,0.0,3.5414414414414424,24.807058823529417,38.32258064516129,38.95161290322581,0.032258064516129,62.0,30.0,32.0,19.2,0.1,0.6,0.194,0.3,0.0,0.3,0.167,0.236
James Wiseman,GSW,2020-21,0.0,0.0,7.095454545454544,25.8,46.35897435897436,46.48717948717949,0.0769230769230769,39.0,18.0,21.0,21.4,0.2,0.8,0.242,0.5,0.1,0.2,0.25,0.273
James Wiseman,"GSW,DET",2022-23,0.0,0.0,5.3744493392070485,25.577777777777776,39.733333333333334,40.13333333333333,0.0444444444444444,45.0,11.0,34.0,19.3,0.1,0.6,0.2,0.2,0.0,0.0,0.0,0.2
James Wiseman,DET,2023-24,0.0,0.0,4.519801980198021,41.8,35.904761904761905,35.888888888888886,0.0317460317460317,63.0,9.0,54.0,17.3,0.1,0.3,0.235,0.1,0.0,0.0,0.0,0.235
Jamison Battle,TOR,2024-25,0.0,0.0,6.773863636363637,24.987258687258684,36.76271186440678,36.74576271186441,0.0847457627118644,59.0,21.0,38.0,17.7,0.4,1.0,0.439,1.1,0.2,0.6,0.412,0.561
JaMychal Green,"MEM,LAC",2018-19,0.0,0.0,5.33809523809524,25.339999999999996,43.246153846153845,43.50769230769231,0.0615384615384615,65.0,31.0,34.0,21.1,0.1,0.5,0.233,0.3,0.0,0.2,0.25,0.283
JaMychal Green,LAC,2019-20,0.0,0.0,4.069298245614036,25.273109243697483,44.06349206349206,43.93650793650794,0.0793650793650793,63.0,43.0,20.0,20.7,0.1,0.3,0.471,0.3,0.0,0.1,0.375,0.559
JaMychal Green,DEN,2020-21,0.0,0.0,4.755113636363637,25.036363636363635,38.37931034482759,38.12068965517241,0.0,58.0,38.0,20.0,19.3,0.0,0.3,0.118,0.1,0.0,0.1,0.0,0.118
JaMychal Green,DEN,2021-22,0.0,0.0,3.960591133004927,25.545161290322586,32.298507462686565,32.61194029850746,0.0597014925373134,67.0,36.0,31.0,16.2,0.1,0.1,0.4,0.1,0.0,0.0,0.0,0.4
JaMychal Green,GSW,2022-23,0.0,0.0,3.312765957446808,24.948648648648653,29.70175438596491,29.75438596491228,0.087719298245614,57.0,30.0,27.0,14.0,0.0,0.0,0.0,0.0,0.0,0.0,0.0,0.0
Jarace Walker,IND,2024-25,0.0,0.0,6.530285714285715,25.779459459459467,33.026666666666664,33.29333333333334,0.0533333333333333,75.0,45.0,30.0,15.8,0.6,1.4,0.425,1.5,0.3,0.8,0.407,0.538
Jared Butler,WAS,2023-24,0.0,0.0,5.25691056910569,27.4,29.625,29.775,0.175,40.0,6.0,34.0,14.1,0.6,1.4,0.393,1.4,0.3,0.9,0.324,0.5
Jared Butler,"WAS,PHI",2024-25,0.0,0.0,6.831543624161075,26.011718749999996,36.35,36.4,0.0333333333333333,60.0,6.0,54.0,17.4,1.1,2.6,0.41,2.5,0.4,1.2,0.314,0.481
Jared Dudley,BRK,2018-19,0.0,0.0,5.884090909090909,25.3841059602649,42.13559322033898,42.067796610169495,0.1864406779661017,59.0,28.0,31.0,20.7,0.2,0.3,0.6,0.4,0.1,0.1,0.6,0.7
Jaron Blossomgame,CLE,2018-19,0.0,0.0,4.329850746268656,24.830769230769228,32.333333333333336,32.370370370370374,0.074074074074074,27.0,4.0,23.0,16.3,0.0,0.3,0.143,0.1,0.0,0.0,0.0,0.143
Jarred Vanderbilt,MIN,2020-21,0.0,0.0,2.0748917748917752,25.9,37.3125,37.65625,0.140625,64.0,18.0,46.0,17.8,0.0,0.1,0.0,0.0,0.0,0.0,0.0,0.0
Jarred Vanderbilt,MIN,2021-22,0.0,0.0,2.222190201729106,23.771428571428572,52.17567567567568,52.62162162162162,0.2162162162162162,74.0,41.0,33.0,25.4,0.0,0.0,0.333,0.0,0.0,0.0,0.0,0.333
Jarred Vanderbilt,"UTA,LAL",2022-23,0.0,0.0,2.5299065420560747,23.230303030303027,49.47435897435897,49.666666666666664,0.282051282051282,78.0,43.0,35.0,24.1,0.1,0.2,0.25,0.1,0.0,0.0,0.5,0.281
Jarred Vanderbilt,LAL,2023-24,0.0,0.0,2.735632183908046,25.192592592592582,41.758620689655174,42.3448275862069,0.3793103448275862,29.0,14.0,15.0,20.0,0.0,0.1,0.0,0.0,0.0,0.0,0.0,0.0
Jarred Vanderbilt,LAL,2024-25,0.0,0.0,2.0977528089887643,25.243749999999995,32.80555555555556,32.72222222222222,0.1111111111111111,36.0,25.0,11.0,16.1,0.0,0.0,0.0,0.0,0.0,0.0,0.0,0.0
Jarrett Allen,BRK,2018-19,0.0,0.0,2.6391969407265776,23.19555555555555,54.9625,54.9125,0.125,80.0,42.0,38.0,26.2,0.0,0.0,0.0,0.0,0.0,0.0,0.0,0.0
Jarrett Allen,BRK,2019-20,0.0,0.0,2.2923747276688453,23.683333333333337,55.18571428571428,54.857142857142854,0.0857142857142857,70.0,33.0,37.0,26.5,0.0,0.0,0.0,0.0,0.0,0.0,0.0,0.0
Jarrett Allen,"BRK,CLE",2020-21,0.0,0.0,3.6849246231155774,25.510526315789473,59.98412698412698,59.95238095238095,0.1746031746031746,63.0,20.0,43.0,29.6,0.0,0.0,0.0,0.0,0.0,0.0,0.0,0.0
Jarrett Allen,CLE,2021-22,0.0,0.0,3.4280373831775703,25.38,64.01785714285714,64.35714285714286,0.2857142857142857,56.0,35.0,21.0,32.3,0.1,0.1,0.429,0.1,0.0,0.0,0.5,0.5
Jarrett Allen,CLE,2022-23,0.0,0.0,4.052435064935064,24.16,64.45588235294117,64.48529411764706,0.1323529411764706,68.0,44.0,24.0,32.6,0.0,0.1,0.5,0.1,0.0,0.0,0.0,0.5
Jarrett Allen,CLE,2023-24,0.0,0.0,4.06371463714637,25.100000000000005,63.72727272727273,64.03896103896103,0.1948051948051948,77.0,46.0,31.0,31.7,0.0,0.2,0.231,0.1,0.0,0.0,0.0,0.231
Jarrett Allen,CLE,2024-25,0.0,0.0,3.3965354330708664,25.42,58.01219512195122,58.19512195121951,0.1463414634146341,82.0,64.0,18.0,28.0,0.0,0.1,0.0,0.0,0.0,0.0,0.0,0.0
Jarrett Culver,MIN,2019-20,0.0,0.0,3.6278735632183903,25.436651583710407,51.20634920634921,51.25396825396825,0.0476190476190476,63.0,19.0,44.0,23.9,0.5,1.5,0.305,1.2,0.3,1.0,0.292,0.405
Jarrett Culver,MIN,2020-21,0.0,0.0,3.2521739130434772,25.03962264150943,30.61764705882353,30.970588235294116,0.1176470588235294,34.0,7.0,27.0,14.7,0.1,0.5,0.188,0.2,0.0,0.3,0.1,0.219
Jase Richardson,ORL,2025-26,0.0,0.0,5.960227272727274,25.152238805970153,24.71794871794872,25.153846153846153,0.1538461538461538,54.0,26.0,28.0,10.9,0.3,0.9,0.375,0.8,0.1,0.5,0.24,0.438
JaVale McGee,LAL,2018-19,0.0,0.0,3.522893481717011,28.34166666666667,47.56,47.53333333333333,0.0266666666666666,75.0,35.0,40.0,22.3,0.1,0.4,0.321,0.2,0.0,0.0,0.0,0.321
JaVale McGee,LAL,2019-20,0.0,0.0,3.081666666666667,30.5,34.661764705882355,34.55882352941177,0.0147058823529411,68.0,51.0,17.0,16.6,0.1,0.2,0.25,0.1,0.0,0.1,0.5,0.313
JaVale McGee,"CLE,DEN",2020-21,0.0,0.0,4.917460317460318,26.15,29.60869565217391,29.91304347826087,0.0217391304347826,46.0,21.0,25.0,14.7,0.2,0.7,0.212,0.3,0.0,0.1,0.0,0.212
JaVale McGee,PHO,2021-22,0.0,0.0,3.8164810690423168,25.866666666666667,32.486486486486484,32.445945945945944,0.081081081081081,74.0,57.0,17.0,15.8,0.1,0.4,0.423,0.3,0.0,0.0,0.5,0.442
Javonte Green,CHI,2021-22,0.0,0.0,2.355357142857143,24.163366336633665,47.49230769230769,48.03076923076923,0.1384615384615384,65.0,38.0,27.0,23.4,0.1,0.2,0.455,0.2,0.0,0.0,0.5,0.5
Javonte Green,CHI,2022-23,0.0,0.0,2.5356164383561643,24.88,31.125,31.375,0.15625,32.0,13.0,19.0,15.0,0.1,0.2,0.4,0.2,0.0,0.0,1.0,0.5
Javonte Green,"NOP,CLE",2024-25,0.0,0.0,2.9066666666666663,24.954545454545453,38.10294117647059,38.35294117647059,0.0588235294117647,68.0,24.0,44.0,18.5,0.0,0.2,0.167,0.1,0.0,0.0,0.333,0.208
Jaxson Hayes,NOP,2019-20,0.0,0.0,1.956078431372549,57.3,36.765625,36.9375,0.09375,64.0,28.0,36.0,16.9,0.0,0.0,0.0,0.0,0.0,0.0,0.0,0.0
Jaxson Hayes,NOP,2020-21,0.0,0.0,3.228947368421053,27.557142857142853,33.666666666666664,33.7,0.0833333333333333,60.0,24.0,36.0,16.1,0.1,0.2,0.308,0.2,0.0,0.1,0.333,0.346
Jaxson Hayes,NOP,2021-22,0.0,0.0,3.487390029325513,25.44912280701754,40.457142857142856,40.51428571428571,0.0857142857142857,70.0,29.0,41.0,20.0,0.0,0.2,0.154,0.1,0.0,0.1,0.2,0.192
Jaxson Hayes,NOP,2022-23,0.0,0.0,3.3779527559055107,25.272413793103446,26.72340425531915,26.95744680851064,0.0638297872340425,47.0,22.0,25.0,13.0,0.0,0.0,0.0,0.0,0.0,0.0,0.0,0.0
Jaxson Hayes,LAL,2023-24,0.0,0.0,2.68502994011976,30.8375,26.042857142857144,26.38571428571429,0.0285714285714285,70.0,41.0,29.0,12.5,0.0,0.0,0.0,0.0,0.0,0.0,0.0,0.0
Jaxson Hayes,LAL,2024-25,0.0,0.0,2.5790909090909095,26.399999999999995,39.839285714285715,39.857142857142854,0.1071428571428571,56.0,38.0,18.0,19.5,0.0,0.0,0.0,0.0,0.0,0.0,0.0,0.0
Jaylen Adams,ATL,2018-19,0.0,0.0,8.41388888888889,25.875675675675677,27.176470588235293,27.176470588235293,0.088235294117647,34.0,13.0,21.0,12.6,0.4,1.2,0.325,1.0,0.2,0.8,0.308,0.425
Jaylen Brown,BOS,2018-19,0.0,0.0,5.958914728682168,25.281521739130422,53.63513513513514,54.148648648648646,0.0675675675675675,74.0,41.0,33.0,25.9,0.9,2.3,0.393,1.9,0.1,0.4,0.345,0.423
Jaylen Brown,BOS,2019-20,0.0,0.0,6.36229508196721,25.486686390532544,69.21052631578948,69.56140350877193,0.1403508771929824,57.0,38.0,19.0,33.9,1.6,4.1,0.379,3.6,0.5,1.7,0.292,0.438
Jaylen Brown,BOS,2020-21,0.0,0.0,7.446999999999999,25.864720194647187,70.96551724137932,70.94827586206897,0.1206896551724138,58.0,30.0,28.0,34.5,2.7,6.4,0.425,6.2,0.7,2.3,0.313,0.481
Jaylen Brown,BOS,2021-22,0.0,0.0,7.399203187250997,26.070258620689657,67.86363636363636,67.57575757575758,0.1666666666666666,66.0,43.0,23.0,33.6,2.2,5.6,0.398,5.3,0.8,2.4,0.348,0.474
Jaylen Brown,BOS,2022-23,0.0,0.0,7.204687499999994,26.09137577002053,74.1044776119403,73.94029850746269,0.1194029850746268,67.0,46.0,21.0,35.9,2.6,6.4,0.403,6.0,0.8,2.6,0.318,0.467
Jaylen Brown,BOS,2023-24,0.0,0.0,6.8044917257683215,25.906829268292668,68.62857142857143,68.4,0.1285714285714285,70.0,52.0,18.0,33.5,2.5,5.9,0.424,5.8,0.8,2.4,0.351,0.495
Jaylen Brown,BOS,2024-25,0.0,0.0,7.356315789473681,26.065083798882675,69.25396825396825,69.14285714285714,0.1269841269841269,63.0,46.0,17.0,34.3,2.3,6.5,0.359,5.4,0.8,2.7,0.292,0.42
Jaylen Clark,MIN,2024-25,0.0,0.0,4.275362318840581,25.680392156862744,26.95,27.075,0.15,40.0,28.0,12.0,13.0,0.1,0.2,0.25,0.1,0.0,0.1,0.0,0.25
Jaylen Clark,MIN,2025-26,0.0,0.0,3.959595959595959,24.025352112676057,27.77358490566038,28.37735849056604,0.0566037735849056,68.0,40.0,28.0,13.1,0.1,0.3,0.263,0.2,0.0,0.1,0.375,0.342
Jaylen Nowell,MIN,2020-21,0.0,0.0,7.84972972972973,25.89533333333333,38.04761904761905,38.023809523809526,0.119047619047619,42.0,10.0,32.0,18.1,1.1,2.6,0.423,2.6,0.3,1.0,0.326,0.486
Jaylen Nowell,MIN,2021-22,0.0,0.0,6.941501976284584,25.379375000000003,33.193548387096776,33.03225806451613,0.0483870967741935,62.0,37.0,25.0,15.7,0.9,2.0,0.452,2.1,0.3,0.7,0.413,0.528
Jaylen Nowell,MIN,2022-23,0.0,0.0,6.215776081424937,25.81422413793104,41.06153846153846,40.89230769230769,0.2153846153846154,65.0,34.0,31.0,19.3,1.3,3.0,0.431,3.0,0.4,1.4,0.304,0.503
Jaylen Wells,MEM,2024-25,0.0,0.0,7.324028268551239,24.7846547314578,55.177215189873415,55.18987341772152,0.4683544303797468,79.0,47.0,32.0,25.9,0.6,1.4,0.402,1.4,0.3,0.7,0.37,0.491
Jaylin Williams,OKC,2022-23,0.0,0.0,7.558677685950413,25.51769911504425,38.69387755102041,39.02040816326531,0.1224489795918367,49.0,23.0,26.0,18.7,0.0,0.1,0.667,0.1,0.0,0.0,1.0,0.833
Jaylin Williams,OKC,2023-24,0.0,0.0,5.288095238095236,25.216666666666654,26.55072463768116,26.579710144927535,0.0144927536231884,69.0,48.0,21.0,13.0,0.0,0.1,0.111,0.0,0.0,0.1,0.0,0.111
Jaylin Williams,OKC,2024-25,0.0,0.0,5.689705882352942,25.88366013071895,34.851063829787236,34.61702127659574,0.0851063829787234,47.0,40.0,7.0,16.7,0.1,0.2,0.444,0.2,0.0,0.0,1.0,0.5
Jayson Tatum,BOS,2018-19,0.0,0.0,8.722344827586209,25.13569131832798,63.949367088607595,63.50632911392405,0.0379746835443038,79.0,48.0,31.0,31.1,1.9,5.4,0.357,4.3,0.5,1.4,0.324,0.399
Jayson Tatum,BOS,2019-20,0.0,0.0,7.2853368560105665,25.83091684434968,70.51515151515152,70.18181818181819,0.0909090909090909,66.0,46.0,20.0,34.3,3.4,8.4,0.4,8.6,1.9,4.7,0.404,0.512
Jayson Tatum,BOS,2020-21,0.0,0.0,7.976230492196879,26.048865979381443,72.859375,72.6875,0.0625,64.0,34.0,30.0,35.8,3.4,9.6,0.358,8.8,2.0,5.4,0.363,0.459
Jayson Tatum,BOS,2021-22,0.0,0.0,7.574479737130336,25.90061443932411,71.86842105263158,71.61842105263158,0.1447368421052631,76.0,49.0,27.0,35.9,2.9,8.2,0.352,7.5,1.7,5.0,0.334,0.454
Jayson Tatum,BOS,2022-23,0.0,0.0,6.077892325315006,25.954810495626827,75.5,75.37837837837837,0.0405405405405405,74.0,52.0,22.0,36.9,2.1,6.9,0.302,5.5,1.4,4.8,0.291,0.404
Jayson Tatum,BOS,2023-24,0.0,0.0,7.314443084455324,26.315435139573076,72.36486486486487,72.06756756756756,0.054054054054054,74.0,57.0,17.0,35.7,3.2,8.7,0.363,8.3,2.0,5.6,0.349,0.475
Jayson Tatum,BOS,2024-25,0.0,0.0,7.544369063772046,26.687362637362625,73.61111111111111,73.16666666666667,0.0833333333333333,72.0,53.0,19.0,36.4,3.7,10.4,0.352,9.7,2.4,7.2,0.329,0.466
Jeff Dowtin,PHI,2024-25,0.0,0.0,8.174375000000001,25.667142857142853,30.5609756097561,30.463414634146343,0.024390243902439,41.0,10.0,31.0,15.1,1.3,2.6,0.481,3.0,0.4,1.0,0.415,0.56
Jeff Green,WAS,2018-19,0.0,0.0,7.237874659400545,25.9265625,57.0,56.87012987012987,0.1428571428571428,77.0,29.0,48.0,27.2,0.5,1.6,0.333,1.2,0.1,0.4,0.147,0.353
Jeff Green,"UTA,HOU",2019-20,0.0,0.0,2.5628571428571427,26.048101265822787,42.25,42.25,0.0416666666666666,48.0,28.0,20.0,20.0,0.2,0.8,0.27,0.5,0.1,0.5,0.25,0.351
Jeff Green,BRK,2020-21,0.0,0.0,4.935714285714285,24.9956,55.80882352941177,56.161764705882355,0.2352941176470588,68.0,44.0,24.0,27.0,0.3,0.9,0.311,0.6,0.0,0.3,0.158,0.336
Jeff Green,DEN,2021-22,0.0,0.0,4.994459833795016,24.72857142857143,49.86666666666667,50.16,0.1466666666666666,75.0,44.0,31.0,24.7,0.2,0.7,0.321,0.5,0.0,0.1,0.333,0.348
Jeff Green,DEN,2022-23,0.0,0.0,5.0491071428571415,25.602884615384617,39.05357142857143,39.42857142857143,0.0892857142857142,56.0,33.0,23.0,19.5,0.2,0.8,0.279,0.5,0.1,0.3,0.286,0.326
Jeff Green,HOU,2023-24,0.0,0.0,5.829611650485435,25.591875,34.02564102564103,34.41025641025641,0.0256410256410256,78.0,39.0,39.0,16.8,0.2,0.7,0.353,0.5,0.1,0.2,0.313,0.402
Jeff Green,HOU,2024-25,0.0,0.0,7.135714285714287,24.54810126582278,25.375,25.34375,0.03125,32.0,20.0,12.0,12.4,0.4,0.7,0.571,0.8,0.0,0.2,0.167,0.595
Jeff Teague,MIN,2018-19,0.0,0.0,7.118006430868165,25.444761904761908,62.857142857142854,62.833333333333336,0.119047619047619,42.0,23.0,19.0,30.1,1.4,3.7,0.368,3.2,0.5,1.5,0.297,0.429
Jeff Teague,"MIN,ATL",2019-20,0.0,0.0,7.081481481481482,26.093333333333337,52.932203389830505,52.52542372881356,0.1016949152542373,59.0,22.0,37.0,24.8,1.1,2.8,0.398,2.7,0.5,1.2,0.391,0.479
Jeff Teague,"BOS,MIL",2020-21,0.0,0.0,6.47,25.369230769230775,35.654545454545456,35.527272727272724,0.0363636363636363,55.0,27.0,28.0,17.3,0.7,1.7,0.385,1.7,0.3,0.7,0.45,0.479
Jerami Grant,OKC,2018-19,0.0,0.0,4.129622641509435,24.42593856655292,70.05,69.9875,0.3,80.0,48.0,32.0,32.7,0.1,0.4,0.29,0.2,0.0,0.0,1.0,0.306
Jerami Grant,DEN,2019-20,0.0,0.0,5.903403141361256,24.899603174603172,53.61971830985915,53.943661971830984,0.1830985915492957,71.0,45.0,26.0,26.6,0.3,1.1,0.308,0.7,0.0,0.1,0.333,0.321
Jerami Grant,DET,2020-21,0.0,0.0,8.45174129353234,25.760486322188445,69.03703703703704,68.94444444444444,0.2962962962962963,54.0,15.0,39.0,33.9,1.6,4.9,0.34,3.6,0.3,1.0,0.269,0.366
Jerami Grant,DET,2021-22,0.0,0.0,9.355280898876403,25.47992125984252,64.42553191489361,64.27659574468085,0.1276595744680851,47.0,11.0,36.0,31.9,1.5,4.2,0.36,3.1,0.1,0.4,0.3,0.376
Jerami Grant,POR,2022-23,0.0,0.0,7.116245487364622,25.15933147632312,72.36507936507937,72.34920634920636,0.2698412698412698,63.0,28.0,35.0,35.6,1.1,2.8,0.403,2.4,0.2,0.4,0.444,0.438
Jerami Grant,POR,2023-24,0.0,0.0,7.486062717770037,24.918840579710142,68.37037037037037,68.29629629629629,0.1851851851851851,54.0,17.0,37.0,33.9,1.2,3.0,0.41,2.5,0.0,0.3,0.067,0.413
Jerami Grant,POR,2024-25,0.0,0.0,6.4384892086330945,24.97195945945946,66.53191489361703,66.51063829787235,0.1063829787234042,47.0,22.0,25.0,32.4,0.6,1.8,0.314,1.2,0.1,0.3,0.267,0.337
Jeremiah Robinson Earl,OKC,2021-22,0.0,0.0,5.218238993710692,25.05272727272727,45.02040816326531,45.142857142857146,0.0816326530612244,49.0,15.0,34.0,22.2,0.1,0.2,0.273,0.1,0.0,0.1,0.0,0.273
Jeremiah Robinson Earl,OKC,2022-23,0.0,0.0,3.35985401459854,24.71801801801802,39.72093023255814,39.76744186046512,0.0232558139534883,43.0,16.0,27.0,18.9,0.0,0.1,0.667,0.1,0.0,0.0,0.5,0.833
Jeremiah Robinson Earl,NOP,2024-25,0.0,0.0,4.759562841530056,24.30182926829269,38.5,38.71212121212121,0.0303030303030303,66.0,17.0,49.0,18.8,0.2,0.6,0.351,0.4,0.0,0.2,0.0,0.351
Jeremy Lamb,CHO,2018-19,0.0,0.0,7.25808936825886,25.89212121212121,58.0126582278481,57.848101265822784,0.2531645569620253,79.0,38.0,41.0,28.5,1.7,4.0,0.417,3.7,0.3,1.3,0.267,0.46
Jeremy Lamb,IND,2019-20,0.0,0.0,9.645482866043611,26.26582278481012,56.97826086956522,56.84782608695652,0.4130434782608695,46.0,27.0,19.0,28.1,2.0,4.7,0.437,4.4,0.3,1.2,0.281,0.474
Jeremy Lamb,IND,2020-21,0.0,0.0,7.645945945945945,26.582812500000003,44.25,44.30555555555556,0.1944444444444444,36.0,16.0,20.0,21.3,1.4,3.0,0.458,3.2,0.5,1.2,0.395,0.537
Jeremy Lamb,"IND,SAC",2021-22,0.0,0.0,8.659090909090908,25.849056603773583,34.07142857142857,33.94642857142857,0.0535714285714285,56.0,23.0,33.0,16.7,0.9,2.4,0.371,2.1,0.3,1.0,0.327,0.439
Jeremy Lin,"ATL,TOR",2018-19,0.0,0.0,6.979999999999998,25.380000000000003,41.71621621621622,41.83783783783784,0.2837837837837837,74.0,31.0,43.0,19.4,1.0,2.5,0.404,2.3,0.3,1.0,0.301,0.464
Jeremy Sochan,SAS,2022-23,0.0,0.0,5.2485645933014355,26.37985074626867,54.375,54.464285714285715,0.0714285714285714,56.0,15.0,41.0,26.0,0.5,1.4,0.395,1.2,0.1,0.3,0.333,0.428
Jeremy Sochan,SAS,2023-24,0.0,0.0,5.054462659380695,25.48149779735683,61.729729729729726,61.82432432432432,0.2027027027027027,74.0,18.0,56.0,29.6,0.3,1.4,0.21,0.7,0.1,0.6,0.195,0.248
Jeremy Sochan,SAS,2024-25,0.0,0.0,3.1469333333333345,25.01630434782608,52.25925925925926,52.55555555555556,0.0555555555555555,54.0,21.0,33.0,25.3,0.1,0.4,0.15,0.1,0.0,0.1,0.167,0.175
Jeremy Sochan,"SAS,NYK",2025-26,0.0,0.0,3.4030769230769224,24.55428571428572,25.892857142857142,26.785714285714285,0.0714285714285714,44.0,30.0,14.0,10.6,0.0,0.0,0.0,0.0,0.0,0.0,0.0,0.0
Jerian Grant,ORL,2018-19,0.0,0.0,10.948181818181816,25.55545454545454,31.666666666666668,32.083333333333336,0.1333333333333333,60.0,28.0,32.0,15.6,0.6,1.6,0.383,1.4,0.2,0.5,0.281,0.431
Jericho Sims,NYK,2021-22,0.0,0.0,2.0018518518518515,0.0,26.951219512195124,27.048780487804876,0.1219512195121951,41.0,19.0,22.0,13.5,0.0,0.0,0.0,0.0,0.0,0.0,0.0,0.0
Jericho Sims,NYK,2022-23,0.0,0.0,1.941509433962264,59.3,31.294117647058822,31.705882352941178,0.0196078431372549,52.0,31.0,21.0,15.6,0.0,0.1,0.0,0.0,0.0,0.0,0.0,0.0
Jericho Sims,NYK,2023-24,0.0,0.0,2.061818181818182,0.0,24.8,24.844444444444445,0.0444444444444444,45.0,30.0,15.0,13.0,0.0,0.0,0.0,0.0,0.0,0.0,0.0,0.0
Jericho Sims,"NYK,MIL",2024-25,0.0,0.0,2.6519999999999992,0.0,24.666666666666668,24.705882352941178,0.0196078431372549,53.0,34.0,19.0,11.9,0.0,0.0,0.0,0.0,0.0,0.0,0.0,0.0
Jerome Robinson,"LAC,WAS",2019-20,0.0,0.0,11.157954545454546,25.21162790697674,34.29032258064516,34.483870967741936,0.1451612903225806,63.0,36.0,27.0,15.5,0.6,1.8,0.339,1.3,0.1,0.6,0.2,0.37
Jerryd Bayless,MIN,2018-19,0.0,0.0,10.890151515151516,25.368367346938776,39.02941176470589,38.76470588235294,0.0,34.0,15.0,19.0,19.3,1.0,3.1,0.327,2.3,0.3,1.1,0.25,0.369
Jevon Carter,MEM,2018-19,0.0,0.0,10.602409638554215,25.773529411764702,29.41025641025641,29.58974358974359,0.0256410256410256,39.0,9.0,30.0,14.8,0.6,2.1,0.28,1.5,0.3,1.0,0.308,0.354
Jevon Carter,PHO,2019-20,0.0,0.0,8.47835051546392,25.30205479452055,33.793103448275865,34.293103448275865,0.1551724137931034,58.0,29.0,29.0,16.3,0.5,1.2,0.449,1.3,0.2,0.5,0.483,0.551
Jevon Carter,"BRK,MIL",2021-22,0.0,0.0,11.908333333333337,24.82558139534884,28.446153846153845,28.723076923076924,0.0153846153846153,66.0,39.0,27.0,13.7,0.7,1.7,0.44,1.8,0.4,0.8,0.453,0.55
Jevon Carter,MIL,2022-23,0.0,0.0,11.31359649122807,25.66468842729971,46.02469135802469,46.54320987654321,0.074074074074074,81.0,57.0,24.0,22.4,1.4,3.3,0.416,3.4,0.7,1.7,0.393,0.515
Jevon Carter,CHI,2023-24,0.0,0.0,11.743511450381677,25.29914529914529,27.98611111111111,28.125,0.0416666666666666,72.0,35.0,37.0,13.9,0.9,2.4,0.375,2.2,0.3,1.2,0.271,0.44
Jimmy Butler,"MIN,PHI",2018-19,0.0,0.0,8.129382303839733,25.372972972972978,70.3076923076923,70.44615384615385,0.0615384615384615,65.0,38.0,27.0,33.6,1.7,5.0,0.345,3.8,0.4,1.1,0.324,0.381
Jimmy Butler,MIA,2019-20,0.0,0.0,6.943505477308297,26.591596638655464,68.29310344827586,67.75862068965517,0.0517241379310344,58.0,38.0,20.0,33.8,1.4,4.5,0.305,3.0,0.3,1.3,0.205,0.334
Jimmy Butler,MIA,2020-21,0.0,0.0,6.615457413249213,25.78333333333333,67.36538461538461,67.23076923076923,0.0961538461538461,52.0,33.0,19.0,33.6,1.5,3.9,0.38,3.1,0.1,0.8,0.171,0.398
Jimmy Butler,MIA,2021-22,0.0,0.0,6.976297335203368,25.420689655172417,67.0701754385965,66.82456140350877,0.175438596491228,57.0,38.0,19.0,33.9,1.7,4.4,0.392,3.6,0.1,0.7,0.19,0.408
Jimmy Butler,MIA,2022-23,0.0,0.0,6.187261146496815,24.865048543689323,66.328125,66.359375,0.109375,64.0,35.0,29.0,33.4,1.5,3.5,0.427,3.1,0.1,0.5,0.281,0.447
Jimmy Butler,MIA,2023-24,0.0,0.0,6.379012345679015,24.679310344827588,67.8,67.68333333333334,0.0666666666666666,60.0,33.0,27.0,34.0,1.3,3.2,0.393,2.8,0.3,0.8,0.396,0.442
Jimmy Butler,"MIA,GSW",2024-25,0.0,0.0,6.017424242424242,25.158823529411755,63.96363636363636,63.763636363636365,0.0727272727272727,55.0,36.0,19.0,31.7,0.7,2.1,0.357,1.6,0.1,0.4,0.333,0.387
JJ Redick,PHI,2018-19,0.0,0.0,14.03791469194313,25.657520661157022,66.77631578947368,66.4342105263158,0.0657894736842105,76.0,49.0,27.0,31.3,2.6,6.1,0.426,6.3,1.1,3.1,0.354,0.516
JJ Redick,NOP,2019-20,0.0,0.0,13.459401709401714,25.618136020151137,57.416666666666664,57.05,0.1333333333333333,60.0,26.0,34.0,26.3,1.9,4.4,0.417,4.7,1.0,2.3,0.421,0.528
JJ Redick,"NOP,DAL",2020-21,0.0,0.0,15.406666666666668,25.260526315789477,34.15909090909091,33.93181818181818,0.1363636363636363,44.0,22.0,22.0,16.4,1.1,2.8,0.392,2.7,0.5,1.4,0.361,0.48
Joakim Noah,MEM,2018-19,0.0,0.0,3.6764150943396223,56.5,33.142857142857146,33.38095238095238,0.0,42.0,14.0,28.0,16.5,0.0,0.1,0.333,0.0,0.0,0.0,0.0,0.333
Jock Landale,PHO,2022-23,0.0,0.0,4.313833992094861,26.2547619047619,29.18840579710145,29.246376811594203,0.0869565217391304,69.0,35.0,34.0,14.2,0.0,0.2,0.091,0.0,0.0,0.0,0.0,0.091
Jock Landale,HOU,2023-24,0.0,0.0,5.0120481927710845,25.787500000000005,28.446428571428573,28.321428571428573,0.0535714285714285,56.0,28.0,28.0,13.6,0.0,0.1,0.286,0.1,0.0,0.0,0.0,0.286
Joe Harris,BRK,2018-19,0.0,0.0,4.467403314917127,25.42357512953367,63.38157894736842,63.28947368421053,0.1842105263157894,76.0,41.0,35.0,30.2,0.5,1.3,0.402,1.4,0.4,0.8,0.45,0.534
Joe Harris,BRK,2019-20,0.0,0.0,4.964814814814815,25.287684729064047,64.76811594202898,64.15942028985508,0.1159420289855072,69.0,33.0,36.0,30.8,0.9,2.2,0.399,2.2,0.5,1.4,0.351,0.507
Joe Harris,BRK,2020-21,0.0,0.0,6.908365019011407,25.309909909909894,64.79710144927536,64.08695652173913,0.1739130434782608,69.0,45.0,24.0,31.0,0.9,2.4,0.388,2.3,0.4,1.3,0.315,0.473
Joe Harris,BRK,2022-23,0.0,0.0,6.180373831775702,25.055555555555557,42.270270270270274,41.67567567567568,0.054054054054054,74.0,40.0,34.0,20.6,0.3,0.8,0.4,0.9,0.2,0.6,0.429,0.55
Joe Ingles,UTA,2018-19,0.0,0.0,5.553918495297804,25.069979296066247,64.78048780487805,64.64634146341463,0.1829268292682926,82.0,50.0,32.0,31.3,0.9,2.5,0.372,2.6,0.7,1.9,0.379,0.512
Joe Ingles,UTA,2019-20,0.0,0.0,6.2445,25.19405099150142,60.416666666666664,60.388888888888886,0.0972222222222222,72.0,44.0,28.0,29.7,1.0,2.8,0.351,2.8,0.8,2.3,0.35,0.493
Joe Ingles,UTA,2020-21,0.0,0.0,5.312179487179489,25.430295566502465,57.23880597014925,57.3134328358209,0.1194029850746268,67.0,47.0,20.0,27.9,1.3,3.0,0.418,3.6,1.1,2.7,0.412,0.604
Joe Ingles,UTA,2021-22,0.0,0.0,6.19,25.326222222222224,50.111111111111114,50.022222222222226,0.0888888888888888,45.0,28.0,17.0,24.9,0.6,1.8,0.309,1.6,0.5,1.6,0.297,0.444
Joe Ingles,MIL,2022-23,0.0,0.0,5.748888888888889,25.79802955665025,48.19565217391305,47.76086956521739,0.217391304347826,46.0,32.0,14.0,22.7,0.7,1.5,0.479,2.1,0.7,1.4,0.469,0.69
Joe Ingles,ORL,2023-24,0.0,0.0,5.233333333333333,25.84658385093168,34.48529411764706,34.11764705882353,0.0441176470588235,68.0,42.0,26.0,17.2,0.2,0.8,0.226,0.5,0.2,0.7,0.22,0.33
Joel Embiid,PHI,2018-19,0.0,0.0,6.608760683760685,26.415969581749064,70.984375,70.75,0.03125,64.0,43.0,21.0,33.7,1.4,4.0,0.358,3.0,0.2,0.7,0.277,0.384
Joel Embiid,PHI,2019-20,0.0,0.0,8.573290937996818,26.54651162790698,60.627450980392155,60.568627450980394,0.0784313725490196,51.0,32.0,19.0,29.5,1.2,3.6,0.33,2.5,0.1,0.4,0.3,0.346
Joel Embiid,PHI,2020-21,0.0,0.0,8.846040268456376,26.23896103896104,64.29411764705883,64.17647058823529,0.0196078431372549,51.0,39.0,12.0,31.1,2.5,5.5,0.457,5.3,0.3,0.6,0.438,0.482
Joel Embiid,PHI,2021-22,0.0,0.0,8.59824561403509,26.17490039840637,67.27941176470588,66.95588235294117,0.0147058823529411,68.0,45.0,23.0,33.8,3.0,7.3,0.411,6.5,0.5,1.3,0.356,0.444
Joel Embiid,PHI,2022-23,0.0,0.0,8.55877659574468,27.003499999999995,68.98484848484848,68.6969696969697,0.0151515151515151,66.0,43.0,23.0,34.6,3.1,7.0,0.435,6.4,0.3,1.2,0.224,0.454
Joel Embiid,PHI,2023-24,0.0,0.0,9.37724719101124,27.049640287769783,69.6923076923077,69.6923076923077,0.0256410256410256,39.0,31.0,8.0,33.6,3.6,8.4,0.432,7.6,0.3,1.5,0.183,0.448
John Collins,ATL,2018-19,0.0,0.0,3.459881129271916,25.414556962025316,64.19672131147541,64.01639344262296,0.0983606557377049,61.0,24.0,37.0,30.0,0.2,0.6,0.324,0.4,0.0,0.1,0.2,0.338
John Collins,ATL,2019-20,0.0,0.0,4.14759825327511,25.588435374149658,70.8780487804878,71.1951219512195,0.024390243902439,41.0,15.0,26.0,33.2,0.2,0.8,0.235,0.4,0.0,0.3,0.091,0.25
John Collins,ATL,2020-21,0.0,0.0,5.652753108348135,25.132692307692302,59.93650793650794,59.96825396825397,0.0476190476190476,63.0,34.0,29.0,29.3,0.6,1.0,0.545,1.2,0.0,0.1,0.2,0.553
John Collins,ATL,2021-22,0.0,0.0,5.816880341880341,24.874431818181822,62.333333333333336,61.96296296296296,0.074074074074074,54.0,26.0,28.0,30.8,0.4,1.0,0.407,0.8,0.0,0.1,0.333,0.417
John Collins,ATL,2022-23,0.0,0.0,5.740471092077088,24.641250000000003,62.943661971830984,62.929577464788736,0.0845070422535211,71.0,37.0,34.0,30.0,0.3,0.9,0.377,0.6,0.0,0.1,0.0,0.377
John Collins,UTA,2023-24,0.0,0.0,4.884241245136186,24.506465517241384,57.77941176470589,58.10294117647059,0.1029411764705882,68.0,27.0,41.0,28.0,0.3,0.7,0.375,0.5,0.0,0.1,0.167,0.385
John Collins,UTA,2024-25,0.0,0.0,5.76657963446475,24.543918918918923,63.275,63.2,0.025,40.0,12.0,28.0,30.5,0.6,1.2,0.469,1.2,0.1,0.2,0.429,0.5
John Henson,"CLE,DET",2019-20,0.0,0.0,3.1391304347826083,24.4,30.375,30.35,0.1,40.0,8.0,32.0,15.0,0.0,0.0,0.0,0.0,0.0,0.0,0.0,0.0
John Jenkins,"WAS,NYK",2018-19,0.0,0.0,15.104255319148931,25.205357142857142,25.923076923076923,26.03846153846154,0.0384615384615384,26.0,8.0,18.0,12.8,0.8,1.9,0.42,1.9,0.3,0.5,0.538,0.49
John Konchar,MEM,2020-21,0.0,0.0,4.231707317073171,24.430357142857133,27.32558139534884,27.44186046511628,0.0232558139534883,43.0,23.0,20.0,13.4,0.1,0.2,0.857,0.3,0.0,0.0,1.0,1.0
John Konchar,MEM,2021-22,0.0,0.0,4.739705882352941,24.63968253968254,37.02777777777778,37.111111111111114,0.0277777777777777,72.0,48.0,24.0,17.9,0.1,0.5,0.303,0.3,0.1,0.2,0.364,0.364
John Konchar,MEM,2022-23,0.0,0.0,3.762237762237764,24.63841807909604,43.27777777777778,43.44444444444444,0.1527777777777778,72.0,45.0,27.0,20.7,0.1,0.3,0.36,0.3,0.1,0.3,0.368,0.5
John Konchar,MEM,2023-24,0.0,0.0,2.2068181818181816,24.571666666666665,43.77777777777778,43.851851851851855,0.037037037037037,55.0,18.0,37.0,21.3,0.0,0.2,0.0,0.0,0.0,0.2,0.0,0.0
John Konchar,MEM,2024-25,0.0,0.0,3.0586206896551724,24.94838709677419,26.444444444444443,26.844444444444445,0.0,46.0,26.0,20.0,12.1,0.0,0.1,0.2,0.0,0.0,0.0,0.0,0.2
John Wall,WAS,2018-19,0.0,0.0,7.178067885117494,25.707692307692316,73.875,73.46875,0.25,32.0,11.0,21.0,34.5,2.0,6.2,0.33,4.5,0.4,2.0,0.206,0.363
John Wall,HOU,2020-21,0.0,0.0,7.869392033542978,26.26224899598394,66.9,66.825,0.175,40.0,12.0,28.0,32.2,2.0,6.7,0.299,4.7,0.7,2.7,0.259,0.351
John Wall,LAC,2022-23,0.0,0.0,8.65764192139738,26.719266055045868,46.11764705882353,46.26470588235294,0.0,34.0,15.0,19.0,22.2,0.8,3.1,0.267,1.7,0.0,0.6,0.05,0.271
Johnny Juzang,UTA,2024-25,0.0,0.0,7.909316770186336,25.065923566878983,41.3125,41.171875,0.03125,64.0,15.0,49.0,19.8,0.6,1.6,0.376,1.4,0.3,0.8,0.296,0.455
Jonah Bolden,PHI,2018-19,0.0,0.0,2.9893939393939397,25.470833333333346,31.0,31.25,0.0,44.0,24.0,20.0,14.5,0.0,0.2,0.143,0.0,0.0,0.1,0.0,0.143
Jonas Jerebko,GSW,2018-19,0.0,0.0,6.4874251497005995,25.74361702127659,34.67123287671233,34.67123287671233,0.0136986301369863,73.0,52.0,21.0,16.7,0.1,0.4,0.259,0.2,0.0,0.2,0.182,0.296
Jonas Valanciunas,"TOR,MEM",2018-19,0.0,0.0,5.352873563218392,25.18333333333333,46.16326530612245,46.04081632653061,0.0612244897959183,49.0,31.0,18.0,22.3,0.3,0.7,0.361,0.6,0.0,0.0,0.5,0.375
Jonas Valanciunas,MEM,2019-20,0.0,0.0,4.616820987654321,25.63296703296704,55.5,55.55714285714286,0.0428571428571428,70.0,32.0,38.0,26.4,0.2,0.5,0.378,0.4,0.0,0.0,0.0,0.378
Jonas Valanciunas,MEM,2020-21,0.0,0.0,4.454810495626821,25.16140350877193,58.903225806451616,58.645161290322584,0.0806451612903225,62.0,32.0,30.0,28.3,0.2,0.5,0.429,0.4,0.0,0.0,1.0,0.446
Jonas Valanciunas,NOP,2021-22,0.0,0.0,5.696025641025644,25.687341772151903,60.445945945945944,60.108108108108105,0.081081081081081,74.0,34.0,40.0,30.3,0.3,0.9,0.328,0.6,0.0,0.0,0.0,0.328
Jonas Valanciunas,NOP,2022-23,0.0,0.0,5.496605374823198,25.644036697247714,50.83544303797469,50.75949367088607,0.0126582278481012,79.0,40.0,39.0,24.9,0.1,0.4,0.258,0.2,0.0,0.0,0.0,0.258
Jonas Valanciunas,NOP,2023-24,0.0,0.0,5.6191986644407335,25.29666666666667,47.26829268292683,47.25609756097561,0.024390243902439,82.0,49.0,33.0,23.5,0.2,0.3,0.591,0.3,0.0,0.0,0.0,0.591
Jonas Valanciunas,"WAS,SAC",2024-25,0.0,0.0,5.870256410256408,25.609999999999996,38.7037037037037,38.55555555555556,0.0246913580246913,81.0,23.0,58.0,18.8,0.1,0.4,0.31,0.2,0.0,0.0,0.0,0.31
Jonas Valanciunas,DEN,2025-26,0.0,0.0,6.113779527559057,25.56111111111111,28.72093023255814,28.79069767441861,0.0,65.0,42.0,23.0,13.4,0.2,0.4,0.462,0.4,0.0,0.0,0.0,0.462
Jonathan Isaac,ORL,2018-19,0.0,0.0,6.752463768115942,24.981578947368423,53.82666666666667,54.306666666666665,0.0933333333333333,75.0,37.0,38.0,26.6,0.4,1.2,0.337,0.9,0.0,0.2,0.143,0.348
Jonathan Isaac,ORL,2019-20,0.0,0.0,6.873109243697478,25.251063829787235,59.05882352941177,58.97058823529411,0.0588235294117647,34.0,15.0,19.0,28.8,0.9,2.2,0.413,1.9,0.1,0.2,0.333,0.427
Jonathan Isaac,ORL,2023-24,0.0,0.0,4.6517241379310335,24.96428571428572,31.0,31.56896551724138,0.0862068965517241,58.0,35.0,23.0,15.8,0.2,0.5,0.31,0.3,0.0,0.1,0.2,0.328
Jonathan Isaac,ORL,2024-25,0.0,0.0,5.3352601156069355,24.1933774834437,30.366197183098592,30.64788732394366,0.0140845070422535,71.0,35.0,36.0,15.4,0.1,0.4,0.214,0.2,0.0,0.1,0.0,0.214
Jonathan Kuminga,GSW,2021-22,0.0,0.0,4.018327974276528,25.708724832214763,34.72463768115942,34.88405797101449,0.0579710144927536,70.0,44.0,26.0,16.9,0.1,0.5,0.27,0.3,0.0,0.2,0.188,0.311
Jonathan Kuminga,GSW,2022-23,0.0,0.0,4.785754985754986,24.78082191780822,43.61194029850746,43.61194029850746,0.1343283582089552,67.0,38.0,29.0,20.8,0.4,0.8,0.436,0.8,0.1,0.2,0.438,0.5
Jonathan Kuminga,GSW,2023-24,0.0,0.0,5.560401721664277,25.669090909090908,54.48648648648648,54.82432432432432,0.1486486486486486,74.0,40.0,34.0,26.3,0.7,1.9,0.379,1.5,0.1,0.4,0.308,0.407
Jonathan Kuminga,GSW,2024-25,0.0,0.0,6.060431654676259,25.82516556291391,49.659574468085104,49.808510638297875,0.0638297872340425,47.0,28.0,19.0,24.3,0.8,2.7,0.297,1.7,0.1,0.7,0.147,0.316
Jonathan Mogbo,TOR,2024-25,0.0,0.0,4.41083916083916,25.622857142857143,42.57142857142857,42.41269841269841,0.0793650793650793,63.0,18.0,45.0,20.4,0.1,0.6,0.216,0.3,0.0,0.1,0.0,0.216
Jonathon Simmons,"ORL,PHI",2018-19,0.0,0.0,7.113953488372093,26.485714285714288,39.089285714285715,39.464285714285715,0.1785714285714285,56.0,25.0,31.0,19.0,0.6,1.9,0.294,1.3,0.2,0.6,0.286,0.339
Jontay Porter,TOR,2023-24,0.0,0.0,4.722727272727273,25.676666666666662,30.36,30.36,0.04,26.0,6.0,20.0,13.8,0.0,0.2,0.167,0.1,0.0,0.1,0.0,0.167
Jordan Clarkson,CLE,2018-19,0.0,0.0,8.055374149659862,25.57303370786517,55.18518518518518,55.148148148148145,0.1234567901234567,81.0,18.0,63.0,27.3,2.1,5.4,0.39,4.9,0.7,2.5,0.272,0.453
Jordan Clarkson,"CLE,UTA",2019-20,0.0,0.0,6.47560975609756,25.13582677165354,48.71830985915493,48.54929577464789,0.056338028169014,71.0,34.0,37.0,24.0,1.4,3.7,0.367,3.5,0.8,2.4,0.322,0.472
Jordan Clarkson,UTA,2020-21,0.0,0.0,6.777100840336133,25.493823038397327,55.14705882352941,55.02941176470589,0.0441176470588235,68.0,49.0,19.0,26.7,2.3,6.4,0.354,6.1,1.6,4.7,0.333,0.478
Jordan Clarkson,UTA,2021-22,0.0,0.0,6.772674418604651,25.608710217755448,54.392405063291136,54.35443037974684,0.1012658227848101,79.0,47.0,32.0,27.1,1.9,5.0,0.375,4.9,1.2,3.6,0.332,0.495
Jordan Clarkson,UTA,2022-23,0.0,0.0,6.985314685314687,26.05250544662309,67.32786885245902,67.08196721311475,0.0983606557377049,61.0,30.0,31.0,32.6,2.4,6.0,0.397,5.9,1.2,3.5,0.343,0.497
Jordan Clarkson,UTA,2023-24,0.0,0.0,7.6840236686390515,26.66407766990291,63.25454545454546,63.236363636363635,0.0545454545454545,55.0,22.0,33.0,30.6,1.8,5.2,0.35,4.3,0.7,2.6,0.25,0.413
Jordan Clarkson,UTA,2024-25,0.0,0.0,7.9816091954023,26.36536796536796,54.189189189189186,54.432432432432435,0.054054054054054,37.0,10.0,27.0,26.0,1.9,4.9,0.387,4.9,1.1,3.1,0.36,0.5
Jordan Goodwin,WAS,2022-23,0.0,0.0,7.673191489361701,25.901694915254236,37.39344262295082,37.57377049180328,0.180327868852459,62.0,22.0,40.0,17.8,0.7,1.9,0.39,1.6,0.2,0.6,0.263,0.432
Jordan Goodwin,"PHO,MEM",2023-24,0.0,0.0,7.738281250000002,24.829508196721314,37.67857142857143,37.839285714285715,0.0357142857142857,57.0,30.0,27.0,18.5,0.7,2.1,0.331,1.6,0.2,0.7,0.262,0.377
Jordan Goodwin,LAL,2024-25,0.0,0.0,7.385526315789473,24.69411764705882,37.51724137931034,37.58620689655172,0.1379310344827586,29.0,17.0,12.0,18.7,0.5,1.2,0.389,1.0,0.1,0.3,0.2,0.417
Jordan Hawkins,NOP,2023-24,0.0,0.0,10.47594936708861,25.45570469798659,36.25757575757576,35.72727272727273,0.0757575757575757,67.0,38.0,29.0,17.3,0.7,1.9,0.352,1.5,0.2,0.7,0.28,0.408
Jordan Hawkins,NOP,2024-25,0.0,0.0,10.32410714285714,25.42168674698795,48.69642857142857,48.32142857142857,0.0892857142857142,56.0,18.0,38.0,23.6,1.5,4.1,0.357,3.4,0.5,1.7,0.299,0.42
Jordan Hawkins,NOP,2025-26,0.0,0.0,12.780263157894735,25.232291666666654,28.444444444444443,28.666666666666668,0.0,51.0,13.0,38.0,13.6,0.7,2.3,0.296,1.5,0.2,0.8,0.25,0.339
Jordan McLaughlin,MIN,2019-20,0.0,0.0,2.9843137254901957,27.263157894736835,42.6,42.43333333333333,0.1666666666666666,30.0,7.0,23.0,19.7,0.4,1.2,0.306,1.0,0.3,1.1,0.281,0.431
Jordan McLaughlin,MIN,2020-21,0.0,0.0,4.131999999999999,25.25108695652175,38.568627450980394,38.74509803921568,0.2156862745098039,51.0,15.0,36.0,18.4,0.2,0.8,0.256,0.5,0.1,0.5,0.222,0.333
Jordan McLaughlin,MIN,2021-22,0.0,0.0,4.360869565217392,25.345882352941175,31.080645161290324,30.93548387096774,0.1290322580645161,62.0,36.0,26.0,14.5,0.2,0.6,0.306,0.5,0.1,0.4,0.292,0.403
Jordan McLaughlin,MIN,2022-23,0.0,0.0,5.186567164179103,26.551282051282044,33.906976744186046,34.116279069767444,0.1395348837209302,43.0,22.0,21.0,15.8,0.3,0.8,0.364,0.7,0.2,0.5,0.304,0.47
Jordan McRae,WAS,2018-19,0.0,0.0,10.221052631578948,27.02,27.653846153846153,27.692307692307693,0.1538461538461538,27.0,9.0,18.0,12.3,1.0,2.3,0.452,2.3,0.2,0.6,0.333,0.492
Jordan McRae,"WAS,DEN,DET",2019-20,0.0,0.0,6.907407407407407,26.9625,45.32432432432432,45.054054054054056,0.1891891891891892,37.0,12.0,25.0,21.2,1.6,4.4,0.354,3.6,0.5,1.5,0.321,0.409
Jordan Nwora,MIL,2021-22,0.0,0.0,8.296595744680852,25.58325991189428,40.0,39.903225806451616,0.0806451612903225,62.0,34.0,28.0,19.1,0.8,2.5,0.331,2.0,0.4,1.0,0.355,0.403
Jordan Nwora,"MIL,IND",2022-23,0.0,0.0,5.720143884892087,25.27614678899083,40.193548387096776,40.403225806451616,0.064516129032258,62.0,36.0,26.0,19.2,0.5,1.6,0.31,1.2,0.2,0.7,0.302,0.375
Jordan Nwora,"IND,TOR",2023-24,0.0,0.0,5.613934426229508,25.893684210526317,29.25,29.134615384615383,0.0192307692307692,52.0,14.0,38.0,13.7,0.4,1.3,0.328,1.0,0.2,0.7,0.27,0.403
Jordan Poole,GSW,2019-20,0.0,0.0,10.421518987341775,26.84905660377359,46.98245614035088,46.78947368421053,0.2456140350877192,57.0,12.0,45.0,22.3,1.0,3.3,0.3,2.3,0.3,1.4,0.238,0.35
Jordan Poole,GSW,2020-21,0.0,0.0,7.194949494949497,26.7213768115942,40.509803921568626,40.11764705882353,0.0588235294117647,51.0,28.0,23.0,19.4,1.0,2.7,0.37,2.4,0.4,1.4,0.292,0.446
Jordan Poole,GSW,2021-22,0.0,0.0,7.064644351464431,26.58810344827586,61.35526315789474,61.078947368421055,0.2236842105263158,76.0,49.0,27.0,30.0,1.8,4.7,0.379,4.6,1.0,2.9,0.342,0.483
Jordan Poole,GSW,2022-23,0.0,0.0,7.54305772230889,27.09701726844585,63.6219512195122,63.23170731707317,0.1585365853658536,82.0,44.0,38.0,30.0,2.0,5.8,0.34,5.0,1.0,3.5,0.303,0.431
Jordan Poole,WAS,2023-24,0.0,0.0,8.029581993569131,27.09929078014184,64.43589743589743,64.17948717948718,0.1666666666666666,78.0,15.0,63.0,30.1,2.2,6.4,0.346,5.5,1.1,3.5,0.304,0.429
Jordan Poole,WAS,2024-25,0.0,0.0,6.153225806451612,27.616077170418,62.8235294117647,62.294117647058826,0.3088235294117647,68.0,15.0,53.0,29.4,2.5,6.6,0.371,6.9,2.0,5.0,0.391,0.519
Jose Alvarado,NOP,2021-22,0.0,0.0,6.199456521739131,25.902727272727276,31.685185185185187,31.5,0.2222222222222222,54.0,25.0,29.0,15.4,0.4,1.3,0.353,0.9,0.0,0.4,0.091,0.368
Jose Alvarado,NOP,2022-23,0.0,0.0,5.369421487603308,25.559514170040483,44.34426229508197,44.49180327868852,0.1311475409836065,61.0,30.0,31.0,21.5,0.4,1.2,0.329,1.0,0.2,0.5,0.323,0.397
Jose Alvarado,NOP,2023-24,0.0,0.0,6.204347826086956,25.38454106280193,37.160714285714285,37.55357142857143,0.1964285714285714,56.0,38.0,18.0,18.4,0.4,1.1,0.333,0.9,0.2,0.7,0.351,0.442
Jose Alvarado,NOP,2024-25,0.0,0.0,6.5160377358490535,25.69805825242718,49.82142857142857,49.357142857142854,0.2321428571428571,56.0,19.0,37.0,24.4,1.1,2.9,0.391,3.0,0.7,2.0,0.364,0.516
Jose Calderon,DET,2018-19,0.0,0.0,12.655555555555551,26.23157894736842,27.97826086956522,27.97826086956522,0.0217391304347826,49.0,22.0,27.0,12.9,0.5,1.3,0.397,1.1,0.1,0.4,0.167,0.421
Josh Christopher,HOU,2021-22,0.0,0.0,5.37009646302251,26.41269841269841,37.5,37.51351351351352,0.081081081081081,74.0,18.0,56.0,18.0,0.6,1.8,0.343,1.5,0.2,0.8,0.279,0.407
Josh Christopher,HOU,2022-23,0.0,0.0,6.755416666666666,25.6123595505618,25.09375,25.03125,0.015625,64.0,16.0,48.0,12.3,0.7,1.8,0.407,1.6,0.2,0.6,0.27,0.451
Josh Giddey,OKC,2021-22,0.0,0.0,6.65776805251641,25.624882629107976,64.01851851851852,64.20370370370371,0.074074074074074,54.0,17.0,37.0,31.5,1.1,3.3,0.344,2.6,0.3,0.9,0.327,0.389
Josh Giddey,OKC,2022-23,0.0,0.0,5.326923076923079,25.779914529914524,65.72368421052632,65.5,0.0,76.0,34.0,42.0,31.1,1.0,2.4,0.403,2.0,0.1,0.3,0.174,0.414
Josh Giddey,OKC,2023-24,0.0,0.0,5.284933774834436,24.767901234567905,52.6625,52.25,0.0375,80.0,56.0,24.0,25.1,0.6,1.3,0.452,1.2,0.0,0.2,0.2,0.466
Josh Giddey,CHI,2024-25,0.0,0.0,5.343269230769231,25.339568345323748,64.28571428571429,64.52857142857142,0.0571428571428571,70.0,33.0,37.0,30.2,0.9,2.2,0.414,2.1,0.3,0.7,0.353,0.471
Josh Green,DAL,2021-22,0.0,0.0,5.249999999999999,24.32307692307692,31.53731343283582,31.567164179104477,0.1940298507462686,67.0,44.0,23.0,15.5,0.2,0.6,0.359,0.4,0.0,0.0,0.333,0.372
Josh Green,DAL,2022-23,0.0,0.0,4.328638497652582,24.16390532544379,51.516666666666666,51.63333333333333,0.5833333333333334,60.0,27.0,33.0,25.7,0.2,0.5,0.419,0.5,0.0,0.1,0.25,0.452
Josh Green,DAL,2023-24,0.0,0.0,4.664171122994654,24.256684491978604,54.36842105263158,54.666666666666664,0.4561403508771929,57.0,32.0,25.0,26.4,0.2,0.6,0.389,0.6,0.1,0.2,0.364,0.444
Josh Green,CHO,2024-25,0.0,0.0,6.024277456647399,24.3625,56.588235294117645,56.588235294117645,0.3088235294117647,68.0,17.0,51.0,27.8,0.2,0.8,0.273,0.5,0.0,0.2,0.214,0.3
Josh Hart,LAL,2018-19,0.0,0.0,4.947368421052631,25.35182481751825,54.95522388059702,55.07462686567164,0.2238805970149253,67.0,31.0,36.0,25.6,0.4,1.3,0.279,0.9,0.2,0.7,0.319,0.366
Josh Hart,NOP,2019-20,0.0,0.0,4.3511235955056184,25.114124293785306,57.738461538461536,57.92307692307692,0.0923076923076923,65.0,26.0,39.0,27.0,0.3,1.2,0.25,0.8,0.2,0.8,0.26,0.336
Josh Hart,NOP,2020-21,0.0,0.0,4.701324503311259,24.93575129533679,59.08510638297872,59.14893617021277,0.0851063829787234,47.0,21.0,26.0,28.7,0.3,0.7,0.406,0.6,0.1,0.2,0.364,0.469
Josh Hart,"NOP,POR",2021-22,0.0,0.0,5.257000000000001,25.72650602409638,67.18518518518519,67.62962962962963,0.1851851851851851,54.0,20.0,34.0,33.2,0.9,2.4,0.386,2.3,0.4,1.2,0.375,0.48
Josh Hart,"POR,NYK",2022-23,0.0,0.0,3.422857142857143,24.855769230769223,65.61842105263158,65.51315789473684,0.2631578947368421,76.0,42.0,34.0,32.3,0.3,0.8,0.297,0.5,0.0,0.2,0.067,0.305
Josh Hart,NYK,2023-24,0.0,0.0,5.260570071258905,25.201550387596892,65.39506172839506,65.39506172839506,0.0493827160493827,81.0,49.0,32.0,33.4,0.6,2.0,0.317,1.5,0.2,0.8,0.265,0.372
Josh Hart,NYK,2024-25,0.0,0.0,4.494197292069634,25.22301587301587,75.25974025974025,75.54545454545455,0.1298701298701298,77.0,48.0,29.0,37.6,0.8,2.0,0.384,1.8,0.3,0.9,0.333,0.464
Josh Jackson,PHO,2018-19,0.0,0.0,6.744642857142859,25.264444444444457,52.37974683544304,52.56962025316456,0.2151898734177215,79.0,19.0,60.0,25.2,1.1,3.1,0.34,2.3,0.2,0.7,0.236,0.367
Josh Jackson,DET,2020-21,0.0,0.0,6.40488888888889,25.51712062256809,51.5,51.74193548387097,0.2258064516129032,62.0,16.0,46.0,25.2,1.0,2.4,0.393,2.1,0.2,0.7,0.256,0.43
Josh Jackson,"DET,SAC",2021-22,0.0,0.0,7.28125,25.65294117647059,33.07843137254902,33.254901960784316,0.1568627450980392,51.0,12.0,39.0,16.3,0.4,1.3,0.308,0.9,0.1,0.4,0.238,0.346
Josh Okogie,MIN,2018-19,0.0,0.0,6.057337883959043,24.803720930232547,50.16216216216216,50.28378378378378,0.3783783783783784,74.0,32.0,42.0,23.7,0.4,1.3,0.274,0.8,0.1,0.4,0.179,0.3
Josh Okogie,MIN,2019-20,0.0,0.0,3.2569672131147547,25.001298701298705,53.82258064516129,53.96774193548387,0.2580645161290322,62.0,19.0,43.0,25.0,0.2,0.6,0.289,0.5,0.1,0.4,0.25,0.368
Josh Okogie,MIN,2020-21,0.0,0.0,3.102054794520547,24.789814814814815,42.22033898305085,42.88135593220339,0.4067796610169492,59.0,21.0,38.0,20.3,0.1,0.4,0.227,0.3,0.1,0.3,0.333,0.341
Josh Okogie,PHO,2022-23,0.0,0.0,4.961751152073732,24.691878172588837,38.291666666666664,38.59722222222222,0.4583333333333333,72.0,38.0,34.0,18.8,0.2,0.9,0.266,0.6,0.1,0.4,0.29,0.336
Josh Okogie,PHO,2023-24,0.0,0.0,2.9330357142857153,24.23085106382979,32.63333333333333,32.96666666666667,0.4,60.0,37.0,23.0,16.0,0.1,0.3,0.375,0.2,0.0,0.1,0.2,0.406
Josh Okogie,"PHO,CHO",2024-25,0.0,0.0,4.7,25.224,30.975,31.35,0.2,40.0,11.0,29.0,15.6,0.2,0.5,0.389,0.5,0.1,0.3,0.4,0.5
Josh Richardson,MIA,2018-19,0.0,0.0,9.082332155477031,25.528043478260876,70.3013698630137,70.45205479452055,0.3150684931506849,73.0,35.0,38.0,34.8,1.8,4.7,0.395,4.2,0.5,1.6,0.288,0.444
Josh Richardson,PHI,2019-20,0.0,0.0,9.931738035264482,25.96385542168675,62.81818181818182,62.38181818181818,0.2727272727272727,55.0,33.0,22.0,30.8,2.1,4.5,0.46,4.5,0.4,1.1,0.345,0.5
Josh Richardson,DAL,2020-21,0.0,0.0,8.914245014245013,25.740449438202234,60.610169491525426,61.067796610169495,0.2372881355932203,59.0,35.0,24.0,30.3,1.5,3.5,0.431,3.2,0.2,0.7,0.31,0.463
Josh Richardson,"BOS,SAS",2021-22,0.0,0.0,9.614851485148517,26.042222222222225,49.53846153846154,49.49230769230769,0.1692307692307692,65.0,38.0,27.0,24.6,0.9,2.1,0.413,1.8,0.1,0.2,0.4,0.435
Josh Richardson,"SAS,NOP",2022-23,0.0,0.0,9.917741935483871,25.536046511627916,48.98461538461538,49.184615384615384,0.1692307692307692,65.0,24.0,41.0,23.5,1.3,2.9,0.434,2.7,0.2,0.5,0.333,0.463
Josh Richardson,MIA,2023-24,0.0,0.0,8.619108280254776,25.629473684210534,51.53488372093023,51.65116279069768,0.1162790697674418,43.0,24.0,19.0,25.6,0.6,1.7,0.365,1.3,0.1,0.3,0.214,0.385
Joshua Primo,SAS,2021-22,0.0,0.0,6.141353383458648,25.37737226277373,39.7,40.06,0.14,50.0,22.0,28.0,19.3,0.3,0.9,0.295,0.6,0.1,0.3,0.313,0.352
Jrue Holiday,NOP,2018-19,0.0,0.0,6.198492462311558,25.529476584022035,76.53731343283582,76.43283582089552,0.1194029850746268,67.0,30.0,37.0,35.8,2.3,6.6,0.355,5.7,1.1,3.4,0.309,0.436
Jrue Holiday,NOP,2019-20,0.0,0.0,5.033939393939393,25.44479768786128,74.36065573770492,74.24590163934427,0.3934426229508196,61.0,26.0,35.0,34.7,1.8,5.1,0.35,4.6,1.1,3.2,0.347,0.458
Jrue Holiday,MIL,2020-21,0.0,0.0,6.385370370370369,26.021908127208476,68.79661016949153,68.57627118644068,0.135593220338983,59.0,41.0,18.0,32.3,2.3,5.0,0.458,5.7,1.1,2.8,0.402,0.569
Jrue Holiday,MIL,2021-22,0.0,0.0,7.257661927330174,26.11619937694705,69.1969696969697,69.18181818181819,0.0909090909090909,67.0,47.0,20.0,32.9,2.9,6.2,0.458,7.1,1.4,3.3,0.406,0.567
Jrue Holiday,MIL,2022-23,0.0,0.0,7.690359477124184,26.50827250608273,68.49253731343283,68.08955223880596,0.2985074626865671,67.0,50.0,17.0,32.6,2.9,7.3,0.401,7.4,1.5,4.3,0.361,0.507
Jrue Holiday,BOS,2023-24,0.0,0.0,7.118256130790191,25.546894409937888,66.33333333333333,66.42028985507247,0.217391304347826,69.0,53.0,16.0,32.8,1.4,3.5,0.399,3.7,0.9,2.2,0.393,0.521
Jrue Holiday,BOS,2024-25,0.0,0.0,5.783520599250936,25.1954248366013,62.17741935483871,62.225806451612904,0.1451612903225806,62.0,47.0,15.0,30.6,0.8,2.5,0.318,2.0,0.4,1.6,0.267,0.404
JT Thor,CHO,2022-23,0.0,0.0,6.36086956521739,24.54146341463414,29.028985507246375,29.26086956521739,0.0144927536231884,69.0,22.0,47.0,14.0,0.1,0.4,0.276,0.2,0.0,0.1,0.0,0.276
JT Thor,CHO,2023-24,0.0,0.0,4.874509803921568,24.519753086419747,25.467741935483872,25.548387096774192,0.0161290322580645,63.0,16.0,47.0,12.4,0.0,0.2,0.091,0.0,0.0,0.0,0.0,0.091
Juan Toscano Anderson,GSW,2020-21,0.0,0.0,2.6940170940170933,25.784782608695647,45.23076923076923,45.25,0.1538461538461538,53.0,28.0,25.0,20.9,0.0,0.2,0.182,0.1,0.0,0.2,0.2,0.273
Juan Toscano Anderson,GSW,2021-22,0.0,0.0,3.62027027027027,25.229069767441867,28.2,28.714285714285715,0.0714285714285714,73.0,51.0,22.0,13.6,0.1,0.2,0.412,0.3,0.1,0.2,0.385,0.559
Juan Toscano Anderson,"LAL,UTA",2022-23,0.0,0.0,5.492592592592593,24.921739130434784,28.423076923076923,28.557692307692307,0.0769230769230769,52.0,19.0,33.0,13.5,0.1,0.3,0.278,0.2,0.0,0.1,0.0,0.278
Juancho Hernangomez,DEN,2018-19,0.0,0.0,3.5804511278195483,24.80662983425415,39.27142857142857,39.34285714285714,0.0428571428571428,70.0,44.0,26.0,19.4,0.0,0.1,0.3,0.1,0.0,0.1,0.167,0.35
Juancho Hernangomez,"DEN,MIN",2019-20,0.0,0.0,2.454411764705882,25.491304347826084,37.25,37.208333333333336,0.1666666666666666,48.0,24.0,24.0,17.4,0.1,0.3,0.333,0.2,0.0,0.1,0.333,0.417
Juancho Hernangomez,MIN,2020-21,0.0,0.0,2.3694656488549626,25.109523809523807,36.23076923076923,36.09615384615385,0.0192307692307692,52.0,19.0,33.0,17.3,0.0,0.1,0.0,0.0,0.0,0.1,0.0,0.0
Juancho Hernangomez,TOR,2022-23,0.0,0.0,2.970212765957446,25.311940298507466,29.404761904761905,29.428571428571427,0.119047619047619,42.0,20.0,22.0,14.6,0.0,0.1,0.0,0.0,0.0,0.1,0.0,0.0
Julian Champagnie,SAS,2023-24,0.0,0.0,4.0584,24.929241877256317,41.54054054054054,41.78378378378378,0.0675675675675675,74.0,19.0,55.0,19.8,0.1,0.2,0.412,0.3,0.1,0.1,0.5,0.559
Julian Champagnie,SAS,2024-25,0.0,0.0,4.001621621621622,25.153541666666666,49.19512195121951,49.03658536585366,0.0,82.0,34.0,48.0,23.6,0.4,0.9,0.39,1.0,0.3,0.7,0.367,0.532
Julian Phillips,CHI,2024-25,0.0,0.0,2.65597014925373,24.22156862745098,29.860759493670887,30.037974683544306,0.0632911392405063,79.0,37.0,42.0,14.2,0.0,0.0,0.0,0.0,0.0,0.0,0.0,0.0
Julian Strawther,DEN,2024-25,0.0,0.0,6.557603686635944,25.74758364312267,44.46153846153846,44.55384615384615,0.0923076923076923,65.0,41.0,24.0,21.3,0.7,1.9,0.355,1.5,0.2,0.8,0.286,0.413
Julius Randle,NOP,2018-19,0.0,0.0,4.619686800894857,25.3948717948718,65.15068493150685,65.0958904109589,0.0821917808219178,73.0,31.0,42.0,30.6,0.6,1.8,0.338,1.4,0.2,0.6,0.289,0.388
Julius Randle,NYK,2019-20,0.0,0.0,6.086580645161292,25.22251082251083,66.21875,66.234375,0.109375,64.0,21.0,43.0,32.5,1.2,3.2,0.383,2.6,0.1,0.6,0.146,0.398
Julius Randle,NYK,2020-21,0.0,0.0,9.9755364806867,25.256041131105395,75.07042253521126,74.85915492957747,0.0704225352112676,71.0,40.0,31.0,37.6,3.4,8.1,0.415,7.3,0.6,1.5,0.4,0.454
Julius Randle,NYK,2021-22,0.0,0.0,8.437616822429908,25.43179487179487,71.0,70.77777777777777,0.0694444444444444,72.0,32.0,40.0,35.3,2.4,6.9,0.346,5.4,0.7,2.0,0.333,0.394
Julius Randle,NYK,2022-23,0.0,0.0,7.23354271356784,25.473742138364777,71.49350649350649,71.22077922077922,0.1168831168831168,77.0,44.0,33.0,35.5,2.6,6.6,0.393,6.2,1.0,3.0,0.335,0.469
Julius Randle,NYK,2023-24,0.0,0.0,6.060135135135137,25.269672131147544,72.06521739130434,71.58695652173913,0.0217391304347826,46.0,29.0,17.0,35.4,1.8,5.1,0.365,4.2,0.5,2.0,0.245,0.414
Julius Randle,MIN,2024-25,0.0,0.0,6.002080000000002,25.18216560509555,64.7536231884058,64.71014492753623,0.0289855072463768,69.0,44.0,25.0,32.3,1.3,3.3,0.403,3.1,0.4,1.2,0.31,0.459
Justin Champagnie,WAS,2024-25,0.0,0.0,3.2486238532110083,26.014507772020725,45.83606557377049,46.21311475409836,0.0655737704918032,62.0,16.0,46.0,21.6,0.1,0.4,0.154,0.2,0.0,0.3,0.1,0.192
Justin Edwards,PHI,2024-25,0.0,0.0,6.469148936170212,25.35842105263158,53.25,53.29545454545455,0.0681818181818181,44.0,11.0,33.0,26.2,1.0,2.1,0.457,2.2,0.2,0.6,0.321,0.505
Justin Holiday,"CHI,MEM",2018-19,0.0,0.0,8.467553191489362,24.8548717948718,64.54878048780488,64.76829268292683,0.2439024390243902,82.0,25.0,57.0,31.8,0.9,2.6,0.347,2.2,0.4,1.2,0.327,0.425
Justin Holiday,IND,2019-20,0.0,0.0,7.281290322580642,25.424773413897288,51.7945205479452,52.10958904109589,0.2328767123287671,73.0,45.0,28.0,25.0,0.6,1.4,0.4,1.5,0.4,0.8,0.426,0.524
Justin Holiday,IND,2020-21,0.0,0.0,6.1325581395348845,25.13355408388521,64.0,64.06944444444444,0.1111111111111111,72.0,34.0,38.0,30.3,0.7,1.7,0.398,1.8,0.4,1.1,0.4,0.528
Justin Holiday,"IND,SAC",2021-22,0.0,0.0,7.61896551724138,24.93150684931507,56.67567567567568,56.78378378378378,0.2567567567567567,74.0,25.0,49.0,27.8,0.8,2.1,0.389,2.1,0.4,1.2,0.36,0.487
Justin Holiday,"ATL,DAL",2022-23,0.0,0.0,7.482608695652174,23.801785714285717,32.391304347826086,32.608695652173914,0.1304347826086956,46.0,18.0,28.0,15.4,0.3,1.1,0.286,0.8,0.2,0.5,0.292,0.357
Justin Holiday,DEN,2023-24,0.0,0.0,9.148275862068964,24.47573529411764,31.089285714285715,31.214285714285715,0.0357142857142857,58.0,38.0,20.0,14.9,0.3,0.6,0.444,0.7,0.1,0.2,0.462,0.528
Justin Jackson,"SAC,DAL",2018-19,0.0,0.0,6.194230769230769,25.112790697674413,41.91358024691358,42.02469135802469,0.1481481481481481,81.0,36.0,45.0,19.9,0.5,1.4,0.354,1.1,0.1,0.3,0.333,0.389
Justin Jackson,DAL,2019-20,0.0,0.0,6.2426966292134844,25.44233128834356,33.0,33.33846153846154,0.0307692307692307,65.0,39.0,26.0,16.1,0.4,0.9,0.377,0.8,0.1,0.2,0.429,0.426
Justin Jackson,"OKC,MIL",2020-21,0.0,0.0,8.4,25.100000000000005,35.6764705882353,35.705882352941174,0.2058823529411764,34.0,12.0,22.0,17.0,0.7,1.9,0.379,1.7,0.3,0.7,0.36,0.447
Justin Robinson,"MIL,SAC,DET",2021-22,0.0,0.0,13.85714285714286,27.02380952380953,25.36,25.8,0.32,25.0,13.0,12.0,12.1,0.3,1.2,0.258,0.8,0.1,0.5,0.25,0.306
Justise Winslow,MIA,2018-19,0.0,0.0,6.724543610547666,25.22734375,60.31818181818182,60.71212121212121,0.106060606060606,66.0,30.0,36.0,29.7,0.8,2.3,0.338,1.7,0.1,0.5,0.156,0.354
Justise Winslow,MEM,2020-21,0.0,0.0,7.567948717948716,24.538888888888888,41.34615384615385,41.61538461538461,0.1153846153846153,26.0,13.0,13.0,19.5,0.6,2.0,0.288,1.2,0.0,0.1,0.0,0.288
Justise Winslow,"LAC,POR",2021-22,0.0,0.0,5.99620253164557,24.945945945945947,34.40425531914894,34.57446808510638,0.0851063829787234,48.0,24.0,24.0,16.1,0.1,0.6,0.226,0.3,0.0,0.1,0.333,0.242
Justise Winslow,POR,2022-23,0.0,0.0,5.333333333333332,24.764444444444447,53.51724137931034,53.89655172413793,0.1034482758620689,29.0,15.0,14.0,26.8,0.3,1.0,0.321,0.6,0.0,0.0,0.0,0.321
Jusuf Nurkic,POR,2018-19,0.0,0.0,4.992220828105394,25.42413793103448,57.06944444444444,56.93055555555556,0.125,72.0,45.0,27.0,27.4,0.1,0.4,0.346,0.3,0.0,0.0,0.0,0.346
Jusuf Nurkic,POR,2020-21,0.0,0.0,3.655115511551155,26.40666666666666,49.7027027027027,49.51351351351352,0.1621621621621621,37.0,22.0,15.0,23.8,0.1,0.2,0.286,0.2,0.1,0.1,0.667,0.429
Jusuf Nurkic,POR,2021-22,0.0,0.0,3.903308823529412,25.78392857142857,57.17857142857143,56.625,0.0892857142857142,56.0,25.0,31.0,28.2,0.1,0.3,0.25,0.2,0.0,0.1,0.5,0.313
Jusuf Nurkic,POR,2022-23,0.0,0.0,3.325647668393782,25.63781512605043,54.36538461538461,54.32692307692308,0.1346153846153846,52.0,24.0,28.0,26.8,0.1,0.2,0.273,0.1,0.0,0.1,0.333,0.318
Jusuf Nurkic,PHO,2023-24,0.0,0.0,3.2852886405959034,25.94777777777777,55.93421052631579,55.85526315789474,0.0,76.0,48.0,28.0,27.3,0.0,0.1,0.273,0.1,0.0,0.0,0.0,0.273
Jusuf Nurkic,"PHO,CHO",2024-25,0.0,0.0,4.486013986013987,26.263043478260876,42.21568627450981,42.1764705882353,0.0392156862745098,51.0,18.0,33.0,20.8,0.0,0.3,0.0,0.0,0.0,0.2,0.0,0.0
Jabari Smith,HOU,2022-23,0.0,0.0,8.767265469061874,25.72966751918159,63.74683544303797,63.67088607594937,0.1518987341772152,79.0,21.0,58.0,31.0,1.3,3.2,0.388,2.8,0.3,0.8,0.373,0.437
Jabari Smith,HOU,2023-24,0.0,0.0,7.886313465783664,25.861052631578943,64.78947368421052,64.77631578947368,0.0394736842105263,76.0,39.0,37.0,31.9,1.1,2.8,0.403,2.5,0.2,0.7,0.288,0.438
Jabari Smith,HOU,2024-25,0.0,0.0,7.487543252595154,25.34404332129965,61.35087719298246,61.35087719298246,0.0350877192982456,57.0,40.0,17.0,30.1,0.9,2.4,0.374,1.9,0.1,0.6,0.212,0.399
Jaren Jackson,MEM,2018-19,0.0,0.0,4.967785234899329,25.244366197183098,51.06896551724138,51.1551724137931,0.0344827586206896,58.0,23.0,35.0,26.1,0.1,0.6,0.25,0.3,0.1,0.2,0.333,0.313
Jaren Jackson,MEM,2019-20,0.0,0.0,4.474805194805194,25.78369565217391,60.87719298245614,60.824561403508774,0.2280701754385964,57.0,28.0,29.0,28.5,0.3,0.9,0.315,0.8,0.2,0.7,0.341,0.444
Jaren Jackson,MEM,2021-22,0.0,0.0,5.060629921259841,25.718453865336663,56.35897435897436,56.166666666666664,0.1282051282051282,78.0,53.0,25.0,27.3,0.2,0.7,0.293,0.5,0.1,0.3,0.25,0.345
Jaren Jackson,MEM,2022-23,0.0,0.0,4.047222222222223,25.60957446808511,59.507936507936506,59.507936507936506,0.0793650793650793,63.0,41.0,22.0,28.4,0.2,0.7,0.319,0.6,0.1,0.4,0.333,0.404
Jaren Jackson,MEM,2023-24,0.0,0.0,5.25113065326633,26.335792349726773,65.95454545454545,65.72727272727273,0.4393939393939394,66.0,22.0,44.0,32.2,0.5,1.9,0.288,1.3,0.2,0.9,0.226,0.344
Jaren Jackson,MEM,2024-25,0.0,0.0,7.059951456310681,25.956041131105387,63.78378378378378,63.554054054054056,0.1486486486486486,74.0,42.0,32.0,29.8,1.4,3.0,0.482,3.1,0.2,0.8,0.288,0.52
Johnny Davis,WAS,2022-23,0.0,0.0,9.02970297029703,25.48,31.928571428571427,31.714285714285715,0.0714285714285714,28.0,10.0,18.0,15.1,0.7,2.1,0.333,1.5,0.0,0.5,0.077,0.342
Johnny Davis,WAS,2023-24,0.0,0.0,5.905263157894735,25.5725,26.08,26.48,0.1,50.0,8.0,42.0,12.3,0.1,0.6,0.241,0.3,0.0,0.1,0.25,0.259
Karl Anthony Towns,MIN,2018-19,0.0,0.0,6.174244004171009,25.504788732394363,68.64935064935065,68.05194805194805,0.1428571428571428,77.0,34.0,43.0,33.0,0.4,1.3,0.31,0.9,0.1,0.4,0.313,0.36
Karl Anthony Towns,MIN,2019-20,0.0,0.0,4.751594202898552,25.597472924187727,72.85714285714286,72.25714285714285,0.1142857142857142,35.0,10.0,25.0,33.9,0.8,2.3,0.346,2.2,0.6,1.7,0.379,0.481
Karl Anthony Towns,MIN,2020-21,0.0,0.0,5.787142857142857,25.634603174603168,70.5,70.46,0.22,50.0,19.0,31.0,33.8,0.6,2.0,0.275,1.3,0.2,0.9,0.256,0.328
Karl Anthony Towns,MIN,2021-22,0.0,0.0,5.402712264150942,25.679781420765032,69.71621621621621,69.62162162162163,0.1081081081081081,74.0,44.0,30.0,33.5,0.7,1.7,0.402,1.7,0.3,0.7,0.455,0.5
Karl Anthony Towns,MIN,2022-23,0.0,0.0,6.814015151515153,25.592682926829273,69.44827586206897,68.89655172413794,0.1724137931034483,29.0,15.0,14.0,33.0,0.6,1.6,0.362,1.4,0.2,0.6,0.412,0.436
Karl Anthony Towns,MIN,2023-24,0.0,0.0,5.772275641025642,25.8131498470948,65.8225806451613,65.04838709677419,0.1451612903225806,62.0,42.0,20.0,32.7,0.8,2.0,0.379,1.7,0.2,0.7,0.31,0.431
Karl Anthony Towns,NYK,2024-25,0.0,0.0,4.731927023945268,26.45473372781065,70.93055555555556,70.38888888888889,0.0694444444444444,72.0,46.0,26.0,35.0,0.4,1.6,0.276,1.0,0.1,0.6,0.209,0.315
Karlo Matkovic,NOP,2024-25,0.0,0.0,3.5840236686390528,24.62272727272727,39.0,39.07142857142857,0.0,42.0,12.0,30.0,18.8,0.0,0.0,1.0,0.0,0.0,0.0,0.0,1.0
Karlo Matkovic,NOP,2025-26,0.0,0.0,2.2301075268817203,24.64528301886792,26.930232558139537,27.58139534883721,0.0232558139534883,62.0,24.0,38.0,14.7,0.0,0.0,0.333,0.0,0.0,0.0,0.5,0.5
Kawhi Leonard,TOR,2018-19,0.0,0.0,8.903385731559858,25.33443708609272,70.15,69.85,0.1166666666666666,60.0,41.0,19.0,34.0,3.7,8.7,0.421,8.2,0.8,2.4,0.342,0.469
Kawhi Leonard,LAC,2019-20,0.0,0.0,9.983044554455446,25.9123076923077,66.84210526315789,66.63157894736842,0.1228070175438596,57.0,41.0,16.0,32.4,4.3,10.1,0.427,9.6,0.9,2.6,0.342,0.471
Kawhi Leonard,LAC,2020-21,0.0,0.0,9.257798165137611,25.80748031496063,68.23076923076923,68.0576923076923,0.0576923076923076,52.0,36.0,16.0,34.1,3.7,8.6,0.433,8.2,0.7,2.2,0.328,0.475
Kawhi Leonard,LAC,2022-23,0.0,0.0,10.525281803542672,25.8136,68.01923076923077,67.8076923076923,0.0576923076923076,52.0,33.0,19.0,33.6,4.1,8.4,0.482,8.9,0.8,2.1,0.402,0.531
Kawhi Leonard,LAC,2023-24,0.0,0.0,9.121912832929784,25.59464285714285,68.91176470588235,68.77941176470588,0.088235294117647,68.0,44.0,24.0,34.3,3.6,7.9,0.454,8.0,0.8,2.1,0.387,0.506
Kawhi Leonard,LAC,2024-25,0.0,0.0,9.40646651270208,25.824736842105263,63.5945945945946,63.7027027027027,0.0,37.0,26.0,11.0,31.9,3.4,8.0,0.424,7.6,0.8,2.1,0.392,0.476
Keaton Wallace,ATL,2024-25,0.0,0.0,9.847500000000002,26.01829268292683,33.61290322580645,33.87096774193548,0.064516129032258,31.0,15.0,16.0,16.2,0.8,2.3,0.338,1.7,0.2,0.7,0.261,0.38
Keegan Murray,SAC,2022-23,0.0,0.0,5.434875444839858,25.27784431137725,61.7125,61.5375,0.1125,80.0,47.0,33.0,29.8,0.5,1.1,0.44,1.1,0.2,0.4,0.4,0.524
Keegan Murray,SAC,2023-24,0.0,0.0,8.22478448275862,25.578864970645785,68.87012987012987,68.53246753246754,0.0649350649350649,77.0,43.0,34.0,33.6,1.3,3.1,0.401,2.8,0.3,1.0,0.26,0.442
Keegan Murray,SAC,2024-25,0.0,0.0,6.691644204851753,25.947809948032667,70.05263157894737,70.19736842105263,0.0657894736842105,76.0,36.0,40.0,34.3,0.6,1.9,0.345,1.4,0.1,0.6,0.209,0.377
Keifer Sykes,IND,2021-22,0.0,0.0,9.941000000000004,25.443333333333328,38.1,37.53333333333333,0.2,32.0,6.0,26.0,17.7,0.6,2.5,0.253,1.4,0.2,0.9,0.179,0.285
Keita Bates Diop,MIN,2018-19,0.0,0.0,6.292222222222224,25.255769230769236,34.36666666666667,34.3,0.0333333333333333,30.0,10.0,20.0,16.8,0.2,0.8,0.208,0.3,0.0,0.1,0.0,0.208
Keita Bates Diop,"MIN,DEN",2019-20,0.0,0.0,1.705263157894737,24.211111111111112,35.52272727272727,35.75,0.0,44.0,10.0,34.0,16.9,0.1,0.4,0.222,0.2,0.0,0.2,0.286,0.278
Keita Bates Diop,SAS,2021-22,0.0,0.0,3.98701923076923,24.823636363636357,33.389830508474574,33.728813559322035,0.0169491525423728,59.0,23.0,36.0,16.2,0.1,0.3,0.294,0.2,0.0,0.1,0.2,0.324
Keita Bates Diop,SAS,2022-23,0.0,0.0,4.126006191950466,24.801408450704212,46.07575757575758,46.303030303030305,0.0303030303030303,67.0,18.0,49.0,21.7,0.2,0.5,0.324,0.3,0.0,0.1,0.0,0.324
Keita Bates Diop,"PHO,BRK",2023-24,0.0,0.0,4.018181818181817,26.44,25.0188679245283,25.11320754716981,0.0,53.0,29.0,24.0,12.5,0.1,0.2,0.375,0.1,0.0,0.1,0.333,0.438
Kelel Ware,MIA,2024-25,0.0,0.0,4.152124645892351,25.654954954954952,44.40625,44.734375,0.046875,64.0,28.0,36.0,22.2,0.1,0.4,0.333,0.3,0.0,0.1,0.2,0.352
Kelan Martin,MIN,2019-20,0.0,0.0,6.724705882352938,25.213541666666668,34.70967741935484,34.774193548387096,0.064516129032258,31.0,12.0,19.0,16.0,0.6,1.4,0.432,1.4,0.2,0.5,0.4,0.5
Kelan Martin,"IND,BOS",2021-22,0.0,0.0,8.35,26.2,30.033333333333335,29.633333333333333,0.0,30.0,14.0,16.0,15.0,0.7,1.9,0.357,1.4,0.1,0.5,0.133,0.375
Keldon Johnson,SAS,2020-21,0.0,0.0,4.246755725190839,25.355248618784533,58.492753623188406,58.47826086956522,0.0434782608695652,69.0,32.0,37.0,28.5,0.5,1.2,0.398,1.1,0.1,0.4,0.267,0.446
Keldon Johnson,SAS,2021-22,0.0,0.0,5.579901960784315,25.429824561403517,66.08,66.12,0.16,75.0,33.0,42.0,31.9,0.6,1.7,0.328,1.3,0.1,0.5,0.216,0.359
Keldon Johnson,SAS,2022-23,0.0,0.0,5.141076487252127,25.68476658476658,68.44444444444444,68.31746031746032,0.0634920634920634,63.0,17.0,46.0,32.8,0.8,2.9,0.293,2.0,0.3,1.3,0.266,0.351
Keldon Johnson,SAS,2023-24,0.0,0.0,4.637373737373737,25.25122615803815,62.333333333333336,62.594202898550726,0.1159420289855072,69.0,17.0,52.0,29.5,0.5,1.6,0.327,1.4,0.3,1.0,0.286,0.416
Keldon Johnson,SAS,2024-25,0.0,0.0,3.7175403225806463,25.084306569343067,49.62337662337662,49.506493506493506,0.0649350649350649,77.0,31.0,46.0,23.9,0.3,0.8,0.354,0.8,0.2,0.6,0.378,0.485
Kelly Olynyk,MIA,2018-19,0.0,0.0,5.083265306122449,25.223510971786833,46.56962025316456,46.41772151898734,0.1265822784810126,79.0,39.0,40.0,22.9,0.3,0.9,0.28,0.7,0.2,0.7,0.268,0.38
Kelly Olynyk,MIA,2019-20,0.0,0.0,5.893292682926829,25.874786324786328,40.343283582089555,40.02985074626866,0.0597014925373134,67.0,41.0,26.0,19.4,0.3,0.7,0.378,0.6,0.1,0.3,0.333,0.456
Kelly Olynyk,"MIA,HOU",2020-21,0.0,0.0,3.93826530612245,26.1392,59.114285714285714,58.84285714285714,0.1,70.0,26.0,44.0,28.5,0.3,1.1,0.282,0.9,0.3,0.8,0.345,0.404
Kelly Olynyk,DET,2021-22,0.0,0.0,5.465868263473054,26.458823529411767,39.5,39.2,0.125,40.0,13.0,27.0,19.1,0.4,1.5,0.259,1.0,0.2,0.9,0.257,0.336
Kelly Olynyk,UTA,2022-23,0.0,0.0,5.493146417445483,25.80254237288136,59.02941176470589,59.05882352941177,0.1911764705882352,68.0,28.0,40.0,28.6,0.5,1.1,0.421,1.1,0.2,0.4,0.448,0.507
Kelly Olynyk,"UTA,TOR",2023-24,0.0,0.0,4.8339285714285705,25.88169014084507,46.98717948717949,46.82051282051282,0.1666666666666666,78.0,31.0,47.0,22.5,0.2,0.7,0.321,0.5,0.0,0.3,0.095,0.339
Kelly Olynyk,"TOR,NOP",2024-25,0.0,0.0,5.569298245614035,25.88333333333333,41.5,41.09090909090909,0.0681818181818181,44.0,12.0,32.0,20.2,0.3,0.8,0.378,0.8,0.1,0.3,0.462,0.459
Kelly Oubre,"WAS,PHO",2018-19,0.0,0.0,4.808157099697886,25.34320388349515,59.492753623188406,59.52173913043478,0.3043478260869565,69.0,21.0,48.0,28.0,0.8,2.0,0.407,1.9,0.3,1.0,0.343,0.496
Kelly Oubre,PHO,2019-20,0.0,0.0,5.419653179190751,25.07980456026059,72.35714285714286,72.57142857142857,0.3392857142857143,56.0,22.0,34.0,34.5,1.3,2.8,0.449,2.9,0.4,1.0,0.379,0.519
Kelly Oubre,GSW,2020-21,0.0,0.0,5.414806378132119,25.170877192982456,65.47272727272727,65.61818181818182,0.3636363636363636,55.0,27.0,28.0,30.7,0.7,2.1,0.313,1.5,0.2,0.8,0.25,0.361
Kelly Oubre,CHO,2021-22,0.0,0.0,4.407651715039578,25.382278481012648,54.64473684210526,55.0,0.2236842105263158,76.0,39.0,37.0,26.3,0.8,2.3,0.343,2.1,0.5,1.5,0.345,0.455
Kelly Oubre,CHO,2022-23,0.0,0.0,5.7475,25.292920353982293,67.10416666666667,67.33333333333333,0.5208333333333334,48.0,16.0,32.0,32.2,1.5,3.8,0.396,3.5,0.5,1.5,0.306,0.456
Kelly Oubre,PHI,2023-24,0.0,0.0,4.643037974683543,25.44492307692308,61.161764705882355,61.35294117647059,0.1911764705882352,68.0,40.0,28.0,30.2,0.8,2.5,0.325,2.0,0.4,1.3,0.315,0.408
Kelly Oubre,PHI,2024-25,0.0,0.0,4.481362725450903,25.39586776859504,69.81666666666666,70.21666666666667,0.3333333333333333,60.0,21.0,39.0,34.6,0.5,1.7,0.262,1.0,0.1,0.7,0.14,0.291
Kemba Walker,CHO,2018-19,0.0,0.0,7.82193074501574,26.14815321477429,71.15853658536585,70.98780487804878,0.4512195121951219,82.0,39.0,43.0,34.9,4.2,10.3,0.404,10.5,2.1,6.0,0.356,0.507
Kemba Walker,BOS,2019-20,0.0,0.0,7.55264423076923,26.338689217758983,64.03571428571429,63.82142857142857,0.2857142857142857,56.0,37.0,19.0,31.1,3.4,8.5,0.397,8.9,2.1,5.9,0.365,0.523
Kemba Walker,BOS,2020-21,0.0,0.0,8.949535603715171,26.340226628895184,64.76744186046511,64.67441860465117,0.1627906976744186,43.0,22.0,21.0,31.8,3.1,8.5,0.362,8.1,1.9,5.5,0.347,0.474
Kemba Walker,NYK,2021-22,0.0,0.0,8.956140350877192,25.84120603015075,51.972972972972975,51.83783783783784,0.3783783783783784,37.0,16.0,21.0,25.6,2.0,5.5,0.361,5.2,1.2,3.6,0.348,0.475
Kendrick Nunn,MIA,2019-20,0.0,0.0,8.577629063097515,25.52890025575448,59.43283582089552,59.417910447761194,0.1940298507462686,67.0,42.0,25.0,29.3,1.9,4.7,0.417,4.5,0.6,1.7,0.368,0.486
Kendrick Nunn,MIA,2020-21,0.0,0.0,6.963609467455618,25.640312499999993,58.55357142857143,58.910714285714285,0.0535714285714285,56.0,31.0,25.0,29.5,1.3,3.3,0.38,2.9,0.4,1.5,0.265,0.44
Kendrick Nunn,"LAL,WAS",2022-23,0.0,0.0,8.60392156862745,26.18144329896907,29.02857142857143,28.87142857142857,0.1,70.0,30.0,40.0,13.8,1.0,2.5,0.398,2.5,0.5,1.3,0.386,0.494
Kenneth Faried,"BRK,HOU",2018-19,0.0,0.0,2.6684729064039407,26.945000000000004,40.945945945945944,40.78378378378378,0.054054054054054,37.0,21.0,16.0,19.7,0.1,0.1,0.4,0.1,0.0,0.1,0.0,0.4
Kenrich Williams,NOP,2018-19,0.0,0.0,5.252032520325203,25.436538461538465,50.58695652173913,50.869565217391305,0.1521739130434782,46.0,17.0,29.0,23.5,0.3,1.0,0.304,0.8,0.2,0.6,0.31,0.402
Kenrich Williams,NOP,2019-20,0.0,0.0,3.7560000000000007,25.051546391752588,44.92307692307692,45.0,0.2564102564102564,39.0,12.0,27.0,21.3,0.1,0.3,0.3,0.2,0.0,0.1,0.2,0.35
Kenrich Williams,OKC,2020-21,0.0,0.0,6.538095238095237,24.92307692307692,45.31818181818182,45.15151515151515,0.1212121212121212,66.0,21.0,45.0,21.6,0.6,1.4,0.441,1.3,0.1,0.3,0.412,0.478
Kenrich Williams,OKC,2021-22,0.0,0.0,6.4158163265306145,25.602479338842972,44.06122448979592,44.06122448979592,0.2448979591836734,49.0,17.0,32.0,21.9,0.6,1.5,0.37,1.3,0.2,0.5,0.333,0.425
Kenrich Williams,OKC,2022-23,0.0,0.0,5.905188679245282,25.15149253731343,47.0188679245283,47.22641509433962,0.1698113207547169,53.0,26.0,27.0,22.8,0.5,1.2,0.391,1.0,0.1,0.3,0.286,0.422
Kenrich Williams,OKC,2023-24,0.0,0.0,5.2438848920863315,25.399290780141843,30.28985507246377,30.797101449275363,0.072463768115942,69.0,49.0,20.0,14.9,0.1,0.5,0.229,0.3,0.0,0.2,0.25,0.271
Kenrich Williams,OKC,2024-25,0.0,0.0,5.515846994535519,25.7561403508772,33.68115942028985,33.69565217391305,0.0869565217391304,69.0,58.0,11.0,16.4,0.3,0.8,0.328,0.6,0.1,0.3,0.238,0.371
Kent Bazemore,ATL,2018-19,0.0,0.0,7.055498721227623,25.315666666666655,52.92537313432836,52.88059701492537,0.1940298507462686,67.0,24.0,43.0,24.5,1.1,3.3,0.318,2.5,0.4,1.6,0.259,0.381
Kent Bazemore,"POR,SAC",2019-20,0.0,0.0,4.962222222222222,24.72739726027397,51.838235294117645,52.13235294117647,0.4117647058823529,68.0,32.0,36.0,24.8,0.5,1.7,0.283,1.1,0.1,0.6,0.205,0.323
Kent Bazemore,GSW,2020-21,0.0,0.0,6.938461538461539,24.671195652173903,41.95522388059702,42.223880597014926,0.208955223880597,67.0,35.0,32.0,19.9,0.3,1.1,0.27,0.7,0.1,0.3,0.318,0.318
Kent Bazemore,LAL,2021-22,0.0,0.0,8.10677966101695,25.392500000000013,29.35897435897436,29.53846153846154,0.1282051282051282,39.0,16.0,23.0,14.0,0.3,0.9,0.278,0.7,0.2,0.4,0.471,0.389
Kentavious Caldwell Pope,LAL,2018-19,0.0,0.0,8.792211838006226,25.312643678160924,52.74390243902439,52.51219512195122,0.4634146341463415,82.0,37.0,45.0,24.8,0.9,2.5,0.359,2.1,0.3,1.1,0.277,0.422
Kentavious Caldwell Pope,LAL,2019-20,0.0,0.0,7.719029850746266,25.00418410041841,53.27536231884058,53.52173913043478,0.2608695652173913,69.0,51.0,18.0,25.5,0.6,1.6,0.378,1.4,0.1,0.4,0.323,0.423
Kentavious Caldwell Pope,LAL,2020-21,0.0,0.0,7.650704225352114,24.884982935153577,57.76119402985075,57.865671641791046,0.3283582089552239,67.0,39.0,28.0,28.4,0.5,1.5,0.337,1.3,0.2,0.6,0.421,0.416
Kentavious Caldwell Pope,WAS,2021-22,0.0,0.0,11.072748815165877,25.303431372549017,61.36363636363637,61.4025974025974,0.3766233766233766,77.0,34.0,43.0,30.2,1.6,3.9,0.401,3.5,0.4,1.2,0.312,0.45
Kentavious Caldwell Pope,DEN,2022-23,0.0,0.0,9.99361022364218,24.925391849529785,64.53947368421052,64.39473684210526,0.5921052631578947,76.0,51.0,25.0,31.3,1.0,2.3,0.41,2.1,0.2,0.7,0.32,0.455
Kentavious Caldwell Pope,DEN,2023-24,0.0,0.0,8.729032258064516,24.812337662337654,63.5921052631579,63.526315789473685,0.25,76.0,54.0,22.0,31.6,1.0,2.1,0.466,2.3,0.3,0.7,0.451,0.537
Kentavious Caldwell Pope,ORL,2024-25,0.0,0.0,10.49672897196262,25.07818181818182,58.532467532467535,58.63636363636363,0.4415584415584415,77.0,38.0,39.0,29.6,0.9,2.2,0.428,2.1,0.2,0.8,0.286,0.482
Keon Ellis,SAC,2023-24,0.0,0.0,7.440624999999999,25.423809523809528,34.35087719298246,34.6140350877193,0.1403508771929824,57.0,33.0,24.0,17.2,0.5,1.2,0.408,1.4,0.4,0.9,0.408,0.549
Keon Ellis,SAC,2024-25,0.0,0.0,7.174125874125875,25.373564753003997,48.675,49.2375,0.1625,80.0,39.0,41.0,24.4,0.4,1.2,0.376,1.2,0.3,0.7,0.4,0.495
Keon Johnson,"LAC,POR",2021-22,0.0,0.0,6.119696969696968,25.407865168539324,38.16216216216216,38.48648648648648,0.1081081081081081,37.0,8.0,29.0,18.8,0.6,2.4,0.261,1.7,0.5,1.1,0.405,0.358
Keon Johnson,BRK,2024-25,0.0,0.0,5.316402116402117,25.310473815461336,48.949367088607595,49.037974683544306,0.0632911392405063,79.0,25.0,54.0,24.4,0.4,1.7,0.259,1.1,0.2,1.1,0.205,0.326
Kessler Edwards,BRK,2021-22,0.0,0.0,5.5427480916030545,24.90367647058824,42.020833333333336,42.1875,0.0416666666666666,48.0,22.0,26.0,20.6,0.3,0.6,0.483,0.6,0.0,0.0,0.0,0.483
Kessler Edwards,DAL,2024-25,0.0,0.0,4.618518518518518,24.35555555555556,32.30769230769231,32.53846153846154,0.0256410256410256,40.0,17.0,23.0,15.2,0.1,0.4,0.286,0.2,0.0,0.1,0.0,0.286
Kevin Durant,GSW,2018-19,0.0,0.0,10.460703517587936,26.43273195876289,73.25641025641026,73.42307692307692,0.141025641025641,78.0,54.0,24.0,34.6,4.1,8.8,0.467,9.1,0.8,2.7,0.311,0.514
Kevin Durant,BRK,2020-21,0.0,0.0,9.952415458937196,25.812698412698413,69.45714285714286,69.45714285714286,0.0571428571428571,35.0,23.0,12.0,33.1,3.9,8.1,0.484,8.9,1.0,2.2,0.461,0.546
Kevin Durant,BRK,2021-22,0.0,0.0,11.249447852760737,25.686,77.32727272727273,77.58181818181818,0.0727272727272727,55.0,36.0,19.0,37.2,5.6,11.4,0.488,12.3,1.1,2.8,0.403,0.537
Kevin Durant,"BRK,PHO",2022-23,0.0,0.0,12.319540229885057,25.79268292682927,72.44680851063829,72.12765957446808,0.1489361702127659,47.0,34.0,13.0,35.6,5.5,10.0,0.548,11.7,0.8,2.1,0.37,0.587
Kevin Durant,PHO,2023-24,0.0,0.0,10.777259475218662,25.683046683046687,76.41333333333333,76.45333333333333,0.0933333333333333,75.0,44.0,31.0,37.2,4.2,9.1,0.464,9.0,0.6,1.6,0.347,0.494
Kevin Durant,PHO,2024-25,0.0,0.0,10.472340425531916,25.508870967741935,74.75806451612904,74.45161290322581,0.1129032258064516,62.0,33.0,29.0,36.5,4.0,8.2,0.494,8.5,0.4,1.2,0.324,0.518
Kevin Huerter,ATL,2018-19,0.0,0.0,6.310855263157893,25.780169971671377,58.54666666666667,58.693333333333335,0.0666666666666666,75.0,27.0,48.0,27.3,0.9,2.5,0.364,2.4,0.6,1.6,0.38,0.487
Kevin Huerter,ATL,2019-20,0.0,0.0,8.658333333333333,25.911377245509,66.83928571428571,66.875,0.0714285714285714,56.0,19.0,37.0,31.4,1.5,4.1,0.366,3.6,0.6,2.0,0.304,0.441
Kevin Huerter,ATL,2020-21,0.0,0.0,8.258260869565218,25.633160621761657,62.666666666666664,62.69565217391305,0.0289855072463768,69.0,40.0,29.0,30.8,1.4,3.3,0.434,3.3,0.5,1.4,0.327,0.504
Kevin Huerter,ATL,2021-22,0.0,0.0,9.118051575931233,25.467153284671543,60.66216216216216,60.54054054054054,0.081081081081081,74.0,40.0,34.0,29.6,1.4,3.4,0.42,3.3,0.4,1.3,0.299,0.476
Kevin Huerter,SAC,2022-23,0.0,0.0,7.364044943820224,25.686862745098036,60.72,60.10666666666667,0.1066666666666666,75.0,44.0,31.0,29.4,1.5,3.5,0.426,3.9,0.9,2.1,0.416,0.553
Kevin Huerter,SAC,2023-24,0.0,0.0,6.238356164383564,25.956011730205297,50.609375,50.234375,0.078125,64.0,37.0,27.0,24.4,0.8,1.9,0.419,2.1,0.5,1.2,0.416,0.548
Kevin Huerter,"SAC,CHI",2024-25,0.0,0.0,5.898148148148149,25.575806451612905,50.869565217391305,50.73913043478261,0.144927536231884,69.0,39.0,30.0,24.3,0.8,1.9,0.406,2.0,0.5,1.3,0.38,0.543
Kevin Knox,NYK,2018-19,0.0,0.0,8.499454545454546,25.26346153846153,59.77333333333333,59.733333333333334,0.0533333333333333,75.0,15.0,60.0,28.8,1.1,3.3,0.339,2.5,0.3,0.6,0.413,0.377
Kevin Knox,NYK,2019-20,0.0,0.0,8.043069306930693,25.37135678391959,37.27692307692307,37.2,0.0307692307692307,65.0,21.0,44.0,17.9,0.5,1.4,0.333,1.2,0.2,0.5,0.433,0.403
Kevin Knox,"DET,POR",2022-23,0.0,0.0,6.085542168674699,25.371428571428577,31.88888888888889,31.92063492063492,0.0158730158730158,63.0,12.0,51.0,15.1,0.3,1.0,0.311,0.7,0.1,0.4,0.185,0.352
Kevin Knox,DET,2023-24,0.0,0.0,5.874999999999999,25.13617021276596,37.87096774193548,37.935483870967744,0.064516129032258,31.0,4.0,27.0,18.1,0.4,0.9,0.407,0.8,0.1,0.3,0.222,0.444
Kevin Love,CLE,2019-20,0.0,0.0,9.287240356083087,26.175641025641024,65.26785714285714,64.73214285714286,0.0892857142857142,56.0,16.0,40.0,31.8,1.2,3.1,0.383,2.9,0.5,1.6,0.311,0.463
Kevin Love,CLE,2020-21,0.0,0.0,8.105208333333334,26.275641025641026,50.56,50.76,0.0,25.0,7.0,18.0,24.9,0.7,1.7,0.429,2.0,0.5,1.0,0.542,0.583
Kevin Love,CLE,2021-22,0.0,0.0,8.86302816901408,26.142348008385746,46.027027027027025,45.270270270270274,0.054054054054054,74.0,38.0,36.0,22.5,0.7,1.9,0.353,1.7,0.4,1.1,0.367,0.457
Kevin Love,"CLE,MIA",2022-23,0.0,0.0,5.9105263157894745,25.74455445544555,40.32258064516129,40.096774193548384,0.032258064516129,62.0,35.0,27.0,20.0,0.3,1.0,0.333,0.8,0.2,0.7,0.279,0.433
Kevin Love,MIA,2023-24,0.0,0.0,5.211304347826085,26.01352459016393,33.81818181818182,34.09090909090909,0.0909090909090909,55.0,31.0,24.0,16.8,0.2,0.5,0.333,0.5,0.1,0.4,0.4,0.481
Kevon Harris,ORL,2022-23,0.0,0.0,3.5015625,25.409302325581393,27.441176470588236,27.58823529411765,0.0588235294117647,34.0,12.0,22.0,13.4,0.1,0.5,0.188,0.2,0.1,0.3,0.182,0.25
Kevon Looney,GSW,2018-19,0.0,0.0,3.964985163204748,30.090000000000003,38.7375,39.0625,0.05,80.0,56.0,24.0,18.5,0.1,0.2,0.313,0.1,0.0,0.0,0.0,0.313
Kevon Looney,GSW,2020-21,0.0,0.0,4.466111111111112,25.264705882352946,39.22950819672131,39.55737704918032,0.0327868852459016,61.0,34.0,27.0,19.0,0.1,0.1,0.444,0.1,0.0,0.0,0.0,0.444
Kevon Looney,GSW,2021-22,0.0,0.0,4.527272727272728,24.6,42.609756097560975,43.15853658536585,0.0121951219512195,82.0,53.0,29.0,21.1,0.0,0.3,0.182,0.1,0.0,0.0,0.0,0.182
Kevon Looney,GSW,2022-23,0.0,0.0,3.4511749347258496,26.9,49.19512195121951,49.85365853658536,0.024390243902439,82.0,44.0,38.0,23.9,0.0,0.1,0.0,0.0,0.0,0.0,0.0,0.0
Kevon Looney,GSW,2023-24,0.0,0.0,3.9172413793103456,57.8,32.486486486486484,32.689189189189186,0.0135135135135135,74.0,43.0,31.0,16.1,0.1,0.2,0.333,0.1,0.0,0.0,0.0,0.333
Kevon Looney,GSW,2024-25,0.0,0.0,4.080952380952381,32.2,30.48684210526316,30.723684210526315,0.0394736842105263,76.0,45.0,31.0,15.0,0.0,0.1,0.273,0.1,0.0,0.0,0.0,0.273
Keyonte George,UTA,2023-24,0.0,0.0,8.408533333333331,25.98272727272727,55.70666666666666,55.89333333333333,0.24,75.0,27.0,48.0,27.0,1.5,4.3,0.364,4.0,0.9,2.7,0.345,0.475
Keyonte George,UTA,2024-25,0.0,0.0,7.813592233009708,25.624654832347144,65.26865671641791,65.40298507462687,0.2537313432835821,67.0,13.0,54.0,31.5,1.9,5.6,0.333,5.0,1.3,3.9,0.326,0.447
Khem Birch,ORL,2018-19,0.0,0.0,3.3833333333333324,26.5,26.34,26.16,0.06,50.0,26.0,24.0,12.9,0.0,0.0,0.0,0.0,0.0,0.0,0.0,0.0
Khem Birch,ORL,2019-20,0.0,0.0,4.41830985915493,23.2,38.854166666666664,38.979166666666664,0.0208333333333333,48.0,19.0,29.0,19.2,0.0,0.0,0.0,0.0,0.0,0.0,0.0,0.0
Khem Birch,"ORL,TOR",2020-21,0.0,0.0,5.4921428571428565,24.40967741935484,46.19402985074627,46.43283582089552,0.0298507462686567,67.0,23.0,44.0,22.8,0.1,0.3,0.368,0.2,0.0,0.0,0.0,0.368
Khem Birch,TOR,2021-22,0.0,0.0,5.1392473118279565,22.85,35.67272727272727,35.67272727272727,0.0363636363636363,55.0,34.0,21.0,18.0,0.1,0.2,0.333,0.1,0.0,0.0,0.0,0.333
Khris Middleton,MIL,2018-19,0.0,0.0,8.912611275964393,25.923206751054853,66.62337662337663,66.16883116883118,0.1038961038961039,77.0,56.0,21.0,31.1,2.7,6.5,0.412,6.6,1.2,3.1,0.39,0.504
Khris Middleton,MIL,2019-20,0.0,0.0,11.01011804384485,25.99265536723164,65.20967741935483,64.85483870967742,0.0967741935483871,62.0,46.0,16.0,29.9,3.6,7.6,0.481,8.2,0.9,2.5,0.372,0.543
Khris Middleton,MIL,2020-21,0.0,0.0,10.424823695345555,25.79287671232877,70.69117647058823,70.33823529411765,0.1176470588235294,68.0,45.0,23.0,33.4,3.5,7.9,0.448,8.1,1.1,2.6,0.412,0.516
Khris Middleton,MIL,2021-22,0.0,0.0,10.889608177172056,26.054838709677423,68.34848484848484,67.5909090909091,0.0757575757575757,66.0,44.0,22.0,32.4,3.3,8.0,0.413,7.8,1.2,3.3,0.361,0.488
Khris Middleton,MIL,2022-23,0.0,0.0,10.19467213114754,25.770987654320997,52.03030303030303,51.63636363636363,0.0909090909090909,33.0,25.0,8.0,24.3,2.4,5.9,0.412,5.7,0.8,2.5,0.333,0.482
Khris Middleton,MIL,2023-24,0.0,0.0,11.096464646464645,25.67044534412956,56.52727272727272,56.345454545454544,0.1454545454545454,55.0,31.0,24.0,27.0,2.9,6.0,0.492,6.6,0.7,2.1,0.36,0.555
Khris Middleton,"MIL,WAS",2024-25,0.0,0.0,10.954430379746835,26.73829787234042,48.567567567567565,48.2972972972973,0.0,37.0,18.0,19.0,22.8,2.4,5.1,0.473,5.5,0.6,1.9,0.348,0.537
Killian Hayes,DET,2020-21,0.0,0.0,8.103100775193802,25.424999999999997,52.42307692307692,52.76923076923077,0.1923076923076923,26.0,6.0,20.0,25.8,1.1,3.2,0.337,2.3,0.2,0.9,0.208,0.367
Killian Hayes,DET,2021-22,0.0,0.0,8.112671232876714,25.126347305389224,51.07575757575758,51.18181818181818,0.1363636363636363,66.0,21.0,45.0,25.0,0.6,2.1,0.277,1.2,0.1,0.5,0.125,0.292
Killian Hayes,DET,2022-23,0.0,0.0,10.404158790170136,25.343706293706287,57.88157894736842,58.0921052631579,0.2631578947368421,76.0,16.0,60.0,28.3,2.1,5.5,0.377,4.4,0.3,1.2,0.244,0.403
Killian Hayes,DET,2023-24,0.0,0.0,10.96794258373206,25.13648648648649,49.95238095238095,50.11904761904762,0.1666666666666666,42.0,7.0,35.0,24.0,1.5,3.6,0.428,3.2,0.1,0.4,0.313,0.444
Killian Tillie,MEM,2021-22,0.0,0.0,5.44390243902439,24.99651162790698,26.8,26.6,0.0285714285714285,36.0,27.0,9.0,12.8,0.1,0.2,0.286,0.1,0.0,0.1,0.25,0.357
Kira Lewis,NOP,2020-21,0.0,0.0,5.527649769585254,25.72000000000001,35.03703703703704,34.94444444444444,0.1111111111111111,54.0,23.0,31.0,16.7,0.3,1.5,0.217,0.8,0.2,0.6,0.257,0.271
KJ Martin,HOU,2020-21,0.0,0.0,2.8995495495495502,25.334375,49.62222222222222,50.13333333333333,0.0444444444444444,45.0,10.0,35.0,23.7,0.1,0.3,0.25,0.2,0.0,0.2,0.286,0.333
KJ Martin,HOU,2021-22,0.0,0.0,2.523943661971832,25.239285714285707,43.49367088607595,43.51898734177215,0.0379746835443038,79.0,20.0,59.0,21.0,0.0,0.1,0.286,0.1,0.0,0.1,0.4,0.429
KJ Martin,HOU,2022-23,0.0,0.0,2.8730158730158735,25.675462962962964,57.9390243902439,57.64634146341464,0.0609756097560975,82.0,22.0,60.0,28.0,0.0,0.1,0.125,0.0,0.0,0.1,0.0,0.125
KJ Martin,"LAC,PHI",2023-24,0.0,0.0,2.404054054054054,24.652173913043477,25.516666666666666,25.616666666666667,0.0333333333333333,60.0,33.0,27.0,12.4,0.0,0.0,0.0,0.0,0.0,0.0,0.0,0.0
KJ Martin,"PHI,UTA",2024-25,0.0,0.0,3.5215384615384617,23.829729729729735,43.41860465116279,43.53488372093023,0.0232558139534883,43.0,11.0,32.0,21.2,0.0,0.0,0.0,0.0,0.0,0.0,0.0,0.0
KJ Simpson,CHO,2024-25,0.0,0.0,6.804093567251462,25.7976923076923,47.02777777777778,47.47222222222222,0.2777777777777778,36.0,3.0,33.0,23.4,0.7,2.8,0.263,1.8,0.4,1.5,0.264,0.333
Klay Thompson,GSW,2018-19,0.0,0.0,11.723038605230386,25.672787979966603,71.03846153846153,71.07692307692308,0.1153846153846153,78.0,55.0,23.0,34.0,2.6,5.8,0.44,5.7,0.6,1.4,0.409,0.49
Klay Thompson,GSW,2021-22,0.0,0.0,11.316245487364622,26.04358108108108,60.65625,60.875,0.03125,32.0,17.0,15.0,29.4,3.3,7.3,0.451,7.8,1.2,2.6,0.452,0.532
Klay Thompson,GSW,2022-23,0.0,0.0,10.92437619961612,25.800273597811213,70.15942028985508,70.0,0.0434782608695652,69.0,38.0,31.0,33.0,2.5,6.2,0.397,6.0,1.1,2.7,0.4,0.484
Klay Thompson,GSW,2023-24,0.0,0.0,11.252607709750563,26.11083815028903,61.74025974025974,61.23376623376623,0.0259740259740259,77.0,41.0,36.0,29.7,1.8,4.2,0.444,4.3,0.6,1.5,0.414,0.519
Klay Thompson,DAL,2024-25,0.0,0.0,11.550925925925926,25.07359855334538,55.916666666666664,55.90277777777778,0.0277777777777777,72.0,33.0,39.0,27.3,1.5,4.2,0.355,3.6,0.6,1.9,0.288,0.421
Kris Dunn,CHI,2018-19,0.0,0.0,8.43390243902439,25.35416666666666,61.47826086956522,61.54347826086956,0.217391304347826,46.0,14.0,32.0,30.2,1.8,4.5,0.396,3.9,0.3,0.8,0.457,0.435
Kris Dunn,CHI,2019-20,0.0,0.0,4.564347826086956,25.108035714285705,52.34,52.54,0.18,51.0,19.0,32.0,24.9,0.2,0.9,0.217,0.5,0.1,0.3,0.235,0.261
Kris Dunn,UTA,2023-24,0.0,0.0,5.745544554455444,25.21801801801801,40.215384615384615,40.10769230769231,0.0615384615384615,66.0,25.0,41.0,18.9,0.2,0.5,0.406,0.5,0.1,0.2,0.308,0.469
Kris Dunn,LAC,2024-25,0.0,0.0,5.945070422535211,25.025,48.729729729729726,48.891891891891895,0.0945945945945946,74.0,45.0,29.0,24.1,0.3,0.7,0.418,0.7,0.1,0.2,0.353,0.473
Kris Murray,POR,2023-24,0.0,0.0,3.4114754098360653,24.83715846994535,44.16129032258065,43.88709677419355,0.064516129032258,62.0,12.0,50.0,21.7,0.1,0.4,0.208,0.2,0.0,0.3,0.158,0.271
Kris Murray,POR,2024-25,0.0,0.0,2.821383647798742,24.647500000000004,31.3768115942029,31.63768115942029,0.0144927536231884,69.0,31.0,38.0,15.1,0.1,0.2,0.235,0.2,0.1,0.2,0.235,0.353
Kristaps Porzingis,DAL,2019-20,0.0,0.0,8.338374291115308,26.8818858560794,66.17543859649123,65.78947368421052,0.0350877192982456,57.0,32.0,25.0,31.8,0.9,2.9,0.304,2.0,0.2,0.6,0.314,0.336
Kristaps Porzingis,DAL,2020-21,0.0,0.0,7.798117647058822,27.09186046511627,62.46511627906977,61.83720930232558,0.0930232558139534,43.0,26.0,17.0,30.9,1.1,2.9,0.382,2.4,0.2,0.5,0.348,0.415
Kristaps Porzingis,"DAL,WAS",2021-22,0.0,0.0,8.729444444444443,27.11645569620253,57.72549019607843,57.450980392156865,0.0588235294117647,51.0,26.0,25.0,29.0,1.2,2.8,0.434,2.5,0.0,0.3,0.118,0.441
Kristaps Porzingis,WAS,2022-23,0.0,0.0,8.346072507552869,27.124999999999996,66.32307692307693,66.21538461538462,0.123076923076923,65.0,27.0,38.0,32.6,1.6,3.6,0.435,3.3,0.2,0.6,0.306,0.459
Kristaps Porzingis,BOS,2023-24,0.0,0.0,6.631808278867102,27.10716723549488,61.333333333333336,60.59649122807018,0.1228070175438596,57.0,43.0,14.0,29.6,0.7,1.8,0.379,1.4,0.1,0.3,0.267,0.398
Kristaps Porzingis,BOS,2024-25,0.0,0.0,7.013271604938272,27.612800000000004,58.904761904761905,58.476190476190474,0.0714285714285714,42.0,30.0,12.0,28.8,0.5,1.6,0.313,1.0,0.0,0.3,0.167,0.328
Ky Bowman,GSW,2019-20,0.0,0.0,9.035514018691588,26.2196261682243,46.68888888888889,46.86666666666667,0.2444444444444444,45.0,9.0,36.0,22.6,1.2,3.1,0.381,2.7,0.3,1.1,0.313,0.435
Kyle Anderson,MEM,2018-19,0.0,0.0,5.528099173553718,24.647058823529413,58.604651162790695,58.627906976744185,0.1162790697674418,43.0,19.0,24.0,29.8,0.3,0.8,0.394,0.6,0.0,0.1,0.333,0.409
Kyle Anderson,MEM,2019-20,0.0,0.0,7.264634146341465,24.94,42.16417910447761,42.28358208955224,0.1492537313432835,67.0,32.0,35.0,19.8,0.5,1.2,0.39,1.0,0.0,0.2,0.231,0.409
Kyle Anderson,MEM,2020-21,0.0,0.0,8.219143576826198,24.750191570881217,56.91304347826087,57.072463768115945,0.0579710144927536,69.0,36.0,33.0,27.4,1.2,2.7,0.462,2.8,0.3,0.7,0.426,0.516
Kyle Anderson,MEM,2021-22,0.0,0.0,6.400555555555554,24.68715596330275,45.01449275362319,45.46376811594203,0.072463768115942,69.0,46.0,23.0,21.5,0.5,1.4,0.344,1.0,0.0,0.2,0.231,0.359
Kyle Anderson,MIN,2022-23,0.0,0.0,5.964615384615387,24.715238095238096,58.78260869565217,58.6231884057971,0.217391304347826,69.0,36.0,33.0,28.4,0.4,1.1,0.419,1.0,0.1,0.2,0.412,0.466
Kyle Anderson,MIN,2023-24,0.0,0.0,7.079480519480519,24.470833333333328,45.34177215189873,45.74683544303797,0.0886075949367088,79.0,55.0,24.0,22.6,0.4,1.0,0.423,0.8,0.0,0.1,0.143,0.429
Kyle Anderson,"GSW,MIA",2024-25,0.0,0.0,5.837068965517241,26.12777777777778,33.88333333333333,33.88333333333333,0.0166666666666666,61.0,30.0,31.0,16.4,0.3,0.9,0.304,0.6,0.1,0.3,0.313,0.348
Kyle Filipowski,UTA,2024-25,0.0,0.0,4.471812080536913,25.09318181818182,43.958333333333336,44.111111111111114,0.0416666666666666,72.0,13.0,59.0,21.1,0.2,0.4,0.433,0.4,0.1,0.2,0.333,0.517
Kyle Korver,"CLE,UTA",2018-19,0.0,0.0,15.930973451327432,25.081632653061227,39.91428571428571,39.628571428571426,0.0428571428571428,70.0,39.0,31.0,19.1,0.8,2.1,0.392,2.2,0.5,1.2,0.419,0.514
Kyle Korver,MIL,2019-20,0.0,0.0,13.7625,25.62869198312236,36.58620689655172,36.241379310344826,0.0517241379310344,58.0,43.0,15.0,16.6,0.6,1.3,0.429,1.4,0.3,0.8,0.386,0.539
Kyle Kuzma,LAL,2018-19,0.0,0.0,5.571127819548872,25.528672985781995,70.78571428571429,70.78571428571429,0.0428571428571428,70.0,33.0,37.0,33.1,0.9,2.4,0.369,2.0,0.2,1.0,0.224,0.414
Kyle Kuzma,LAL,2019-20,0.0,0.0,7.612626262626264,26.174264705882365,52.67213114754098,52.68852459016394,0.0655737704918032,61.0,46.0,15.0,25.0,0.8,2.8,0.295,1.8,0.2,1.0,0.167,0.324
Kyle Kuzma,LAL,2020-21,0.0,0.0,6.524668435013265,25.346578947368418,58.455882352941174,58.23529411764706,0.088235294117647,68.0,40.0,28.0,28.7,0.7,2.3,0.29,1.6,0.3,0.9,0.288,0.345
Kyle Kuzma,WAS,2021-22,0.0,0.0,7.329233511586454,26.040800000000004,67.3030303030303,67.66666666666667,0.0606060606060606,66.0,29.0,37.0,33.4,1.3,3.8,0.332,2.9,0.3,1.3,0.274,0.377
Kyle Kuzma,WAS,2022-23,0.0,0.0,6.447655068078671,26.544906444906452,71.515625,71.515625,0.046875,64.0,29.0,35.0,35.0,1.5,4.5,0.328,3.7,0.7,2.3,0.32,0.409
Kyle Kuzma,WAS,2023-24,0.0,0.0,7.151100811123985,26.185777777777787,69.24285714285715,69.28571428571429,0.0714285714285714,70.0,13.0,57.0,32.6,1.7,5.1,0.338,4.1,0.7,2.2,0.305,0.404
Kyle Kuzma,"WAS,MIL",2024-25,0.0,0.0,5.790000000000001,26.025490196078433,62.4,62.47692307692308,0.123076923076923,65.0,25.0,40.0,29.8,0.9,2.9,0.295,2.1,0.4,1.4,0.278,0.361
Kyle Lowry,TOR,2018-19,0.0,0.0,7.6506993006993005,26.231125827814573,70.98461538461538,70.61538461538461,0.3846153846153846,65.0,47.0,18.0,34.1,1.4,4.3,0.331,3.6,0.8,2.6,0.292,0.421
Kyle Lowry,TOR,2019-20,0.0,0.0,6.70326409495549,26.599356223175963,75.84482758620689,75.65517241379311,0.3103448275862069,58.0,41.0,17.0,36.2,2.1,5.8,0.356,5.6,1.5,4.2,0.351,0.482
Kyle Lowry,TOR,2020-21,0.0,0.0,8.376981132075471,26.62235649546827,72.23913043478261,71.95652173913044,0.4347826086956521,46.0,15.0,31.0,34.8,2.3,6.0,0.374,6.0,1.4,3.8,0.377,0.493
Kyle Lowry,MIA,2021-22,0.0,0.0,9.220816326530615,26.581413612565452,67.92063492063492,67.82539682539682,0.3174603174603174,63.0,41.0,22.0,33.9,2.0,4.7,0.419,5.1,1.1,2.9,0.381,0.535
Kyle Lowry,MIA,2022-23,0.0,0.0,7.449142857142859,26.05741935483871,62.29090909090909,62.03636363636364,0.2909090909090909,55.0,30.0,25.0,31.2,1.2,3.0,0.392,3.0,0.7,1.9,0.346,0.503
Kyle Lowry,"MIA,PHI",2023-24,0.0,0.0,8.793478260869565,25.602247191011234,56.05,55.916666666666664,0.2,60.0,32.0,28.0,28.2,0.8,2.2,0.379,2.2,0.6,1.4,0.388,0.504
Kyle Lowry,PHI,2024-25,0.0,0.0,9.058620689655172,26.867045454545465,37.82857142857143,37.94285714285714,0.0285714285714285,35.0,14.0,21.0,18.8,0.3,1.0,0.333,0.9,0.2,0.7,0.32,0.444
Kyrie Irving,BOS,2018-19,0.0,0.0,8.488723667905822,25.995622119815657,69.41791044776119,68.74626865671642,0.1940298507462686,67.0,37.0,30.0,33.0,3.4,7.7,0.446,7.9,1.1,3.0,0.355,0.516
Kyrie Irving,BRK,2020-21,0.0,0.0,8.3409604519774,26.26746031746032,72.57407407407408,72.35185185185185,0.0555555555555555,54.0,36.0,18.0,34.9,4.4,9.2,0.474,10.0,1.3,3.5,0.372,0.545
Kyrie Irving,BRK,2021-22,0.0,0.0,10.420159151193634,26.09163179916318,77.48275862068965,77.41379310344827,0.1379310344827586,29.0,14.0,15.0,37.6,4.8,10.9,0.44,11.2,1.6,3.7,0.435,0.514
Kyrie Irving,"BRK,DAL",2022-23,0.0,0.0,7.648728813559322,26.144594594594597,75.11666666666666,74.93333333333334,0.1833333333333333,60.0,32.0,28.0,37.3,4.3,9.3,0.461,10.2,1.7,4.4,0.377,0.551
Kyrie Irving,DAL,2023-24,0.0,0.0,8.74507042253521,25.76294536817101,72.01724137931035,71.84482758620689,0.1206896551724138,58.0,39.0,19.0,35.0,3.8,8.6,0.449,9.1,1.4,3.6,0.395,0.532
Kyrie Irving,DAL,2024-25,0.0,0.0,8.074402730375429,25.971030640668516,73.98,73.6,0.06,50.0,28.0,22.0,36.1,3.2,7.9,0.402,7.7,1.3,3.8,0.353,0.487
Kyshawn George,WAS,2024-25,0.0,0.0,5.234895833333333,26.56355932203391,55.294117647058826,55.27941176470589,0.088235294117647,68.0,15.0,53.0,26.5,0.5,1.8,0.27,1.3,0.4,1.4,0.258,0.369
KZ Okpala,MIA,2020-21,0.0,0.0,3.734782608695652,24.472,24.77777777777778,24.77777777777778,0.0555555555555555,37.0,22.0,15.0,12.1,0.1,0.1,0.4,0.2,0.1,0.1,0.667,0.6
Kevin Porter,CLE,2019-20,0.0,0.0,7.038403041825096,25.55569620253164,47.12,47.6,0.14,50.0,15.0,35.0,23.2,0.9,3.1,0.281,2.1,0.4,1.4,0.257,0.34
Kevin Porter,HOU,2020-21,0.0,0.0,7.12233009708738,25.844099378881992,67.57692307692308,67.6923076923077,0.0769230769230769,26.0,4.0,22.0,32.1,2.0,5.8,0.349,5.2,1.1,3.8,0.296,0.444
Kevin Porter,HOU,2021-22,0.0,0.0,6.642025316455698,25.95084745762712,65.62295081967213,65.45901639344262,0.2950819672131147,61.0,16.0,45.0,31.3,2.2,6.5,0.332,5.9,1.6,4.8,0.332,0.454
Kevin Porter,HOU,2022-23,0.0,0.0,7.706212424849697,25.94545454545454,70.32203389830508,70.11864406779661,0.1525423728813559,59.0,18.0,41.0,34.3,2.8,7.3,0.386,7.1,1.5,4.4,0.337,0.488
Kevin Porter,"LAC,MIL",2024-25,0.0,0.0,8.59712643678161,25.704225352112672,40.346666666666664,40.54666666666667,0.1333333333333333,75.0,43.0,32.0,19.8,1.9,4.5,0.418,4.2,0.5,1.4,0.324,0.469
Lamar Stevens,CLE,2020-21,0.0,0.0,6.855855855855856,25.932,24.975,25.625,0.025,40.0,13.0,27.0,12.5,0.3,1.0,0.317,0.7,0.0,0.1,0.0,0.317
Lamar Stevens,CLE,2021-22,0.0,0.0,6.255905511811024,24.36307692307692,31.746031746031747,32.0,0.0476190476190476,63.0,35.0,28.0,16.1,0.5,1.1,0.403,0.9,0.0,0.0,0.0,0.403
Lamar Stevens,CLE,2022-23,0.0,0.0,5.496891191709846,24.28736842105263,35.91803278688525,36.44262295081968,0.0983606557377049,62.0,39.0,23.0,18.1,0.3,0.9,0.34,0.6,0.0,0.0,0.0,0.34
Lamar Stevens,"BOS,MEM",2023-24,0.0,0.0,7.421656050955413,25.121052631578948,30.08108108108108,30.27027027027027,0.054054054054054,38.0,22.0,16.0,14.7,0.6,1.6,0.377,1.2,0.0,0.0,0.0,0.377
LaMarcus Aldridge,SAS,2018-19,0.0,0.0,9.146671887235708,25.649999999999995,66.8641975308642,66.87654320987654,0.0617283950617283,81.0,48.0,33.0,33.2,2.0,5.0,0.394,3.9,0.0,0.1,0.0,0.394
LaMarcus Aldridge,SAS,2019-20,0.0,0.0,10.741037735849051,25.514649681528656,67.84905660377359,67.79245283018868,0.0188679245283018,53.0,23.0,30.0,33.1,1.9,4.4,0.433,3.9,0.1,0.3,0.438,0.448
LaMarcus Aldridge,"SAS,BRK",2020-21,0.0,0.0,8.279069767441861,24.24,53.30769230769231,52.65384615384615,0.0,26.0,15.0,11.0,25.9,0.8,2.0,0.431,1.8,0.1,0.2,0.4,0.451
LaMarcus Aldridge,BRK,2021-22,0.0,0.0,10.904126213592232,24.8804347826087,45.808510638297875,45.87234042553192,0.0,47.0,26.0,21.0,22.3,1.0,2.0,0.489,2.0,0.0,0.0,0.0,0.489
LaMelo Ball,CHO,2020-21,0.0,0.0,5.59051094890511,26.53946360153256,60.68627450980392,60.05882352941177,0.1176470588235294,51.0,23.0,28.0,28.8,1.6,4.2,0.377,3.8,0.7,2.1,0.321,0.456
LaMelo Ball,CHO,2021-22,0.0,0.0,7.0251088534107415,26.736637168141584,68.16,67.66666666666667,0.2,75.0,39.0,36.0,32.3,2.3,6.3,0.369,5.6,1.0,3.0,0.341,0.451
LaMelo Ball,CHO,2022-23,0.0,0.0,6.882840236686391,27.298694516971285,75.13888888888889,75.0,0.3055555555555556,36.0,13.0,23.0,35.2,3.0,8.2,0.367,7.8,1.8,5.1,0.348,0.476
LaMelo Ball,CHO,2024-25,0.0,0.0,6.807157894736842,27.62992424242424,66.25531914893617,65.85106382978724,0.1914893617021276,47.0,16.0,31.0,32.0,3.4,9.7,0.346,8.8,2.1,6.5,0.316,0.453
Lance Stephenson,LAL,2018-19,0.0,0.0,8.68595744680851,25.999492385786805,36.08955223880597,35.88059701492537,0.0298507462686567,68.0,33.0,35.0,16.5,0.9,2.4,0.377,2.2,0.4,1.0,0.379,0.454
Lance Stephenson,"ATL,IND",2021-22,0.0,0.0,9.68340807174888,25.796551724137927,36.28260869565217,36.26086956521739,0.1304347826086956,46.0,11.0,35.0,17.7,1.2,3.1,0.38,2.6,0.2,0.7,0.333,0.419
Lance Thomas,NYK,2018-19,0.0,0.0,9.04915254237288,24.106329113924048,35.04347826086956,35.108695652173914,0.1521739130434782,46.0,7.0,39.0,17.0,0.3,0.7,0.424,0.6,0.0,0.0,0.0,0.424
Landry Shamet,"PHI,LAC",2018-19,0.0,0.0,8.206779661016952,25.395364238410593,48.0253164556962,48.08860759493671,0.189873417721519,79.0,51.0,28.0,22.8,0.7,1.8,0.39,1.8,0.4,1.0,0.407,0.507
Landry Shamet,LAC,2019-20,0.0,0.0,6.6136842105263165,25.176689189189197,57.60377358490566,57.471698113207545,0.1698113207547169,53.0,34.0,19.0,27.4,0.5,1.5,0.312,1.2,0.3,1.0,0.327,0.422
Landry Shamet,BRK,2020-21,0.0,0.0,7.41138211382114,25.238138138138137,47.34426229508197,47.31147540983606,0.1147540983606557,61.0,39.0,22.0,23.0,0.6,1.9,0.307,1.5,0.3,1.2,0.26,0.39
Landry Shamet,PHO,2021-22,0.0,0.0,8.361589403973511,25.312874251497,42.927536231884055,43.15942028985507,0.1594202898550724,69.0,53.0,16.0,20.8,0.6,1.8,0.331,1.4,0.3,0.9,0.277,0.405
Landry Shamet,PHO,2022-23,0.0,0.0,7.81089108910891,25.528643216080404,41.425,41.2,0.325,40.0,19.0,21.0,20.2,0.7,2.5,0.287,2.0,0.5,1.6,0.317,0.386
Landry Shamet,WAS,2023-24,0.0,0.0,7.441025641025641,25.55796178343949,33.108695652173914,33.17391304347826,0.1521739130434782,46.0,6.0,40.0,15.8,0.6,1.5,0.386,1.3,0.1,0.7,0.182,0.429
Landry Shamet,NYK,2024-25,0.0,0.0,7.205405405405404,25.01666666666667,30.68,30.7,0.16,50.0,30.0,20.0,15.2,0.5,1.2,0.41,1.2,0.2,0.8,0.237,0.484
Langston Galloway,DET,2018-19,0.0,0.0,9.26425120772947,25.09842105263158,44.3625,44.1625,0.1125,80.0,41.0,39.0,21.8,0.6,1.5,0.414,1.4,0.2,0.4,0.406,0.47
Langston Galloway,DET,2019-20,0.0,0.0,8.30710900473934,25.123564954682777,52.46969696969697,52.5,0.0909090909090909,66.0,20.0,46.0,25.8,0.5,1.3,0.414,1.2,0.1,0.3,0.235,0.437
Lauri Markkanen,CHI,2018-19,0.0,0.0,7.154643628509719,25.931325301204826,65.71153846153847,65.75,0.1538461538461538,52.0,16.0,36.0,32.3,1.0,2.7,0.362,2.1,0.1,0.4,0.318,0.387
Lauri Markkanen,CHI,2019-20,0.0,0.0,3.9193430656934303,25.581388012618294,62.14,61.78,0.14,50.0,18.0,32.0,29.8,0.2,0.7,0.278,0.5,0.1,0.3,0.333,0.347
Lauri Markkanen,CHI,2020-21,0.0,0.0,4.22711111111111,25.34155405405405,53.23529411764706,52.88235294117647,0.0980392156862745,51.0,20.0,31.0,25.8,0.2,0.5,0.37,0.4,0.0,0.1,0.2,0.389
Lauri Markkanen,CLE,2021-22,0.0,0.0,5.311145510835913,26.08052631578947,61.36065573770492,61.295081967213115,0.0983606557377049,61.0,32.0,29.0,30.8,0.3,1.0,0.266,0.6,0.0,0.2,0.0,0.266
Lauri Markkanen,UTA,2022-23,0.0,0.0,5.556624605678231,25.779256360078275,71.16666666666667,71.31818181818181,0.1363636363636363,66.0,32.0,34.0,34.4,0.8,2.2,0.389,1.9,0.2,0.8,0.296,0.444
Lauri Markkanen,UTA,2023-24,0.0,0.0,5.8046563192904665,25.79134396355353,69.05454545454545,69.10909090909091,0.1636363636363636,55.0,22.0,33.0,33.1,0.6,1.9,0.327,1.4,0.1,0.6,0.212,0.361
Lauri Markkanen,UTA,2024-25,0.0,0.0,5.77109634551495,25.924060150375936,65.17021276595744,65.12765957446808,0.1702127659574468,47.0,9.0,38.0,31.4,0.6,1.6,0.338,1.3,0.2,0.7,0.29,0.396
LeBron James,LAL,2018-19,0.0,0.0,6.3412760416666645,26.37492354740061,75.32727272727273,74.98181818181818,0.0545454545454545,55.0,28.0,27.0,35.2,2.7,7.4,0.36,6.6,1.3,3.9,0.33,0.446
LeBron James,LAL,2019-20,0.0,0.0,6.2251708428246015,26.583294117647057,71.49253731343283,71.56716417910448,0.1343283582089552,67.0,50.0,17.0,34.6,2.3,7.0,0.33,5.9,1.3,3.8,0.327,0.421
LeBron James,LAL,2020-21,0.0,0.0,7.179925650557619,26.509122807017544,68.13333333333334,68.0,0.0444444444444444,45.0,30.0,15.0,33.4,2.6,6.8,0.376,6.4,1.3,3.4,0.377,0.471
LeBron James,LAL,2021-22,0.0,0.0,6.338421733505822,26.545758928571423,76.42857142857143,76.82142857142857,0.0535714285714285,56.0,25.0,31.0,37.2,2.6,7.1,0.374,6.6,1.3,4.0,0.336,0.468
LeBron James,LAL,2022-23,0.0,0.0,6.712707838479808,26.420424403183027,74.63636363636364,74.36363636363636,0.0181818181818181,55.0,30.0,25.0,35.5,2.1,6.5,0.33,5.2,0.9,2.8,0.316,0.398
LeBron James,LAL,2023-24,0.0,0.0,5.767991169977927,26.307988980716257,73.07042253521126,73.09859154929578,0.056338028169014,71.0,41.0,30.0,35.3,1.6,4.6,0.345,3.9,0.7,2.1,0.336,0.422
LeBron James,LAL,2024-25,0.0,0.0,7.382151029748285,26.781565656565657,71.14285714285714,71.18571428571428,0.0285714285714285,70.0,44.0,26.0,34.9,2.4,6.1,0.386,5.5,0.8,2.5,0.326,0.451
Liam McNeeley,CHO,2025-26,0.0,0.0,5.176666666666666,25.605172413793102,24.357142857142858,24.75,0.0714285714285714,31.0,12.0,19.0,11.9,0.1,0.2,0.5,0.3,0.1,0.1,0.667,0.667
Lindy Waters,OKC,2021-22,0.0,0.0,5.579310344827586,25.747945205479446,39.04,38.6,0.04,25.0,6.0,19.0,18.6,0.6,1.3,0.438,1.6,0.5,1.2,0.448,0.641
Lindy Waters,OKC,2022-23,0.0,0.0,4.543749999999999,25.738271604938273,27.317073170731707,26.73170731707317,0.0,41.0,20.0,21.0,12.9,0.2,0.7,0.345,0.7,0.2,0.6,0.269,0.466
Lindy Waters,"GSW,DET",2024-25,0.0,0.0,9.566666666666666,25.294736842105262,30.115384615384617,30.23076923076923,0.0192307692307692,52.0,27.0,25.0,15.0,0.4,1.0,0.415,1.1,0.3,0.6,0.424,0.547
Lonnie Walker,SAS,2019-20,0.0,0.0,7.141406249999998,25.654455445544556,33.622950819672134,33.57377049180328,0.0655737704918032,61.0,29.0,32.0,16.2,0.4,1.4,0.307,1.0,0.1,0.2,0.357,0.335
Lonnie Walker,SAS,2020-21,0.0,0.0,7.947400611620793,25.781914893617028,51.9,51.71666666666667,0.05,60.0,28.0,32.0,25.4,1.1,3.1,0.353,2.5,0.3,1.2,0.268,0.404
Lonnie Walker,SAS,2021-22,0.0,0.0,9.399756690997563,25.89801699716714,47.67142857142857,47.81428571428572,0.0142857142857142,70.0,27.0,43.0,23.0,1.3,3.9,0.348,3.0,0.3,1.2,0.262,0.389
Lonnie Walker,LAL,2022-23,0.0,0.0,6.950719424460432,25.354216867469876,48.82142857142857,49.17857142857143,0.0714285714285714,56.0,27.0,29.0,23.2,0.8,2.2,0.352,1.8,0.2,0.8,0.283,0.406
Lonnie Walker,BRK,2023-24,0.0,0.0,8.036651583710407,25.53431734317344,35.5,35.48275862068966,0.0517241379310344,58.0,23.0,35.0,17.4,1.0,2.9,0.357,2.7,0.6,1.6,0.394,0.467
Lonzo Ball,LAL,2018-19,0.0,0.0,4.9293859649122815,25.879385964912284,65.02127659574468,64.7872340425532,0.1276595744680851,47.0,25.0,22.0,30.3,0.8,2.6,0.303,2.1,0.5,1.6,0.324,0.402
Lonzo Ball,NOP,2019-20,0.0,0.0,7.0534246575342445,25.585822784810127,69.2063492063492,68.98412698412699,0.1111111111111111,63.0,26.0,37.0,32.1,1.0,3.3,0.316,2.7,0.6,1.8,0.319,0.405
Lonzo Ball,NOP,2020-21,0.0,0.0,8.29591836734694,25.389450549450544,65.76363636363637,65.6,0.109090909090909,55.0,23.0,32.0,31.8,1.5,4.3,0.342,3.7,0.7,2.4,0.313,0.429
Lonzo Ball,CHI,2021-22,0.0,0.0,7.626016260162602,25.642692307692307,71.0,70.74285714285715,0.0857142857142857,35.0,22.0,13.0,34.6,1.1,3.1,0.339,2.9,0.7,1.8,0.413,0.459
Lonzo Ball,CHI,2024-25,0.0,0.0,7.956250000000001,26.652820512820515,47.48571428571429,47.628571428571426,0.0571428571428571,35.0,16.0,19.0,22.2,0.7,1.8,0.375,1.9,0.5,1.2,0.395,0.508
Lou Williams,LAC,2018-19,0.0,0.0,9.394214876033054,26.29621993127148,57.44,56.54666666666667,0.1066666666666666,75.0,47.0,28.0,26.6,3.1,7.5,0.406,6.9,0.8,2.1,0.356,0.457
Lou Williams,LAC,2019-20,0.0,0.0,9.120450885668278,25.90158730158731,61.753846153846155,60.753846153846155,0.2153846153846154,65.0,44.0,21.0,28.7,2.7,7.4,0.362,6.1,0.8,2.6,0.31,0.417
Lou Williams,"LAC,ATL",2020-21,0.0,0.0,10.532716049382715,25.16851851851851,44.59090909090909,44.06060606060606,0.106060606060606,66.0,44.0,22.0,21.6,2.0,5.3,0.379,4.6,0.6,1.3,0.42,0.432
Lou Williams,ATL,2021-22,0.0,0.0,10.880275229357798,24.879411764705875,28.660714285714285,28.678571428571427,0.0357142857142857,56.0,33.0,23.0,14.3,1.1,3.2,0.352,2.6,0.3,0.9,0.354,0.399
Luguentz Dort,OKC,2019-20,0.0,0.0,3.0914529914529907,24.871287128712872,46.22222222222222,46.52777777777778,0.4444444444444444,36.0,26.0,10.0,22.8,0.1,0.3,0.273,0.2,0.1,0.2,0.333,0.364
Luguentz Dort,OKC,2020-21,0.0,0.0,4.776129032258064,25.4580547112462,61.46153846153846,61.38461538461539,1.0,52.0,18.0,34.0,29.7,0.6,1.9,0.3,1.5,0.3,1.3,0.246,0.38
Luguentz Dort,OKC,2021-22,0.0,0.0,5.114029850746269,25.99079283887469,67.43137254901961,67.33333333333333,0.803921568627451,51.0,17.0,34.0,32.7,1.0,2.7,0.364,2.7,0.7,1.9,0.396,0.5
Luguentz Dort,OKC,2022-23,0.0,0.0,4.1625,25.49144254278729,64.74324324324324,64.89189189189189,1.1756756756756757,74.0,36.0,38.0,30.7,0.6,1.6,0.353,1.4,0.3,0.9,0.318,0.444
Luguentz Dort,OKC,2023-24,0.0,0.0,5.564367816091954,25.130555555555553,59.11392405063291,59.48101265822785,0.6582278481012658,79.0,54.0,25.0,28.4,0.5,1.2,0.412,1.2,0.2,0.5,0.366,0.49
Luguentz Dort,OKC,2024-25,0.0,0.0,6.323333333333332,25.22905569007263,60.87323943661972,60.971830985915496,0.6901408450704225,71.0,57.0,14.0,29.2,0.6,1.6,0.384,1.5,0.3,0.8,0.351,0.473
Luka Doncic,DAL,2018-19,0.0,0.0,6.474553571428574,27.203112840466932,66.25,66.09722222222223,0.0833333333333333,72.0,28.0,44.0,32.2,2.7,7.8,0.34,7.0,1.7,5.3,0.314,0.445
Luka Doncic,DAL,2019-20,0.0,0.0,5.029971988795517,27.068207024029572,69.77049180327869,69.44262295081967,0.1475409836065573,61.0,36.0,25.0,33.6,3.0,9.0,0.336,8.3,2.3,7.2,0.316,0.462
Luka Doncic,DAL,2020-21,0.0,0.0,7.78480697384807,26.929197080291967,69.46969696969697,68.98484848484848,0.106060606060606,66.0,40.0,26.0,34.3,4.9,11.7,0.421,12.2,2.4,6.8,0.356,0.525
Luka Doncic,DAL,2021-22,0.0,0.0,8.317505995203836,26.89718804920915,69.6923076923077,69.73846153846154,0.0615384615384615,65.0,44.0,21.0,35.4,4.8,12.9,0.375,12.4,2.7,7.6,0.358,0.48
Luka Doncic,DAL,2022-23,0.0,0.0,7.438325991189425,26.974306839186696,72.74242424242425,72.43939393939394,0.0909090909090909,66.0,33.0,33.0,36.2,4.6,11.6,0.394,11.5,2.4,7.0,0.344,0.497
Luka Doncic,DAL,2023-24,0.0,0.0,8.883259911894275,26.761693548387107,77.71428571428571,77.45714285714286,0.1,70.0,46.0,24.0,37.5,5.9,14.2,0.413,14.9,3.2,8.4,0.378,0.525
Luka Doncic,"DAL,LAL",2024-25,0.0,0.0,8.75655172413793,27.26505576208179,72.88,72.24,0.22,50.0,31.0,19.0,35.4,4.3,11.9,0.365,11.1,2.5,6.8,0.36,0.469
Luka Garza,DET,2021-22,0.0,0.0,6.0632653061224495,25.999999999999996,25.21875,25.4375,0.09375,32.0,3.0,29.0,12.2,0.1,0.3,0.333,0.2,0.0,0.0,0.0,0.333
Luke Kennard,DET,2018-19,0.0,0.0,11.413147410358569,25.8278810408922,45.46031746031746,44.87301587301587,0.0634920634920634,63.0,30.0,33.0,22.8,1.4,3.5,0.41,3.3,0.4,1.2,0.347,0.468
Luke Kennard,DET,2019-20,0.0,0.0,9.628930817610062,25.5896174863388,66.60714285714286,65.85714285714286,0.1428571428571428,28.0,11.0,17.0,32.9,2.0,5.2,0.393,5.0,0.9,2.5,0.371,0.483
Luke Kennard,LAC,2020-21,0.0,0.0,11.043157894736844,25.619196428571428,39.20634920634921,39.523809523809526,0.0158730158730158,63.0,44.0,19.0,19.6,1.1,2.4,0.45,2.5,0.4,0.8,0.471,0.53
Luke Kennard,LAC,2021-22,0.0,0.0,10.961574074074074,25.838770685579195,55.31428571428572,54.82857142857143,0.0285714285714285,70.0,35.0,35.0,27.4,1.2,3.1,0.405,3.0,0.5,1.3,0.396,0.488
Luke Kennard,"LAC,MEM",2022-23,0.0,0.0,9.911764705882357,25.086861313868617,45.71186440677966,45.40677966101695,0.0847457627118644,59.0,37.0,22.0,22.3,0.8,1.9,0.425,2.0,0.4,0.9,0.375,0.518
Luke Kennard,MEM,2023-24,0.0,0.0,9.866233766233766,25.65756302521007,51.92307692307692,51.717948717948715,0.0512820512820512,39.0,15.0,24.0,25.6,0.8,2.4,0.326,1.9,0.4,1.3,0.306,0.408
Luke Kennard,MEM,2024-25,0.0,0.0,9.640588235294118,25.225478927203067,48.38461538461539,48.184615384615384,0.0153846153846153,65.0,37.0,28.0,22.6,0.9,2.1,0.42,2.1,0.3,1.0,0.349,0.5
Luke Kornet,NYK,2018-19,0.0,0.0,7.217777777777778,25.99637305699482,36.24444444444445,36.04444444444445,0.1555555555555555,46.0,9.0,37.0,17.0,0.2,0.9,0.25,0.5,0.1,0.3,0.25,0.3
Luke Kornet,CHI,2019-20,0.0,0.0,3.478481012658228,25.40740740740741,32.19444444444444,31.555555555555557,0.0555555555555555,36.0,11.0,25.0,15.5,0.0,0.3,0.091,0.1,0.0,0.2,0.0,0.091
Luke Kornet,BOS,2023-24,0.0,0.0,1.9717821782178224,26.2,30.571428571428573,30.682539682539684,0.0317460317460317,63.0,48.0,15.0,15.6,0.0,0.0,0.0,0.0,0.0,0.0,0.0,0.0
Luke Kornet,BOS,2024-25,0.0,0.0,2.567148014440433,27.26666666666667,36.736111111111114,36.69444444444444,0.0833333333333333,73.0,53.0,20.0,18.6,0.1,0.1,0.556,0.1,0.0,0.0,0.0,0.556
Larry Nance,CLE,2018-19,0.0,0.0,5.246719160104987,25.92857142857143,53.37313432835821,53.52238805970149,0.0746268656716417,67.0,16.0,51.0,26.8,0.3,0.7,0.34,0.6,0.0,0.2,0.273,0.37
Larry Nance,CLE,2019-20,0.0,0.0,4.840808823529413,25.631446540880507,53.32142857142857,53.464285714285715,0.0892857142857142,56.0,16.0,40.0,26.3,0.2,0.6,0.314,0.4,0.0,0.2,0.077,0.329
Larry Nance,CLE,2020-21,0.0,0.0,5.04620253164557,25.253508771929816,62.4,62.25714285714286,0.0857142857142857,35.0,13.0,22.0,31.2,0.2,0.4,0.4,0.4,0.1,0.1,0.5,0.467
Larry Nance,"POR,NOP",2021-22,0.0,0.0,4.2975609756097555,24.8375,44.97826086956522,45.391304347826086,0.0652173913043478,46.0,19.0,27.0,22.6,0.0,0.2,0.182,0.1,0.0,0.1,0.0,0.182
Larry Nance,NOP,2022-23,0.0,0.0,4.0764258555133095,24.190476190476183,43.13846153846154,43.38461538461539,0.0615384615384615,65.0,34.0,31.0,21.2,0.1,0.2,0.308,0.1,0.0,0.0,0.0,0.308
Larry Nance,NOP,2023-24,0.0,0.0,3.7329545454545463,26.004615384615384,40.16393442622951,40.40983606557377,0.081967213114754,61.0,34.0,27.0,19.9,0.1,0.2,0.455,0.2,0.0,0.0,0.333,0.5
Larry Nance,CLE,2025-26,0.0,0.0,3.4045454545454548,24.643749999999994,26.84,27.08,0.12,35.0,25.0,10.0,12.8,0.0,0.0,1.0,0.1,0.0,0.0,0.0,1.0
Malachi Flynn,TOR,2020-21,0.0,0.0,9.016279069767442,26.304166666666667,40.57446808510638,40.723404255319146,0.0638297872340425,47.0,21.0,26.0,19.7,1.1,3.6,0.317,2.8,0.6,1.8,0.31,0.395
Malachi Flynn,TOR,2021-22,0.0,0.0,9.93440860215054,26.65666666666667,24.90909090909091,24.681818181818183,0.0681818181818181,44.0,25.0,19.0,12.2,0.5,1.8,0.304,1.3,0.2,0.8,0.206,0.348
Malachi Flynn,TOR,2022-23,0.0,0.0,8.978899082568807,25.97744360902255,26.20754716981132,26.132075471698112,0.0943396226415094,53.0,29.0,24.0,13.0,0.5,1.7,0.3,1.3,0.2,0.8,0.317,0.372
Malachi Flynn,"TOR,NYK,DET",2023-24,0.0,0.0,8.4561797752809,25.94078947368421,26.029411764705884,26.014705882352946,0.0441176470588235,69.0,28.0,41.0,12.7,0.8,1.9,0.405,1.9,0.4,1.1,0.329,0.5
Malaki Branham,SAS,2022-23,0.0,0.0,8.399438202247191,25.334117647058815,49.86363636363637,50.09090909090909,0.0909090909090909,66.0,15.0,51.0,23.5,1.3,2.8,0.444,2.7,0.2,0.7,0.217,0.471
Malaki Branham,SAS,2023-24,0.0,0.0,7.5875,25.160074626865665,44.92,45.10666666666667,0.2,75.0,18.0,57.0,21.3,0.7,2.1,0.338,1.6,0.2,0.6,0.277,0.378
Malcolm Brogdon,MIL,2018-19,0.0,0.0,3.666468253968254,25.629508196721307,60.671875,60.671875,0.078125,64.0,49.0,15.0,28.6,0.5,1.9,0.294,1.3,0.3,0.9,0.267,0.361
Malcolm Brogdon,IND,2019-20,0.0,0.0,8.203501945525293,26.47000000000001,62.592592592592595,62.407407407407405,0.1666666666666666,54.0,34.0,20.0,30.9,2.8,6.7,0.412,6.4,0.9,2.8,0.307,0.477
Malcolm Brogdon,IND,2020-21,0.0,0.0,6.983003300330033,26.2090909090909,71.51785714285714,71.48214285714286,0.0892857142857142,56.0,27.0,29.0,34.5,2.9,7.2,0.402,7.1,1.2,3.6,0.345,0.488
Malcolm Brogdon,IND,2021-22,0.0,0.0,6.607843137254903,25.866666666666667,67.47222222222223,67.16666666666667,0.1944444444444444,36.0,14.0,22.0,33.5,2.0,5.4,0.362,4.7,0.8,2.6,0.298,0.434
Malcolm Brogdon,BOS,2022-23,0.0,0.0,6.995172413793105,25.83737373737374,53.059701492537314,52.83582089552239,0.2686567164179104,67.0,46.0,21.0,26.0,1.7,3.9,0.452,4.4,0.9,2.0,0.448,0.568
Malcolm Brogdon,POR,2023-24,0.0,0.0,8.255892255892258,26.03165829145728,58.46153846153846,58.1025641025641,0.2051282051282051,39.0,15.0,24.0,28.7,1.8,5.3,0.341,4.2,0.6,2.1,0.288,0.397
Malik Beasley,DEN,2018-19,0.0,0.0,6.796385542168676,24.96148148148149,47.407407407407405,47.20987654320987,0.0617283950617283,81.0,53.0,28.0,23.2,0.9,2.2,0.385,2.0,0.3,0.9,0.306,0.447
Malik Beasley,"DEN,MIN",2019-20,0.0,0.0,5.8635593220338995,25.306086956521742,46.21818181818182,46.21818181818182,0.0909090909090909,55.0,30.0,25.0,22.0,1.1,3.0,0.384,2.8,0.5,1.4,0.355,0.466
Malik Beasley,MIN,2020-21,0.0,0.0,6.583870967741935,24.868535825545173,68.43243243243244,68.62162162162163,0.081081081081081,37.0,8.0,29.0,32.8,1.7,4.3,0.399,4.3,0.9,2.3,0.381,0.5
Malik Beasley,MIN,2021-22,0.0,0.0,8.247887323943663,24.9403453689168,52.68354430379747,52.48101265822785,0.0379746835443038,79.0,46.0,33.0,25.0,0.8,2.4,0.344,2.2,0.5,1.5,0.355,0.456
Malik Beasley,"UTA,LAL",2022-23,0.0,0.0,8.944444444444441,25.843850267379676,53.80246913580247,53.641975308641975,0.074074074074074,81.0,45.0,36.0,25.8,1.3,3.6,0.372,3.4,0.8,2.1,0.361,0.477
Malik Beasley,MIL,2023-24,0.0,0.0,7.502222222222222,25.09630996309964,61.87341772151899,62.0126582278481,0.0632911392405063,79.0,46.0,33.0,29.6,0.8,2.1,0.395,2.2,0.5,1.5,0.357,0.518
Malik Beasley,DET,2024-25,0.0,0.0,8.361967213114754,25.74608355091384,58.292682926829265,57.96341463414634,0.0975609756097561,82.0,44.0,38.0,27.8,1.5,3.9,0.372,3.8,0.9,2.3,0.37,0.481
Malik Monk,CHO,2018-19,0.0,0.0,7.483593749999998,25.984242424242428,35.863013698630134,35.50684931506849,0.0821917808219178,73.0,34.0,39.0,17.2,0.7,2.6,0.286,1.8,0.3,1.4,0.243,0.352
Malik Monk,CHO,2019-20,0.0,0.0,5.112323943661972,26.475,42.81818181818182,42.47272727272728,0.0909090909090909,55.0,18.0,37.0,21.3,0.8,2.6,0.305,1.9,0.3,1.3,0.222,0.362
Malik Monk,CHO,2020-21,0.0,0.0,6.03903743315508,26.201886792452836,43.42857142857143,43.07142857142857,0.0714285714285714,42.0,19.0,23.0,20.9,1.1,3.2,0.353,3.0,0.8,2.0,0.372,0.471
Malik Monk,LAL,2021-22,0.0,0.0,5.227343749999999,25.841402714932126,58.80263157894737,58.06578947368421,0.0526315789473684,76.0,32.0,44.0,28.1,1.1,3.2,0.357,3.0,0.8,2.3,0.345,0.479
Malik Monk,SAC,2022-23,0.0,0.0,5.689447236180904,25.871356783919595,47.16883116883117,46.84415584415584,0.0779220779220779,77.0,47.0,30.0,22.3,1.0,2.8,0.363,2.6,0.6,1.8,0.324,0.467
Malik Monk,SAC,2023-24,0.0,0.0,7.380212765957446,25.953900709219855,54.125,53.55555555555556,0.1388888888888889,72.0,42.0,30.0,26.0,1.8,4.5,0.393,4.3,0.8,2.5,0.322,0.48
Malik Monk,SAC,2024-25,0.0,0.0,7.357142857142858,26.3570093457944,65.53846153846153,65.33846153846154,0.2769230769230769,65.0,36.0,29.0,31.6,1.9,4.9,0.377,4.5,0.8,2.7,0.283,0.453
Marc Gasol,"MEM,TOR",2018-19,0.0,0.0,8.77037037037037,25.60192307692307,61.265822784810126,61.037974683544306,0.1392405063291139,79.0,39.0,40.0,30.8,0.5,1.4,0.33,0.9,0.0,0.1,0.0,0.33
Marc Gasol,TOR,2019-20,0.0,0.0,7.724427480916032,25.779729729729738,55.0,54.95454545454545,0.0227272727272727,44.0,35.0,9.0,26.4,0.3,0.5,0.565,0.6,0.0,0.0,0.5,0.587
Marc Gasol,LAL,2020-21,0.0,0.0,8.068055555555556,25.853278688524593,38.92307692307692,38.84615384615385,0.0384615384615384,52.0,32.0,20.0,19.1,0.1,0.3,0.235,0.2,0.0,0.0,0.0,0.235
Marcin Gortat,LAC,2018-19,0.0,0.0,4.87258064516129,0.0,32.57446808510638,32.53191489361702,0.0425531914893617,47.0,25.0,22.0,16.0,0.0,0.1,0.333,0.1,0.0,0.0,0.0,0.333
Marco Belinelli,SAS,2018-19,0.0,0.0,11.489491525423732,25.831139240506328,47.55696202531646,47.936708860759495,0.1392405063291139,79.0,46.0,33.0,23.0,1.2,3.2,0.365,2.8,0.5,1.6,0.333,0.452
Marco Belinelli,SAS,2019-20,0.0,0.0,13.984558823529412,25.490449438202244,32.719298245614034,32.8421052631579,0.1052631578947368,57.0,27.0,30.0,15.5,0.8,2.3,0.348,2.0,0.4,1.0,0.375,0.428
Marcus Morris,BOS,2018-19,0.0,0.0,8.825274725274724,25.7280205655527,57.586666666666666,57.973333333333336,0.1333333333333333,75.0,44.0,31.0,27.9,1.3,3.5,0.368,2.8,0.3,0.9,0.323,0.408
Marcus Morris,"NYK,LAC",2019-20,0.0,0.0,11.45222222222222,24.93809523809524,63.193548387096776,63.145161290322584,0.0483870967741935,62.0,26.0,36.0,31.2,2.7,6.3,0.428,6.1,0.7,1.9,0.381,0.486
Marcus Morris,LAC,2020-21,0.0,0.0,11.040972222222225,25.545270270270276,53.03508771929825,53.1578947368421,0.1578947368421052,57.0,38.0,19.0,26.3,1.6,3.6,0.43,3.3,0.1,0.6,0.222,0.449
Marcus Morris,LAC,2021-22,0.0,0.0,12.204567307692308,25.73345454545456,58.07407407407408,57.96296296296296,0.1296296296296296,54.0,26.0,28.0,29.0,2.7,6.1,0.439,5.6,0.2,0.9,0.277,0.459
Marcus Morris,LAC,2022-23,0.0,0.0,11.251343283582097,25.69837662337663,56.53846153846154,56.184615384615384,0.1076923076923077,65.0,35.0,30.0,28.1,1.8,4.0,0.442,3.8,0.2,0.7,0.364,0.473
Marcus Morris,"PHI,CLE",2023-24,0.0,0.0,12.916666666666666,25.872413793103448,33.36734693877551,33.16326530612245,0.0,49.0,26.0,23.0,16.7,0.9,2.1,0.404,1.8,0.1,0.3,0.313,0.428
Marcus Sasser,DET,2023-24,0.0,0.0,10.489338235294117,25.77499999999999,39.54929577464789,39.563380281690144,0.1549295774647887,71.0,11.0,60.0,19.0,1.7,4.2,0.403,4.1,0.7,1.9,0.377,0.49
Marcus Sasser,DET,2024-25,0.0,0.0,8.629861111111115,25.98771929824561,29.28070175438597,29.42105263157895,0.0,57.0,30.0,27.0,14.2,1.1,2.6,0.43,2.9,0.6,1.6,0.398,0.553
Marcus Smart,BOS,2018-19,0.0,0.0,6.695475113122173,25.39104046242775,56.3875,57.0625,0.225,80.0,48.0,32.0,27.5,0.5,1.7,0.319,1.4,0.3,1.1,0.291,0.411
Marcus Smart,BOS,2019-20,0.0,0.0,7.874564459930314,26.122531645569623,66.23333333333333,66.28333333333333,0.3166666666666666,60.0,39.0,21.0,32.0,1.6,3.9,0.397,4.1,1.0,2.5,0.401,0.528
Marcus Smart,BOS,2020-21,0.0,0.0,7.633333333333334,26.13581560283688,68.27083333333333,68.27083333333333,0.3541666666666667,48.0,24.0,24.0,32.9,1.2,3.2,0.373,2.9,0.5,1.6,0.333,0.458
Marcus Smart,BOS,2021-22,0.0,0.0,6.289106145251397,25.82277777777778,65.61971830985915,65.59154929577464,0.4225352112676056,71.0,47.0,24.0,32.3,0.4,1.5,0.264,1.0,0.2,0.8,0.22,0.323
Marcus Smart,BOS,2022-23,0.0,0.0,6.345000000000001,26.02280701754385,66.0,66.0,0.6721311475409836,61.0,43.0,18.0,32.1,0.6,1.8,0.318,1.4,0.3,1.1,0.294,0.411
Marcus Smart,"MEM,WAS",2024-25,0.0,0.0,7.660344827586206,26.62941176470588,43.11764705882353,43.205882352941174,0.2352941176470588,34.0,17.0,17.0,20.0,0.8,1.8,0.419,1.9,0.4,1.1,0.361,0.524
Mario Hezonja,NYK,2018-19,0.0,0.0,6.5035256410256395,25.837499999999995,42.6551724137931,42.77586206896552,0.0862068965517241,58.0,12.0,46.0,20.8,0.8,2.1,0.397,1.8,0.2,0.7,0.268,0.442
Mario Hezonja,POR,2019-20,0.0,0.0,5.836428571428571,26.13205128205128,34.716981132075475,34.867924528301884,0.0943396226415094,53.0,24.0,29.0,16.4,0.4,1.0,0.392,0.8,0.1,0.3,0.294,0.441
MarJon Beauchamp,MIL,2022-23,0.0,0.0,6.4910891089108915,25.378169014084513,28.153846153846153,28.21153846153846,0.0576923076923076,52.0,34.0,18.0,13.5,0.4,1.2,0.344,1.0,0.2,0.7,0.343,0.443
MarJon Beauchamp,MIL,2023-24,0.0,0.0,6.3659340659340655,24.981333333333332,27.29787234042553,27.25531914893617,0.0,48.0,30.0,18.0,12.7,0.4,0.9,0.386,0.8,0.1,0.5,0.24,0.455
Mark Williams,CHO,2022-23,0.0,0.0,3.112350597609562,0.0,40.23255813953488,40.18604651162791,0.0232558139534883,43.0,18.0,25.0,19.3,0.0,0.0,1.0,0.0,0.0,0.0,0.0,1.0
Mark Williams,CHO,2024-25,0.0,0.0,3.580995475113121,25.975,54.79545454545455,54.61363636363637,0.0681818181818181,44.0,9.0,35.0,26.6,0.1,0.3,0.364,0.2,0.0,0.0,0.0,0.364
Markelle Fultz,ORL,2019-20,0.0,0.0,7.384144427001573,27.584444444444447,56.916666666666664,57.05555555555556,0.1111111111111111,72.0,33.0,39.0,27.7,1.6,3.9,0.404,3.3,0.1,0.6,0.238,0.421
Markelle Fultz,ORL,2022-23,0.0,0.0,7.446621621621622,25.843678160919534,61.43333333333333,61.333333333333336,0.1166666666666666,60.0,29.0,31.0,29.6,1.6,3.6,0.442,3.3,0.1,0.3,0.389,0.458
Markelle Fultz,ORL,2023-24,0.0,0.0,6.353246753246753,25.33888888888889,42.627906976744185,42.674418604651166,0.0465116279069767,43.0,25.0,18.0,21.2,0.7,2.0,0.369,1.4,0.0,0.1,0.0,0.369
Markieff Morris,"WAS,OKC",2018-19,0.0,0.0,6.589690721649485,24.44745762711865,45.93103448275862,45.706896551724135,0.0172413793103448,58.0,24.0,34.0,21.9,0.3,1.1,0.258,0.6,0.0,0.1,0.167,0.266
Markieff Morris,"DET,LAL",2019-20,0.0,0.0,5.92,25.792307692307695,42.10344827586207,42.06896551724138,0.0517241379310344,58.0,22.0,36.0,20.5,0.4,1.3,0.329,0.9,0.1,0.4,0.136,0.349
Markieff Morris,LAL,2020-21,0.0,0.0,8.172781065088758,25.23540669856459,40.0,39.950819672131146,0.081967213114754,61.0,32.0,29.0,19.7,0.4,1.1,0.333,0.8,0.0,0.3,0.188,0.355
Marquese Chriss,GSW,2019-20,0.0,0.0,3.4242774566473995,26.5974358974359,42.101694915254235,42.20338983050848,0.0677966101694915,59.0,15.0,44.0,20.3,0.1,0.2,0.357,0.2,0.0,0.0,0.0,0.357
MarShon Brooks,MEM,2018-19,0.0,0.0,8.190434782608698,25.729629629629635,26.17241379310345,25.79310344827586,0.0689655172413793,29.0,15.0,14.0,13.3,0.8,2.4,0.348,1.9,0.3,1.0,0.276,0.406
Marvin Bagley,SAC,2018-19,0.0,0.0,6.076557377049178,25.557291666666657,53.74193548387097,53.66129032258065,0.0967741935483871,62.0,30.0,32.0,25.3,0.5,1.4,0.349,1.0,0.1,0.2,0.267,0.372
Marvin Bagley,SAC,2020-21,0.0,0.0,4.350523560209423,24.616666666666656,53.34883720930232,53.44186046511628,0.1860465116279069,43.0,20.0,23.0,25.9,0.2,0.5,0.409,0.5,0.1,0.2,0.556,0.523
Marvin Bagley,"SAC,DET",2021-22,0.0,0.0,4.421818181818181,25.40285714285714,47.958333333333336,48.0625,0.1041666666666666,48.0,17.0,31.0,23.9,0.1,0.5,0.231,0.3,0.0,0.1,0.25,0.25
Marvin Bagley,DET,2022-23,0.0,0.0,5.345569620253165,26.262121212121215,48.095238095238095,48.23809523809524,0.119047619047619,42.0,7.0,35.0,23.6,0.3,1.0,0.3,0.6,0.0,0.3,0.182,0.325
Marvin Bagley,"DET,WAS",2023-24,0.0,0.0,3.6019047619047617,25.094117647058827,44.08,43.86,0.02,50.0,7.0,43.0,21.1,0.1,0.2,0.417,0.2,0.0,0.0,0.0,0.417
Marvin Williams,CHO,2018-19,0.0,0.0,6.025185185185185,25.1541884816754,57.93333333333333,57.54666666666667,0.0533333333333333,75.0,35.0,40.0,28.4,0.3,0.8,0.339,0.6,0.0,0.2,0.154,0.356
Marvin Williams,"CHO,MIL",2019-20,0.0,0.0,4.888888888888889,24.912820512820513,39.94827586206897,40.27586206896552,0.0,58.0,21.0,37.0,19.5,0.2,0.6,0.286,0.4,0.0,0.2,0.2,0.314
Mason Plumlee,DEN,2018-19,0.0,0.0,3.788194444444444,38.22,42.26829268292683,42.53658536585366,0.0609756097560975,82.0,54.0,28.0,21.1,0.1,0.4,0.31,0.2,0.0,0.0,0.0,0.31
Mason Plumlee,DEN,2019-20,0.0,0.0,3.287279151943463,31.2,35.16393442622951,35.75409836065574,0.0327868852459016,61.0,38.0,23.0,17.3,0.0,0.4,0.12,0.1,0.0,0.0,0.0,0.12
Mason Plumlee,DET,2020-21,0.0,0.0,4.22860962566845,24.642857142857142,53.982142857142854,53.75,0.0178571428571428,56.0,14.0,42.0,26.8,0.1,0.4,0.286,0.2,0.0,0.0,0.0,0.286
Mason Plumlee,CHO,2021-22,0.0,0.0,2.7682389937106913,47.15,50.58904109589041,50.863013698630134,0.0547945205479452,73.0,40.0,33.0,24.6,0.0,0.2,0.273,0.1,0.0,0.0,0.0,0.273
Mason Plumlee,"CHO,LAC",2022-23,0.0,0.0,2.223863636363636,0.0,54.29113924050633,54.25316455696203,0.1012658227848101,79.0,28.0,51.0,26.0,0.1,0.2,0.529,0.2,0.0,0.0,0.0,0.529
Mason Plumlee,LAC,2023-24,0.0,0.0,2.9741496598639454,24.350000000000005,30.08695652173913,30.0,0.0434782608695652,46.0,29.0,17.0,14.7,0.0,0.0,0.0,0.0,0.0,0.0,0.0,0.0
Mason Plumlee,PHO,2024-25,0.0,0.0,3.232828282828283,35.625,35.689189189189186,35.32432432432432,0.027027027027027,74.0,33.0,41.0,17.6,0.0,0.1,0.0,0.0,0.0,0.0,0.0,0.0
Matas Buzelis,CHI,2024-25,0.0,0.0,3.6636678200692048,24.586090225563908,40.6375,40.475,0.0375,80.0,39.0,41.0,18.9,0.1,0.5,0.297,0.4,0.1,0.3,0.35,0.392
Matisse Thybulle,PHI,2019-20,0.0,0.0,3.9388888888888904,25.24713375796178,40.753846153846155,41.2,0.2,65.0,40.0,25.0,19.8,0.1,0.4,0.217,0.2,0.0,0.2,0.1,0.239
Matisse Thybulle,PHI,2020-21,0.0,0.0,3.341,25.02027972027972,41.15625,42.0625,0.125,65.0,46.0,19.0,20.0,0.1,0.2,0.308,0.2,0.0,0.1,0.333,0.385
Matisse Thybulle,PHI,2021-22,0.0,0.0,2.391666666666667,24.59097222222222,50.31818181818182,51.04545454545455,0.3484848484848485,66.0,43.0,23.0,25.5,0.1,0.2,0.4,0.3,0.1,0.2,0.5,0.567
Matisse Thybulle,"PHI,POR",2022-23,0.0,0.0,3.236538461538461,24.632941176470595,35.69565217391305,36.10144927536232,0.1304347826086956,71.0,38.0,33.0,16.9,0.1,0.2,0.429,0.2,0.1,0.2,0.455,0.607
Matisse Thybulle,POR,2023-24,0.0,0.0,4.311627906976746,24.917316017316026,46.246153846153845,46.44615384615385,0.2,65.0,18.0,47.0,22.9,0.1,0.4,0.192,0.2,0.0,0.3,0.143,0.25
Matt Ryan,NOP,2023-24,0.0,0.0,12.513636363636364,24.996703296703295,30.444444444444443,30.48148148148148,0.037037037037037,28.0,14.0,14.0,13.9,0.2,0.8,0.273,0.6,0.1,0.3,0.444,0.364
Matthew Dellavedova,"MIL,CLE",2018-19,0.0,0.0,7.683653846153847,27.05210084033613,34.541666666666664,34.375,0.2083333333333333,48.0,20.0,28.0,16.9,0.5,1.7,0.313,1.3,0.2,0.9,0.262,0.38
Matthew Dellavedova,CLE,2019-20,0.0,0.0,6.698809523809523,25.813186813186817,29.43859649122807,29.596491228070175,0.2456140350877192,57.0,17.0,40.0,14.4,0.4,0.8,0.417,0.8,0.1,0.4,0.19,0.458
Maurice Harkless,POR,2018-19,0.0,0.0,2.8794776119402985,24.852500000000006,49.083333333333336,48.95,0.05,60.0,37.0,23.0,23.6,0.1,0.4,0.227,0.2,0.0,0.1,0.125,0.25
Maurice Harkless,"LAC,NYK",2019-20,0.0,0.0,3.387804878048781,25.388,48.29032258064516,48.725806451612904,0.032258064516129,62.0,39.0,23.0,23.0,0.1,0.2,0.462,0.2,0.0,0.1,0.429,0.577
Maurice Harkless,"MIA,SAC",2020-21,0.0,0.0,4.727848101265821,24.61506849315069,44.69444444444444,44.75,0.0555555555555555,37.0,16.0,21.0,20.9,0.2,0.4,0.467,0.4,0.1,0.1,0.5,0.533
Maurice Harkless,SAC,2021-22,0.0,0.0,3.46625,24.218811881188124,37.48936170212766,37.57446808510638,0.0425531914893617,47.0,15.0,32.0,18.4,0.0,0.2,0.182,0.1,0.0,0.1,0.143,0.227
Max Christie,LAL,2022-23,0.0,0.0,8.488636363636363,24.66612903225807,26.95,26.875,0.025,41.0,19.0,22.0,12.5,0.2,0.5,0.476,0.5,0.0,0.1,0.667,0.524
Max Christie,LAL,2023-24,0.0,0.0,7.361788617886178,25.65254237288137,30.227272727272727,30.363636363636363,0.0151515151515151,67.0,38.0,29.0,14.1,0.4,0.9,0.393,0.8,0.1,0.3,0.227,0.434
Max Christie,"LAL,DAL",2024-25,0.0,0.0,9.272185430463576,25.121854304635765,55.46153846153846,55.94871794871795,0.0641025641025641,78.0,40.0,38.0,27.3,0.5,1.7,0.279,1.1,0.1,0.6,0.156,0.305
Max Strus,MIA,2020-21,0.0,0.0,2.528205128205128,25.55608108108108,26.0,25.974358974358974,0.1025641025641025,39.0,14.0,25.0,13.0,0.1,0.4,0.143,0.2,0.1,0.3,0.154,0.214
Max Strus,MIA,2021-22,0.0,0.0,4.419672131147541,25.728506787330325,46.19117647058823,46.11764705882353,0.0735294117647058,68.0,46.0,22.0,23.3,0.5,1.3,0.378,1.4,0.4,1.1,0.384,0.533
Max Strus,MIA,2022-23,0.0,0.0,4.674449339207051,25.51101243339253,56.7875,56.375,0.1125,80.0,42.0,38.0,28.4,0.4,1.4,0.315,1.2,0.3,1.1,0.298,0.428
Max Strus,CLE,2023-24,0.0,0.0,3.3698795180722896,25.993319415448852,65.2,65.21428571428571,0.2,70.0,43.0,27.0,32.0,0.3,1.0,0.29,0.8,0.2,0.8,0.241,0.384
Max Strus,CLE,2024-25,0.0,0.0,2.97875,25.41228668941979,52.74,52.76,0.16,50.0,39.0,11.0,25.5,0.3,1.0,0.255,0.8,0.3,1.0,0.265,0.382
Maxi Kleber,DAL,2018-19,0.0,0.0,5.0928571428571425,24.928899082568815,42.80281690140845,42.985915492957744,0.0985915492957746,71.0,30.0,41.0,21.2,0.2,0.5,0.444,0.5,0.0,0.1,0.429,0.486
Maxi Kleber,DAL,2019-20,0.0,0.0,3.370769230769231,24.77711598746082,52.554054054054056,52.82432432432432,0.081081081081081,74.0,42.0,32.0,25.5,0.1,0.3,0.318,0.2,0.0,0.1,0.167,0.341
Maxi Kleber,DAL,2020-21,0.0,0.0,7.152380952380952,25.041037735849063,54.74,54.3,0.12,50.0,31.0,19.0,26.8,0.1,0.5,0.269,0.3,0.0,0.2,0.111,0.288
Maxi Kleber,DAL,2021-22,0.0,0.0,5.262626262626265,25.50901960784314,48.13559322033898,48.0,0.1694915254237288,59.0,36.0,23.0,24.6,0.1,0.5,0.172,0.2,0.0,0.1,0.2,0.19
Maxi Kleber,DAL,2022-23,0.0,0.0,4.017543859649123,25.220535714285717,50.351351351351354,50.54054054054054,0.1621621621621621,37.0,18.0,19.0,25.1,0.1,0.2,0.375,0.2,0.0,0.1,0.0,0.375
Maxi Kleber,DAL,2023-24,0.0,0.0,6.357407407407407,24.86304347826087,41.88372093023256,41.86046511627907,0.2093023255813953,43.0,27.0,16.0,20.3,0.2,0.3,0.5,0.3,0.0,0.0,0.0,0.5
Maxi Kleber,DAL,2024-25,0.0,0.0,6.555319148936169,24.81428571428572,38.3235294117647,38.5,0.1176470588235294,34.0,18.0,16.0,18.7,0.2,0.4,0.583,0.4,0.0,0.1,0.5,0.625
Maxwell Lewis,"LAL,BRK",2024-25,0.0,0.0,5.584615384615385,24.644000000000005,24.25925925925926,24.666666666666668,0.074074074074074,28.0,9.0,19.0,11.7,0.4,1.1,0.367,1.0,0.2,0.6,0.313,0.45
McKinley Wright,DAL,2022-23,0.0,0.0,7.317142857142856,26.032142857142855,25.25925925925926,25.444444444444443,0.1111111111111111,27.0,14.0,13.0,12.4,0.4,1.1,0.367,0.9,0.1,0.4,0.2,0.4
Meyers Leonard,POR,2018-19,0.0,0.0,4.981679389312976,25.76756756756757,29.21311475409836,29.114754098360656,0.081967213114754,61.0,35.0,26.0,14.4,0.1,0.3,0.474,0.3,0.0,0.1,0.4,0.526
Meyers Leonard,MIA,2019-20,0.0,0.0,4.79811320754717,25.8828125,40.47058823529411,40.74509803921568,0.0784313725490196,51.0,34.0,17.0,20.3,0.1,0.5,0.28,0.3,0.1,0.1,0.5,0.34
Micah Peavy,NOP,2025-26,0.0,0.0,4.679545454545454,24.57954545454546,30.782608695652176,31.5,0.0434782608695652,61.0,17.0,44.0,15.0,0.2,0.6,0.27,0.4,0.0,0.1,0.286,0.297
Micah Potter,UTA,2024-25,0.0,0.0,3.640540540540541,24.541836734693874,38.421052631578945,38.26315789473684,0.0789473684210526,38.0,10.0,28.0,18.6,0.0,0.1,0.0,0.0,0.0,0.1,0.0,0.0
Michael Carter Williams,"HOU,ORL",2018-19,0.0,0.0,4.644186046511629,25.731578947368423,28.535714285714285,28.392857142857142,0.25,28.0,17.0,11.0,13.3,0.2,0.8,0.227,0.5,0.1,0.4,0.25,0.295
Michael Carter Williams,ORL,2019-20,0.0,0.0,4.929189189189191,24.986666666666668,37.31111111111111,37.62222222222222,0.5333333333333333,45.0,21.0,24.0,18.5,0.2,0.6,0.259,0.3,0.0,0.1,0.167,0.278
Michael Carter Williams,ORL,2020-21,0.0,0.0,5.885167464114833,25.40819672131147,53.354838709677416,53.38709677419355,0.6451612903225806,31.0,12.0,19.0,25.8,0.5,1.7,0.264,1.0,0.1,0.3,0.2,0.283
Michael Kidd Gilchrist,CHO,2018-19,0.0,0.0,6.052982456140353,26.499999999999996,37.203125,37.796875,0.046875,64.0,29.0,35.0,18.4,0.2,0.5,0.371,0.4,0.0,0.1,0.0,0.371
Michael Porter,DEN,2019-20,0.0,0.0,6.397457627118644,25.286394557823133,33.8,33.58181818181818,0.0545454545454545,55.0,36.0,19.0,16.4,0.6,1.5,0.383,1.5,0.3,0.7,0.462,0.494
Michael Porter,DEN,2020-21,0.0,0.0,7.340689655172414,25.6479057591623,63.19672131147541,62.67213114754098,0.0327868852459016,61.0,40.0,21.0,31.3,1.3,3.0,0.44,3.2,0.5,1.4,0.365,0.524
Michael Porter,DEN,2022-23,0.0,0.0,8.373278236914603,25.65594713656387,59.88709677419355,59.37096774193548,0.0,62.0,41.0,21.0,29.0,1.3,3.5,0.372,3.2,0.6,1.8,0.36,0.465
Michael Porter,DEN,2023-24,0.0,0.0,9.297333333333333,25.339530685920572,63.592592592592595,63.04938271604938,0.0123456790123456,81.0,57.0,24.0,31.7,1.5,3.8,0.397,3.6,0.5,1.7,0.304,0.465
Michael Porter,DEN,2024-25,0.0,0.0,7.015205724508047,26.13333333333334,69.72727272727273,69.75324675324676,0.0,77.0,47.0,30.0,33.7,1.3,3.2,0.392,3.1,0.5,1.6,0.339,0.476
Mikal Bridges,PHO,2018-19,0.0,0.0,4.3468,24.632587859424923,62.07407407407408,62.28395061728395,0.1234567901234567,82.0,19.0,63.0,29.5,0.3,0.9,0.351,0.8,0.2,0.4,0.361,0.435
Mikal Bridges,PHO,2019-20,0.0,0.0,4.441379310344827,24.8381443298969,58.78082191780822,58.986301369863014,0.3561643835616438,73.0,34.0,39.0,28.0,0.3,0.7,0.431,0.7,0.1,0.1,0.667,0.471
Mikal Bridges,PHO,2020-21,0.0,0.0,5.507344632768363,24.235555555555564,65.55555555555556,65.61111111111111,0.1944444444444444,72.0,51.0,21.0,32.6,0.7,1.3,0.516,1.5,0.1,0.2,0.643,0.565
Mikal Bridges,PHO,2021-22,0.0,0.0,7.015384615384614,24.364102564102566,71.45121951219512,71.58536585365853,0.2195121951219512,82.0,64.0,18.0,34.8,1.2,2.5,0.473,2.5,0.1,0.4,0.31,0.495
Mikal Bridges,"PHO,BRK",2022-23,0.0,0.0,9.484782608695651,25.04309392265193,73.07317073170732,73.14634146341463,0.3414634146341463,83.0,42.0,41.0,35.7,2.7,5.9,0.454,5.7,0.3,0.9,0.359,0.483
Mikal Bridges,BRK,2023-24,0.0,0.0,7.958262108262108,25.302871621621623,69.95121951219512,69.96341463414635,0.2682926829268293,82.0,32.0,50.0,34.8,2.0,5.2,0.385,4.5,0.5,1.5,0.339,0.436
Mikal Bridges,NYK,2024-25,0.0,0.0,7.916805555555554,25.280921526277904,75.18518518518519,75.53086419753086,0.1358024691358024,82.0,51.0,31.0,37.0,2.0,4.6,0.447,4.3,0.2,0.7,0.259,0.467
Mike Conley,MEM,2018-19,0.0,0.0,9.01685878962536,25.647183098591547,66.74285714285715,66.5,0.5285714285714286,70.0,30.0,40.0,33.5,2.9,7.5,0.379,6.9,1.1,3.4,0.339,0.455
Mike Conley,UTA,2019-20,0.0,0.0,8.618971061093248,25.70859375000001,59.4468085106383,59.02127659574468,0.4893617021276595,47.0,26.0,21.0,29.0,2.0,5.5,0.36,4.9,1.0,2.9,0.338,0.45
Mike Conley,UTA,2020-21,0.0,0.0,7.926557377049182,25.574328358208955,60.411764705882355,59.92156862745098,0.392156862745098,51.0,37.0,14.0,29.4,2.6,6.2,0.425,6.9,1.7,4.0,0.415,0.56
Mike Conley,UTA,2021-22,0.0,0.0,7.644827586206898,25.609178743961355,57.05555555555556,57.041666666666664,0.2777777777777778,72.0,44.0,28.0,28.6,2.2,5.4,0.412,6.0,1.6,3.9,0.409,0.559
Mike Conley,"UTA,MIN",2022-23,0.0,0.0,8.19896907216495,25.30362318840579,61.91044776119403,61.776119402985074,0.582089552238806,67.0,34.0,33.0,30.3,1.5,4.2,0.357,3.9,1.0,2.9,0.332,0.471
Mike Conley,MIN,2023-24,0.0,0.0,8.140585774058577,25.03037037037038,57.43421052631579,57.06578947368421,0.3421052631578947,76.0,53.0,23.0,28.9,1.6,3.9,0.423,4.5,1.3,2.7,0.457,0.585
Mike Conley,MIN,2024-25,0.0,0.0,7.812025316455696,25.261612903225807,49.54929577464789,49.11267605633803,0.2394366197183098,71.0,44.0,27.0,24.7,1.0,2.9,0.335,2.8,0.8,2.1,0.378,0.469
Mike Muscala,"PHI,LAL",2018-19,0.0,0.0,7.107692307692308,25.82631578947368,43.5,43.578125,0.109375,64.0,35.0,29.0,20.4,0.0,0.1,0.333,0.1,0.0,0.0,0.0,0.333
Mike Muscala,OKC,2019-20,0.0,0.0,6.071739130434781,25.63776223776224,25.74468085106383,25.574468085106385,0.1063829787234042,47.0,26.0,21.0,12.2,0.0,0.1,0.167,0.1,0.0,0.1,0.2,0.25
Mike Muscala,OKC,2020-21,0.0,0.0,7.407228915662651,25.49130434782609,38.48571428571429,38.142857142857146,0.0571428571428571,35.0,15.0,20.0,18.4,0.3,0.4,0.786,0.7,0.1,0.1,0.75,0.893
Mike Muscala,OKC,2021-22,0.0,0.0,7.355294117647059,25.99631901840491,28.488372093023255,28.232558139534884,0.0232558139534883,43.0,15.0,28.0,13.8,0.1,0.2,0.625,0.3,0.0,0.0,0.5,0.688
Mike Muscala,"OKC,BOS",2022-23,0.0,0.0,6.416666666666667,25.441538461538464,31.88888888888889,31.428571428571427,0.0476190476190476,63.0,32.0,31.0,15.0,0.2,0.3,0.619,0.5,0.1,0.2,0.727,0.81
Mike Scott,"LAC,PHI",2018-19,0.0,0.0,7.829577464788731,25.55210084033614,37.56962025316456,37.62025316455696,0.0126582278481012,79.0,44.0,35.0,17.7,0.3,0.7,0.357,0.6,0.1,0.3,0.238,0.402
Mike Scott,PHI,2019-20,0.0,0.0,5.993984962406014,25.73548387096774,36.14705882352941,36.35294117647059,0.0441176470588235,68.0,39.0,29.0,17.8,0.1,0.4,0.357,0.3,0.0,0.1,0.0,0.357
Mike Scott,PHI,2020-21,0.0,0.0,8.3625,25.516774193548382,34.3921568627451,34.411764705882355,0.0980392156862745,51.0,35.0,16.0,16.7,0.2,0.5,0.296,0.3,0.0,0.1,0.0,0.296
Miles Bridges,CHO,2018-19,0.0,0.0,4.227652733118971,26.218499999999995,43.5125,43.7,0.0125,80.0,38.0,42.0,21.2,0.2,0.9,0.214,0.5,0.1,0.5,0.25,0.279
Miles Bridges,CHO,2019-20,0.0,0.0,4.518101545253863,25.464333333333336,60.69230769230769,60.90769230769231,0.0769230769230769,65.0,23.0,42.0,30.7,0.4,1.4,0.287,1.1,0.2,0.7,0.313,0.367
Miles Bridges,CHO,2020-21,0.0,0.0,4.050602409638554,25.40551724137932,59.803030303030305,60.03030303030303,0.106060606060606,66.0,31.0,35.0,29.3,0.6,1.6,0.385,1.7,0.5,1.2,0.432,0.553
Miles Bridges,CHO,2021-22,0.0,0.0,4.200934579439251,25.688602150537633,73.3625,73.325,0.225,80.0,41.0,39.0,35.5,0.9,3.0,0.296,2.3,0.6,2.0,0.28,0.39
Miles Bridges,CHO,2023-24,0.0,0.0,6.20092105263158,26.14911111111111,75.3913043478261,75.65217391304348,0.1014492753623188,69.0,17.0,52.0,37.4,1.4,4.5,0.319,3.5,0.6,2.2,0.291,0.39
Miles Bridges,CHO,2024-25,0.0,0.0,5.204538341158058,26.054222222222226,65.203125,65.109375,0.078125,64.0,16.0,48.0,31.7,1.2,4.4,0.27,3.2,0.8,2.9,0.266,0.358
Miles McBride,NYK,2022-23,0.0,0.0,7.756790123456792,25.179850746268656,24.78688524590164,25.114754098360656,0.1639344262295081,64.0,36.0,28.0,11.9,0.2,0.9,0.232,0.5,0.1,0.4,0.185,0.277
Miles McBride,NYK,2023-24,0.0,0.0,7.61808510638298,25.01917293233083,37.705882352941174,38.01470588235294,0.1617647058823529,68.0,42.0,26.0,19.5,1.0,2.3,0.414,2.3,0.4,1.1,0.372,0.506
Miles McBride,NYK,2024-25,0.0,0.0,8.923404255319147,25.427564102564094,49.96875,50.5,0.1875,64.0,39.0,25.0,24.9,1.3,3.4,0.387,3.1,0.5,1.8,0.292,0.463
Mitchell Robinson,NYK,2018-19,0.0,0.0,1.5364261168384885,0.0,42.07575757575758,42.34848484848485,0.0606060606060606,66.0,16.0,50.0,20.6,0.0,0.0,0.0,0.0,0.0,0.0,0.0,0.0
Mitchell Robinson,NYK,2019-20,0.0,0.0,1.358064516129032,0.0,47.14754098360656,47.47540983606557,0.0491803278688524,61.0,20.0,41.0,23.2,0.0,0.0,0.0,0.0,0.0,0.0,0.0,0.0
Mitchell Robinson,NYK,2020-21,0.0,0.0,1.2971590909090909,0.0,54.096774193548384,54.225806451612904,0.064516129032258,31.0,15.0,16.0,27.5,0.0,0.0,0.0,0.0,0.0,0.0,0.0,0.0
Mitchell Robinson,NYK,2021-22,0.0,0.0,1.1402332361516034,0.0,50.916666666666664,50.861111111111114,0.0416666666666666,72.0,32.0,40.0,25.7,0.0,0.0,0.0,0.0,0.0,0.0,0.0,0.0
Mitchell Robinson,NYK,2022-23,0.0,0.0,1.1750000000000005,0.0,53.30508474576271,53.50847457627118,0.0508474576271186,59.0,35.0,24.0,26.9,0.0,0.0,0.0,0.0,0.0,0.0,0.0,0.0
Mitchell Robinson,NYK,2023-24,0.0,0.0,1.0102362204724409,0.0,48.70967741935484,48.774193548387096,0.064516129032258,31.0,19.0,12.0,24.8,0.0,0.0,0.0,0.0,0.0,0.0,0.0,0.0
Mo Bamba,ORL,2018-19,0.0,0.0,7.1248554913294795,25.775714285714287,32.765957446808514,32.97872340425532,0.0,47.0,19.0,28.0,16.3,0.1,0.3,0.231,0.1,0.0,0.0,0.0,0.231
Mo Bamba,ORL,2019-20,0.0,0.0,4.5798882681564255,25.4607476635514,28.338709677419356,28.419354838709676,0.032258064516129,62.0,30.0,32.0,14.2,0.1,0.2,0.455,0.2,0.0,0.0,0.0,0.455
Mo Bamba,ORL,2020-21,0.0,0.0,5.882513661202185,25.554237288135592,32.21739130434783,32.34782608695652,0.0434782608695652,46.0,11.0,35.0,15.8,0.2,0.5,0.409,0.4,0.0,0.0,0.0,0.409
Mo Bamba,ORL,2021-22,0.0,0.0,5.156547619047619,25.146619217081845,52.521126760563384,52.732394366197184,0.0422535211267605,71.0,19.0,52.0,25.7,0.2,0.6,0.261,0.4,0.0,0.1,0.1,0.272
Mo Bamba,"ORL,LAL",2022-23,0.0,0.0,1.7363636363636366,26.01875,31.551020408163264,31.755102040816325,0.0,49.0,25.0,24.0,15.7,0.0,0.2,0.111,0.1,0.0,0.1,0.167,0.167
Mo Bamba,PHI,2023-24,0.0,0.0,3.3380597014925364,25.848437500000006,25.789473684210527,25.71929824561403,0.0350877192982456,57.0,30.0,27.0,13.0,0.0,0.1,0.0,0.0,0.0,0.1,0.0,0.0
Mo Bamba,"LAC,NOP",2024-25,0.0,0.0,2.78,24.45,25.5,25.75,0.0,32.0,19.0,13.0,12.9,0.0,0.0,0.0,0.0,0.0,0.0,0.0,0.0
Monte Morris,DEN,2018-19,0.0,0.0,8.769263157894734,24.792511013215854,48.36585365853659,48.207317073170735,0.0365853658536585,82.0,54.0,28.0,24.0,1.5,3.3,0.467,3.3,0.2,0.6,0.32,0.496
Monte Morris,DEN,2019-20,0.0,0.0,9.27208121827411,24.73023255813954,45.71232876712329,45.465753424657535,0.0821917808219178,73.0,46.0,27.0,22.4,1.3,3.3,0.412,2.9,0.2,0.7,0.327,0.445
Monte Morris,DEN,2020-21,0.0,0.0,7.864426877470357,25.464925373134328,51.17021276595744,51.191489361702125,0.0212765957446808,47.0,30.0,17.0,25.5,1.2,2.7,0.437,2.6,0.3,0.7,0.382,0.488
Monte Morris,DEN,2021-22,0.0,0.0,10.045969498910676,24.986305732484077,60.42666666666667,60.14666666666667,0.1466666666666666,75.0,44.0,31.0,29.9,1.7,3.9,0.445,3.8,0.3,0.9,0.324,0.485
Monte Morris,WAS,2022-23,0.0,0.0,9.639871382636654,25.710294117647052,55.774193548387096,55.70967741935484,0.1612903225806451,62.0,28.0,34.0,27.4,1.6,3.6,0.462,3.7,0.4,1.1,0.362,0.518
Monte Morris,"DET,MIN",2023-24,0.0,0.0,10.9344262295082,24.940677966101696,29.151515151515152,29.03030303030303,0.0909090909090909,33.0,21.0,12.0,14.4,0.7,2.0,0.358,1.5,0.1,0.5,0.167,0.381
Monte Morris,PHO,2024-25,0.0,0.0,9.332110091743118,24.743023255813956,25.64444444444445,25.466666666666665,0.0666666666666666,45.0,21.0,24.0,12.7,0.5,1.4,0.344,1.0,0.1,0.3,0.2,0.369
Montrezl Harrell,LAC,2018-19,0.0,0.0,3.3516647531572903,31.935294117647064,55.81707317073171,55.926829268292686,0.1341463414634146,82.0,48.0,34.0,26.3,0.2,0.7,0.255,0.4,0.0,0.1,0.091,0.264
Montrezl Harrell,LAC,2019-20,0.0,0.0,3.419143576826196,36.71666666666667,59.53968253968254,59.03174603174603,0.0952380952380952,63.0,44.0,19.0,27.8,0.3,1.0,0.328,0.6,0.0,0.2,0.0,0.328
Montrezl Harrell,LAL,2020-21,0.0,0.0,4.301686340640813,27.08,46.26086956521739,46.47826086956522,0.0869565217391304,69.0,41.0,28.0,22.9,0.3,1.0,0.353,0.7,0.0,0.1,0.0,0.353
Montrezl Harrell,"WAS,CHO",2021-22,0.0,0.0,2.9164705882352937,32.7,46.563380281690144,46.63380281690141,0.0704225352112676,71.0,36.0,35.0,23.1,0.2,0.7,0.319,0.5,0.0,0.1,0.286,0.34
Moritz Wagner,WAS,2019-20,0.0,0.0,2.8241935483870964,25.42875,40.44444444444444,40.4,0.2888888888888888,45.0,15.0,30.0,18.6,0.0,0.1,0.333,0.0,0.0,0.0,0.0,0.333
Moritz Wagner,"WAS,BOS,ORL",2020-21,0.0,0.0,3.5540000000000003,25.25348837209302,34.24444444444445,34.422222222222224,0.1333333333333333,45.0,19.0,26.0,16.0,0.0,0.1,0.25,0.1,0.0,0.0,0.5,0.375
Moritz Wagner,ORL,2021-22,0.0,0.0,2.931794871794872,25.61144278606966,32.17741935483871,32.17741935483871,0.2258064516129032,63.0,16.0,47.0,15.2,0.0,0.1,0.125,0.0,0.0,0.1,0.143,0.188
Moritz Wagner,ORL,2022-23,0.0,0.0,3.0115879828326175,25.36564417177913,40.45614035087719,40.21052631578947,0.1228070175438596,57.0,27.0,30.0,19.5,0.0,0.1,0.0,0.0,0.0,0.1,0.0,0.0
Moritz Wagner,ORL,2023-24,0.0,0.0,2.900000000000001,25.506086956521735,35.4125,35.325,0.0375,80.0,46.0,34.0,17.7,0.0,0.1,0.125,0.0,0.0,0.0,0.0,0.125
Moritz Wagner,ORL,2024-25,0.0,0.0,2.7816091954022983,24.999999999999996,38.1,38.1,0.1333333333333333,30.0,18.0,12.0,18.8,0.0,0.1,0.25,0.1,0.0,0.0,0.0,0.25
Moses Brown,OKC,2020-21,0.0,0.0,2.1179104477611945,0.0,45.69767441860465,45.72093023255814,0.0,43.0,8.0,35.0,21.4,0.0,0.0,0.0,0.0,0.0,0.0,0.0,0.0
Moses Moody,GSW,2022-23,0.0,0.0,4.352173913043478,25.72222222222223,27.317460317460316,27.396825396825395,0.0952380952380952,63.0,37.0,26.0,13.0,0.2,0.4,0.435,0.4,0.1,0.2,0.333,0.522
Moses Moody,GSW,2023-24,0.0,0.0,5.935909090909091,25.438999999999997,36.0,35.515151515151516,0.0606060606060606,66.0,38.0,28.0,17.5,0.4,0.9,0.41,0.9,0.2,0.3,0.522,0.508
Moses Moody,GSW,2024-25,0.0,0.0,5.50995670995671,24.9606824925816,45.25675675675676,45.75675675675676,0.0405405405405405,74.0,45.0,29.0,22.3,0.4,1.0,0.361,0.9,0.2,0.5,0.417,0.465
Mouhamed Gueye,ATL,2024-25,0.0,0.0,3.5588888888888883,24.164197530864193,33.878787878787875,33.90909090909091,0.0303030303030303,33.0,15.0,18.0,16.1,0.1,0.2,0.333,0.1,0.0,0.1,0.0,0.333
Moussa Cisse,DAL,2025-26,0.0,0.0,1.7086956521739134,0.0,26.06896551724138,26.620689655172413,0.0,38.0,11.0,27.0,13.9,0.0,0.0,0.0,0.0,0.0,0.0,0.0,0.0
Moussa Diabate,CHO,2024-25,0.0,0.0,3.1518248175182477,26.25,34.91428571428571,35.22857142857143,0.1,71.0,15.0,56.0,17.5,0.1,0.2,0.5,0.2,0.0,0.0,0.0,0.5
Mychal Mulder,GSW,2020-21,0.0,0.0,3.045098039215686,25.27009345794393,28.912280701754387,28.80701754385965,0.1052631578947368,60.0,33.0,27.0,12.8,0.2,0.3,0.5,0.5,0.2,0.3,0.563,0.75
Myles Turner,IND,2018-19,0.0,0.0,9.743664383561644,26.237755102040815,57.770270270270274,57.729729729729726,0.1351351351351351,74.0,43.0,31.0,28.6,0.4,0.8,0.419,0.8,0.1,0.1,0.556,0.46
Myles Turner,IND,2019-20,0.0,0.0,7.654302670623147,26.0316,59.25806451612903,59.58064516129032,0.1935483870967742,62.0,37.0,25.0,29.4,0.4,1.1,0.409,0.9,0.0,0.2,0.25,0.432
Myles Turner,IND,2020-21,0.0,0.0,3.73362831858407,25.797572815533982,63.638297872340424,63.723404255319146,0.0638297872340425,47.0,22.0,25.0,31.0,0.1,0.5,0.2,0.3,0.0,0.2,0.222,0.24
Myles Turner,IND,2021-22,0.0,0.0,5.116666666666668,25.800000000000004,58.595238095238095,58.666666666666664,0.1428571428571428,42.0,15.0,27.0,29.4,0.3,0.7,0.448,0.7,0.1,0.3,0.273,0.5
Myles Turner,IND,2022-23,0.0,0.0,5.140495867768596,26.226506024096384,60.983870967741936,60.82258064516129,0.0806451612903225,62.0,29.0,33.0,29.4,0.4,0.9,0.393,0.8,0.1,0.3,0.333,0.455
Myles Turner,IND,2023-24,0.0,0.0,6.074700854700856,26.046604938271606,56.76623376623377,56.37662337662338,0.0909090909090909,77.0,45.0,32.0,27.0,0.4,0.8,0.422,0.7,0.0,0.2,0.118,0.438
Myles Turner,IND,2024-25,0.0,0.0,6.7688249400479625,26.21954314720812,61.77777777777778,61.833333333333336,0.0138888888888888,72.0,44.0,28.0,30.2,0.4,1.1,0.355,0.9,0.2,0.5,0.353,0.434
Naji Marshall,NOP,2020-21,0.0,0.0,4.972222222222223,25.466265060240968,46.6875,47.03125,0.0625,32.0,14.0,18.0,21.9,0.2,1.1,0.171,0.4,0.0,0.3,0.091,0.186
Naji Marshall,NOP,2021-22,0.0,0.0,4.923170731707319,25.0,28.452830188679247,28.641509433962263,0.0566037735849056,55.0,23.0,32.0,13.4,0.3,0.7,0.368,0.6,0.1,0.2,0.333,0.408
Naji Marshall,NOP,2022-23,0.0,0.0,5.454107648725213,26.08715596330276,47.54545454545455,47.896103896103895,0.0519480519480519,77.0,40.0,37.0,23.3,0.4,1.1,0.326,0.8,0.0,0.3,0.1,0.337
Naji Marshall,NOP,2023-24,0.0,0.0,6.22995391705069,26.05466666666667,38.75757575757576,39.06060606060606,0.0454545454545454,66.0,41.0,25.0,19.0,0.2,0.7,0.306,0.5,0.0,0.2,0.214,0.337
Naji Marshall,DAL,2024-25,0.0,0.0,5.821052631578948,25.83669724770642,57.26086956521739,57.53623188405797,0.0144927536231884,69.0,32.0,37.0,27.8,0.8,1.9,0.431,1.7,0.0,0.4,0.067,0.438
Nassir Little,POR,2020-21,0.0,0.0,6.525287356321838,25.558750000000003,26.958333333333332,26.770833333333332,0.0416666666666666,48.0,27.0,21.0,13.3,0.3,0.9,0.326,0.7,0.1,0.4,0.25,0.384
Nassir Little,POR,2021-22,0.0,0.0,5.060248447204971,25.215584415584413,52.0,51.976190476190474,0.119047619047619,42.0,19.0,23.0,25.9,0.5,1.3,0.382,1.2,0.2,0.6,0.346,0.464
Nassir Little,POR,2022-23,0.0,0.0,7.432413793103448,26.017088607594935,36.27777777777778,36.68518518518518,0.0555555555555555,54.0,22.0,32.0,18.1,0.7,1.6,0.414,1.6,0.3,0.7,0.389,0.494
Nathan Mensah,CHO,2023-24,0.0,0.0,4.007142857142857,0.0,24.76,24.96,0.04,25.0,3.0,22.0,12.3,0.0,0.0,0.0,0.0,0.0,0.0,0.0,0.0
Naz Reid,MIN,2019-20,0.0,0.0,3.415753424657534,25.42783505154639,35.53333333333333,35.3,0.1,30.0,8.0,22.0,16.5,0.0,0.2,0.167,0.1,0.0,0.1,0.0,0.167
Naz Reid,MIN,2020-21,0.0,0.0,3.3631449631449644,25.37816091954025,40.51428571428571,40.542857142857144,0.1142857142857142,70.0,22.0,48.0,19.2,0.0,0.2,0.133,0.1,0.0,0.0,0.0,0.133
Naz Reid,MIN,2021-22,0.0,0.0,2.941612903225806,25.003012048192765,33.15584415584416,33.142857142857146,0.0519480519480519,77.0,42.0,35.0,15.8,0.0,0.1,0.125,0.0,0.0,0.1,0.2,0.188
Naz Reid,MIN,2022-23,0.0,0.0,3.5499999999999994,25.524423963133632,38.88235294117647,39.0735294117647,0.0588235294117647,68.0,32.0,36.0,18.4,0.1,0.4,0.2,0.2,0.0,0.2,0.143,0.24
Naz Reid,MIN,2023-24,0.0,0.0,4.508126410835215,25.379166666666674,49.07407407407408,49.160493827160494,0.0246913580246913,81.0,56.0,25.0,24.2,0.2,0.6,0.391,0.5,0.0,0.2,0.231,0.424
Naz Reid,MIN,2024-25,0.0,0.0,4.911930585683296,25.7887445887446,55.7875,55.7,0.0375,80.0,47.0,33.0,27.5,0.7,1.7,0.396,1.8,0.4,1.1,0.412,0.526
Neemias Queta,BOS,2024-25,0.0,0.0,3.1375000000000006,36.2,27.8,27.933333333333337,0.0333333333333333,62.0,46.0,16.0,13.9,0.0,0.0,0.0,0.0,0.0,0.0,0.0,0.0
Nemanja Bjelica,SAC,2018-19,0.0,0.0,4.122023809523808,25.85175097276264,49.75324675324675,49.76623376623377,0.0259740259740259,77.0,38.0,39.0,23.2,0.3,0.7,0.357,0.7,0.2,0.4,0.414,0.464
Nemanja Bjelica,SAC,2019-20,0.0,0.0,4.792492492492494,26.3425,56.84722222222222,56.263888888888886,0.0972222222222222,72.0,31.0,41.0,27.9,0.4,1.0,0.411,1.0,0.2,0.5,0.455,0.514
Nemanja Bjelica,"SAC,MIA",2020-21,0.0,0.0,3.3210526315789477,26.288888888888888,32.91891891891892,32.567567567567565,0.0,37.0,16.0,21.0,16.1,0.1,0.5,0.294,0.3,0.1,0.2,0.222,0.353
Nemanja Bjelica,GSW,2021-22,0.0,0.0,4.3264248704663215,26.855033557046973,32.49295774647887,32.140845070422536,0.0,71.0,48.0,23.0,16.1,0.1,0.3,0.3,0.2,0.1,0.2,0.364,0.4
Nene,HOU,2018-19,0.0,0.0,7.276991150442477,27.433333333333337,26.69047619047619,26.404761904761905,0.0952380952380952,42.0,29.0,13.0,13.0,0.0,0.1,0.25,0.0,0.0,0.0,0.0,0.25
Nerlens Noel,OKC,2018-19,0.0,0.0,4.73659420289855,0.0,28.506493506493506,28.67532467532467,0.1558441558441558,77.0,48.0,29.0,13.7,0.1,0.2,0.389,0.2,0.0,0.0,0.0,0.389
Nerlens Noel,OKC,2019-20,0.0,0.0,4.761654135338344,31.7,37.44262295081968,37.34426229508197,0.1311475409836065,61.0,38.0,23.0,18.5,0.1,0.3,0.211,0.1,0.0,0.0,0.0,0.211
Nerlens Noel,NYK,2020-21,0.0,0.0,3.4354545454545464,24.6,47.546875,47.5625,0.125,64.0,35.0,29.0,24.2,0.0,0.1,0.143,0.0,0.0,0.0,0.0,0.143
Nerlens Noel,NYK,2021-22,0.0,0.0,4.647368421052631,29.833333333333332,44.84,45.16,0.12,25.0,10.0,15.0,22.5,0.1,0.2,0.5,0.2,0.0,0.0,0.0,0.5
Nic Claxton,BRK,2020-21,0.0,0.0,2.820714285714286,24.32,37.65625,38.0,0.09375,32.0,23.0,9.0,18.6,0.0,0.0,0.0,0.0,0.0,0.0,0.0,0.0
Nic Claxton,BRK,2021-22,0.0,0.0,2.447727272727273,0.0,42.04255319148936,42.57446808510638,0.1063829787234042,47.0,24.0,23.0,20.7,0.0,0.0,1.0,0.0,0.0,0.0,0.0,1.0
Nic Claxton,BRK,2022-23,0.0,0.0,2.66888888888889,22.65,59.421052631578945,60.526315789473685,0.1842105263157894,76.0,41.0,35.0,29.9,0.0,0.1,0.6,0.1,0.0,0.0,0.0,0.6
Nic Claxton,BRK,2023-24,0.0,0.0,3.424956672443675,23.940000000000005,59.225352112676056,59.61971830985915,0.1830985915492957,71.0,27.0,44.0,29.8,0.0,0.1,0.0,0.0,0.0,0.0,0.0,0.0
Nic Claxton,BRK,2024-25,0.0,0.0,4.531627056672762,24.604761904761908,53.07142857142857,53.25714285714286,0.0571428571428571,70.0,20.0,50.0,26.9,0.1,0.3,0.348,0.2,0.0,0.0,0.0,0.348
Nick Richards,CHO,2022-23,0.0,0.0,2.496153846153846,25.6,38.8,38.86153846153846,0.0461538461538461,65.0,21.0,44.0,18.7,0.0,0.1,0.0,0.0,0.0,0.0,0.0,0.0
Nick Richards,CHO,2023-24,0.0,0.0,3.0232000000000014,26.4,52.223880597014926,52.343283582089555,0.1044776119402985,67.0,14.0,53.0,26.2,0.0,0.1,0.6,0.1,0.0,0.0,0.0,0.6
Nick Richards,"CHO,PHO",2024-25,0.0,0.0,4.5375000000000005,22.3,44.12280701754386,44.56140350877193,0.1052631578947368,57.0,17.0,40.0,22.0,0.0,0.1,0.143,0.0,0.0,0.0,0.0,0.143
Nick Smith,CHO,2023-24,0.0,0.0,10.64825174825175,26.08561643835617,28.431372549019606,28.50980392156863,0.0196078431372549,51.0,9.0,42.0,14.3,0.7,2.4,0.314,1.7,0.3,0.7,0.342,0.368
Nick Smith,CHO,2024-25,0.0,0.0,9.815648854961834,26.023692810457515,46.666666666666664,46.333333333333336,0.05,60.0,14.0,46.0,22.8,1.6,3.9,0.396,3.5,0.4,1.3,0.325,0.451
Nick Smith,LAL,2025-26,0.0,0.0,10.4671875,26.51884057971014,25.88,26.56,0.08,30.0,15.0,15.0,12.5,1.2,2.9,0.43,2.8,0.4,1.1,0.333,0.494
Nickeil Alexander Walker,NOP,2019-20,0.0,0.0,5.51578947368421,26.206766917293233,26.638297872340427,26.851063829787233,0.2553191489361702,47.0,19.0,28.0,12.6,0.4,1.4,0.258,0.9,0.2,0.8,0.231,0.326
Nickeil Alexander Walker,NOP,2020-21,0.0,0.0,6.7192468619246855,25.09406392694064,44.82608695652174,44.891304347826086,0.2391304347826087,46.0,20.0,26.0,21.9,0.9,2.1,0.412,2.0,0.3,0.8,0.333,0.474
Nickeil Alexander Walker,"NOP,UTA",2021-22,0.0,0.0,4.760000000000001,24.530303030303028,45.47692307692308,45.64615384615384,0.1384615384615384,65.0,29.0,36.0,22.6,0.8,2.6,0.296,1.9,0.4,1.3,0.293,0.367
Nickeil Alexander Walker,"UTA,MIN",2022-23,0.0,0.0,6.764150943396227,25.143055555555552,31.135593220338983,31.220338983050848,0.3389830508474576,59.0,29.0,30.0,15.0,0.6,1.4,0.422,1.5,0.3,0.8,0.408,0.542
Nickeil Alexander Walker,MIN,2023-24,0.0,0.0,6.019704433497537,24.68895522388059,47.41463414634146,47.5609756097561,0.3048780487804878,82.0,56.0,26.0,23.4,0.5,1.4,0.333,1.1,0.2,0.9,0.286,0.423
Nickeil Alexander Walker,MIN,2024-25,0.0,0.0,6.340243902439023,25.01378378378378,51.073170731707314,51.390243902439025,0.4756097560975609,82.0,49.0,33.0,25.3,0.6,1.8,0.317,1.3,0.2,0.9,0.211,0.372
Nico Mannion,GSW,2020-21,0.0,0.0,8.912962962962963,26.679999999999996,26.379310344827587,26.551724137931036,0.1379310344827586,30.0,17.0,13.0,12.1,0.5,1.6,0.292,1.3,0.3,0.7,0.455,0.396
Nicolas Batum,CHO,2018-19,0.0,0.0,8.104166666666663,25.09463087248323,63.973333333333336,64.01333333333334,0.1333333333333333,75.0,35.0,40.0,31.4,0.9,2.3,0.386,2.2,0.4,1.1,0.383,0.474
Nicolas Batum,LAC,2020-21,0.0,0.0,8.067857142857141,24.740441176470583,55.17910447761194,55.02985074626866,0.1194029850746268,67.0,44.0,23.0,27.4,0.3,0.8,0.407,0.8,0.1,0.2,0.467,0.472
Nicolas Batum,LAC,2021-22,0.0,0.0,8.922222222222222,25.086666666666677,50.54237288135593,50.32203389830509,0.1186440677966101,59.0,31.0,28.0,24.8,0.3,0.9,0.34,0.8,0.2,0.4,0.346,0.425
Nicolas Batum,LAC,2022-23,0.0,0.0,4.789062499999998,24.98107255520505,45.07692307692308,45.01282051282051,0.0384615384615384,78.0,44.0,34.0,21.9,0.1,0.2,0.471,0.3,0.1,0.2,0.583,0.676
Nicolas Batum,"LAC,PHI",2023-24,0.0,0.0,3.8714285714285706,24.851685393258435,52.20338983050848,51.96610169491525,0.0169491525423728,60.0,36.0,24.0,25.5,0.1,0.4,0.364,0.4,0.1,0.3,0.375,0.5
Nicolas Batum,LAC,2024-25,0.0,0.0,6.242857142857143,24.858128078817742,35.53846153846154,35.64102564102564,0.0128205128205128,78.0,47.0,31.0,17.5,0.0,0.2,0.167,0.1,0.0,0.1,0.2,0.25
Nicolo Melli,NOP,2019-20,0.0,0.0,7.123076923076921,25.999029126213596,36.88333333333333,36.516666666666666,0.1833333333333333,60.0,26.0,34.0,17.4,0.4,0.8,0.457,0.8,0.1,0.2,0.273,0.489
Nicolo Melli,"NOP,DAL",2020-21,0.0,0.0,8.029411764705882,24.860416666666666,24.844444444444445,24.666666666666668,0.0222222222222222,45.0,26.0,19.0,12.6,0.2,0.5,0.333,0.3,0.0,0.1,0.2,0.357
Nik Stauskas,"POR,CLE",2018-19,0.0,0.0,7.499999999999999,25.353968253968254,30.647058823529413,30.558823529411764,0.0588235294117647,68.0,33.0,35.0,14.9,0.8,2.0,0.375,1.9,0.4,1.1,0.32,0.463
Nikola Jokic,DEN,2018-19,0.0,0.0,5.896047008547009,26.161481481481477,63.2,62.65,0.1375,80.0,53.0,27.0,31.3,0.4,1.2,0.362,0.9,0.1,0.4,0.138,0.383
Nikola Jokic,DEN,2019-20,0.0,0.0,7.640073529411765,26.132549019607843,63.7945205479452,63.12328767123287,0.1917808219178082,73.0,46.0,27.0,32.0,0.7,1.9,0.382,1.6,0.1,0.5,0.27,0.419
Nikola Jokic,DEN,2020-21,0.0,0.0,7.031912878787878,26.25696202531646,69.73611111111111,69.38888888888889,0.0694444444444444,72.0,47.0,25.0,34.6,1.0,2.1,0.467,2.1,0.1,0.2,0.375,0.487
Nikola Jokic,DEN,2021-22,0.0,0.0,5.642033235581626,26.273263888888884,68.44594594594595,68.12162162162163,0.1081081081081081,74.0,46.0,28.0,33.5,0.6,1.5,0.444,1.4,0.1,0.5,0.324,0.495
Nikola Jokic,DEN,2022-23,0.0,0.0,5.560595647193586,26.481879194630867,69.53623188405797,69.02898550724638,0.1159420289855072,69.0,48.0,21.0,33.7,0.5,1.1,0.462,1.2,0.1,0.3,0.409,0.519
Nikola Jokic,DEN,2023-24,0.0,0.0,6.278559322033897,27.30346320346321,69.9367088607595,69.51898734177215,0.0126582278481012,79.0,55.0,24.0,34.6,0.9,2.1,0.405,1.9,0.2,0.7,0.296,0.452
Nikola Jokic,DEN,2024-25,0.0,0.0,5.944724104549855,28.71393939393939,77.0,76.88571428571429,0.0714285714285714,70.0,46.0,24.0,36.7,0.6,2.0,0.317,1.6,0.3,0.9,0.303,0.387
Nikola Jovic,MIA,2023-24,0.0,0.0,4.7593220338983055,25.325766871165648,38.91304347826087,38.76086956521739,0.0869565217391304,46.0,24.0,22.0,19.5,0.3,0.7,0.387,0.7,0.2,0.5,0.455,0.548
Nikola Jovic,MIA,2024-25,0.0,0.0,4.851785714285713,25.01095238095238,50.65217391304348,50.15217391304348,0.0652173913043478,46.0,21.0,25.0,25.1,0.2,0.7,0.324,0.6,0.2,0.4,0.35,0.426
Nikola Mirotic,"NOP,MIL",2018-19,0.0,0.0,6.418749999999998,26.32758620689655,58.76086956521739,58.54347826086956,0.1521739130434782,46.0,24.0,22.0,27.1,0.7,2.3,0.299,1.7,0.3,1.0,0.261,0.355
Nikola Vucevic,ORL,2018-19,0.0,0.0,7.7674087266251135,25.89480519480521,63.85,63.725,0.0625,80.0,41.0,39.0,31.4,0.4,1.1,0.393,0.8,0.0,0.0,0.0,0.393
Nikola Vucevic,ORL,2019-20,0.0,0.0,7.356451612903227,25.689619377162625,66.09677419354838,65.88709677419355,0.032258064516129,62.0,28.0,34.0,32.2,0.5,1.4,0.388,1.1,0.0,0.0,0.333,0.394
Nikola Vucevic,"ORL,CHI",2020-21,0.0,0.0,8.207440476190477,25.780921052631573,68.0,68.25714285714285,0.0285714285714285,70.0,26.0,44.0,33.5,1.0,2.5,0.395,2.0,0.0,0.0,1.0,0.398
Nikola Vucevic,CHI,2021-22,0.0,0.0,7.712272174969625,25.98308157099699,67.46575342465754,67.10958904109589,0.0273972602739726,73.0,41.0,32.0,33.1,0.4,1.0,0.408,0.9,0.0,0.0,0.333,0.414
Nikola Vucevic,CHI,2022-23,0.0,0.0,7.160923845193508,25.727377521613843,68.3048780487805,67.98780487804878,0.0365853658536585,82.0,40.0,42.0,33.5,0.3,1.0,0.308,0.6,0.0,0.0,0.0,0.308
Nikola Vucevic,CHI,2023-24,0.0,0.0,7.249665924276172,25.85271565495207,68.59210526315789,68.23684210526316,0.0394736842105263,76.0,36.0,40.0,34.3,0.6,1.3,0.46,1.2,0.0,0.0,0.0,0.46
Nikola Vucevic,CHI,2024-25,0.0,0.0,6.456206415620642,25.961993769470418,66.71232876712328,66.41095890410959,0.0410958904109589,73.0,34.0,39.0,31.2,0.7,1.2,0.527,1.3,0.0,0.0,0.5,0.533
Noah Clowney,BRK,2024-25,0.0,0.0,4.627927927927928,25.40766283524905,45.391304347826086,44.82608695652174,0.1521739130434782,46.0,11.0,35.0,22.7,0.2,0.8,0.257,0.5,0.1,0.4,0.316,0.343
Noah Penda,ORL,2025-26,0.0,0.0,4.320224719101123,25.124615384615375,28.675675675675677,29.486486486486488,0.054054054054054,59.0,30.0,29.0,12.8,0.2,0.5,0.345,0.4,0.1,0.3,0.353,0.448
Noah Vonleh,NYK,2018-19,0.0,0.0,4.389768976897689,25.49270072992701,52.0735294117647,52.23529411764706,0.1764705882352941,68.0,13.0,55.0,25.3,0.1,0.4,0.25,0.2,0.0,0.1,0.1,0.268
Norman Powell,TOR,2018-19,0.0,0.0,4.65391304347826,25.97764705882352,40.03389830508475,39.76271186440678,0.0847457627118644,60.0,45.0,15.0,18.8,0.4,1.3,0.282,0.9,0.2,0.7,0.308,0.359
Norman Powell,TOR,2019-20,0.0,0.0,4.593846153846153,25.545421245421252,60.17307692307692,60.15384615384615,0.0961538461538461,52.0,40.0,12.0,28.4,0.6,1.8,0.326,1.4,0.2,1.0,0.222,0.391
Norman Powell,"TOR,POR",2020-21,0.0,0.0,5.185853658536586,25.46122448979592,66.1159420289855,66.01449275362319,0.1594202898550724,69.0,32.0,37.0,32.0,1.3,3.4,0.385,3.4,0.8,2.1,0.368,0.498
Norman Powell,"POR,LAC",2021-22,0.0,0.0,7.028205128205129,25.8875,66.04444444444445,65.75555555555556,0.1333333333333333,45.0,15.0,30.0,32.4,1.5,3.8,0.406,3.8,0.7,2.0,0.352,0.497
Norman Powell,LAC,2022-23,0.0,0.0,6.403309692671397,25.351916376306622,54.3,54.03333333333333,0.1666666666666666,60.0,31.0,29.0,26.1,1.2,3.2,0.389,3.0,0.5,1.5,0.337,0.468
Norman Powell,LAC,2023-24,0.0,0.0,7.261197916666666,25.462760416666665,53.776315789473685,53.578947368421055,0.1052631578947368,76.0,48.0,28.0,26.2,1.2,2.9,0.395,2.8,0.5,1.5,0.31,0.473
Norman Powell,LAC,2024-25,0.0,0.0,6.402514506769825,26.096728971962623,66.8,66.76666666666667,0.1333333333333333,60.0,39.0,21.0,32.6,2.0,5.3,0.384,5.2,1.2,3.1,0.378,0.497
Obi Toppin,NYK,2021-22,0.0,0.0,2.4944078947368418,24.757396449704142,33.638888888888886,33.736111111111114,0.0277777777777777,72.0,32.0,40.0,17.1,0.0,0.2,0.188,0.1,0.0,0.1,0.0,0.188
Obi Toppin,NYK,2022-23,0.0,0.0,3.131976744186047,24.917408906882596,32.19402985074627,32.35820895522388,0.0,67.0,37.0,30.0,15.7,0.1,0.5,0.313,0.4,0.1,0.3,0.4,0.438
Obi Toppin,IND,2023-24,0.0,0.0,2.8484662576687114,25.423715415019764,44.95121951219512,44.96341463414634,0.048780487804878,82.0,47.0,35.0,21.1,0.2,0.5,0.378,0.5,0.1,0.3,0.417,0.514
Obi Toppin,IND,2024-25,0.0,0.0,3.7724832214765103,25.923255813953496,41.13924050632912,41.13924050632912,0.0126582278481012,79.0,48.0,31.0,19.6,0.2,0.8,0.292,0.6,0.1,0.5,0.289,0.377
Ochai Agbaji,UTA,2022-23,0.0,0.0,5.262658227848102,24.919298245614037,44.06896551724138,44.189655172413794,0.0344827586206896,59.0,29.0,30.0,20.5,0.3,0.9,0.288,0.6,0.1,0.6,0.235,0.365
Ochai Agbaji,"UTA,TOR",2023-24,0.0,0.0,3.089565217391303,25.334782608695654,43.46153846153846,43.79487179487179,0.0384615384615384,78.0,31.0,47.0,21.0,0.2,0.6,0.34,0.5,0.1,0.3,0.333,0.436
Ochai Agbaji,TOR,2024-25,0.0,0.0,3.154804270462633,24.425691699604744,56.53125,56.609375,0.015625,64.0,19.0,45.0,27.2,0.3,0.6,0.432,0.6,0.1,0.3,0.444,0.541
OG Anunoby,TOR,2018-19,0.0,0.0,3.5306930693069307,24.44752475247525,42.17910447761194,42.059701492537314,0.1044776119402985,67.0,46.0,21.0,20.2,0.1,0.5,0.258,0.3,0.0,0.3,0.158,0.306
OG Anunoby,TOR,2019-20,0.0,0.0,2.827218934911244,24.52368421052631,62.30434782608695,62.44927536231884,0.1594202898550724,69.0,50.0,19.0,29.9,0.2,0.6,0.385,0.6,0.2,0.3,0.458,0.526
OG Anunoby,TOR,2020-21,0.0,0.0,4.612403100775195,24.766666666666666,68.20930232558139,68.0,0.1395348837209302,43.0,18.0,25.0,33.3,0.4,1.6,0.279,1.0,0.1,0.7,0.2,0.324
OG Anunoby,TOR,2021-22,0.0,0.0,6.624473684210528,25.303154574132485,71.33333333333333,71.45833333333333,0.0833333333333333,48.0,31.0,17.0,36.0,1.2,3.9,0.299,2.8,0.4,1.6,0.267,0.353
OG Anunoby,TOR,2022-23,0.0,0.0,5.557722007722008,25.045504087193457,71.76119402985074,71.68656716417911,0.0895522388059701,67.0,33.0,34.0,35.6,0.9,2.4,0.367,2.0,0.2,0.7,0.313,0.415
OG Anunoby,"TOR,NYK",2023-24,0.0,0.0,4.623684210526316,24.17692307692308,68.58,68.58,0.08,50.0,31.0,19.0,34.0,0.8,2.0,0.388,1.7,0.2,0.7,0.242,0.429
OG Anunoby,NYK,2024-25,0.0,0.0,4.523268206039077,24.669565217391295,73.22972972972973,73.20270270270271,0.1486486486486486,74.0,45.0,29.0,36.6,0.8,2.4,0.324,1.9,0.4,1.1,0.342,0.399
Omari Spellman,ATL,2018-19,0.0,0.0,3.4612068965517255,24.706250000000004,37.69565217391305,37.93478260869565,0.0434782608695652,46.0,15.0,31.0,17.5,0.0,0.2,0.143,0.0,0.0,0.0,0.0,0.143
Omari Spellman,GSW,2019-20,0.0,0.0,7.394054054054056,25.948181818181823,37.795918367346935,37.42857142857143,0.0408163265306122,49.0,11.0,38.0,18.1,0.1,0.2,0.375,0.1,0.0,0.1,0.333,0.438
Omer Yurtseven,MIA,2021-22,0.0,0.0,4.896610169491526,25.9,25.70909090909091,25.818181818181817,0.0363636363636363,56.0,39.0,17.0,12.6,0.1,0.2,0.25,0.1,0.0,0.0,0.0,0.25
Omri Casspi,MEM,2018-19,0.0,0.0,3.0042372881355925,25.76046511627907,29.52777777777778,29.47222222222222,0.0,36.0,14.0,22.0,14.5,0.1,0.3,0.2,0.1,0.0,0.2,0.125,0.25
Onyeka Okongwu,ATL,2021-22,0.0,0.0,2.6663716814159293,0.0,41.625,41.416666666666664,0.0416666666666666,48.0,26.0,22.0,20.7,0.0,0.1,0.667,0.1,0.0,0.0,0.0,0.667
Onyeka Okongwu,ATL,2022-23,0.0,0.0,4.026652892561983,25.23076923076923,47.85,47.975,0.025,80.0,41.0,39.0,23.1,0.0,0.1,0.333,0.1,0.0,0.0,0.0,0.333
Onyeka Okongwu,ATL,2023-24,0.0,0.0,2.6746621621621625,24.31739130434783,53.89090909090909,53.72727272727273,0.0,55.0,23.0,32.0,25.5,0.0,0.0,1.0,0.0,0.0,0.0,0.0,1.0
Onyeka Okongwu,ATL,2024-25,0.0,0.0,3.231028037383177,24.6259009009009,59.554054054054056,59.554054054054056,0.0,74.0,35.0,39.0,27.9,0.1,0.3,0.35,0.2,0.0,0.0,0.0,0.35
Orlando Robinson,MIA,2022-23,0.0,0.0,3.88433734939759,24.116666666666664,26.967741935483872,27.06451612903226,0.0967741935483871,31.0,18.0,13.0,13.7,0.0,0.0,0.0,0.0,0.0,0.0,0.0,0.0
Orlando Robinson,"SAC,TOR",2024-25,0.0,0.0,4.953807106598985,25.961702127659574,36.31818181818182,36.45454545454545,0.0227272727272727,44.0,23.0,21.0,17.5,0.1,0.3,0.214,0.1,0.0,0.0,0.0,0.214
Oshae Brissett,IND,2021-22,0.0,0.0,3.9197026022304846,25.272995780590715,47.74626865671642,48.149253731343286,0.1044776119402985,67.0,19.0,48.0,23.3,0.1,0.6,0.214,0.3,0.1,0.3,0.238,0.274
Oshae Brissett,IND,2022-23,0.0,0.0,3.3951219512195125,25.36709677419355,34.46153846153846,34.63076923076923,0.0307692307692307,65.0,27.0,38.0,16.7,0.1,0.3,0.211,0.2,0.0,0.2,0.3,0.289
Oso Ighodaro,PHO,2024-25,0.0,0.0,5.995675675675676,44.4,34.96666666666667,35.333333333333336,0.0166666666666666,61.0,25.0,36.0,17.1,0.2,0.3,0.625,0.3,0.0,0.0,0.0,0.625
Otto Porter,"WAS,CHI",2018-19,0.0,0.0,12.432231404958682,25.25625,63.357142857142854,63.464285714285715,0.125,56.0,25.0,31.0,30.1,1.6,4.2,0.38,3.4,0.3,0.9,0.294,0.412
Otto Porter,"CHI,ORL",2020-21,0.0,0.0,9.6625,26.711111111111116,45.0,45.464285714285715,0.0357142857142857,28.0,12.0,16.0,21.7,1.0,2.4,0.397,2.0,0.0,0.4,0.1,0.404
Otto Porter,GSW,2021-22,0.0,0.0,7.315500000000001,25.419907407407408,45.46031746031746,44.904761904761905,0.0317460317460317,63.0,41.0,22.0,22.2,0.5,1.0,0.476,1.1,0.1,0.3,0.563,0.548
Ousmane Dieng,OKC,2022-23,0.0,0.0,4.993975903614458,25.63571428571429,30.384615384615383,30.512820512820515,0.0,39.0,20.0,19.0,14.6,0.1,0.6,0.167,0.2,0.0,0.3,0.077,0.188
PJ Tucker,HOU,2018-19,0.0,0.0,4.2772058823529395,23.97157622739018,68.73170731707317,68.86585365853658,0.1585365853658536,82.0,53.0,29.0,34.2,0.1,0.2,0.25,0.2,0.0,0.1,0.3,0.325
PJ Tucker,HOU,2019-20,0.0,0.0,5.6874015748031495,23.772240802675583,72.79166666666667,72.73611111111111,0.2638888888888889,72.0,44.0,28.0,34.3,0.1,0.3,0.348,0.3,0.0,0.1,0.25,0.391
PJ Tucker,"HOU,MIL",2020-21,0.0,0.0,4.146153846153846,23.569696969696967,54.28846153846154,54.44230769230769,0.2307692307692307,52.0,27.0,25.0,26.1,0.0,0.1,0.333,0.0,0.0,0.0,0.0,0.333
PJ Tucker,MIA,2021-22,0.0,0.0,5.7719148936170175,23.48082901554404,54.859154929577464,55.0,0.1408450704225352,71.0,45.0,26.0,27.9,0.2,0.4,0.393,0.4,0.0,0.1,0.6,0.446
PJ Tucker,PHI,2022-23,0.0,0.0,5.0176470588235285,23.507857142857137,50.306666666666665,50.61333333333334,0.0933333333333333,75.0,48.0,27.0,25.6,0.0,0.1,0.125,0.0,0.0,0.0,0.333,0.188
PJ Tucker,"PHI,LAC",2023-24,0.0,0.0,6.206666666666666,23.269999999999996,30.93548387096774,31.516129032258064,0.064516129032258,31.0,13.0,18.0,15.7,0.0,0.0,0.0,0.0,0.0,0.0,0.0,0.0
PJ Washington,CHO,2019-20,0.0,0.0,4.022562674094707,25.127826086956524,60.37931034482759,59.89655172413793,0.0862068965517241,58.0,22.0,36.0,30.3,0.2,0.6,0.333,0.5,0.1,0.3,0.389,0.439
PJ Washington,CHO,2020-21,0.0,0.0,4.626767676767676,25.344137931034485,62.484375,61.875,0.109375,64.0,31.0,33.0,30.5,0.3,1.0,0.284,0.8,0.2,0.6,0.297,0.366
PJ Washington,CHO,2021-22,0.0,0.0,3.0086580086580086,25.63388704318938,56.16923076923077,56.12307692307692,0.0461538461538461,65.0,33.0,32.0,27.2,0.2,0.6,0.3,0.6,0.2,0.5,0.353,0.45
PJ Washington,CHO,2022-23,0.0,0.0,6.5556363636363635,25.389018691588788,68.67123287671232,68.63013698630137,0.1095890410958904,73.0,24.0,49.0,32.6,0.9,2.4,0.378,2.1,0.3,0.9,0.373,0.451
PJ Washington,"CHO,DAL",2023-24,0.0,0.0,5.175939849624059,24.64615384615384,62.3013698630137,62.57534246575342,0.1232876712328767,73.0,30.0,43.0,30.4,0.4,1.3,0.283,0.9,0.2,0.7,0.222,0.348
PJ Washington,DAL,2024-25,0.0,0.0,5.370892018779342,24.593723849372378,66.78947368421052,66.82456140350877,0.2105263157894736,57.0,31.0,26.0,32.2,0.6,2.0,0.313,1.6,0.4,1.1,0.333,0.4
Paolo Banchero,ORL,2022-23,0.0,0.0,7.783632019115894,26.02280701754386,69.70833333333333,69.65277777777777,0.0277777777777777,72.0,31.0,41.0,33.7,2.0,5.6,0.351,4.4,0.5,1.8,0.262,0.392
Paolo Banchero,ORL,2023-24,0.0,0.0,8.037310606060606,26.300854700854693,70.6625,70.575,0.0,80.0,46.0,34.0,35.0,2.9,7.6,0.382,6.6,0.8,2.6,0.322,0.437
Paolo Banchero,ORL,2024-25,0.0,0.0,8.338497652582157,26.570955882352937,68.47826086956522,68.47826086956522,0.0869565217391304,46.0,21.0,25.0,34.4,3.6,9.4,0.381,8.4,1.2,3.9,0.307,0.445
Pascal Siakam,TOR,2018-19,0.0,0.0,4.165253077975376,24.304672897196255,65.8625,65.55,0.05,80.0,57.0,23.0,31.8,0.3,0.8,0.381,0.6,0.0,0.1,0.125,0.389
Pascal Siakam,TOR,2019-20,0.0,0.0,6.343301759133963,25.4986301369863,73.83333333333333,73.75,0.0166666666666666,60.0,46.0,14.0,35.2,1.6,4.9,0.325,4.1,0.9,2.5,0.34,0.412
Pascal Siakam,TOR,2020-21,0.0,0.0,6.769090909090909,25.50731707317074,73.125,73.0,0.125,56.0,21.0,35.0,35.8,1.3,3.9,0.341,2.9,0.3,1.1,0.237,0.373
Pascal Siakam,TOR,2021-22,0.0,0.0,8.032457027300302,25.741743119266054,75.01470588235294,74.73529411764706,0.088235294117647,68.0,40.0,28.0,37.9,2.0,5.0,0.391,4.1,0.1,0.5,0.257,0.404
Pascal Siakam,TOR,2022-23,0.0,0.0,8.50662768031189,25.943554006968643,75.33802816901408,75.14084507042253,0.0985915492957746,71.0,35.0,36.0,37.4,2.6,6.2,0.416,5.4,0.3,1.0,0.274,0.439
Pascal Siakam,"TOR,IND",2023-24,0.0,0.0,6.171846435100549,25.236633663366337,68.8625,68.525,0.0875,80.0,38.0,42.0,33.2,1.5,3.4,0.43,3.0,0.0,0.2,0.105,0.434
Pascal Siakam,IND,2024-25,0.0,0.0,7.481351981351981,25.45864197530863,67.25641025641026,67.46153846153847,0.1025641025641025,78.0,47.0,31.0,32.7,1.6,3.8,0.422,3.3,0.1,0.4,0.367,0.44
Pat Connaughton,MIL,2018-19,0.0,0.0,3.5166666666666666,26.1365,43.98360655737705,44.09836065573771,0.081967213114754,61.0,43.0,18.0,20.7,0.2,0.5,0.452,0.6,0.1,0.3,0.412,0.565
Pat Connaughton,MIL,2019-20,0.0,0.0,3.2333333333333334,26.16566265060241,40.57575757575758,40.92424242424242,0.106060606060606,67.0,53.0,14.0,18.6,0.1,0.4,0.25,0.3,0.1,0.3,0.368,0.375
Pat Connaughton,MIL,2020-21,0.0,0.0,3.7017391304347824,26.137132352941165,48.31884057971015,48.43478260869565,0.1159420289855072,69.0,44.0,25.0,22.8,0.0,0.2,0.059,0.0,0.0,0.2,0.091,0.088
Pat Connaughton,MIL,2021-22,0.0,0.0,3.9253968253968257,25.754594594594597,53.69230769230769,53.72307692307693,0.2461538461538461,65.0,41.0,24.0,26.0,0.1,0.3,0.429,0.3,0.1,0.2,0.308,0.524
Pat Connaughton,MIL,2022-23,0.0,0.0,3.3414141414141416,25.569875776397517,49.39344262295082,49.44262295081968,0.1311475409836065,61.0,43.0,18.0,23.7,0.1,0.3,0.5,0.4,0.1,0.2,0.467,0.694
Pat Connaughton,MIL,2023-24,0.0,0.0,2.9348623853211007,25.207563025210085,45.723684210526315,45.26315789473684,0.0921052631578947,76.0,45.0,31.0,22.1,0.1,0.3,0.458,0.4,0.1,0.3,0.455,0.667
Pat Connaughton,MIL,2024-25,0.0,0.0,3.584374999999999,25.74567901234568,29.75609756097561,29.29268292682927,0.1219512195121951,41.0,19.0,22.0,14.7,0.2,0.5,0.409,0.6,0.1,0.5,0.316,0.545
Patrick Baldwin,WAS,2023-24,0.0,0.0,4.820689655172414,25.93092783505155,27.73684210526316,27.842105263157897,0.0263157894736842,38.0,6.0,32.0,13.0,0.1,0.5,0.111,0.1,0.0,0.3,0.091,0.139
Patrick Beverley,LAC,2018-19,0.0,0.0,4.903076923076923,25.281560283687945,57.23076923076923,57.32051282051282,0.4230769230769231,78.0,48.0,30.0,27.4,0.5,1.2,0.375,1.2,0.3,0.8,0.385,0.505
Patrick Beverley,LAC,2019-20,0.0,0.0,5.165185185185185,25.072815533980577,54.549019607843135,54.52941176470589,0.392156862745098,51.0,38.0,13.0,26.3,0.3,1.2,0.288,0.8,0.2,0.6,0.3,0.364
Patrick Beverley,LAC,2020-21,0.0,0.0,5.515189873417721,25.240425531914894,44.86486486486486,44.648648648648646,0.1621621621621621,37.0,25.0,12.0,22.5,0.3,1.0,0.333,0.9,0.3,0.7,0.37,0.472
Patrick Beverley,MIN,2021-22,0.0,0.0,5.970618556701029,25.186363636363637,52.56896551724138,52.6551724137931,0.2068965517241379,58.0,33.0,25.0,25.4,0.5,2.0,0.27,1.4,0.3,1.2,0.25,0.348
Patrick Beverley,"LAL,CHI",2022-23,0.0,0.0,4.189473684210525,25.80987654320987,55.19402985074627,55.52238805970149,0.0746268656716417,67.0,34.0,33.0,27.1,0.3,0.8,0.411,0.9,0.2,0.6,0.324,0.518
Patrick Beverley,"PHI,MIL",2023-24,0.0,0.0,6.130303030303032,24.854166666666668,39.9041095890411,40.24657534246575,0.136986301369863,73.0,43.0,30.0,20.0,0.4,1.2,0.322,1.0,0.2,0.7,0.313,0.406
Patrick McCaw,"CLE,TOR",2018-19,0.0,0.0,3.803333333333333,25.333333333333332,28.20689655172414,28.379310344827587,0.1034482758620689,29.0,17.0,12.0,13.7,0.0,0.3,0.111,0.1,0.0,0.1,0.0,0.111
Patrick McCaw,TOR,2019-20,0.0,0.0,5.251648351648353,24.492957746478876,52.333333333333336,52.361111111111114,0.0277777777777777,37.0,27.0,10.0,24.5,0.1,0.6,0.208,0.3,0.0,0.3,0.1,0.229
Patrick Patterson,OKC,2018-19,0.0,0.0,6.657317073170732,24.633576642335775,28.984126984126984,29.07936507936508,0.0952380952380952,63.0,40.0,23.0,13.7,0.0,0.1,0.333,0.1,0.0,0.0,0.0,0.333
Patrick Patterson,LAC,2019-20,0.0,0.0,6.844262295081967,24.827325581395357,28.379310344827587,28.53448275862069,0.0689655172413793,59.0,39.0,20.0,13.2,0.1,0.2,0.4,0.2,0.0,0.1,0.25,0.45
Patrick Patterson,LAC,2020-21,0.0,0.0,5.062264150943396,24.997321428571432,31.0,30.894736842105264,0.0263157894736842,38.0,26.0,12.0,15.3,0.1,0.2,0.5,0.2,0.0,0.0,0.0,0.5
Patrick Williams,CHI,2020-21,0.0,0.0,7.7110256410256435,24.865942028985497,57.08450704225352,57.32394366197183,0.0985915492957746,71.0,30.0,41.0,27.9,0.9,2.1,0.426,1.8,0.1,0.2,0.333,0.439
Patrick Williams,CHI,2022-23,0.0,0.0,7.489750000000002,24.857400722021655,57.707317073170735,58.14634146341464,0.1097560975609756,82.0,40.0,42.0,28.3,0.8,1.9,0.411,1.7,0.1,0.2,0.368,0.434
Patrick Williams,CHI,2023-24,0.0,0.0,7.168720379146919,25.262162162162156,54.48837209302326,54.34883720930232,0.0,43.0,19.0,24.0,27.3,1.0,2.1,0.457,2.1,0.2,0.3,0.5,0.495
Patrick Williams,CHI,2024-25,0.0,0.0,6.029918032786887,26.007720588235298,53.77777777777778,54.15873015873016,0.0158730158730158,63.0,31.0,32.0,25.0,0.7,2.1,0.341,1.8,0.3,1.1,0.306,0.422
Patty Mills,SAS,2018-19,0.0,0.0,10.58764478764479,25.264851485148505,48.40243902439025,48.35365853658536,0.3292682926829268,82.0,48.0,34.0,23.3,1.2,3.3,0.355,3.0,0.6,1.9,0.342,0.451
Patty Mills,SAS,2019-20,0.0,0.0,10.256923076923076,25.372704714640196,47.63636363636363,47.56060606060606,0.3787878787878788,66.0,28.0,38.0,22.5,1.3,3.5,0.369,3.3,0.7,2.2,0.345,0.474
Patty Mills,SAS,2020-21,0.0,0.0,9.373076923076924,25.53216783216783,51.25,51.455882352941174,0.25,68.0,31.0,37.0,24.8,1.3,3.7,0.364,3.4,0.8,2.4,0.315,0.468
Patty Mills,BRK,2021-22,0.0,0.0,11.961946902654866,25.208098591549295,59.44444444444444,58.75308641975309,0.382716049382716,81.0,44.0,37.0,29.0,1.2,3.3,0.347,2.9,0.5,1.6,0.333,0.426
Patty Mills,BRK,2022-23,0.0,0.0,12.847999999999995,25.391044776119408,30.025,29.525,0.175,40.0,18.0,22.0,14.2,0.8,1.9,0.416,1.9,0.3,0.7,0.414,0.494
Patty Mills,"ATL,MIA",2023-24,0.0,0.0,9.87037037037037,25.173584905660377,26.46875,26.3125,0.15625,32.0,15.0,17.0,13.0,0.5,1.3,0.415,1.2,0.2,0.5,0.294,0.476
Paul George,OKC,2018-19,0.0,0.0,8.508401400233375,25.652972258916776,78.71428571428571,78.58441558441558,0.3506493506493506,77.0,46.0,31.0,36.9,3.2,8.3,0.385,8.0,1.5,4.2,0.372,0.477
Paul George,LAC,2019-20,0.0,0.0,9.488778054862845,25.816010498687664,61.75,61.625,0.2083333333333333,48.0,34.0,14.0,29.6,2.9,7.3,0.395,7.2,1.4,3.4,0.406,0.49
Paul George,LAC,2020-21,0.0,0.0,8.609683426443203,25.89447115384615,67.5,67.05555555555556,0.2222222222222222,54.0,38.0,16.0,33.7,3.0,7.1,0.418,7.3,1.3,3.3,0.403,0.51
Paul George,LAC,2021-22,0.0,0.0,10.46992084432718,25.645136186770426,71.38709677419355,71.19354838709677,0.1935483870967742,31.0,18.0,13.0,34.8,4.1,11.4,0.363,9.9,1.6,5.1,0.325,0.435
Paul George,LAC,2022-23,0.0,0.0,9.774913494809688,26.0849765258216,69.92857142857143,69.76785714285714,0.2321428571428571,56.0,32.0,24.0,34.6,3.2,8.1,0.393,7.8,1.4,3.8,0.36,0.477
Paul George,LAC,2023-24,0.0,0.0,10.24537037037037,25.853571428571417,67.75675675675676,67.60810810810811,0.1891891891891892,74.0,48.0,26.0,33.8,2.9,7.0,0.408,6.9,1.2,3.3,0.358,0.493
Paul George,PHI,2024-25,0.0,0.0,10.822847682119209,26.03134328358209,66.04878048780488,65.58536585365853,0.1219512195121951,41.0,15.0,26.0,32.5,2.8,7.2,0.386,6.6,1.0,3.1,0.333,0.459
Paul Millsap,DEN,2018-19,0.0,0.0,5.223122529644268,25.0754716981132,54.84285714285714,54.58571428571429,0.1,70.0,49.0,21.0,27.1,0.5,1.6,0.336,1.1,0.1,0.3,0.238,0.359
Paul Millsap,DEN,2019-20,0.0,0.0,5.173248407643312,24.964516129032265,48.52941176470589,48.35294117647059,0.0196078431372549,51.0,30.0,21.0,24.3,0.5,1.4,0.333,0.9,0.0,0.2,0.1,0.341
Paul Millsap,DEN,2020-21,0.0,0.0,5.422868217054264,25.139860139860147,40.964285714285715,41.0,0.0892857142857142,56.0,38.0,18.0,20.8,0.3,0.7,0.375,0.6,0.1,0.1,0.5,0.413
Paul Reed,PHI,2023-24,0.0,0.0,4.625531914893618,25.36140350877193,38.59756097560975,38.69512195121951,0.0853658536585365,82.0,47.0,35.0,19.4,0.1,0.4,0.333,0.3,0.0,0.1,0.5,0.379
Paul Reed,DET,2025-26,0.0,0.0,4.770344827586208,25.12307692307693,26.44736842105263,26.86842105263158,0.1052631578947368,65.0,47.0,18.0,13.9,0.1,0.3,0.389,0.2,0.0,0.0,0.0,0.389
Payton Pritchard,BOS,2020-21,0.0,0.0,7.44235294117647,26.46491935483871,38.803030303030305,38.53030303030303,0.0454545454545454,66.0,33.0,33.0,19.2,0.6,1.9,0.339,1.7,0.4,1.2,0.309,0.44
Payton Pritchard,BOS,2021-22,0.0,0.0,9.72734375,26.302448979591833,28.267605633802816,28.08450704225352,0.028169014084507,71.0,46.0,25.0,14.1,0.7,1.7,0.419,1.9,0.4,1.0,0.392,0.536
Payton Pritchard,BOS,2022-23,0.0,0.0,6.590109890109891,26.709740259740254,27.104166666666668,27.083333333333332,0.0416666666666666,48.0,32.0,16.0,13.4,0.5,1.5,0.338,1.4,0.4,1.1,0.327,0.458
Payton Pritchard,BOS,2023-24,0.0,0.0,8.103162055335968,26.308376963350785,44.0,43.91463414634146,0.0853658536585365,82.0,64.0,18.0,22.3,1.0,2.4,0.406,2.4,0.4,1.4,0.306,0.492
Payton Pritchard,BOS,2024-25,0.0,0.0,6.779583333333333,26.9126198083067,55.9875,55.675,0.05,80.0,59.0,21.0,28.4,1.5,3.8,0.39,3.9,1.0,2.9,0.348,0.523
Pelle Larsson,MIA,2024-25,0.0,0.0,3.109259259259259,24.853684210526325,28.666666666666668,29.314814814814813,0.1296296296296296,55.0,24.0,31.0,14.2,0.0,0.3,0.105,0.1,0.0,0.2,0.154,0.158
Peyton Watson,DEN,2023-24,0.0,0.0,4.9166101694915225,25.75921052631579,36.8125,37.55,0.025,80.0,56.0,24.0,18.6,0.3,0.8,0.429,0.7,0.0,0.2,0.167,0.444
Peyton Watson,DEN,2024-25,0.0,0.0,4.234589041095891,24.611029411764708,49.89705882352941,50.86764705882353,0.0441176470588235,68.0,40.0,28.0,24.3,0.1,0.5,0.242,0.3,0.0,0.1,0.167,0.258
PJ Dozier,DEN,2019-20,0.0,0.0,8.835185185185184,26.895918367346937,28.96551724137931,29.724137931034484,0.1724137931034483,29.0,18.0,11.0,14.2,1.1,2.7,0.403,2.5,0.4,1.0,0.379,0.474
PJ Dozier,DEN,2020-21,0.0,0.0,6.599514563106796,25.36040268456376,43.48,43.94,0.2,50.0,36.0,14.0,21.8,0.6,1.7,0.333,1.3,0.2,0.7,0.303,0.393
Precious Achiuwa,MIA,2020-21,0.0,0.0,3.215859030837004,26.4,24.475409836065573,24.75409836065574,0.081967213114754,61.0,31.0,30.0,12.1,0.1,0.2,0.455,0.2,0.0,0.0,0.0,0.455
Precious Achiuwa,TOR,2021-22,0.0,0.0,5.136241610738256,24.679487179487182,46.45205479452055,46.50684931506849,0.0821917808219178,73.0,46.0,27.0,23.6,0.3,1.0,0.303,0.7,0.0,0.2,0.182,0.316
Precious Achiuwa,TOR,2022-23,0.0,0.0,4.263513513513513,25.026851851851855,41.18181818181818,41.25454545454546,0.109090909090909,55.0,30.0,25.0,20.7,0.1,0.5,0.2,0.3,0.0,0.2,0.182,0.233
Precious Achiuwa,"TOR,NYK",2023-24,0.0,0.0,2.9413654618473912,24.159999999999997,42.86486486486486,43.13513513513514,0.027027027027027,74.0,40.0,34.0,21.9,0.1,0.4,0.194,0.2,0.0,0.1,0.2,0.21
Precious Achiuwa,NYK,2024-25,0.0,0.0,3.970790378006872,23.819444444444446,41.35087719298246,41.94736842105263,0.0350877192982456,57.0,36.0,21.0,20.5,0.2,0.6,0.406,0.5,0.0,0.0,0.0,0.406
Quentin Grimes,NYK,2021-22,0.0,0.0,9.152173913043478,25.228042328042324,36.5,37.166666666666664,0.119047619047619,46.0,21.0,25.0,17.1,0.3,1.2,0.273,0.8,0.2,0.8,0.257,0.355
Quentin Grimes,NYK,2022-23,0.0,0.0,3.1743589743589737,24.871498771498768,59.95774647887324,60.028169014084504,0.1971830985915492,71.0,41.0,30.0,29.9,0.3,1.0,0.26,0.8,0.2,0.8,0.291,0.37
Quentin Grimes,"NYK,DET",2023-24,0.0,0.0,7.321428571428571,25.103571428571428,39.666666666666664,39.84313725490196,0.0588235294117647,51.0,32.0,19.0,20.1,0.3,1.3,0.258,1.0,0.3,1.0,0.288,0.371
Quentin Grimes,"DAL,PHI",2024-25,0.0,0.0,6.352521008403362,25.804090909090903,55.013333333333335,55.026666666666664,0.1733333333333333,75.0,29.0,46.0,26.8,1.4,3.8,0.382,3.7,0.8,2.2,0.368,0.488
Quenton Jackson,IND,2024-25,0.0,0.0,3.729268292682928,25.305,28.714285714285715,29.107142857142858,0.6428571428571429,28.0,14.0,14.0,13.6,0.2,0.8,0.273,0.6,0.2,0.5,0.333,0.386
Quinn Cook,GSW,2018-19,0.0,0.0,10.5418410041841,25.75299999999999,30.13888888888889,30.055555555555557,0.0138888888888888,74.0,49.0,25.0,14.3,1.1,2.7,0.414,2.5,0.3,1.0,0.286,0.47
Quinten Post,GSW,2024-25,0.0,0.0,4.909473684210526,25.661452513966477,33.07142857142857,33.04761904761905,0.0238095238095238,42.0,26.0,16.0,16.3,0.1,0.2,0.571,0.2,0.0,0.1,0.5,0.714
RJ Hampton,"DEN,ORL",2020-21,0.0,0.0,7.446195652173912,25.259420289855072,38.1875,38.583333333333336,0.0208333333333333,51.0,20.0,31.0,17.4,0.5,1.6,0.333,1.1,0.0,0.4,0.091,0.345
RJ Hampton,ORL,2021-22,0.0,0.0,5.459489051094893,26.055737704918037,45.328125,45.3125,0.140625,64.0,15.0,49.0,21.9,0.3,1.3,0.207,0.7,0.2,0.8,0.208,0.268
RJ Hampton,"ORL,DET",2022-23,0.0,0.0,6.1433333333333335,26.0,32.191489361702125,32.319148936170215,0.0212765957446808,47.0,9.0,38.0,15.9,0.4,1.1,0.327,0.9,0.1,0.5,0.28,0.394
Rajon Rondo,LAL,2018-19,0.0,0.0,5.740344827586207,26.15985915492958,63.52173913043478,63.369565217391305,0.2391304347826087,46.0,19.0,27.0,29.8,1.1,3.0,0.357,2.8,0.6,1.5,0.397,0.454
Rajon Rondo,LAL,2019-20,0.0,0.0,6.041871921182266,25.7592,42.354166666666664,42.125,0.2291666666666666,48.0,37.0,11.0,20.5,0.7,2.2,0.337,1.8,0.3,1.1,0.296,0.413
Rajon Rondo,"ATL,LAC",2020-21,0.0,0.0,4.249180327868852,26.272727272727273,34.28888888888889,34.17777777777778,0.0888888888888888,45.0,28.0,17.0,17.1,0.5,1.4,0.393,1.4,0.4,0.9,0.39,0.525
Rajon Rondo,"LAL,CLE",2021-22,0.0,0.0,5.604255319148936,27.025862068965512,37.0,36.79487179487179,0.1794871794871795,39.0,16.0,23.0,17.9,0.3,1.2,0.255,0.8,0.2,0.6,0.24,0.319
Raul Neto,UTA,2018-19,0.0,0.0,5.917821782178218,24.694999999999997,26.945945945945947,26.75675675675676,0.1351351351351351,37.0,26.0,11.0,12.8,0.4,1.1,0.325,0.8,0.1,0.5,0.235,0.375
Raul Neto,PHI,2019-20,0.0,0.0,5.596268656716417,26.186363636363637,25.735849056603772,25.71698113207547,0.3584905660377358,54.0,29.0,25.0,12.4,0.4,1.2,0.303,0.9,0.2,0.6,0.273,0.371
Raul Neto,WAS,2020-21,0.0,0.0,6.551236749116609,26.068292682926828,47.390625,47.375,0.40625,64.0,30.0,34.0,21.9,0.6,1.5,0.418,1.4,0.2,0.5,0.303,0.469
Raul Neto,WAS,2021-22,0.0,0.0,6.673520249221185,26.395833333333336,39.51428571428571,39.6,0.2428571428571428,70.0,29.0,41.0,19.6,0.9,2.0,0.438,1.9,0.2,0.6,0.381,0.496
Rayan Rupert,POR,2023-24,0.0,0.0,6.020481927710842,24.96153846153846,33.05128205128205,33.02564102564103,0.0769230769230769,39.0,7.0,32.0,16.2,0.2,0.7,0.296,0.6,0.2,0.4,0.467,0.426
Reece Beekman,"GSW,BRK",2024-25,0.0,0.0,5.8530303030303035,25.047499999999996,26.771428571428572,26.942857142857143,0.2,36.0,13.0,23.0,13.0,0.1,0.5,0.111,0.1,0.0,0.1,0.0,0.111
Reed Sheppard,HOU,2024-25,0.0,0.0,9.621649484536082,26.220422535211274,26.76923076923077,26.865384615384617,0.0,52.0,30.0,22.0,12.6,0.4,1.6,0.284,1.1,0.2,0.7,0.294,0.346
Reggie Bullock,"DET,LAL",2018-19,0.0,0.0,11.075925925925928,25.194949494949498,61.65079365079365,61.46031746031746,0.0952380952380952,63.0,27.0,36.0,29.8,0.7,1.9,0.388,1.7,0.2,0.8,0.313,0.45
Reggie Bullock,NYK,2019-20,0.0,0.0,10.985840707964602,25.13333333333334,48.06896551724138,47.96551724137931,0.1034482758620689,29.0,9.0,20.0,23.6,0.8,2.2,0.359,1.8,0.2,0.6,0.375,0.406
Reggie Bullock,NYK,2020-21,0.0,0.0,10.291411042944786,25.13015075376884,59.84615384615385,59.49230769230769,0.0769230769230769,65.0,38.0,27.0,30.0,0.7,1.7,0.429,1.6,0.1,0.5,0.25,0.464
Reggie Bullock,DAL,2021-22,0.0,0.0,7.468807339449542,24.65688775510204,54.661764705882355,54.77941176470589,0.0735294117647058,68.0,44.0,24.0,28.0,0.3,0.9,0.356,0.7,0.1,0.4,0.2,0.407
Reggie Bullock,DAL,2022-23,0.0,0.0,6.321917808219178,24.518639798488664,60.256410256410255,60.38461538461539,0.0897435897435897,78.0,37.0,41.0,30.3,0.1,0.5,0.25,0.3,0.0,0.3,0.15,0.288
Reggie Jackson,DET,2018-19,0.0,0.0,8.600347222222224,26.154989384288744,56.21951219512195,56.207317073170735,0.1585365853658536,82.0,41.0,41.0,27.9,1.9,4.6,0.405,4.3,0.5,1.7,0.305,0.462
Reggie Jackson,"DET,LAC",2019-20,0.0,0.0,6.123076923076923,25.728571428571428,48.58064516129032,48.32258064516129,0.1935483870967742,31.0,16.0,15.0,24.0,1.4,3.9,0.358,3.5,0.7,1.9,0.362,0.446
Reggie Jackson,LAC,2020-21,0.0,0.0,7.399339933993401,25.56028368794326,46.701492537313435,46.67164179104478,0.1492537313432835,67.0,43.0,24.0,23.0,1.0,2.7,0.366,2.4,0.4,1.2,0.346,0.44
Reggie Jackson,LAC,2021-22,0.0,0.0,9.297605633802815,25.98359375,62.88,62.906666666666666,0.2266666666666666,75.0,38.0,37.0,31.2,2.6,7.4,0.355,6.3,1.0,3.1,0.333,0.425
Reggie Jackson,"LAC,DEN",2022-23,0.0,0.0,9.673333333333334,25.73235294117647,48.98529411764706,48.98529411764706,0.088235294117647,68.0,36.0,32.0,24.4,1.2,3.3,0.359,2.6,0.3,1.2,0.22,0.399
Reggie Jackson,DEN,2023-24,0.0,0.0,7.703813559322032,25.995774647887327,44.65853658536585,44.426829268292686,0.0975609756097561,82.0,57.0,25.0,22.2,1.1,3.2,0.351,2.7,0.4,1.3,0.314,0.413
Reggie Jackson,PHI,2024-25,0.0,0.0,7.913559322033898,26.628378378378383,24.548387096774192,24.64516129032258,0.032258064516129,31.0,11.0,20.0,12.4,0.4,1.4,0.295,1.0,0.2,0.6,0.316,0.364
Richaun Holmes,PHO,2018-19,0.0,0.0,3.5150684931506864,0.0,35.01428571428571,34.885714285714286,0.0857142857142857,70.0,16.0,54.0,16.9,0.1,0.1,0.5,0.1,0.0,0.0,0.0,0.5
Richaun Holmes,SAC,2019-20,0.0,0.0,4.629651162790697,0.0,56.79545454545455,57.06818181818182,0.0454545454545454,44.0,16.0,28.0,28.2,0.2,0.3,0.467,0.3,0.0,0.0,0.0,0.467
Richaun Holmes,SAC,2020-21,0.0,0.0,6.406560283687946,30.29090909090909,60.0655737704918,60.032786885245905,0.0655737704918032,61.0,29.0,32.0,29.2,0.1,0.2,0.533,0.3,0.0,0.0,0.0,0.533
Richaun Holmes,SAC,2021-22,0.0,0.0,5.187118644067796,25.7,49.31111111111111,49.22222222222222,0.0666666666666666,45.0,16.0,29.0,23.9,0.1,0.2,0.333,0.1,0.0,0.0,0.0,0.333
Richaun Holmes,"DAL,WAS",2023-24,0.0,0.0,3.7200000000000006,24.23333333333333,28.875,28.7,0.05,40.0,13.0,27.0,13.9,0.0,0.1,0.0,0.0,0.0,0.0,0.0,0.0
Richaun Holmes,WAS,2024-25,0.0,0.0,3.14264705882353,24.3,35.354838709677416,35.064516129032256,0.0967741935483871,31.0,9.0,22.0,17.2,0.0,0.1,0.0,0.0,0.0,0.0,0.0,0.0
Ricky Council,PHI,2024-25,0.0,0.0,5.332399999999999,26.836150234741787,34.821917808219176,34.84931506849315,0.0547945205479452,73.0,16.0,57.0,17.1,0.4,1.5,0.239,0.9,0.1,0.8,0.148,0.279
Ricky Rubio,UTA,2018-19,0.0,0.0,9.084453781512604,24.891732283464556,57.911764705882355,58.02941176470589,0.3529411764705882,68.0,40.0,28.0,27.9,1.5,4.3,0.356,3.3,0.3,1.0,0.273,0.388
Ricky Rubio,PHO,2019-20,0.0,0.0,8.845168067226892,24.978703703703705,65.47692307692307,65.36923076923077,0.6307692307692307,65.0,32.0,33.0,31.0,1.5,4.2,0.368,3.2,0.2,0.8,0.208,0.388
Ricky Rubio,MIN,2020-21,0.0,0.0,7.469718309859154,24.582710280373828,55.044117647058826,54.794117647058826,0.2647058823529412,68.0,23.0,45.0,26.1,0.7,2.2,0.329,1.7,0.2,0.7,0.283,0.372
Ricky Rubio,CLE,2021-22,0.0,0.0,7.942616033755273,25.56551724137932,58.47058823529411,58.5,0.3529411764705882,34.0,20.0,14.0,28.5,1.9,5.2,0.36,4.6,0.9,2.4,0.358,0.441
Ricky Rubio,CLE,2022-23,0.0,0.0,8.945833333333335,25.091463414634145,34.24242424242424,33.96969696969697,0.3333333333333333,33.0,23.0,10.0,17.2,1.0,2.4,0.413,2.2,0.2,0.7,0.208,0.444
RJ Barrett,NYK,2019-20,0.0,0.0,5.37811320754717,25.156345177664967,62.57142857142857,62.69642857142857,0.1607142857142857,56.0,17.0,39.0,30.4,0.7,2.4,0.27,1.5,0.2,0.6,0.25,0.303
RJ Barrett,NYK,2020-21,0.0,0.0,6.0194407456724335,24.85533980582524,69.66666666666667,69.65277777777777,0.1805555555555555,72.0,41.0,31.0,34.9,0.9,2.7,0.333,1.9,0.1,0.3,0.3,0.349
RJ Barrett,NYK,2021-22,0.0,0.0,5.31113924050633,25.114108910891087,69.14285714285714,69.11428571428571,0.2,70.0,33.0,37.0,34.5,0.9,3.1,0.284,2.1,0.3,1.3,0.253,0.337
RJ Barrett,NYK,2022-23,0.0,0.0,4.928371501272264,24.87076923076923,68.43835616438356,68.4931506849315,0.0958904109589041,73.0,40.0,33.0,33.9,0.5,2.2,0.248,1.2,0.1,0.7,0.196,0.28
RJ Barrett,"NYK,TOR",2023-24,0.0,0.0,3.498655913978496,25.0175,65.60344827586206,65.77586206896552,0.1034482758620689,58.0,26.0,32.0,31.7,0.3,1.1,0.313,0.7,0.1,0.2,0.231,0.336
RJ Barrett,TOR,2024-25,0.0,0.0,4.2875739644970405,25.531372549019604,67.51724137931035,67.56896551724138,0.1896551724137931,58.0,23.0,35.0,32.2,0.7,1.9,0.37,1.5,0.1,0.6,0.212,0.403
Robert Covington,"PHI,MIN",2018-19,0.0,0.0,6.894845360824742,25.480405405405406,71.05714285714286,71.05714285714286,0.2571428571428571,35.0,20.0,15.0,34.4,0.5,1.7,0.3,1.3,0.3,0.9,0.281,0.375
Robert Covington,"MIN,HOU",2019-20,0.0,0.0,2.993220338983051,25.74464285714285,64.9,64.61428571428571,0.1714285714285714,70.0,27.0,43.0,30.5,0.4,0.9,0.379,1.0,0.2,0.7,0.37,0.508
Robert Covington,POR,2020-21,0.0,0.0,4.920261437908496,25.92443820224719,65.51428571428572,65.18571428571428,0.1142857142857142,70.0,42.0,28.0,32.0,0.3,0.8,0.407,0.9,0.2,0.6,0.41,0.542
Robert Covington,"POR,LAC",2021-22,0.0,0.0,3.8924528301886783,25.82844036697248,55.66197183098591,55.57746478873239,0.0845070422535211,71.0,34.0,37.0,27.3,0.3,0.7,0.404,0.7,0.2,0.4,0.481,0.543
Robert Covington,LAC,2022-23,0.0,0.0,4.180645161290323,25.47205882352942,33.25,33.208333333333336,0.1041666666666666,48.0,20.0,28.0,16.2,0.1,0.4,0.35,0.4,0.1,0.2,0.3,0.425
Robert Covington,"LAC,PHI",2023-24,0.0,0.0,4.082926829268293,25.902083333333337,33.689655172413794,34.172413793103445,0.0689655172413793,29.0,20.0,9.0,16.8,0.1,0.2,0.5,0.3,0.1,0.2,0.6,0.75
Robert Williams,BOS,2019-20,0.0,0.0,3.0136363636363637,0.0,28.5,28.75,0.1071428571428571,29.0,19.0,10.0,13.4,0.1,0.1,0.5,0.1,0.0,0.0,0.0,0.5
Robert Williams,BOS,2020-21,0.0,0.0,3.5332031250000004,70.75,38.23076923076923,38.11538461538461,0.0192307692307692,52.0,29.0,23.0,18.9,0.0,0.1,0.286,0.1,0.0,0.0,0.0,0.286
Robert Williams,BOS,2021-22,0.0,0.0,2.3514986376021807,26.3,59.0655737704918,58.80327868852459,0.0163934426229508,61.0,40.0,21.0,29.6,0.0,0.0,1.0,0.1,0.0,0.0,0.0,1.0
Robert Williams,BOS,2022-23,0.0,0.0,2.864497041420118,23.4,47.714285714285715,47.91428571428571,0.0,35.0,24.0,11.0,23.5,0.0,0.1,0.0,0.0,0.0,0.0,0.0,0.0
Robin Lopez,CHI,2018-19,0.0,0.0,5.126984126984127,25.574193548387104,44.37837837837838,44.25675675675676,0.0405405405405405,74.0,20.0,54.0,21.7,0.1,0.2,0.375,0.2,0.0,0.0,0.0,0.375
Robin Lopez,MIL,2019-20,0.0,0.0,4.769587628865979,24.72857142857143,31.075757575757574,31.46969696969697,0.0606060606060606,66.0,51.0,15.0,14.5,0.0,0.1,0.333,0.1,0.0,0.0,0.0,0.333
Robin Lopez,WAS,2020-21,0.0,0.0,4.550859950859952,23.966666666666665,40.394366197183096,40.04225352112676,0.0704225352112676,71.0,34.0,37.0,19.1,0.1,0.2,0.636,0.2,0.0,0.0,0.0,0.636
Robin Lopez,ORL,2021-22,0.0,0.0,5.504663212435234,28.65,34.72222222222222,34.388888888888886,0.0277777777777777,36.0,9.0,27.0,17.0,0.1,0.3,0.182,0.1,0.0,0.0,0.0,0.182
Rodions Kurucs,BRK,2018-19,0.0,0.0,3.172830188679246,25.822282608695648,44.44444444444444,44.06349206349206,0.0793650793650793,63.0,36.0,27.0,20.5,0.1,0.4,0.292,0.3,0.1,0.2,0.286,0.375
Rodions Kurucs,BRK,2019-20,0.0,0.0,2.8206896551724134,25.44444444444445,31.319148936170212,31.425531914893615,0.1063829787234042,47.0,18.0,29.0,14.5,0.0,0.2,0.222,0.1,0.0,0.1,0.333,0.333
Rodney Hood,"CLE,POR",2018-19,0.0,0.0,10.88345864661654,25.244047619047613,52.43055555555556,52.40277777777778,0.1111111111111111,72.0,29.0,43.0,26.3,1.8,4.3,0.423,4.1,0.4,1.2,0.36,0.474
Rodney Hood,"POR,TOR",2020-21,0.0,0.0,10.16551724137931,25.58620689655173,35.129629629629626,35.03703703703704,0.0185185185185185,55.0,29.0,26.0,17.1,0.9,2.3,0.388,2.1,0.3,0.7,0.421,0.45
Rodney Hood,"MIL,LAC",2021-22,0.0,0.0,12.706666666666669,25.49090909090909,27.846153846153847,27.846153846153847,0.0192307692307692,52.0,30.0,22.0,13.6,0.3,1.0,0.333,0.8,0.1,0.4,0.35,0.402
Rodney McGruder,MIA,2018-19,0.0,0.0,5.880508474576273,24.891111111111112,48.92307692307692,48.90769230769231,0.1384615384615384,66.0,31.0,35.0,23.5,0.4,1.0,0.375,0.9,0.2,0.5,0.286,0.453
Rodney McGruder,LAC,2019-20,0.0,0.0,5.369565217391305,24.570786516853936,33.25,33.67857142857143,0.1607142857142857,56.0,38.0,18.0,15.6,0.1,0.3,0.267,0.1,0.0,0.1,0.0,0.267
Rodney McGruder,DET,2021-22,0.0,0.0,5.546835443037975,24.99931506849315,30.333333333333332,30.62745098039216,0.0784313725490196,51.0,13.0,38.0,14.8,0.2,0.6,0.31,0.5,0.1,0.4,0.278,0.397
Rodney McGruder,DET,2022-23,0.0,0.0,6.04909090909091,24.93711340206185,33.90625,33.5625,0.28125,32.0,4.0,28.0,16.4,0.3,0.8,0.44,0.9,0.3,0.4,0.571,0.6
Romeo Langford,"BOS,SAS",2021-22,0.0,0.0,7.619999999999999,24.1,32.270833333333336,32.520833333333336,0.0208333333333333,48.0,24.0,24.0,16.1,0.3,0.6,0.464,0.6,0.1,0.2,0.444,0.536
Romeo Langford,SAS,2022-23,0.0,0.0,5.545454545454547,24.7360655737705,42.095238095238095,42.404761904761905,0.4047619047619047,43.0,14.0,29.0,19.6,0.5,1.0,0.465,0.9,0.0,0.1,0.0,0.465
Ronald Holland,DET,2024-25,0.0,0.0,4.468679245283019,25.490728476821204,31.765432098765434,32.20987654320987,0.1604938271604938,81.0,44.0,37.0,15.6,0.2,0.6,0.333,0.5,0.1,0.3,0.25,0.396
Rondae Hollis Jefferson,BRK,2018-19,0.0,0.0,4.636986301369863,24.110204081632645,44.101694915254235,44.45762711864407,0.2372881355932203,59.0,27.0,32.0,20.9,0.3,1.0,0.295,0.6,0.0,0.1,0.0,0.295
Rondae Hollis Jefferson,TOR,2019-20,0.0,0.0,3.275816993464052,25.11304347826087,38.5,38.86666666666667,0.2333333333333333,60.0,43.0,17.0,18.7,0.2,0.5,0.393,0.4,0.0,0.0,0.0,0.393
Royce ONeale,UTA,2018-19,0.0,0.0,3.779640718562874,25.495454545454542,42.18292682926829,42.3780487804878,0.1585365853658536,82.0,50.0,32.0,20.4,0.1,0.4,0.207,0.2,0.0,0.2,0.176,0.259
Royce ONeale,UTA,2019-20,0.0,0.0,4.184297520661158,25.690983606557374,58.57746478873239,58.985915492957744,0.2535211267605634,71.0,44.0,27.0,28.9,0.1,0.5,0.27,0.4,0.1,0.4,0.192,0.338
Royce ONeale,UTA,2020-21,0.0,0.0,3.73706896551724,25.356834532374105,64.26760563380282,64.52112676056338,0.3098591549295774,71.0,51.0,20.0,31.6,0.1,0.5,0.303,0.4,0.1,0.4,0.32,0.424
Royce ONeale,UTA,2021-22,0.0,0.0,3.222463768115941,25.748692810457513,62.96103896103896,63.142857142857146,0.2077922077922078,77.0,46.0,31.0,31.2,0.2,0.4,0.412,0.5,0.2,0.4,0.448,0.603
Royce ONeale,BRK,2022-23,0.0,0.0,3.9959770114942534,26.0890214797136,63.64473684210526,63.94736842105263,0.3157894736842105,76.0,42.0,34.0,31.7,0.4,1.1,0.346,1.1,0.3,0.9,0.369,0.494
Royce ONeale,"BRK,PHO",2023-24,0.0,0.0,4.875438596491228,26.12101910828026,50.53164556962025,50.75949367088607,0.1392405063291139,79.0,38.0,41.0,24.7,0.4,1.2,0.359,1.2,0.4,1.1,0.341,0.516
Royce ONeale,PHO,2024-25,0.0,0.0,4.8186046511627945,26.019274376417243,49.8,50.10666666666667,0.04,75.0,33.0,42.0,24.5,0.3,1.0,0.316,0.9,0.2,0.7,0.291,0.421
Rudy Gay,SAS,2018-19,0.0,0.0,9.180604982206404,25.438043478260873,54.15942028985507,54.072463768115945,0.1594202898550724,69.0,42.0,27.0,26.7,1.9,3.7,0.525,4.1,0.2,0.4,0.483,0.553
Rudy Gay,SAS,2019-20,0.0,0.0,9.510106382978725,25.193181818181824,46.208955223880594,45.8955223880597,0.1044776119402985,67.0,30.0,37.0,21.8,1.3,2.8,0.473,2.9,0.2,0.4,0.5,0.513
Rudy Gay,SAS,2020-21,0.0,0.0,10.23,25.749999999999996,44.285714285714285,44.07936507936508,0.0317460317460317,63.0,29.0,34.0,21.6,1.4,3.7,0.385,3.1,0.2,0.7,0.326,0.418
Rudy Gay,UTA,2021-22,0.0,0.0,8.080681818181818,25.444827586206895,37.945454545454545,38.25454545454546,0.0727272727272727,55.0,34.0,21.0,18.9,0.6,1.9,0.343,1.5,0.2,0.7,0.333,0.402
Rudy Gay,UTA,2022-23,0.0,0.0,9.97515923566879,25.1,30.375,30.303571428571427,0.0,56.0,29.0,27.0,14.6,0.7,1.7,0.409,1.5,0.1,0.3,0.316,0.441
Rudy Gobert,UTA,2018-19,0.0,0.0,2.22247191011236,0.0,66.07407407407408,65.8395061728395,0.2098765432098765,81.0,50.0,31.0,31.8,0.0,0.0,0.0,0.0,0.0,0.0,0.0,0.0
Rudy Gobert,UTA,2019-20,0.0,0.0,2.069838420107721,0.0,69.86764705882354,69.80882352941177,0.2058823529411764,68.0,42.0,26.0,34.3,0.0,0.0,0.0,0.0,0.0,0.0,0.0,0.0
Rudy Gobert,UTA,2020-21,0.0,0.0,2.2966956521739124,55.825,63.15492957746479,63.225352112676056,0.1408450704225352,71.0,52.0,19.0,30.8,0.0,0.0,0.0,0.0,0.0,0.0,0.0,0.0
Rudy Gobert,UTA,2021-22,0.0,0.0,2.3619047619047615,42.625,64.34848484848484,64.36363636363636,0.0606060606060606,66.0,42.0,24.0,32.1,0.0,0.1,0.167,0.0,0.0,0.0,0.0,0.167
Rudy Gobert,MIN,2022-23,0.0,0.0,2.2499079189686917,38.5,62.68571428571428,62.74285714285714,0.0428571428571428,70.0,34.0,36.0,30.7,0.0,0.1,0.167,0.0,0.0,0.0,0.0,0.167
Rudy Gobert,MIN,2023-24,0.0,0.0,2.5022913256955808,35.13333333333333,67.38157894736842,67.76315789473684,0.1710526315789473,76.0,53.0,23.0,34.1,0.0,0.0,0.0,0.0,0.0,0.0,0.0,0.0
Rudy Gobert,MIN,2024-25,0.0,0.0,2.3582352941176468,0.0,66.27777777777777,66.18055555555556,0.2638888888888889,72.0,43.0,29.0,33.2,0.0,0.0,0.0,0.0,0.0,0.0,0.0,0.0
Rui Hachimura,WAS,2019-20,0.0,0.0,7.596288209606987,25.98735632183908,63.5625,63.770833333333336,0.125,48.0,15.0,33.0,30.1,1.1,2.6,0.419,2.2,0.0,0.1,0.0,0.419
Rui Hachimura,WAS,2020-21,0.0,0.0,8.832485322896279,25.28613138686132,68.24561403508773,68.19298245614036,0.0701754385964912,57.0,29.0,28.0,31.5,1.1,2.9,0.394,2.3,0.0,0.0,0.0,0.394
Rui Hachimura,WAS,2021-22,0.0,0.0,9.666666666666668,25.164227642276423,44.73809523809524,45.095238095238095,0.0238095238095238,42.0,16.0,26.0,22.5,1.0,2.7,0.36,2.0,0.0,0.1,0.167,0.364
Rui Hachimura,"WAS,LAL",2022-23,0.0,0.0,7.560846560846562,24.86056338028169,48.61904761904762,48.666666666666664,0.0,63.0,38.0,25.0,23.3,1.3,2.7,0.5,2.7,0.0,0.0,0.0,0.5
Rui Hachimura,LAL,2023-24,0.0,0.0,6.280180180180181,24.646551724137932,55.85294117647059,55.85294117647059,0.0441176470588235,68.0,40.0,28.0,26.8,0.6,1.5,0.423,1.3,0.0,0.1,0.5,0.433
Rui Hachimura,LAL,2024-25,0.0,0.0,5.424924012158052,24.793117408906888,64.1864406779661,64.30508474576271,0.0508474576271186,59.0,37.0,22.0,31.7,0.4,1.1,0.359,0.8,0.0,0.1,0.333,0.375
Russell Westbrook,OKC,2018-19,0.0,0.0,7.437570621468926,25.44428223844282,77.65753424657534,77.5068493150685,0.1232876712328767,73.0,44.0,29.0,36.0,2.6,8.4,0.314,6.0,0.8,2.9,0.264,0.36
Russell Westbrook,HOU,2019-20,0.0,0.0,7.010486891385768,25.51784037558686,78.7719298245614,78.28070175438596,0.0526315789473684,57.0,36.0,21.0,36.0,3.0,7.9,0.376,6.4,0.4,1.6,0.242,0.4
Russell Westbrook,WAS,2020-21,0.0,0.0,9.456580310880828,26.32161172161172,79.38461538461539,79.53846153846153,0.0461538461538461,65.0,30.0,35.0,36.4,3.0,8.1,0.37,6.6,0.6,2.0,0.283,0.404
Russell Westbrook,LAL,2021-22,0.0,0.0,6.743285123966941,25.492830188679253,71.5,71.23076923076923,0.0641025641025641,78.0,31.0,47.0,34.3,1.8,5.1,0.352,4.0,0.4,1.4,0.303,0.393
Russell Westbrook,"LAL,LAC",2022-23,0.0,0.0,6.743386243386242,24.71917808219178,62.136986301369866,62.013698630136986,0.0410958904109589,73.0,36.0,37.0,29.1,1.3,3.8,0.351,3.0,0.4,1.3,0.292,0.402
Russell Westbrook,LAC,2023-24,0.0,0.0,4.879960707269155,25.06883116883117,46.52941176470589,46.8235294117647,0.0147058823529411,68.0,45.0,23.0,22.5,0.6,1.7,0.36,1.4,0.2,0.5,0.314,0.408
Russell Westbrook,DEN,2024-25,0.0,0.0,5.351481481481482,25.21649484536082,58.50666666666667,59.013333333333335,0.0933333333333333,75.0,43.0,32.0,27.9,0.6,2.3,0.276,1.5,0.2,0.9,0.258,0.325
Ryan Anderson,"PHO,MIA",2018-19,0.0,0.0,8.233333333333333,32.36666666666667,25.8,25.68,0.04,25.0,7.0,18.0,12.9,0.2,0.7,0.294,0.4,0.0,0.1,0.0,0.294
Ryan Arcidiacono,CHI,2018-19,0.0,0.0,7.519900497512438,25.297235023041473,49.13580246913581,49.333333333333336,0.1111111111111111,81.0,22.0,59.0,24.2,0.7,1.6,0.398,1.5,0.2,0.7,0.241,0.447
Ryan Arcidiacono,CHI,2019-20,0.0,0.0,6.8621951219512205,25.18913043478261,33.293103448275865,33.241379310344826,0.2241379310344827,58.0,21.0,37.0,16.0,0.3,1.0,0.357,0.9,0.2,0.5,0.379,0.455
Ryan Dunn,PHO,2024-25,0.0,0.0,5.593427230046949,24.372348484848487,38.583333333333336,39.34722222222222,0.0416666666666666,74.0,32.0,42.0,19.1,0.2,0.5,0.343,0.4,0.0,0.2,0.214,0.386
Ryan Rollins,MIL,2024-25,0.0,0.0,6.311920529801324,25.14083333333333,30.818181818181817,30.70909090909091,0.109090909090909,56.0,30.0,26.0,14.6,0.4,1.0,0.375,0.8,0.1,0.3,0.278,0.42
Saben Lee,DET,2020-21,0.0,0.0,4.533689839572193,26.10869565217391,32.645833333333336,32.6875,0.125,48.0,14.0,34.0,16.3,0.1,0.6,0.241,0.3,0.0,0.1,0.0,0.241
Saben Lee,DET,2021-22,0.0,0.0,3.774358974358975,25.755000000000003,33.2972972972973,33.432432432432435,0.1621621621621621,37.0,8.0,29.0,16.3,0.2,1.0,0.167,0.4,0.1,0.8,0.143,0.222
Saben Lee,"PHI,PHO",2022-23,0.0,0.0,4.3875,25.03793103448276,31.0,31.72,0.28,25.0,15.0,10.0,14.9,0.2,1.0,0.25,0.6,0.1,0.4,0.273,0.313
Saddiq Bey,DET,2020-21,0.0,0.0,6.075324675324674,25.51978260869565,55.52857142857143,55.457142857142856,0.0571428571428571,70.0,19.0,51.0,27.3,0.6,1.9,0.296,1.5,0.4,1.2,0.298,0.389
Saddiq Bey,DET,2021-22,0.0,0.0,7.292965779467682,26.064426229508193,67.29268292682927,67.08536585365853,0.0365853658536585,82.0,23.0,59.0,33.0,1.2,3.8,0.314,2.9,0.5,1.8,0.253,0.375
Saddiq Bey,"DET,ATL",2022-23,0.0,0.0,4.492380952380953,24.64080000000001,57.72727272727273,57.896103896103895,0.0389610389610389,77.0,24.0,53.0,27.6,0.8,2.4,0.316,2.0,0.4,1.4,0.309,0.406
Saddiq Bey,ATL,2023-24,0.0,0.0,3.7436578171091455,24.77011173184358,68.28571428571429,68.12698412698413,0.0476190476190476,63.0,28.0,35.0,32.7,0.4,1.6,0.283,1.2,0.3,1.1,0.304,0.389
Sam Dekker,"CLE,WAS",2018-19,0.0,0.0,4.395597484276728,25.897959183673475,34.59574468085106,35.08510638297872,0.0212765957446808,47.0,14.0,33.0,16.8,0.2,0.6,0.31,0.4,0.1,0.3,0.231,0.362
Sam Hauser,BOS,2022-23,0.0,0.0,5.159016393442623,25.578805970149254,33.3375,33.0625,0.0375,80.0,55.0,25.0,16.1,0.1,0.4,0.314,0.4,0.1,0.4,0.321,0.443
Sam Hauser,BOS,2023-24,0.0,0.0,6.445161290322582,26.006236559139783,44.24050632911393,44.0126582278481,0.050632911392405,79.0,62.0,17.0,22.0,0.4,0.8,0.475,1.0,0.2,0.5,0.419,0.623
Sam Hauser,BOS,2024-25,0.0,0.0,8.861333333333334,25.593233082706774,42.63380281690141,42.33802816901409,0.028169014084507,71.0,52.0,19.0,21.7,0.7,1.3,0.495,1.8,0.4,1.0,0.431,0.658
Sam Merrill,CLE,2023-24,0.0,0.0,5.8820512820512825,25.597175141242936,34.85245901639344,34.49180327868852,0.0983606557377049,61.0,36.0,25.0,17.5,0.4,1.5,0.27,1.2,0.4,1.3,0.288,0.399
Sam Merrill,CLE,2024-25,0.0,0.0,4.882142857142857,25.4375,40.732394366197184,40.54929577464789,0.1549295774647887,71.0,54.0,17.0,19.7,0.3,0.9,0.318,0.9,0.3,0.9,0.323,0.47
Sandro Mamukelashvili,"MIL,SAS",2022-23,0.0,0.0,3.8952380952380943,25.67313432835821,32.04651162790697,31.55813953488372,0.1162790697674418,43.0,23.0,20.0,15.3,0.1,0.3,0.364,0.2,0.0,0.0,0.5,0.409
Santi Aldama,MEM,2022-23,0.0,0.0,4.050193050193051,24.95676691729323,45.83116883116883,45.57142857142857,0.1168831168831168,77.0,47.0,30.0,21.8,0.1,0.5,0.275,0.4,0.1,0.3,0.308,0.375
Santi Aldama,MEM,2023-24,0.0,0.0,4.8662878787878805,25.335855263157896,53.18032786885246,53.08196721311475,0.0327868852459016,61.0,23.0,38.0,26.5,0.3,1.1,0.294,0.8,0.1,0.6,0.257,0.36
Santi Aldama,MEM,2024-25,0.0,0.0,5.306521739130435,25.67484662576687,55.0,54.83076923076923,0.123076923076923,65.0,38.0,27.0,25.5,0.5,1.1,0.443,1.2,0.2,0.5,0.438,0.543
Sasha Vezenkov,SAC,2023-24,0.0,0.0,4.363380281690141,25.56333333333333,25.095238095238095,25.333333333333332,0.0476190476190476,42.0,22.0,20.0,12.2,0.1,0.4,0.278,0.3,0.1,0.3,0.308,0.389
Scoot Henderson,POR,2023-24,0.0,0.0,7.71965973534972,26.414179104477626,57.82258064516129,58.0,0.2903225806451613,62.0,18.0,44.0,28.5,2.1,5.5,0.379,5.0,0.8,2.3,0.333,0.448
Scoot Henderson,POR,2024-25,0.0,0.0,6.3038659793814436,26.15319865319865,55.03030303030303,54.878787878787875,0.1363636363636363,66.0,30.0,36.0,26.7,1.2,3.3,0.367,3.2,0.7,2.0,0.346,0.471
Scottie Barnes,TOR,2021-22,0.0,0.0,6.918538565629231,25.972020725388603,69.6891891891892,70.06756756756756,0.1621621621621621,74.0,43.0,31.0,35.4,0.9,2.3,0.376,1.9,0.1,0.4,0.313,0.406
Scottie Barnes,TOR,2022-23,0.0,0.0,6.645833333333336,25.64508928571428,69.93506493506493,69.8961038961039,0.2207792207792207,77.0,38.0,39.0,34.8,0.9,2.9,0.319,2.0,0.2,0.7,0.214,0.345
Scottie Barnes,TOR,2023-24,0.0,0.0,6.148761609907121,25.89966216216216,71.76666666666667,71.78333333333333,0.25,60.0,22.0,38.0,34.9,1.0,3.1,0.317,2.1,0.2,1.1,0.175,0.347
Scottie Barnes,TOR,2024-25,0.0,0.0,7.7625798212005135,26.245000000000008,68.12307692307692,68.3076923076923,0.1538461538461538,65.0,26.0,39.0,32.8,2.3,5.8,0.391,4.9,0.4,1.4,0.255,0.423
Scotty Pippen,MEM,2024-25,0.0,0.0,4.994133333333332,25.34727272727273,45.34177215189873,45.848101265822784,0.3544303797468354,79.0,46.0,33.0,21.3,0.3,0.9,0.315,0.6,0.1,0.3,0.192,0.349
Sekou Doumbouya,DET,2019-20,0.0,0.0,4.321739130434782,24.89591836734694,39.526315789473685,40.078947368421055,0.0789473684210526,38.0,10.0,28.0,19.8,0.1,0.5,0.263,0.4,0.1,0.2,0.444,0.368
Sekou Doumbouya,DET,2020-21,0.0,0.0,3.449101796407186,25.23565217391304,31.017857142857142,31.267857142857142,0.0535714285714285,56.0,15.0,41.0,15.5,0.0,0.3,0.067,0.1,0.0,0.1,0.2,0.1
Semi Ojeleye,BOS,2019-20,0.0,0.0,6.45072463768116,24.879527559055123,29.681159420289855,30.014492753623188,0.0869565217391304,69.0,46.0,23.0,14.6,0.1,0.2,0.333,0.2,0.0,0.1,0.286,0.4
Semi Ojeleye,BOS,2020-21,0.0,0.0,6.785714285714286,24.837974683544303,34.07142857142857,34.232142857142854,0.0714285714285714,56.0,28.0,28.0,17.0,0.1,0.4,0.12,0.1,0.0,0.2,0.154,0.16
Semi Ojeleye,"MIL,LAC",2021-22,0.0,0.0,7.44,25.84444444444445,28.41379310344828,28.655172413793103,0.0,30.0,14.0,16.0,13.5,0.3,0.7,0.4,0.6,0.1,0.2,0.429,0.475
Serge Ibaka,TOR,2018-19,0.0,0.0,8.53220338983051,25.536094674556217,55.729729729729726,55.648648648648646,0.0,74.0,53.0,21.0,27.2,0.4,0.9,0.394,0.7,0.0,0.1,0.2,0.402
Serge Ibaka,TOR,2019-20,0.0,0.0,7.499180327868851,25.677472527472524,56.09090909090909,56.29090909090909,0.0,55.0,40.0,15.0,27.0,0.3,0.7,0.389,0.5,0.0,0.0,1.0,0.403
Serge Ibaka,LAC,2020-21,0.0,0.0,6.769999999999998,26.15739130434783,46.58536585365854,46.26829268292683,0.048780487804878,41.0,24.0,17.0,23.3,0.1,0.4,0.25,0.2,0.0,0.1,0.2,0.281
Serge Ibaka,"LAC,MIL",2021-22,0.0,0.0,6.919402985074626,25.967567567567563,33.425925925925924,33.25925925925926,0.0185185185185185,54.0,30.0,24.0,16.3,0.1,0.3,0.313,0.2,0.0,0.1,0.667,0.375
Seth Curry,POR,2018-19,0.0,0.0,11.750000000000002,25.206772908366545,38.554054054054056,38.148648648648646,0.1351351351351351,74.0,49.0,25.0,18.9,1.2,2.9,0.411,2.9,0.5,1.3,0.376,0.493
Seth Curry,DAL,2019-20,0.0,0.0,10.3300395256917,25.57165109034268,50.78125,50.40625,0.109375,64.0,38.0,26.0,24.6,1.4,3.2,0.435,3.3,0.5,1.4,0.348,0.512
Seth Curry,PHI,2020-21,0.0,0.0,12.318014705882351,26.00321428571429,59.35087719298246,58.73684210526316,0.087719298245614,57.0,39.0,18.0,28.7,1.9,4.4,0.439,4.5,0.6,1.7,0.379,0.51
Seth Curry,"PHI,BRK",2021-22,0.0,0.0,12.936781609195402,25.26532258064516,66.359375,65.859375,0.1875,64.0,38.0,26.0,33.3,2.8,6.0,0.474,6.4,0.7,2.1,0.348,0.535
Seth Curry,BRK,2022-23,0.0,0.0,14.035944700460828,25.174999999999994,40.59016393442623,40.26229508196721,0.1967213114754098,61.0,37.0,24.0,19.8,1.7,3.5,0.491,3.9,0.5,1.1,0.412,0.556
Seth Curry,"DAL,CHO",2023-24,0.0,0.0,12.13225806451613,26.692857142857143,30.095238095238095,29.80952380952381,0.119047619047619,44.0,25.0,19.0,14.0,0.5,1.8,0.312,1.2,0.1,0.4,0.263,0.344
Seth Curry,CHO,2024-25,0.0,0.0,11.491925465838513,25.27197802197802,31.91044776119403,31.746268656716417,0.044776119402985,68.0,17.0,51.0,15.6,0.9,2.0,0.466,2.1,0.3,0.6,0.432,0.538
Shabazz Napier,BRK,2018-19,0.0,0.0,7.901941747572815,25.594736842105263,37.10909090909091,37.21818181818182,0.2,56.0,26.0,30.0,17.6,1.3,3.7,0.361,3.5,0.8,2.3,0.336,0.466
Shabazz Napier,"MIN,WAS",2019-20,0.0,0.0,9.109782608695651,26.19753086419753,50.892857142857146,50.92857142857143,0.3035714285714285,56.0,16.0,40.0,24.0,1.3,3.9,0.341,3.4,0.7,2.4,0.304,0.435
Shaedon Sharpe,POR,2022-23,0.0,0.0,6.780547945205481,25.524381625441706,45.7625,45.75,0.0625,80.0,32.0,48.0,22.2,0.9,2.9,0.323,2.3,0.4,1.6,0.25,0.392
Shaedon Sharpe,POR,2023-24,0.0,0.0,6.946456692913385,26.168888888888887,67.28125,67.875,0.28125,32.0,8.0,24.0,33.1,2.0,5.8,0.342,5.0,1.0,3.4,0.296,0.428
Shaedon Sharpe,POR,2024-25,0.0,0.0,7.786550632911393,26.306567796610167,64.0,63.861111111111114,0.0416666666666666,72.0,32.0,40.0,31.3,2.4,6.4,0.378,5.9,1.0,3.3,0.304,0.456
Shai Gilgeous Alexander,LAC,2018-19,0.0,0.0,7.878162911611789,24.896402877697845,55.68292682926829,55.8780487804878,0.0975609756097561,82.0,48.0,34.0,26.5,1.4,3.3,0.423,2.9,0.1,0.3,0.318,0.436
Shai Gilgeous Alexander,OKC,2019-20,0.0,0.0,6.762303664921469,25.593625498007963,70.82857142857142,70.64285714285714,0.1,70.0,43.0,27.0,34.7,2.5,5.7,0.437,5.7,0.7,2.3,0.319,0.501
Shai Gilgeous Alexander,OKC,2020-21,0.0,0.0,5.554683544303797,25.53588235294118,69.48571428571428,68.97142857142858,0.1142857142857142,35.0,16.0,19.0,33.7,2.7,6.5,0.417,7.0,1.5,3.8,0.409,0.535
Shai Gilgeous Alexander,OKC,2021-22,0.0,0.0,6.568609271523178,26.242087542087543,72.33928571428571,72.16071428571429,0.1071428571428571,56.0,16.0,40.0,34.7,2.9,8.2,0.351,7.0,1.2,4.4,0.273,0.424
Shai Gilgeous Alexander,OKC,2022-23,0.0,0.0,7.512283594394064,25.943452380952387,75.58823529411765,75.3970588235294,0.2205882352941176,68.0,33.0,35.0,35.5,4.2,9.0,0.462,8.9,0.6,1.7,0.356,0.497
Shai Gilgeous Alexander,OKC,2023-24,0.0,0.0,8.13144499178982,25.77992565055762,71.6,71.42666666666666,0.1466666666666666,75.0,55.0,20.0,34.0,4.7,10.0,0.476,10.4,0.9,2.6,0.356,0.522
Shai Gilgeous Alexander,OKC,2024-25,0.0,0.0,8.259541359541359,26.031034482758635,71.59210526315789,71.07894736842105,0.1052631578947368,76.0,63.0,13.0,34.2,5.3,11.9,0.446,12.3,1.7,4.7,0.354,0.516
Shake Milton,PHI,2019-20,0.0,0.0,6.267605633802818,25.690370370370378,40.925,41.075,0.1,40.0,23.0,17.0,20.1,0.7,1.8,0.4,1.7,0.3,0.7,0.407,0.479
Shake Milton,PHI,2020-21,0.0,0.0,8.607327586206894,26.09852216748769,47.65079365079365,47.57142857142857,0.1587301587301587,63.0,46.0,17.0,23.2,1.7,4.2,0.417,3.8,0.3,1.1,0.265,0.451
Shake Milton,PHI,2021-22,0.0,0.0,7.194814814814816,26.0563909774436,42.763636363636365,42.78181818181818,0.0181818181818181,55.0,34.0,21.0,21.4,0.9,2.5,0.35,1.9,0.2,0.7,0.289,0.391
Shake Milton,PHI,2022-23,0.0,0.0,6.012394366197183,26.219594594594604,42.38157894736842,42.23684210526316,0.0394736842105263,76.0,52.0,24.0,20.6,0.6,1.7,0.349,1.3,0.1,0.4,0.303,0.388
Shake Milton,"MIN,DET,NYK",2023-24,0.0,0.0,5.8999999999999995,27.75,25.5,25.4375,0.1041666666666666,48.0,32.0,16.0,12.1,0.5,1.4,0.385,1.1,0.1,0.4,0.235,0.415
Shake Milton,"BRK,LAL",2024-25,0.0,0.0,6.911111111111111,25.20588235294118,29.385964912280706,29.45614035087719,0.0526315789473684,57.0,29.0,28.0,14.7,0.6,1.4,0.43,1.4,0.2,0.5,0.321,0.487
Shaquille Harrison,CHI,2018-19,0.0,0.0,3.7382789317507417,25.837078651685385,40.2054794520548,40.24657534246575,0.1780821917808219,73.0,20.0,53.0,19.6,0.1,0.7,0.192,0.3,0.0,0.2,0.188,0.221
Shaun Livingston,GSW,2018-19,0.0,0.0,8.21201923076923,68.6,30.859375,31.203125,0.03125,64.0,45.0,19.0,15.1,0.6,1.4,0.4,1.1,0.0,0.0,0.0,0.4
Shelvin Mack,"MEM,CHO",2018-19,0.0,0.0,9.283333333333331,25.9,43.473684210526315,43.36842105263158,0.0350877192982456,57.0,22.0,35.0,21.9,1.0,2.9,0.333,2.4,0.5,1.2,0.38,0.415
Simone Fontecchio,UTA,2022-23,0.0,0.0,7.85289256198347,25.26439790575916,32.23529411764706,31.96078431372549,0.0392156862745098,52.0,25.0,27.0,14.7,0.5,1.5,0.355,1.2,0.2,0.7,0.27,0.421
Simone Fontecchio,"UTA,DET",2023-24,0.0,0.0,5.468539325842697,24.949504950495047,52.21212121212121,52.27272727272727,0.0909090909090909,66.0,29.0,37.0,24.9,0.3,0.9,0.298,0.7,0.1,0.5,0.29,0.377
Simone Fontecchio,DET,2024-25,0.0,0.0,5.798630136986302,25.42775330396476,34.38666666666666,34.333333333333336,0.12,75.0,38.0,37.0,16.5,0.2,0.8,0.298,0.5,0.1,0.4,0.233,0.36
Skal Labissiere,POR,2019-20,0.0,0.0,6.570149253731343,25.930769230769233,35.78787878787879,36.03030303030303,0.0909090909090909,33.0,14.0,19.0,17.2,0.1,0.3,0.333,0.2,0.0,0.0,0.0,0.333
Solomon Hill,NOP,2018-19,0.0,0.0,5.557142857142857,25.265346534653467,42.34090909090909,42.65909090909091,0.2272727272727272,44.0,14.0,30.0,20.0,0.1,0.4,0.294,0.3,0.0,0.1,0.25,0.324
Solomon Hill,"MEM,MIA",2019-20,0.0,0.0,7.10952380952381,26.041666666666668,39.60344827586207,39.91379310344828,0.1206896551724138,59.0,29.0,30.0,18.4,0.3,0.6,0.486,0.7,0.1,0.2,0.462,0.568
Solomon Hill,ATL,2020-21,0.0,0.0,4.581395348837209,24.868396226415097,42.929577464788736,43.29577464788732,0.056338028169014,71.0,41.0,30.0,21.3,0.1,0.3,0.381,0.3,0.1,0.2,0.417,0.5
Spencer Dinwiddie,BRK,2018-19,0.0,0.0,4.966812227074235,25.99972972972973,58.89705882352941,58.55882352941177,0.4558823529411764,68.0,36.0,32.0,28.1,1.5,4.3,0.337,3.9,1.0,3.2,0.313,0.452
Spencer Dinwiddie,BRK,2019-20,0.0,0.0,5.109017713365539,25.99724999999999,64.953125,64.75,0.1875,64.0,30.0,34.0,31.2,1.7,5.7,0.292,4.4,1.1,3.9,0.277,0.387
Spencer Dinwiddie,"WAS,DAL",2021-22,0.0,0.0,5.770503597122303,25.43942307692307,58.8955223880597,58.940298507462686,0.1791044776119403,67.0,38.0,29.0,29.6,1.5,4.5,0.338,3.9,0.8,2.7,0.315,0.431
Spencer Dinwiddie,"DAL,BRK",2022-23,0.0,0.0,6.956038647342995,26.159731543624165,67.88607594936708,67.9113924050633,0.2278481012658227,79.0,41.0,38.0,34.5,2.0,5.5,0.36,5.2,1.2,3.5,0.335,0.467
Spencer Dinwiddie,"BRK,LAL",2023-24,0.0,0.0,7.198039215686273,25.32999999999999,58.11842105263158,58.078947368421055,0.1447368421052631,76.0,38.0,38.0,28.3,0.7,2.5,0.298,1.9,0.4,1.7,0.26,0.388
Spencer Dinwiddie,DAL,2024-25,0.0,0.0,7.11938202247191,25.53711656441718,55.78481012658228,55.87341772151899,0.2531645569620253,79.0,37.0,42.0,27.0,1.4,3.7,0.386,3.6,0.8,2.3,0.337,0.49
Stanley Johnson,"DET,NOP",2018-19,0.0,0.0,6.143859649122808,26.732352941176472,37.86363636363637,38.196969696969695,0.1515151515151515,66.0,28.0,38.0,18.3,0.4,1.2,0.304,0.8,0.1,0.5,0.222,0.354
Stanley Johnson,TOR,2020-21,0.0,0.0,4.607291666666668,25.81094890510948,33.81967213114754,34.459016393442624,0.081967213114754,61.0,25.0,36.0,16.5,0.2,0.6,0.314,0.5,0.1,0.4,0.333,0.429
Stanley Johnson,LAL,2021-22,0.0,0.0,5.610273972602741,24.954285714285714,46.520833333333336,46.8125,0.1041666666666666,48.0,16.0,32.0,22.8,0.4,0.6,0.613,0.9,0.1,0.2,0.625,0.694
Stanley Johnson,SAS,2022-23,0.0,0.0,5.548780487804877,25.65,32.63333333333333,33.333333333333336,0.0333333333333333,30.0,5.0,25.0,15.6,0.3,0.7,0.455,0.7,0.1,0.2,0.4,0.5
Stephen Curry,GSW,2018-19,0.0,0.0,8.99566037735849,26.773703703703703,72.42028985507247,72.01449275362319,0.1884057971014492,69.0,52.0,17.0,33.8,3.1,7.3,0.424,8.3,2.0,4.9,0.415,0.562
Stephen Curry,GSW,2020-21,0.0,0.0,7.55195035460993,27.57840199750312,74.15873015873017,73.47619047619048,0.0793650793650793,63.0,37.0,26.0,34.2,4.1,9.8,0.423,11.2,2.9,7.2,0.409,0.573
Stephen Curry,GSW,2021-22,0.0,0.0,7.977004219409281,27.28493333333334,71.453125,70.78125,0.09375,64.0,45.0,19.0,34.5,3.5,9.0,0.39,9.5,2.4,6.5,0.374,0.525
Stephen Curry,GSW,2022-23,0.0,0.0,8.005870445344128,27.2093896713615,74.53571428571429,74.125,0.1964285714285714,56.0,30.0,26.0,34.7,4.0,8.8,0.454,10.7,2.7,6.0,0.451,0.609
Stephen Curry,GSW,2023-24,0.0,0.0,8.792442882249556,27.019178082191782,68.60810810810811,67.83783783783784,0.1081081081081081,74.0,43.0,31.0,32.7,3.4,8.9,0.38,9.0,2.3,6.1,0.373,0.507
Stephen Curry,GSW,2024-25,0.0,0.0,7.974261603375526,27.209948979591836,67.18571428571428,66.37142857142857,0.0428571428571428,70.0,41.0,29.0,32.2,3.2,8.1,0.4,8.7,2.2,6.1,0.366,0.536
Stephon Castle,SAS,2024-25,0.0,0.0,5.607328244274808,26.44984984984984,55.17283950617284,55.58024691358025,0.1851851851851851,81.0,33.0,48.0,26.7,1.0,3.2,0.297,2.2,0.3,1.4,0.252,0.351
Sterling Brown,MIL,2018-19,0.0,0.0,3.673333333333334,25.500680272108845,38.92982456140351,38.94736842105263,0.0350877192982456,58.0,45.0,13.0,17.8,0.2,0.8,0.318,0.6,0.1,0.5,0.286,0.409
Sterling Brown,MIL,2019-20,0.0,0.0,6.058333333333335,25.49779411764706,32.78431372549019,32.470588235294116,0.0196078431372549,52.0,39.0,13.0,14.7,0.3,1.4,0.25,0.9,0.2,0.9,0.244,0.326
Sterling Brown,HOU,2020-21,0.0,0.0,4.9375,25.057209302325575,49.96078431372549,50.23529411764706,0.0196078431372549,51.0,14.0,37.0,24.1,0.4,0.9,0.4,1.0,0.3,0.6,0.469,0.567
Sterling Brown,DAL,2021-22,0.0,0.0,5.823809523809523,24.77282608695653,25.93877551020408,25.897959183673468,0.0204081632653061,49.0,31.0,18.0,12.8,0.2,0.5,0.385,0.5,0.1,0.2,0.4,0.462
Steven Adams,OKC,2018-19,0.0,0.0,3.379182156133829,69.5,71.8625,71.575,0.1625,80.0,47.0,33.0,33.4,0.1,0.2,0.467,0.2,0.0,0.0,0.0,0.467
Steven Adams,OKC,2019-20,0.0,0.0,4.147157894736842,40.23333333333333,54.15873015873016,54.15873015873016,0.0317460317460317,63.0,40.0,23.0,26.7,0.1,0.2,0.4,0.2,0.0,0.0,0.0,0.4
Steven Adams,NOP,2020-21,0.0,0.0,3.1222950819672146,78.23333333333333,56.05172413793103,55.98275862068966,0.0517241379310344,58.0,26.0,32.0,27.7,0.0,0.1,0.286,0.1,0.0,0.0,0.0,0.286
Steven Adams,MEM,2021-22,0.0,0.0,2.755613577023498,45.9,53.5,53.31578947368421,0.1447368421052631,76.0,51.0,25.0,26.3,0.0,0.1,0.2,0.0,0.0,0.0,0.0,0.2
Steven Adams,MEM,2022-23,0.0,0.0,2.4793893129770996,22.7,55.976190476190474,55.73809523809524,0.1428571428571428,42.0,28.0,14.0,27.0,0.0,0.0,0.0,0.0,0.0,0.0,0.0,0.0
Steven Adams,HOU,2024-25,0.0,0.0,3.1786585365853663,80.6,28.660714285714285,28.321428571428573,0.0357142857142857,58.0,38.0,20.0,13.7,0.0,0.0,1.0,0.0,0.0,0.0,0.0,1.0
Svi Mykhailiuk,DET,2019-20,0.0,0.0,4.257499999999999,25.852280701754385,46.125,46.07142857142857,0.1607142857142857,56.0,17.0,39.0,22.6,0.4,1.2,0.353,1.2,0.4,1.0,0.345,0.5
Svi Mykhailiuk,"DET,OKC",2020-21,0.0,0.0,5.267142857142857,25.081118881118876,42.4,42.38461538461539,0.1076923076923077,66.0,13.0,53.0,20.1,0.7,2.0,0.369,1.9,0.5,1.3,0.348,0.488
Svi Mykhailiuk,TOR,2021-22,0.0,0.0,6.080999999999998,25.17089552238806,26.089285714285715,25.982142857142858,0.1071428571428571,56.0,29.0,27.0,12.8,0.3,1.1,0.3,0.8,0.2,0.7,0.289,0.392
Svi Mykhailiuk,"NYK,CHO",2022-23,0.0,0.0,6.705555555555556,25.028089887640448,31.451612903225808,31.129032258064516,0.0967741935483871,32.0,16.0,16.0,14.6,0.8,2.0,0.375,2.0,0.5,1.3,0.405,0.508
Svi Mykhailiuk,UTA,2024-25,0.0,0.0,7.089898989898989,25.786206896551725,42.5945945945946,42.5945945945946,0.1081081081081081,38.0,6.0,32.0,20.0,1.1,3.4,0.313,2.9,0.8,2.7,0.291,0.427
TJ McConnell,PHI,2018-19,0.0,0.0,9.394694960212204,24.609523809523814,40.28947368421053,40.36842105263158,0.1184210526315789,76.0,46.0,30.0,19.3,1.3,2.7,0.473,2.6,0.0,0.1,0.0,0.473
TJ McConnell,IND,2019-20,0.0,0.0,7.921573604060917,26.93529411764706,38.80281690140845,39.140845070422536,0.2112676056338028,71.0,44.0,27.0,18.7,1.0,2.5,0.409,2.0,0.0,0.1,0.0,0.409
TJ McConnell,IND,2020-21,0.0,0.0,6.533257918552037,25.879166666666663,55.11594202898551,55.08695652173913,0.2608695652173913,69.0,33.0,36.0,26.0,1.1,2.1,0.552,2.3,0.1,0.2,0.364,0.566
TJ McConnell,IND,2021-22,0.0,0.0,6.941142857142859,26.506060606060608,49.333333333333336,49.666666666666664,0.3703703703703703,27.0,9.0,18.0,24.2,1.1,2.4,0.484,2.4,0.1,0.3,0.375,0.508
TJ McConnell,IND,2022-23,0.0,0.0,6.420995670995671,25.259322033898307,42.666666666666664,42.946666666666665,0.28,75.0,31.0,44.0,20.4,1.1,2.0,0.553,2.3,0.1,0.2,0.625,0.587
TJ McConnell,IND,2023-24,0.0,0.0,7.063934426229507,26.42954545454545,37.985915492957744,38.15492957746479,0.4084507042253521,71.0,40.0,31.0,18.2,1.2,2.4,0.48,2.4,0.1,0.2,0.429,0.497
TJ McConnell,IND,2024-25,0.0,0.0,7.667652173913048,26.106122448979587,37.85897435897436,38.14102564102564,0.3205128205128205,79.0,49.0,30.0,17.9,1.3,2.8,0.466,2.7,0.1,0.2,0.294,0.478
TJ Warren,PHO,2018-19,0.0,0.0,6.657308584686775,25.02111111111111,66.0,65.83720930232558,0.0465116279069767,43.0,10.0,33.0,31.6,1.2,3.5,0.353,2.7,0.2,0.6,0.36,0.383
TJ Warren,IND,2019-20,0.0,0.0,8.173151750972762,25.155752212389384,66.82089552238806,66.88059701492537,0.2537313432835821,67.0,42.0,25.0,32.9,2.3,5.1,0.452,4.8,0.2,0.5,0.364,0.469
TJ Warren,"BRK,PHO",2022-23,0.0,0.0,9.098039215686276,24.389473684210525,34.095238095238095,34.07142857142857,0.0476190476190476,42.0,26.0,16.0,16.4,1.1,2.5,0.462,2.3,0.0,0.2,0.125,0.466
Taj Gibson,MIN,2018-19,0.0,0.0,4.671570576540755,24.750000000000007,49.91428571428571,50.042857142857144,0.0428571428571428,70.0,32.0,38.0,24.1,0.2,0.3,0.522,0.3,0.0,0.0,0.0,0.522
Taj Gibson,NYK,2019-20,0.0,0.0,5.829411764705882,24.114285714285717,33.24193548387097,33.24193548387097,0.0483870967741935,62.0,21.0,41.0,16.5,0.1,0.2,0.4,0.1,0.0,0.0,0.0,0.4
Taj Gibson,NYK,2020-21,0.0,0.0,3.8503496503496497,24.433333333333337,41.08888888888889,41.333333333333336,0.1111111111111111,45.0,29.0,16.0,20.8,0.0,0.1,0.333,0.1,0.0,0.0,0.0,0.333
Taj Gibson,NYK,2021-22,0.0,0.0,5.682812499999999,24.03421052631579,35.28846153846154,35.38461538461539,0.0,52.0,24.0,28.0,18.2,0.0,0.1,0.286,0.1,0.0,0.0,0.0,0.286
Talen Horton Tucker,LAL,2020-21,0.0,0.0,4.701675977653632,25.747328244274808,40.83076923076923,41.246153846153845,0.1076923076923077,65.0,39.0,26.0,20.1,0.6,1.7,0.364,1.5,0.2,0.8,0.296,0.436
Talen Horton Tucker,LAL,2021-22,0.0,0.0,6.098314606741572,25.872527472527473,51.86666666666667,51.8,0.0833333333333333,60.0,23.0,37.0,25.2,0.9,2.7,0.321,2.0,0.3,1.2,0.268,0.381
Talen Horton Tucker,UTA,2022-23,0.0,0.0,5.795365853658537,26.73793103448276,42.6,42.6,0.1076923076923077,65.0,30.0,35.0,20.2,1.0,2.8,0.341,2.3,0.4,1.4,0.28,0.412
Talen Horton Tucker,UTA,2023-24,0.0,0.0,5.8982332155477035,25.9978021978022,40.3921568627451,40.6078431372549,0.0588235294117647,51.0,14.0,37.0,19.8,0.7,2.6,0.261,1.8,0.4,1.4,0.282,0.336
Talen Horton Tucker,CHI,2024-25,0.0,0.0,3.240236686390533,25.65655737704919,26.75862068965517,27.189655172413794,0.0344827586206896,58.0,26.0,32.0,12.5,0.2,0.8,0.273,0.6,0.1,0.5,0.258,0.364
Tari Eason,HOU,2022-23,0.0,0.0,3.4555327868852475,25.456976744186044,44.64634146341464,44.63414634146341,0.0365853658536585,82.0,22.0,60.0,21.6,0.1,0.4,0.212,0.2,0.0,0.1,0.1,0.227
Tari Eason,HOU,2024-25,0.0,0.0,4.593548387096774,25.11358695652173,51.1578947368421,51.31578947368421,0.0175438596491228,57.0,36.0,21.0,24.9,0.4,1.2,0.333,0.8,0.0,0.2,0.182,0.348
Taurean Prince,ATL,2018-19,0.0,0.0,7.803942652329748,25.04761904761904,61.236363636363635,61.14545454545455,0.3454545454545454,55.0,19.0,36.0,28.2,1.4,3.7,0.374,3.4,0.6,1.9,0.321,0.458
Taurean Prince,BRK,2019-20,0.0,0.0,6.446428571428573,25.32877030162412,60.734375,60.640625,0.15625,64.0,30.0,34.0,29.0,1.0,3.0,0.323,2.4,0.5,1.6,0.282,0.399
Taurean Prince,"BRK,CLE",2020-21,0.0,0.0,7.07925925925926,25.307627118644067,45.31707317073171,45.829268292682926,0.1219512195121951,41.0,15.0,26.0,22.1,1.0,2.4,0.412,2.4,0.5,1.1,0.444,0.515
Taurean Prince,MIN,2021-22,0.0,0.0,6.267701863354038,24.8,36.04347826086956,36.130434782608695,0.1884057971014492,69.0,40.0,29.0,17.1,0.4,1.0,0.403,1.0,0.1,0.5,0.313,0.472
Taurean Prince,MIN,2022-23,0.0,0.0,6.0654054054054045,24.802061855670104,46.833333333333336,47.24074074074074,0.2407407407407407,54.0,31.0,23.0,22.1,0.5,1.4,0.378,1.2,0.1,0.6,0.242,0.432
Taurean Prince,LAL,2023-24,0.0,0.0,6.045370370370369,24.97247191011236,56.47435897435897,56.64102564102564,0.1282051282051282,78.0,44.0,34.0,27.0,0.5,1.3,0.388,1.2,0.3,0.7,0.37,0.49
Taurean Prince,MIL,2024-25,0.0,0.0,5.321229050279331,24.82089552238806,55.8,55.675,0.1625,80.0,46.0,34.0,27.1,0.3,1.1,0.256,0.8,0.2,0.8,0.23,0.333
Taylor Hendricks,UTA,2023-24,0.0,0.0,5.112,24.590714285714288,44.25,44.45,0.025,40.0,13.0,27.0,21.4,0.2,0.6,0.304,0.4,0.1,0.2,0.222,0.348
Terance Mann,LAC,2020-21,0.0,0.0,5.400386100386101,24.678021978021977,39.33846153846154,39.753846153846155,0.1076923076923077,67.0,45.0,22.0,18.9,0.4,1.1,0.342,0.9,0.1,0.3,0.429,0.404
Terance Mann,LAC,2021-22,0.0,0.0,6.556224066390045,25.560576923076916,57.592592592592595,57.80246913580247,0.2098765432098765,81.0,41.0,40.0,28.6,1.0,2.8,0.346,2.2,0.3,1.0,0.269,0.393
Terance Mann,LAC,2022-23,0.0,0.0,4.87484662576687,24.917171717171705,46.55555555555556,46.72839506172839,0.2098765432098765,81.0,44.0,37.0,23.1,0.6,1.4,0.407,1.4,0.2,0.7,0.37,0.496
Terance Mann,LAC,2023-24,0.0,0.0,4.850173010380621,24.77156862745098,49.586666666666666,49.89333333333333,0.08,75.0,47.0,28.0,25.0,0.4,1.1,0.413,1.0,0.2,0.5,0.353,0.488
Terance Mann,"LAC,ATL",2024-25,0.0,0.0,6.398449612403101,24.37840909090909,42.83582089552239,43.40298507462686,0.1194029850746268,67.0,37.0,30.0,21.1,0.7,2.0,0.364,1.6,0.2,0.8,0.245,0.413
Terence Davis,TOR,2019-20,0.0,0.0,3.7324742268041233,25.433471074380165,34.875,34.638888888888886,0.0277777777777777,72.0,53.0,19.0,16.8,0.3,1.1,0.284,0.9,0.3,0.8,0.328,0.401
Terence Davis,"TOR,SAC",2020-21,0.0,0.0,4.358415841584159,25.27379310344827,36.36065573770492,36.42622950819672,0.0163934426229508,61.0,26.0,35.0,17.6,0.5,1.7,0.283,1.3,0.4,1.4,0.262,0.387
Terence Davis,SAC,2021-22,0.0,0.0,4.82542372881356,25.408724832214755,37.5,37.5,0.0666666666666666,30.0,11.0,19.0,17.9,0.9,2.4,0.356,2.4,0.7,2.0,0.356,0.5
Terence Davis,SAC,2022-23,0.0,0.0,5.550413223140495,25.427572016460907,27.71875,27.828125,0.046875,64.0,38.0,26.0,13.1,0.5,1.3,0.372,1.4,0.4,1.0,0.391,0.517
Terrance Ferguson,OKC,2018-19,0.0,0.0,5.639007092198581,24.27172413793104,55.48648648648648,55.5,0.2567567567567567,74.0,44.0,30.0,26.1,0.1,0.5,0.167,0.2,0.0,0.2,0.167,0.194
Terrance Ferguson,OKC,2019-20,0.0,0.0,6.6,24.62738095238096,44.910714285714285,45.267857142857146,0.3035714285714285,56.0,33.0,23.0,22.5,0.1,0.2,0.385,0.2,0.0,0.1,0.286,0.462
Terrence Ross,ORL,2018-19,0.0,0.0,13.790238611713669,26.23180212014135,54.19753086419753,53.901234567901234,0.074074074074074,81.0,42.0,39.0,26.5,2.0,4.9,0.401,4.7,0.8,2.1,0.384,0.485
Terrence Ross,ORL,2019-20,0.0,0.0,11.52690058479532,25.95059523809524,56.01449275362319,55.869565217391305,0.0,69.0,31.0,38.0,27.4,1.5,4.1,0.357,3.5,0.6,1.9,0.286,0.424
Terrence Ross,ORL,2020-21,0.0,0.0,12.568465909090907,25.87386363636363,59.78260869565217,59.82608695652174,0.0652173913043478,46.0,16.0,30.0,29.3,2.8,7.1,0.391,6.2,0.7,2.2,0.291,0.437
Terrence Ross,ORL,2021-22,0.0,0.0,10.523103448275863,26.26363636363637,47.523809523809526,47.23809523809524,0.0793650793650793,63.0,14.0,49.0,23.0,1.5,4.0,0.376,3.4,0.4,1.4,0.264,0.424
Terrence Ross,"ORL,PHO",2022-23,0.0,0.0,13.99705882352941,25.136734693877543,43.42857142857143,43.20634920634921,0.1111111111111111,63.0,27.0,36.0,21.1,1.3,2.8,0.449,2.7,0.2,0.8,0.271,0.486
Terry Rozier,BOS,2018-19,0.0,0.0,8.2048632218845,25.487240356083095,46.40506329113924,46.58227848101266,0.1772151898734177,79.0,47.0,32.0,22.7,1.1,3.2,0.329,2.6,0.5,1.6,0.32,0.408
Terry Rozier,CHO,2019-20,0.0,0.0,7.515444015444016,25.44397163120567,68.17460317460318,67.7936507936508,0.3174603174603174,63.0,21.0,42.0,34.4,2.1,5.9,0.358,5.2,1.0,2.9,0.342,0.443
Terry Rozier,CHO,2020-21,0.0,0.0,7.469982238010658,25.50542907180387,70.6376811594203,70.3623188405797,0.1884057971014492,69.0,32.0,37.0,34.5,2.3,5.7,0.414,5.6,0.9,2.8,0.309,0.49
Terry Rozier,CHO,2021-22,0.0,0.0,7.259233449477354,25.157504215851603,69.56164383561644,69.63013698630137,0.2876712328767123,73.0,38.0,35.0,33.7,2.2,5.3,0.41,5.2,0.9,2.5,0.346,0.492
Terry Rozier,CHO,2022-23,0.0,0.0,7.482284040995607,25.294059405940587,73.58730158730158,73.55555555555556,0.5714285714285714,63.0,19.0,44.0,35.3,3.1,8.3,0.373,7.5,1.4,4.3,0.314,0.456
Terry Rozier,"CHO,MIA",2023-24,0.0,0.0,8.610332103321033,25.02303370786517,67.32786885245902,67.27868852459017,0.4918032786885246,61.0,22.0,39.0,33.4,3.0,7.3,0.412,7.4,1.4,3.8,0.376,0.508
Terry Rozier,MIA,2024-25,0.0,0.0,6.823241590214068,25.02727272727273,52.453125,52.328125,0.203125,64.0,27.0,37.0,25.9,1.1,3.5,0.322,2.9,0.6,2.2,0.259,0.403
Terry Taylor,IND,2021-22,0.0,0.0,3.475274725274726,24.750000000000004,44.93939393939394,44.878787878787875,0.0606060606060606,33.0,7.0,26.0,21.6,0.2,0.4,0.385,0.3,0.0,0.1,0.25,0.423
Thabo Sefolosha,UTA,2018-19,0.0,0.0,6.081690140845071,24.051282051282044,25.04,25.08,0.02,50.0,28.0,22.0,12.2,0.2,0.4,0.429,0.4,0.1,0.2,0.5,0.524
Thaddeus Young,IND,2018-19,0.0,0.0,4.124460431654677,25.255479452054796,61.333333333333336,61.617283950617285,0.074074074074074,81.0,47.0,34.0,30.7,0.1,0.5,0.175,0.2,0.0,0.1,0.167,0.188
Thaddeus Young,CHI,2019-20,0.0,0.0,4.3688654353561995,24.80540540540541,51.796875,51.859375,0.203125,64.0,22.0,42.0,24.9,0.2,0.8,0.271,0.5,0.1,0.3,0.238,0.323
Thaddeus Young,CHI,2020-21,0.0,0.0,4.177633711507294,26.215555555555557,49.27941176470589,49.26470588235294,0.088235294117647,68.0,30.0,38.0,24.3,0.1,0.4,0.192,0.1,0.0,0.0,0.0,0.192
Thaddeus Young,"SAS,TOR",2021-22,0.0,0.0,4.11980198019802,24.023255813953487,32.76923076923077,32.78846153846154,0.0192307692307692,52.0,27.0,25.0,16.3,0.1,0.3,0.294,0.2,0.0,0.1,0.167,0.324
Thaddeus Young,TOR,2022-23,0.0,0.0,4.408536585365853,24.76764705882353,30.0377358490566,30.132075471698112,0.0754716981132075,54.0,23.0,31.0,14.7,0.1,0.2,0.333,0.1,0.0,0.0,0.0,0.333
Thaddeus Young,"TOR,PHO",2023-24,0.0,0.0,3.195,23.9,26.78787878787879,26.848484848484848,0.0,33.0,12.0,21.0,13.3,0.1,0.1,0.667,0.1,0.0,0.0,0.0,0.667
Theo Maledon,OKC,2020-21,0.0,0.0,7.32126245847176,25.814696485623,57.8,57.56923076923077,0.0615384615384615,65.0,20.0,45.0,27.3,1.1,3.2,0.352,2.8,0.5,1.7,0.315,0.433
Theo Maledon,OKC,2021-22,0.0,0.0,5.90119760479042,25.72266666666667,36.509803921568626,36.31372549019608,0.1372549019607843,51.0,14.0,37.0,17.8,0.5,1.3,0.354,1.2,0.3,0.7,0.378,0.462
Theo Maledon,CHO,2022-23,0.0,0.0,6.278616352201258,26.785263157894732,40.5,40.45454545454545,0.0909090909090909,44.0,14.0,30.0,19.4,0.6,1.9,0.329,1.5,0.2,0.9,0.2,0.376
Thomas Bryant,WAS,2018-19,0.0,0.0,4.905955334987594,25.63636363636364,43.65277777777778,43.916666666666664,0.0555555555555555,72.0,29.0,43.0,20.8,0.1,0.3,0.348,0.2,0.0,0.1,0.0,0.348
Thomas Bryant,WAS,2019-20,0.0,0.0,6.636697247706424,25.59560439560439,53.28260869565217,53.15217391304348,0.0652173913043478,46.0,15.0,31.0,24.9,0.3,0.8,0.308,0.6,0.0,0.2,0.222,0.333
Thomas Bryant,WAS,2021-22,0.0,0.0,5.837735849056602,25.638095238095236,32.629629629629626,32.333333333333336,0.0,27.0,8.0,19.0,16.3,0.1,0.3,0.429,0.2,0.0,0.0,0.0,0.429
Thomas Bryant,"LAL,DEN",2022-23,0.0,0.0,6.438983050847458,25.833333333333332,38.16949152542373,38.20338983050848,0.0508474576271186,59.0,33.0,26.0,18.3,0.1,0.2,0.3,0.1,0.0,0.0,0.0,0.3
Thomas Bryant,"MIA,IND",2024-25,0.0,0.0,3.802469135802469,24.975572519083965,30.151515151515152,30.10606060606061,0.0454545454545454,66.0,44.0,22.0,14.6,0.1,0.2,0.375,0.2,0.0,0.2,0.2,0.438
Thon Maker,"MIL,DET",2018-19,0.0,0.0,5.38813559322034,24.813333333333336,30.9375,31.21875,0.03125,64.0,44.0,20.0,15.2,0.0,0.2,0.2,0.1,0.0,0.1,0.143,0.233
Thon Maker,DET,2019-20,0.0,0.0,5.293798449612404,25.7015625,25.616666666666667,25.833333333333332,0.0166666666666666,60.0,20.0,40.0,12.9,0.1,0.2,0.364,0.2,0.0,0.1,0.333,0.409
Tidjane Salaun,CHO,2024-25,0.0,0.0,4.919424460431654,26.2229268292683,41.4,41.516666666666666,0.05,60.0,12.0,48.0,20.7,0.3,1.2,0.27,1.0,0.3,1.0,0.298,0.385
Tim Frazier,"NOP,MIL",2018-19,0.0,0.0,8.15952380952381,25.5125,40.30508474576271,40.33898305084746,0.1694915254237288,59.0,27.0,32.0,19.0,0.5,1.5,0.344,1.2,0.2,0.6,0.25,0.394
Tim Frazier,DET,2019-20,0.0,0.0,10.381249999999998,25.57333333333333,26.48148148148148,26.814814814814813,0.2962962962962963,27.0,9.0,18.0,13.1,0.4,1.6,0.273,1.0,0.1,0.6,0.267,0.318
Tim Hardaway,"NYK,DAL",2018-19,0.0,0.0,8.80393700787402,25.512857142857143,65.35384615384615,65.46153846153847,0.2,65.0,14.0,51.0,31.6,2.4,6.1,0.391,5.8,1.0,2.8,0.372,0.476
Tim Hardaway,DAL,2019-20,0.0,0.0,9.009973045822104,25.53196881091618,61.32394366197183,60.95774647887324,0.2535211267605634,71.0,41.0,30.0,29.5,1.7,4.2,0.412,4.2,0.7,2.1,0.356,0.5
Tim Hardaway,DAL,2020-21,0.0,0.0,8.24005235602094,25.901323251417764,57.2,56.91428571428571,0.2,70.0,42.0,28.0,28.4,1.6,4.4,0.375,4.0,0.8,2.2,0.344,0.461
Tim Hardaway,DAL,2021-22,0.0,0.0,10.96769911504425,26.081578947368417,58.45238095238095,58.38095238095238,0.2142857142857142,42.0,24.0,18.0,29.6,1.9,5.1,0.364,4.4,0.7,2.2,0.319,0.432
Tim Hardaway,DAL,2022-23,0.0,0.0,8.711111111111107,25.702909090909095,60.45070422535211,60.54929577464789,0.2535211267605634,71.0,37.0,34.0,30.3,1.3,3.5,0.367,3.2,0.6,1.7,0.358,0.457
Tim Hardaway,DAL,2023-24,0.0,0.0,10.317678100263851,25.607202680067008,55.87341772151899,55.607594936708864,0.189873417721519,79.0,49.0,30.0,26.8,1.7,4.4,0.383,4.2,0.8,2.2,0.345,0.47
Tim Hardaway,DET,2024-25,0.0,0.0,9.067264573991029,25.58336980306345,57.58441558441559,57.24675324675325,0.2987012987012987,77.0,41.0,36.0,28.0,0.8,2.4,0.346,2.0,0.4,1.0,0.338,0.42
Timothe Luwawu Cabarrot,"OKC,CHI",2018-19,0.0,0.0,5.785185185185185,25.026595744680847,28.14,28.18,0.0,50.0,25.0,25.0,13.4,0.1,0.6,0.241,0.3,0.0,0.1,0.0,0.241
Timothe Luwawu Cabarrot,BRK,2019-20,0.0,0.0,4.0100917431192675,24.89875,38.4468085106383,38.87234042553192,0.0851063829787234,47.0,20.0,27.0,18.1,0.2,0.5,0.348,0.4,0.1,0.2,0.3,0.413
Timothe Luwawu Cabarrot,BRK,2020-21,0.0,0.0,4.805982905982907,24.729707112970715,37.758620689655174,38.0,0.0344827586206896,58.0,38.0,20.0,18.1,0.2,0.6,0.243,0.4,0.1,0.3,0.167,0.284
Timothe Luwawu Cabarrot,ATL,2021-22,0.0,0.0,4.0890625,24.52459016393443,29.20408163265306,29.183673469387756,0.1428571428571428,52.0,30.0,22.0,13.2,0.2,0.3,0.5,0.4,0.1,0.2,0.625,0.656
Tobias Harris,"LAC,PHI",2018-19,0.0,0.0,7.2018939393939405,25.41111111111111,72.54878048780488,72.53658536585365,0.048780487804878,82.0,46.0,36.0,34.7,2.2,5.0,0.444,5.0,0.5,1.3,0.413,0.496
Tobias Harris,PHI,2019-20,0.0,0.0,7.853431372549021,25.52801120448179,69.77777777777777,69.70833333333333,0.0416666666666666,72.0,43.0,29.0,34.3,1.9,4.9,0.385,4.2,0.4,1.2,0.318,0.424
Tobias Harris,PHI,2020-21,0.0,0.0,7.647206703910614,25.58509615384616,67.04838709677419,66.79032258064517,0.0161290322580645,62.0,44.0,18.0,32.5,2.2,5.0,0.443,4.7,0.3,1.0,0.305,0.472
Tobias Harris,PHI,2021-22,0.0,0.0,6.677242302543508,25.35527272727273,69.0,68.87671232876713,0.0273972602739726,73.0,45.0,28.0,34.8,1.5,3.6,0.416,3.2,0.2,0.6,0.439,0.45
Tobias Harris,PHI,2022-23,0.0,0.0,5.849712092130517,25.073148148148142,65.21621621621621,64.91891891891892,0.0135135135135135,74.0,47.0,27.0,32.9,0.9,2.1,0.442,2.0,0.2,0.5,0.4,0.487
Tobias Harris,PHI,2023-24,0.0,0.0,6.816161616161614,25.402713178294576,68.52857142857142,68.28571428571429,0.0857142857142857,70.0,41.0,29.0,33.8,1.5,3.6,0.43,3.2,0.2,0.7,0.265,0.456
Tobias Harris,DET,2024-25,0.0,0.0,7.470425138632161,24.673358585858587,65.27397260273973,65.17808219178082,0.0547945205479452,73.0,40.0,33.0,31.6,1.3,3.2,0.394,2.6,0.1,0.4,0.138,0.403
Tomas Satoransky,WAS,2018-19,0.0,0.0,6.426358695652175,25.322222222222223,56.425,56.4,0.1375,80.0,32.0,48.0,27.0,0.5,1.4,0.348,1.0,0.0,0.2,0.231,0.362
Tomas Satoransky,CHI,2019-20,0.0,0.0,5.735227272727271,24.96432160804021,59.707692307692305,59.58461538461538,0.2153846153846154,65.0,22.0,43.0,28.9,0.8,1.9,0.421,1.8,0.1,0.5,0.267,0.452
Tomas Satoransky,CHI,2020-21,0.0,0.0,6.552132701421801,25.288983050847467,45.56896551724138,45.51724137931034,0.2068965517241379,58.0,25.0,33.0,22.5,0.6,1.2,0.486,1.3,0.1,0.2,0.214,0.507
Tomas Satoransky,"NOP,SAS,WAS",2021-22,0.0,0.0,8.043548387096774,28.04090909090909,32.763636363636365,33.18181818181818,0.1636363636363636,55.0,21.0,34.0,16.5,0.3,1.0,0.298,0.7,0.0,0.2,0.222,0.316
Tony Bradley,"PHI,OKC",2020-21,0.0,0.0,4.364166666666667,25.15,33.714285714285715,33.857142857142854,0.0,42.0,15.0,27.0,16.3,0.0,0.0,0.0,0.0,0.0,0.0,0.0,0.0
Tony Parker,CHO,2018-19,0.0,0.0,9.428155339805826,26.525490196078422,36.982142857142854,36.42857142857143,0.0357142857142857,56.0,30.0,26.0,17.9,1.4,3.3,0.434,2.8,0.0,0.1,0.0,0.434
Tony Snell,MIL,2018-19,0.0,0.0,5.446496815286625,25.456372549019605,37.229729729729726,37.5,0.0405405405405405,74.0,55.0,19.0,17.6,0.2,0.6,0.302,0.4,0.1,0.2,0.357,0.36
Tony Snell,DET,2019-20,0.0,0.0,7.9859375,25.09055118110236,55.84745762711864,55.610169491525426,0.1016949152542373,59.0,18.0,41.0,27.8,0.5,1.1,0.485,1.3,0.2,0.4,0.565,0.583
Tony Snell,ATL,2020-21,0.0,0.0,8.196774193548388,24.543119266055054,42.4468085106383,42.48936170212766,0.0212765957446808,47.0,29.0,18.0,21.1,0.1,0.4,0.35,0.3,0.0,0.1,0.0,0.35
Tony Snell,"POR,NOP",2021-22,0.0,0.0,4.423809523809524,24.58679245283019,31.358490566037737,31.22641509433962,0.0,53.0,19.0,34.0,15.5,0.1,0.3,0.389,0.3,0.0,0.1,0.286,0.444
Torrey Craig,DEN,2018-19,0.0,0.0,3.78735632183908,24.418617021276585,40.74324324324324,41.054054054054056,0.0945945945945946,75.0,50.0,25.0,20.0,0.1,0.3,0.346,0.3,0.1,0.1,0.5,0.423
Torrey Craig,DEN,2019-20,0.0,0.0,4.145801526717557,25.22971014492753,36.310344827586206,37.241379310344826,0.0862068965517241,58.0,38.0,20.0,18.5,0.1,0.3,0.316,0.3,0.1,0.1,0.429,0.395
Torrey Craig,"MIL,PHO",2020-21,0.0,0.0,4.9,25.16309523809523,31.82,32.48,0.08,50.0,33.0,17.0,16.1,0.3,0.6,0.452,0.7,0.1,0.2,0.545,0.548
Torrey Craig,"IND,PHO",2021-22,0.0,0.0,4.8374999999999995,25.426041666666663,41.37179487179487,41.92307692307692,0.1538461538461538,78.0,36.0,42.0,20.5,0.3,0.8,0.308,0.6,0.1,0.3,0.3,0.354
Torrey Craig,PHO,2022-23,0.0,0.0,4.966396761133604,24.735968379446636,49.848101265822784,50.30379746835443,0.1392405063291139,79.0,44.0,35.0,24.7,0.2,0.6,0.255,0.3,0.0,0.1,0.2,0.277
Torrey Craig,CHI,2023-24,0.0,0.0,4.592857142857142,24.67777777777777,39.0377358490566,39.66037735849056,0.0754716981132075,53.0,22.0,31.0,19.8,0.2,0.4,0.476,0.5,0.1,0.2,0.6,0.619
Torrey Craig,"CHI,BOS",2024-25,0.0,0.0,3.1928571428571426,24.432258064516127,23.692307692307693,24.26923076923077,0.1153846153846153,26.0,16.0,10.0,12.1,0.2,0.3,0.444,0.4,0.1,0.2,0.5,0.611
Tosan Evbuomwan,BRK,2024-25,0.0,0.0,5.883916083916085,24.579220779220776,46.92857142857143,47.32142857142857,0.0714285714285714,28.0,8.0,20.0,23.7,0.6,1.5,0.415,1.3,0.1,0.2,0.5,0.451
Toumani Camara,POR,2023-24,0.0,0.0,3.2819548872180455,24.514534883720923,50.3,50.41428571428571,0.3285714285714285,70.0,19.0,51.0,24.8,0.1,0.3,0.25,0.2,0.1,0.2,0.333,0.35
Toumani Camara,POR,2024-25,0.0,0.0,2.9831460674157304,24.834305555555556,66.56410256410257,66.6025641025641,0.782051282051282,78.0,33.0,45.0,32.7,0.1,0.5,0.306,0.4,0.1,0.4,0.355,0.458
Trae Young,ATL,2018-19,0.0,0.0,7.0914728682170525,27.317012448132783,66.66666666666667,66.37037037037037,0.2839506172839506,81.0,29.0,52.0,30.9,2.6,7.3,0.353,6.5,1.3,4.2,0.311,0.443
Trae Young,ATL,2019-20,0.0,0.0,7.570925110132159,27.8600352112676,76.3,76.26666666666667,0.2666666666666666,60.0,18.0,42.0,35.3,4.4,11.4,0.384,11.3,2.6,7.7,0.335,0.498
Trae Young,ATL,2020-21,0.0,0.0,8.43034965034965,27.693954659949632,69.65079365079364,69.19047619047619,0.1746031746031746,63.0,36.0,27.0,33.7,3.7,9.6,0.391,9.1,1.7,4.9,0.335,0.477
Trae Young,ATL,2021-22,0.0,0.0,8.99593147751606,27.944590163934432,71.82894736842105,71.5,0.2894736842105263,76.0,40.0,36.0,34.9,5.1,12.0,0.424,12.7,2.6,6.9,0.37,0.53
Trae Young,ATL,2022-23,0.0,0.0,8.908387096774195,27.37608695652174,74.56164383561644,73.78082191780823,0.5068493150684932,73.0,38.0,35.0,34.8,3.9,10.1,0.387,9.5,1.6,5.0,0.327,0.468
Trae Young,ATL,2023-24,0.0,0.0,8.8291280148423,27.696375266524527,76.57407407407408,77.01851851851852,0.4259259259259259,54.0,22.0,32.0,36.0,4.2,10.4,0.404,10.9,2.4,6.5,0.373,0.52
Trae Young,ATL,2024-25,0.0,0.0,8.154768392370572,27.677102803738325,77.60526315789474,77.42105263157895,0.2763157894736842,76.0,36.0,40.0,36.0,4.0,10.6,0.379,10.4,2.4,7.0,0.342,0.492
Trayce Jackson Davis,GSW,2023-24,0.0,0.0,2.411480362537764,38.3,35.015151515151516,35.06060606060606,0.0151515151515151,68.0,39.0,29.0,16.6,0.0,0.0,0.0,0.0,0.0,0.0,0.0,0.0
Trayce Jackson Davis,GSW,2024-25,0.0,0.0,3.1590604026845637,24.566666666666663,32.016129032258064,32.08064516129032,0.0,62.0,33.0,29.0,15.6,0.0,0.0,0.0,0.0,0.0,0.0,0.0,0.0
Tre Jones,SAS,2021-22,0.0,0.0,6.584374999999999,27.203921568627447,34.36231884057971,34.53623188405797,0.3768115942028985,69.0,32.0,37.0,16.6,0.7,1.5,0.448,1.4,0.0,0.2,0.133,0.457
Tre Jones,SAS,2022-23,0.0,0.0,6.858803418803417,25.05253164556962,61.23529411764706,61.05882352941177,0.5882352941176471,68.0,20.0,48.0,29.2,1.5,3.9,0.391,3.1,0.1,0.5,0.188,0.402
Tre Jones,SAS,2023-24,0.0,0.0,5.1266503667481675,25.261780104712052,58.03896103896104,58.077922077922075,0.3506493506493506,77.0,21.0,56.0,27.8,0.6,1.7,0.323,1.2,0.1,0.5,0.238,0.361
Tre Jones,"SAS,CHI",2024-25,0.0,0.0,5.202439024390243,24.26363636363636,41.26086956521739,41.23913043478261,0.1956521739130435,46.0,21.0,25.0,19.7,0.1,0.5,0.24,0.3,0.0,0.1,0.2,0.26
Tre Mann,OKC,2021-22,0.0,0.0,8.26518987341772,26.447794117647057,46.666666666666664,46.516666666666666,0.0333333333333333,60.0,17.0,43.0,22.8,1.7,4.5,0.381,4.3,0.9,2.5,0.342,0.478
Tre Mann,OKC,2022-23,0.0,0.0,7.646721311475409,26.263424124513616,37.26865671641791,36.56716417910448,0.044776119402985,67.0,31.0,36.0,17.7,1.3,3.5,0.359,3.2,0.7,2.3,0.305,0.457
Tre Mann,"OKC,CHO",2023-24,0.0,0.0,6.347337278106508,26.210280373831772,47.53658536585366,47.46341463414634,0.1951219512195122,41.0,21.0,20.0,24.1,1.0,2.8,0.353,2.5,0.5,1.5,0.339,0.444
Tre Mann,CHO,2025-26,0.0,0.0,7.868067226890757,26.34769230769231,32.11764705882353,32.411764705882355,0.0588235294117647,53.0,30.0,23.0,12.6,0.8,2.7,0.313,2.1,0.4,1.4,0.289,0.389
Trendon Watford,POR,2021-22,0.0,0.0,5.124454148471616,25.03684210526316,37.666666666666664,37.9375,0.0625,48.0,16.0,32.0,18.1,0.2,0.6,0.276,0.3,0.0,0.0,0.0,0.276
Trendon Watford,POR,2022-23,0.0,0.0,4.764864864864865,25.698437500000004,38.95161290322581,39.08064516129032,0.1129032258064516,62.0,26.0,36.0,19.1,0.2,0.5,0.5,0.5,0.0,0.0,0.0,0.5
Trendon Watford,BRK,2023-24,0.0,0.0,5.109876543209876,25.02941176470588,27.741935483870968,27.838709677419356,0.0483870967741935,63.0,25.0,38.0,13.6,0.2,0.4,0.407,0.4,0.0,0.1,0.4,0.444
Trendon Watford,BRK,2024-25,0.0,0.0,4.91145038167939,25.74204545454545,42.13953488372093,41.83720930232558,0.0465116279069767,44.0,16.0,28.0,20.7,0.3,0.8,0.297,0.6,0.1,0.4,0.235,0.351
Trent Forrest,UTA,2021-22,0.0,0.0,5.04921875,26.581481481481475,25.133333333333333,25.266666666666666,0.0,60.0,36.0,24.0,12.8,0.1,0.3,0.389,0.3,0.0,0.1,0.2,0.417
Trevelin Queen,ORL,2024-25,0.0,0.0,4.472857142857143,26.93896103896104,28.933333333333337,29.166666666666668,0.0333333333333333,31.0,15.0,16.0,13.9,0.3,1.3,0.256,0.9,0.3,1.0,0.258,0.359
Treveon Graham,BRK,2018-19,0.0,0.0,7.144444444444446,25.214062499999997,43.42857142857143,43.74285714285714,0.2285714285714285,35.0,19.0,16.0,20.4,0.2,0.7,0.292,0.4,0.0,0.1,0.0,0.292
Treveon Graham,"MIN,ATL",2019-20,0.0,0.0,5.696666666666667,25.259459459459457,35.345454545454544,35.74545454545454,0.2181818181818181,55.0,21.0,34.0,16.9,0.1,0.3,0.333,0.3,0.1,0.2,0.444,0.444
Trevor Ariza,"PHO,WAS",2018-19,0.0,0.0,4.658878504672897,25.074576271186444,70.97101449275362,70.85507246376811,0.2028985507246377,69.0,22.0,47.0,34.0,0.6,1.9,0.318,1.6,0.4,1.3,0.3,0.422
Trevor Ariza,"SAC,POR",2019-20,0.0,0.0,3.108108108108108,24.46705882352941,58.0377358490566,57.83018867924528,0.2641509433962264,53.0,22.0,31.0,28.2,0.2,0.7,0.278,0.5,0.2,0.5,0.296,0.389
Trevor Ariza,MIA,2020-21,0.0,0.0,3.2459183673469383,24.974125874125868,56.333333333333336,56.53333333333333,0.1666666666666666,30.0,17.0,13.0,28.0,0.2,1.0,0.241,0.6,0.2,0.7,0.25,0.328
Trey Burke,"NYK,DAL",2018-19,0.0,0.0,7.57008547008547,25.410958904109588,39.689655172413794,39.77586206896552,0.0517241379310344,58.0,16.0,42.0,19.4,1.7,4.2,0.404,3.9,0.4,1.2,0.366,0.457
Trey Burke,"PHI,DAL",2019-20,0.0,0.0,7.786666666666666,26.1,31.666666666666668,31.545454545454547,0.0606060606060606,33.0,16.0,17.0,15.8,1.0,2.3,0.442,2.4,0.3,0.5,0.556,0.506
Trey Burke,DAL,2020-21,0.0,0.0,9.822751322751325,25.41341463414634,29.838709677419356,29.677419354838708,0.1290322580645161,62.0,35.0,27.0,14.7,0.9,2.0,0.452,2.0,0.2,0.5,0.379,0.496
Trey Jemison,"WAS,MEM",2023-24,0.0,0.0,4.112500000000001,0.0,45.76,45.96,0.08,25.0,5.0,20.0,23.0,0.2,0.6,0.4,0.5,0.0,0.0,0.0,0.4
Trey Lyles,DEN,2018-19,0.0,0.0,5.99864406779661,25.36999999999999,36.22222222222222,36.20634920634921,0.0476190476190476,64.0,42.0,22.0,17.5,0.4,1.2,0.295,0.8,0.0,0.3,0.176,0.314
Trey Lyles,SAS,2019-20,0.0,0.0,6.27314285714286,24.971428571428575,41.53968253968254,41.57142857142857,0.0317460317460317,63.0,27.0,36.0,20.2,0.3,0.7,0.447,0.7,0.1,0.2,0.4,0.489
Trey Lyles,"DET,SAC",2021-22,0.0,0.0,4.61304347826087,24.86190476190476,41.82666666666667,41.81333333333333,0.0266666666666666,75.0,19.0,56.0,20.5,0.2,0.9,0.281,0.5,0.0,0.2,0.125,0.297
Trey Lyles,SAC,2022-23,0.0,0.0,2.9077380952380953,24.82625,35.17567567567568,34.9054054054054,0.0135135135135135,74.0,43.0,31.0,16.9,0.1,0.4,0.269,0.3,0.1,0.3,0.238,0.365
Trey Lyles,SAC,2023-24,0.0,0.0,4.284313725490197,25.531506849315075,40.793103448275865,40.58620689655172,0.0172413793103448,58.0,33.0,25.0,20.0,0.1,0.4,0.217,0.2,0.0,0.2,0.154,0.261
Trey Lyles,SAC,2024-25,0.0,0.0,4.189705882352941,25.3235294117647,39.55072463768116,39.69565217391305,0.0289855072463768,69.0,34.0,35.0,19.6,0.1,0.3,0.19,0.1,0.0,0.2,0.071,0.214
Trey Murphy,NOP,2021-22,0.0,0.0,4.600000000000001,25.342473118279575,28.483870967741936,28.338709677419356,0.1290322580645161,62.0,31.0,31.0,13.9,0.1,0.4,0.182,0.2,0.0,0.2,0.273,0.25
Trey Murphy,NOP,2022-23,0.0,0.0,4.675247524752473,26.11106639839034,63.734177215189874,63.69620253164557,0.2025316455696202,79.0,39.0,40.0,31.0,0.4,1.0,0.35,0.9,0.2,0.6,0.396,0.469
Trey Murphy,NOP,2023-24,0.0,0.0,5.106818181818182,26.283146067415725,60.19298245614035,60.05263157894737,0.1228070175438596,57.0,35.0,22.0,29.7,0.8,2.1,0.388,2.3,0.6,1.6,0.387,0.537
Trey Murphy,NOP,2024-25,0.0,0.0,5.553366583541147,26.766210045662103,73.11320754716981,72.73584905660377,0.1886792452830188,53.0,14.0,39.0,35.0,1.3,4.2,0.305,3.3,0.8,2.8,0.287,0.402
Tristan da Silva,ORL,2024-25,0.0,0.0,5.431557377049181,24.968619246861923,43.445945945945944,43.472972972972975,0.0405405405405405,74.0,35.0,39.0,22.0,0.3,0.9,0.328,0.7,0.2,0.5,0.324,0.422
Tristan Thompson,CLE,2018-19,0.0,0.0,4.808157894736842,0.0,55.0,55.13953488372093,0.0232558139534883,43.0,8.0,35.0,27.9,0.2,0.5,0.45,0.4,0.0,0.0,0.0,0.45
Tristan Thompson,CLE,2019-20,0.0,0.0,4.185714285714285,26.456521739130434,61.08771929824562,61.59649122807018,0.0701754385964912,57.0,19.0,38.0,30.2,0.1,0.4,0.25,0.3,0.1,0.2,0.444,0.333
Tristan Thompson,BOS,2020-21,0.0,0.0,4.040557275541795,49.93333333333334,48.2962962962963,48.57407407407408,0.037037037037037,54.0,27.0,27.0,23.8,0.1,0.2,0.3,0.1,0.0,0.0,0.0,0.3
Tristan Thompson,"SAC,IND,CHI",2021-22,0.0,0.0,3.673333333333333,56.099999999999994,31.649122807017545,31.771929824561404,0.0175438596491228,57.0,20.0,37.0,15.7,0.1,0.1,0.375,0.1,0.0,0.0,0.0,0.375
Tristan Vukcevic,WAS,2024-25,0.0,0.0,6.692142857142857,26.585294117647067,30.714285714285715,30.6,0.0285714285714285,35.0,7.0,28.0,14.6,0.4,1.0,0.371,0.8,0.1,0.3,0.167,0.4
Troy Brown,WAS,2018-19,0.0,0.0,7.537575757575758,25.85072463768116,30.03921568627451,30.058823529411764,0.0588235294117647,52.0,20.0,32.0,14.0,0.3,1.1,0.321,0.8,0.1,0.2,0.273,0.348
Troy Brown,WAS,2019-20,0.0,0.0,7.934311512415349,26.706703910614525,55.04347826086956,55.028985507246375,0.1739130434782608,69.0,24.0,45.0,25.8,0.8,2.7,0.315,1.8,0.1,0.5,0.139,0.329
Troy Brown,"WAS,CHI",2020-21,0.0,0.0,6.758064516129032,25.183333333333337,31.323529411764707,31.352941176470587,0.088235294117647,34.0,10.0,24.0,15.4,0.4,0.9,0.406,0.8,0.1,0.2,0.25,0.438
Troy Brown,CHI,2021-22,0.0,0.0,4.6312,24.6796992481203,32.803030303030305,32.86363636363637,0.0454545454545454,66.0,37.0,29.0,16.0,0.1,0.4,0.296,0.3,0.0,0.1,0.25,0.333
Troy Brown,LAL,2022-23,0.0,0.0,6.028804347826085,25.07508896797154,50.88157894736842,50.828947368421055,0.1447368421052631,76.0,40.0,36.0,24.5,0.3,0.9,0.328,0.7,0.1,0.4,0.313,0.403
Troy Brown,"MIN,DET",2023-24,0.0,0.0,8.084313725490196,26.101754385964917,28.71186440677966,28.779661016949152,0.0338983050847457,59.0,30.0,29.0,14.0,0.3,0.8,0.354,0.7,0.1,0.4,0.286,0.417
Troy Daniels,PHO,2018-19,0.0,0.0,11.375308641975309,25.421649484536083,30.941176470588236,31.019607843137255,0.0980392156862745,51.0,13.0,38.0,14.9,0.9,1.9,0.455,2.3,0.5,1.1,0.439,0.581
Ty Jerome,OKC,2020-21,0.0,0.0,8.042016806722689,26.56190476190476,50.24242424242424,49.93939393939394,0.1212121212121212,33.0,7.0,26.0,23.9,1.2,2.8,0.424,3.1,0.7,1.6,0.434,0.549
Ty Jerome,OKC,2021-22,0.0,0.0,7.699295774647887,26.320430107526875,33.854166666666664,32.958333333333336,0.0416666666666666,48.0,15.0,33.0,16.7,0.7,2.1,0.354,1.7,0.3,1.0,0.245,0.414
Ty Jerome,GSW,2022-23,0.0,0.0,7.8815789473684195,26.12444444444444,37.577777777777776,37.2,0.0666666666666666,45.0,22.0,23.0,18.1,0.8,1.8,0.446,1.9,0.2,0.6,0.407,0.512
Ty Jerome,CLE,2024-25,0.0,0.0,7.752054794520549,26.978260869565226,41.48571428571429,41.114285714285714,0.0285714285714285,70.0,55.0,15.0,19.9,2.0,4.0,0.491,4.7,0.8,1.9,0.42,0.589
Tyler Cook,"BRK,DET",2020-21,0.0,0.0,2.7540816326530617,23.4,28.548387096774192,28.548387096774192,0.0,32.0,11.0,21.0,13.7,0.0,0.0,0.0,0.0,0.0,0.0,0.0,0.0
Tyler Dorsey,"ATL,MEM",2018-19,0.0,0.0,8.128048780487806,25.353763440860217,30.541666666666668,30.854166666666668,0.0,48.0,11.0,37.0,14.5,0.5,1.5,0.324,1.2,0.2,0.8,0.278,0.392
Tyler Herro,MIA,2019-20,0.0,0.0,11.006006006006004,25.735234899328866,56.38181818181818,55.872727272727275,0.0909090909090909,55.0,34.0,21.0,27.4,2.1,5.6,0.379,5.0,0.8,2.4,0.331,0.451
Tyler Herro,MIA,2020-21,0.0,0.0,9.26194029850746,26.32154882154882,60.870370370370374,60.81481481481482,0.074074074074074,54.0,29.0,25.0,30.3,2.2,5.9,0.379,5.4,0.9,2.6,0.329,0.453
Tyler Herro,MIA,2021-22,0.0,0.0,9.42796486090776,26.192710706150343,65.06060606060606,65.18181818181819,0.1666666666666666,66.0,44.0,22.0,32.6,3.1,8.2,0.384,7.5,1.3,3.4,0.375,0.462
Tyler Herro,MIA,2022-23,0.0,0.0,9.22115384615385,26.05940409683427,69.43283582089552,68.88059701492537,0.0298507462686567,67.0,37.0,30.0,34.9,3.2,8.0,0.393,7.8,1.4,3.9,0.369,0.482
Tyler Herro,MIA,2023-24,0.0,0.0,9.662935323383085,25.93303303303304,67.47619047619048,67.21428571428571,0.0238095238095238,42.0,23.0,19.0,33.5,3.4,7.9,0.427,8.1,1.4,3.7,0.37,0.514
Tyler Herro,MIA,2024-25,0.0,0.0,7.477086280056576,26.493781094527357,71.12987012987013,70.77922077922078,0.0389610389610389,77.0,37.0,40.0,35.4,3.3,7.6,0.429,8.1,1.5,4.3,0.353,0.528
Tyler Johnson,"MIA,PHO",2018-19,0.0,0.0,7.411594202898551,24.880357142857143,55.14035087719298,55.21052631578947,0.0701754385964912,57.0,26.0,31.0,26.8,0.4,1.5,0.291,1.0,0.1,0.3,0.353,0.326
Tyler Johnson,"PHO,BRK",2019-20,0.0,0.0,12.237209302325583,26.066666666666663,38.56410256410256,38.84615384615385,0.1282051282051282,39.0,16.0,23.0,18.2,0.7,1.8,0.414,1.6,0.1,0.2,0.375,0.436
Tyler Johnson,BRK,2020-21,0.0,0.0,9.956862745098038,25.29469696969697,35.61538461538461,35.82051282051282,0.0769230769230769,39.0,29.0,10.0,17.5,0.4,0.9,0.378,0.9,0.2,0.4,0.4,0.459
Tyler Kolek,NYK,2025-26,0.0,0.0,6.672727272727269,25.78080808080808,27.617021276595743,28.08510638297872,0.0851063829787234,62.0,39.0,23.0,11.7,0.5,1.3,0.373,1.3,0.3,0.7,0.381,0.47
Tyreke Evans,IND,2018-19,0.0,0.0,6.078828828828829,26.17361111111111,41.14492753623188,41.57971014492754,0.0869565217391304,69.0,41.0,28.0,20.3,0.9,2.8,0.321,2.2,0.5,1.4,0.333,0.408
Tyrese Haliburton,SAC,2020-21,0.0,0.0,8.855727554179566,26.049324324324328,62.810344827586206,62.60344827586207,0.0172413793103448,58.0,25.0,33.0,30.1,2.0,4.8,0.421,4.9,0.8,2.2,0.375,0.507
Tyrese Haliburton,"SAC,IND",2021-22,0.0,0.0,8.637096774193548,27.47518248175183,71.76623376623377,71.79220779220779,0.1428571428571428,77.0,26.0,51.0,35.0,2.8,6.4,0.434,6.8,1.2,3.1,0.404,0.53
Tyrese Haliburton,IND,2022-23,0.0,0.0,6.403189066059228,26.967910447761195,69.96428571428571,69.89285714285714,0.1071428571428571,56.0,28.0,28.0,33.6,3.1,7.4,0.417,8.4,2.2,5.5,0.397,0.564
Tyrese Haliburton,IND,2023-24,0.0,0.0,7.786159844054582,27.07457943925233,68.68115942028986,68.08695652173913,0.1014492753623188,69.0,40.0,29.0,32.2,3.4,8.4,0.404,8.8,2.0,5.8,0.346,0.523
Tyrese Haliburton,IND,2024-25,0.0,0.0,9.349774774774776,27.1811387900356,69.63013698630137,69.04109589041096,0.1232876712328767,73.0,46.0,27.0,33.6,3.5,8.4,0.413,9.1,2.1,5.7,0.374,0.539
Tyrese Martin,BRK,2024-25,0.0,0.0,6.307103825136612,25.568085106382977,43.65,43.833333333333336,0.05,60.0,16.0,44.0,21.9,0.6,1.6,0.344,1.3,0.2,0.8,0.26,0.411
Tyrese Maxey,PHI,2020-21,0.0,0.0,7.770858895705518,26.63203883495145,31.75,32.266666666666666,0.0166666666666666,61.0,41.0,20.0,15.3,1.2,2.7,0.442,2.5,0.1,0.6,0.257,0.469
Tyrese Maxey,PHI,2021-22,0.0,0.0,6.882215743440234,26.218770226537217,70.29333333333334,70.06666666666666,0.0533333333333333,75.0,45.0,30.0,35.3,2.1,5.2,0.402,5.0,0.8,1.9,0.403,0.476
Tyrese Maxey,PHI,2022-23,0.0,0.0,6.761764705882356,26.302168021680213,66.76666666666667,66.4,0.15,60.0,39.0,21.0,33.6,2.3,5.6,0.417,5.7,1.0,2.6,0.387,0.506
Tyrese Maxey,PHI,2023-24,0.0,0.0,6.573176470588237,26.89929701230228,75.91428571428571,75.22857142857143,0.1142857142857142,70.0,43.0,27.0,37.5,2.9,8.3,0.346,7.4,1.6,4.9,0.328,0.443
Tyrese Maxey,PHI,2024-25,0.0,0.0,6.008809135399673,26.722594142259418,76.32692307692308,75.78846153846153,0.1346153846153846,52.0,20.0,32.0,37.7,3.4,9.1,0.371,8.7,1.9,6.0,0.325,0.478
Tyson Chandler,"PHO,LAL",2018-19,0.0,0.0,1.9511627906976745,24.3,33.8,33.90909090909091,0.0181818181818181,55.0,26.0,29.0,15.9,0.0,0.0,0.0,0.0,0.0,0.0,0.0,0.0
TyTy Washington,HOU,2022-23,0.0,0.0,9.575,25.515,28.70967741935484,28.580645161290324,0.032258064516129,31.0,6.0,25.0,14.0,0.8,2.4,0.351,1.8,0.2,0.7,0.217,0.385
Tyus Jones,MIN,2018-19,0.0,0.0,8.522187500000001,25.092063492063495,47.705882352941174,47.76470588235294,0.1029411764705882,68.0,29.0,39.0,22.9,1.0,2.9,0.35,2.3,0.2,0.9,0.259,0.388
Tyus Jones,MEM,2019-20,0.0,0.0,8.729508196721312,25.44354838709678,40.90769230769231,41.06153846153846,0.1076923076923077,65.0,32.0,33.0,19.0,1.3,3.0,0.443,2.9,0.2,0.8,0.306,0.482
Tyus Jones,MEM,2020-21,0.0,0.0,8.618315018315021,25.09785714285714,35.74285714285714,35.94285714285714,0.0571428571428571,70.0,36.0,34.0,17.5,1.1,2.6,0.444,2.4,0.1,0.4,0.29,0.469
Tyus Jones,MEM,2021-22,0.0,0.0,9.245244956772332,25.29707317073171,43.45205479452055,43.602739726027394,0.0410958904109589,73.0,51.0,22.0,21.2,1.4,3.4,0.408,3.0,0.2,0.6,0.304,0.436
Tyus Jones,MEM,2022-23,0.0,0.0,9.3109375,25.234355828220856,50.575,50.35,0.1,80.0,51.0,29.0,24.2,1.8,3.9,0.444,3.9,0.4,1.2,0.365,0.5
Tyus Jones,WAS,2023-24,0.0,0.0,8.047804878048778,25.63046875,62.878787878787875,62.59090909090909,0.1818181818181818,66.0,11.0,55.0,29.3,1.7,3.7,0.449,3.7,0.4,1.1,0.387,0.508
Tyus Jones,PHO,2024-25,0.0,0.0,8.575177304964539,25.160598503740648,54.49382716049383,54.111111111111114,0.1604938271604938,81.0,36.0,45.0,26.8,0.9,2.4,0.394,2.2,0.3,0.8,0.338,0.453
Tyus Jones,"ORL,DAL,DEN",2025-26,0.0,0.0,14.866666666666664,26.0,32.549019607843135,32.3921568627451,0.0588235294117647,67.0,37.0,30.0,14.6,0.4,1.1,0.395,1.1,0.2,0.5,0.314,0.467
Usman Garuba,HOU,2022-23,0.0,0.0,2.5745762711864404,24.623728813559325,26.48,26.8,0.0266666666666666,75.0,21.0,54.0,12.9,0.0,0.0,0.0,0.0,0.0,0.0,0.0,0.0
Vasilije Micic,"OKC,CHO",2023-24,0.0,0.0,6.559999999999999,26.020183486238533,39.1,38.96666666666667,0.0666666666666666,60.0,34.0,26.0,19.6,0.8,2.4,0.329,2.0,0.4,1.4,0.277,0.408
Vasilije Micic,"CHO,PHO",2024-25,0.0,0.0,0.0,0.0,37.95121951219512,37.73170731707317,0.1707317073170731,41.0,8.0,33.0,19.1,1.1,3.6,0.313,2.9,0.7,2.0,0.35,0.408
Victor Oladipo,IND,2018-19,0.0,0.0,10.327419354838712,26.401851851851852,64.13888888888889,64.08333333333333,0.25,36.0,25.0,11.0,31.9,3.3,8.4,0.386,7.5,1.0,3.3,0.297,0.444
Victor Oladipo,"IND,HOU,MIA",2020-21,0.0,0.0,7.684615384615385,24.96470588235294,67.81818181818181,67.87878787878788,0.2727272727272727,33.0,13.0,20.0,32.7,2.0,6.8,0.296,5.0,1.0,3.4,0.283,0.367
Victor Oladipo,MIA,2022-23,0.0,0.0,7.549214659685862,25.819339622641508,52.333333333333336,52.476190476190474,0.0952380952380952,42.0,23.0,19.0,26.3,1.5,3.8,0.404,3.9,0.8,2.1,0.371,0.506
Victor Wembanyama,SAS,2023-24,0.0,0.0,6.3579545454545485,26.338071065989855,62.04225352112676,62.16901408450704,0.0985915492957746,71.0,19.0,52.0,29.7,1.4,4.1,0.344,3.7,0.9,2.4,0.375,0.451
Victor Wembanyama,SAS,2024-25,0.0,0.0,7.708149779735684,27.397766749379652,68.08695652173913,67.91304347826087,0.0869565217391304,46.0,21.0,25.0,33.2,1.8,5.2,0.34,4.4,0.9,2.8,0.313,0.424
Vince Carter,ATL,2018-19,0.0,0.0,7.123026315789474,25.953164556962022,37.85526315789474,37.78947368421053,0.1052631578947368,76.0,25.0,51.0,17.5,0.4,1.1,0.356,1.1,0.3,0.7,0.365,0.466
Vince Carter,ATL,2019-20,0.0,0.0,10.115686274509804,25.532673267326736,31.233333333333334,30.75,0.05,60.0,19.0,41.0,14.6,0.6,1.3,0.44,1.3,0.2,0.5,0.387,0.52
Vince Williams,MEM,2023-24,0.0,0.0,4.564117647058823,24.821531100478467,55.96153846153846,55.90384615384615,0.4615384615384615,52.0,18.0,34.0,27.6,0.4,1.1,0.357,1.0,0.2,0.7,0.343,0.464
Vince Williams,MEM,2024-25,0.0,0.0,5.625,25.454736842105255,39.03703703703704,39.592592592592595,0.1851851851851851,27.0,10.0,17.0,18.5,0.3,0.8,0.364,0.7,0.1,0.5,0.308,0.455
Vlatko Cancar,DEN,2022-23,0.0,0.0,4.269642857142856,26.02434782608695,30.05,29.9,0.0666666666666666,60.0,38.0,22.0,14.8,0.1,0.2,0.286,0.2,0.1,0.1,0.375,0.393
Vit Krejci,OKC,2021-22,0.0,0.0,5.647826086956521,25.830612244897956,48.96551724137931,49.172413793103445,0.1034482758620689,30.0,8.0,22.0,23.0,0.3,0.9,0.333,0.8,0.2,0.6,0.353,0.444
Vit Krejci,ATL,2024-25,0.0,0.0,4.904651162790698,25.494660194174752,42.175438596491226,42.29824561403509,0.0526315789473684,57.0,28.0,29.0,20.2,0.4,1.0,0.421,1.1,0.3,0.8,0.378,0.57
Walker Kessler,UTA,2022-23,0.0,0.0,2.5223844282238437,24.366666666666664,47.37837837837838,47.98648648648648,0.0135135135135135,74.0,34.0,40.0,23.0,0.0,0.0,0.0,0.0,0.0,0.0,0.0,0.0
Walker Kessler,UTA,2023-24,0.0,0.0,2.302416918429002,23.25263157894737,47.75,47.828125,0.0625,64.0,26.0,38.0,23.3,0.0,0.0,0.0,0.0,0.0,0.0,0.0,0.0
Walker Kessler,UTA,2024-25,0.0,0.0,2.371354166666667,25.888571428571424,61.86206896551724,61.94827586206897,0.0344827586206896,58.0,14.0,44.0,30.0,0.0,0.0,0.0,0.0,0.0,0.0,0.0,0.0
Wayne Ellington,"MIA,DET",2018-19,0.0,0.0,6.971428571428572,25.313364055299544,49.301886792452834,49.0377358490566,0.1320754716981132,53.0,26.0,27.0,24.5,1.0,2.5,0.389,2.8,0.8,2.2,0.381,0.561
Wayne Ellington,NYK,2019-20,0.0,0.0,12.451612903225806,25.44195804195805,33.0,33.088235294117645,0.088235294117647,36.0,9.0,27.0,15.5,0.4,1.6,0.281,1.2,0.3,1.2,0.25,0.377
Wayne Ellington,DET,2020-21,0.0,0.0,8.873015873015872,25.50545454545455,45.62222222222222,45.4,0.0888888888888888,46.0,13.0,33.0,22.0,1.2,2.5,0.474,3.3,1.0,2.0,0.495,0.671
Wayne Ellington,LAL,2021-22,0.0,0.0,7.553846153846154,25.3829383886256,38.74418604651163,38.65116279069768,0.1162790697674418,43.0,15.0,28.0,18.8,0.4,1.4,0.295,1.2,0.3,1.2,0.294,0.418
Wayne Selden,"MEM,CHI",2018-19,0.0,0.0,8.422748815165876,25.293693693693697,39.093333333333334,39.4,0.08,75.0,27.0,48.0,19.2,0.8,1.9,0.407,1.7,0.1,0.4,0.313,0.443
Wendell Carter,CHI,2018-19,0.0,0.0,6.898525073746314,24.75625,51.11363636363637,51.04545454545455,0.1136363636363636,44.0,10.0,34.0,25.2,0.2,0.8,0.242,0.4,0.0,0.1,0.0,0.242
Wendell Carter,CHI,2019-20,0.0,0.0,4.337261146496815,24.386206896551727,59.81395348837209,59.95348837209303,0.1395348837209302,43.0,15.0,28.0,29.2,0.1,0.3,0.308,0.2,0.0,0.0,0.0,0.308
Wendell Carter,"CHI,ORL",2020-21,0.0,0.0,6.447727272727274,25.427586206896557,52.51851851851852,52.2037037037037,0.037037037037037,54.0,21.0,33.0,25.5,0.1,0.4,0.2,0.1,0.0,0.0,0.0,0.2
Wendell Carter,ORL,2021-22,0.0,0.0,5.829999999999998,25.909345794392532,61.46774193548387,61.516129032258064,0.0161290322580645,62.0,16.0,46.0,29.9,0.6,1.1,0.522,1.2,0.0,0.1,0.286,0.537
Wendell Carter,ORL,2022-23,0.0,0.0,6.207731958762888,25.38755555555556,60.64912280701754,60.85964912280702,0.0701754385964912,57.0,26.0,31.0,29.6,0.4,1.1,0.391,0.9,0.0,0.1,0.167,0.398
Wendell Carter,ORL,2023-24,0.0,0.0,4.320866141732283,24.880116959064328,51.018181818181816,50.945454545454545,0.1636363636363636,55.0,30.0,25.0,25.6,0.1,0.2,0.364,0.2,0.0,0.1,0.25,0.409
Wendell Carter,ORL,2024-25,0.0,0.0,5.930722891566265,25.048734177215188,51.205882352941174,51.52941176470589,0.1029411764705882,68.0,31.0,37.0,25.9,0.2,0.6,0.317,0.4,0.0,0.0,0.0,0.317
Wendell Moore,"DET,CHO",2024-25,0.0,0.0,4.551020408163265,24.592592592592595,28.5,28.27777777777778,0.0,36.0,11.0,25.0,13.9,0.1,0.6,0.2,0.3,0.0,0.2,0.143,0.225
Wenyen Gabriel,"BRK,LAC,LAL",2021-22,0.0,0.0,3.127027027027027,24.02608695652174,28.73076923076923,28.076923076923077,0.0384615384615384,26.0,8.0,18.0,13.8,0.0,0.1,0.5,0.1,0.0,0.0,1.0,0.75
Wenyen Gabriel,LAL,2022-23,0.0,0.0,2.9374999999999996,25.40555555555556,31.426470588235293,31.88235294117647,0.0588235294117647,68.0,37.0,31.0,15.1,0.0,0.0,0.5,0.0,0.0,0.0,0.5,0.75
Wes Iwundu,ORL,2018-19,0.0,0.0,7.593846153846154,25.07721518987342,37.23529411764706,37.52941176470589,0.0588235294117647,68.0,36.0,32.0,18.1,0.3,0.9,0.328,0.6,0.0,0.1,0.333,0.344
Wes Iwundu,ORL,2019-20,0.0,0.0,8.551655629139072,24.725609756097565,37.34615384615385,37.21153846153846,0.0192307692307692,52.0,23.0,29.0,18.3,0.5,1.3,0.377,1.1,0.1,0.3,0.412,0.428
Wes Iwundu,"DAL,NOP",2020-21,0.0,0.0,3.4125,25.422222222222224,27.725,28.175,0.1,41.0,17.0,24.0,13.1,0.0,0.2,0.25,0.1,0.0,0.1,0.0,0.25
Wesley Johnson,"NOP,WAS",2018-19,0.0,0.0,14.414285714285716,24.17692307692308,29.789473684210527,30.105263157894736,0.0789473684210526,38.0,17.0,21.0,14.1,0.4,1.2,0.386,1.1,0.2,0.4,0.5,0.477
Wesley Matthews,"DAL,NYK,IND",2018-19,0.0,0.0,8.537500000000001,25.814615384615383,62.08695652173913,62.231884057971016,0.3043478260869565,69.0,27.0,42.0,30.3,1.1,3.3,0.32,2.6,0.4,1.5,0.283,0.386
Wesley Matthews,MIL,2019-20,0.0,0.0,6.662399999999999,25.519528619528614,53.3134328358209,53.35820895522388,0.3283582089552239,67.0,52.0,15.0,24.4,0.4,1.3,0.31,1.1,0.3,0.8,0.327,0.414
Wesley Matthews,LAL,2020-21,0.0,0.0,6.961818181818181,25.16598984771574,39.13793103448276,39.36206896551724,0.3448275862068966,58.0,33.0,25.0,19.5,0.2,0.8,0.283,0.6,0.1,0.5,0.296,0.37
Wesley Matthews,MIL,2021-22,0.0,0.0,4.438095238095237,25.01082802547771,42.326530612244895,42.755102040816325,0.4693877551020408,49.0,33.0,16.0,20.5,0.1,0.5,0.174,0.2,0.0,0.4,0.111,0.217
Wesley Matthews,MIL,2022-23,0.0,0.0,5.769444444444443,25.397580645161288,33.21153846153846,33.42307692307692,0.1346153846153846,52.0,37.0,15.0,15.8,0.1,0.4,0.273,0.3,0.1,0.3,0.267,0.364
Will Barton,DEN,2018-19,0.0,0.0,7.243939393939396,25.65459183673469,56.372093023255815,56.55813953488372,0.0232558139534883,43.0,27.0,16.0,27.7,1.2,3.6,0.321,2.8,0.5,1.7,0.274,0.385
Will Barton,DEN,2019-20,0.0,0.0,6.071333333333332,25.21319444444444,66.48275862068965,66.05172413793103,0.1206896551724138,58.0,38.0,20.0,33.0,1.7,4.3,0.404,4.3,0.8,2.3,0.341,0.494
Will Barton,DEN,2020-21,0.0,0.0,6.518233618233618,25.409338521400777,61.767857142857146,61.714285714285715,0.0892857142857142,56.0,37.0,19.0,31.0,1.2,3.1,0.375,2.9,0.6,1.6,0.348,0.466
Will Barton,DEN,2021-22,0.0,0.0,7.309656652360515,25.390000000000008,65.38028169014085,65.0,0.1126760563380281,71.0,41.0,30.0,32.1,1.5,4.0,0.377,3.8,0.8,2.3,0.338,0.472
Will Barton,"WAS,TOR",2022-23,0.0,0.0,8.694594594594596,26.526190476190475,36.07142857142857,36.160714285714285,0.0357142857142857,56.0,27.0,29.0,17.7,0.8,2.4,0.328,2.0,0.4,1.4,0.316,0.416
Willie Cauley Stein,SAC,2018-19,0.0,0.0,4.416238159675237,37.849999999999994,58.641975308641975,58.17283950617284,0.074074074074074,81.0,39.0,42.0,27.3,0.2,0.6,0.362,0.4,0.0,0.0,0.0,0.362
Willie Cauley Stein,"GSW,DAL",2019-20,0.0,0.0,3.459090909090909,26.0,41.46296296296296,41.68518518518518,0.037037037037037,54.0,16.0,38.0,20.3,0.2,0.7,0.25,0.3,0.0,0.0,0.0,0.25
Willie Cauley Stein,DAL,2020-21,0.0,0.0,2.453801169590643,24.527272727272724,34.20754716981132,34.18867924528302,0.1320754716981132,53.0,29.0,24.0,17.1,0.1,0.1,0.5,0.1,0.0,0.0,0.0,0.5
Willy Hernangomez,CHO,2018-19,0.0,0.0,3.4394531250000004,25.3,29.25862068965517,29.275862068965516,0.0517241379310344,58.0,31.0,27.0,14.0,0.1,0.1,0.429,0.1,0.0,0.0,1.0,0.5
Willy Hernangomez,CHO,2019-20,0.0,0.0,3.897435897435898,25.431818181818183,24.258064516129032,24.129032258064516,0.032258064516129,31.0,7.0,24.0,12.1,0.1,0.2,0.286,0.1,0.0,0.0,0.0,0.286
Willy Hernangomez,NOP,2020-21,0.0,0.0,3.294961240310078,25.08,37.787234042553195,38.08510638297872,0.0212765957446808,47.0,20.0,27.0,18.0,0.0,0.1,0.25,0.0,0.0,0.0,0.0,0.25
Willy Hernangomez,NOP,2021-22,0.0,0.0,3.34984126984127,27.341666666666672,35.40816326530612,35.6530612244898,0.0408163265306122,50.0,22.0,28.0,16.8,0.0,0.2,0.25,0.1,0.0,0.1,0.25,0.313
Willy Hernangomez,NOP,2022-23,0.0,0.0,3.579113924050633,24.74545454545455,26.135135135135137,26.18918918918919,0.054054054054054,38.0,23.0,15.0,12.0,0.0,0.0,0.0,0.0,0.0,0.0,0.0,0.0
Wilson Chandler,"PHI,LAC",2018-19,0.0,0.0,8.103846153846153,25.6275,48.372549019607845,48.568627450980394,0.0980392156862745,51.0,35.0,16.0,23.1,0.2,0.7,0.316,0.5,0.0,0.2,0.25,0.342
Wilson Chandler,BRK,2019-20,0.0,0.0,6.437096774193548,25.201652892561984,43.628571428571426,43.97142857142857,0.0285714285714285,35.0,16.0,19.0,21.0,0.2,0.5,0.421,0.5,0.0,0.2,0.143,0.447
Xavier Tillman,MEM,2020-21,0.0,0.0,5.651282051282049,24.647692307692303,37.66101694915254,37.94915254237288,0.0169491525423728,59.0,31.0,28.0,18.4,0.2,0.4,0.591,0.4,0.0,0.0,0.0,0.591
Xavier Tillman,MEM,2021-22,0.0,0.0,5.069461077844313,24.84693877551021,27.0,27.132075471698112,0.0,53.0,35.0,18.0,13.2,0.2,0.5,0.375,0.4,0.0,0.1,0.25,0.396
Xavier Tillman,MEM,2022-23,0.0,0.0,4.399656357388316,25.90666666666667,40.704918032786885,40.65573770491803,0.0491803278688524,61.0,40.0,21.0,19.3,0.1,0.3,0.474,0.3,0.0,0.0,0.0,0.474
Xavier Tillman,"MEM,BOS",2023-24,0.0,0.0,4.6342105263157904,24.49642857142857,36.83018867924528,37.22641509433962,0.0,54.0,30.0,24.0,18.0,0.0,0.1,0.125,0.0,0.0,0.1,0.0,0.125
Yogi Ferrell,SAC,2018-19,0.0,0.0,9.205911330049265,25.48791946308725,31.507042253521128,31.676056338028168,0.2253521126760563,71.0,33.0,38.0,15.0,1.0,2.3,0.422,2.3,0.3,0.9,0.349,0.488
Yuta Watanabe,TOR,2020-21,0.0,0.0,5.441111111111111,24.674444444444443,29.66,29.8,0.1,50.0,24.0,26.0,14.5,0.1,0.6,0.25,0.3,0.0,0.1,0.4,0.286
Yuta Watanabe,BRK,2022-23,0.0,0.0,4.983505154639175,24.65185185185186,33.258620689655174,32.87931034482759,0.1206896551724138,58.0,30.0,28.0,16.0,0.1,0.3,0.222,0.1,0.0,0.1,0.0,0.222
Yuta Watanabe,"PHO,MEM",2023-24,0.0,0.0,7.788888888888888,24.56,28.60606060606061,28.454545454545453,0.0303030303030303,34.0,18.0,16.0,13.7,0.1,0.4,0.231,0.2,0.0,0.1,0.0,0.231
Yves Missi,NOP,2024-25,0.0,0.0,2.6681632653061236,42.5,54.61643835616438,54.534246575342465,0.0410958904109589,73.0,19.0,54.0,26.8,0.0,0.0,0.5,0.0,0.0,0.0,0.0,0.5
Zion Williamson,NOP,2020-21,0.0,0.0,2.6310069790628106,26.232352941176465,69.42622950819673,69.47540983606558,0.0163934426229508,61.0,29.0,32.0,33.2,0.1,0.4,0.227,0.2,0.0,0.1,0.0,0.227
Zion Williamson,NOP,2022-23,0.0,0.0,3.1313333333333335,26.54736842105263,68.62068965517241,68.41379310344827,0.0689655172413793,29.0,17.0,12.0,33.0,0.2,0.8,0.318,0.5,0.0,0.1,0.25,0.341
Zion Williamson,NOP,2023-24,0.0,0.0,3.616078066914498,25.93888888888889,64.84285714285714,64.68571428571428,0.0428571428571428,70.0,42.0,28.0,31.5,0.1,0.5,0.265,0.3,0.0,0.1,0.25,0.279
Zion Williamson,NOP,2024-25,0.0,0.0,4.132323232323232,28.730769230769223,59.56666666666667,59.13333333333333,0.0,30.0,10.0,20.0,28.6,0.4,1.2,0.361,0.9,0.0,0.2,0.143,0.375
Ziaire Williams,MEM,2021-22,0.0,0.0,7.200549450549448,24.725619834710745,45.53225806451613,45.74193548387097,0.2096774193548387,62.0,41.0,21.0,21.7,0.5,1.4,0.356,1.1,0.1,0.4,0.24,0.391
Ziaire Williams,MEM,2022-23,0.0,0.0,6.206060606060607,25.236082474226805,31.594594594594593,31.864864864864863,0.4594594594594595,37.0,21.0,16.0,15.2,0.5,1.2,0.435,1.3,0.2,0.4,0.438,0.511
Ziaire Williams,MEM,2023-24,0.0,0.0,6.667724867724867,25.187830687830697,42.95918367346939,43.36734693877551,0.3265306122448979,51.0,20.0,31.0,20.3,0.5,1.6,0.298,1.1,0.1,0.6,0.156,0.327
Ziaire Williams,BRK,2024-25,0.0,0.0,4.114678899082568,24.96258278145695,48.507936507936506,48.79365079365079,0.3015873015873015,63.0,22.0,41.0,24.5,0.2,0.9,0.228,0.5,0.0,0.5,0.103,0.254
Zeke Nnaji,DEN,2021-22,0.0,0.0,4.249999999999999,24.74625,34.09756097560975,34.146341463414636,0.073170731707317,41.0,24.0,17.0,17.0,0.0,0.1,0.0,0.0,0.0,0.0,0.0,0.0
Zeke Nnaji,DEN,2022-23,0.0,0.0,2.1877862595419844,25.55846153846154,27.245283018867923,27.50943396226415,0.0188679245283018,53.0,34.0,19.0,13.7,0.0,0.1,0.0,0.0,0.0,0.1,0.0,0.0
Zeke Nnaji,DEN,2025-26,0.0,0.0,3.7048192771084336,25.059999999999995,25.333333333333332,26.256410256410255,0.0,52.0,38.0,14.0,12.0,0.0,0.1,0.25,0.1,0.0,0.0,1.0,0.375
Zaza Pachulia,DET,2018-19,0.0,0.0,5.942857142857143,64.0,25.75,26.044117647058822,0.0588235294117647,68.0,35.0,33.0,12.9,0.1,0.2,0.308,0.1,0.0,0.0,0.0,0.308
Zach LaVine,CHI,2018-19,0.0,0.0,6.488574938574939,26.02180685358256,70.87301587301587,70.60317460317461,0.0952380952380952,63.0,16.0,47.0,34.5,2.3,6.4,0.357,5.7,1.1,3.1,0.369,0.447
Zach LaVine,CHI,2019-20,0.0,0.0,5.76867132867133,25.974173553719012,72.11666666666666,71.88333333333334,0.1166666666666666,60.0,20.0,40.0,34.8,2.6,7.5,0.35,7.0,1.7,4.7,0.364,0.465
Zach LaVine,CHI,2020-21,0.0,0.0,6.744272445820431,25.925576519916152,72.77586206896552,72.74137931034483,0.0344827586206896,58.0,26.0,32.0,35.1,3.6,8.6,0.421,9.3,2.1,5.4,0.39,0.545
Zach LaVine,CHI,2021-22,0.0,0.0,8.11237693389592,25.88189473684211,70.85074626865672,70.74626865671642,0.0,67.0,37.0,30.0,34.7,3.1,8.5,0.366,7.6,1.4,4.3,0.333,0.451
Zach LaVine,CHI,2022-23,0.0,0.0,7.822274881516584,25.964338235294125,73.31168831168831,73.2987012987013,0.0519480519480519,77.0,38.0,39.0,35.9,3.0,7.6,0.387,7.2,1.3,3.9,0.342,0.474
Zach LaVine,CHI,2023-24,0.0,0.0,7.300483091787441,25.89171597633136,70.04,69.56,0.08,25.0,10.0,15.0,34.9,2.8,6.9,0.405,7.2,1.6,4.3,0.364,0.517
Zach LaVine,"CHI,SAC",2024-25,0.0,0.0,7.998581560283688,26.490166975881262,72.95945945945945,72.94594594594595,0.027027027027027,74.0,32.0,42.0,35.2,3.1,7.4,0.426,8.2,1.9,4.3,0.438,0.554
Zach Edey,MEM,2024-25,0.0,0.0,3.5308707124010548,24.836538461538467,45.166666666666664,45.378787878787875,0.0151515151515151,66.0,35.0,31.0,21.5,0.0,0.1,0.333,0.1,0.0,0.0,0.0,0.333
Zach Collins,POR,2018-19,0.0,0.0,4.588888888888889,25.25537190082644,35.714285714285715,35.714285714285715,0.1038961038961039,77.0,51.0,26.0,17.6,0.1,0.3,0.269,0.2,0.1,0.1,0.8,0.346
Zach Collins,SAS,2021-22,0.0,0.0,5.802631578947369,25.604878048780492,37.67857142857143,37.75,0.1071428571428571,28.0,14.0,14.0,17.9,0.1,0.2,0.8,0.3,0.0,0.0,0.0,0.8
Zach Collins,SAS,2022-23,0.0,0.0,5.5942643391521205,26.042857142857148,48.333333333333336,48.46031746031746,0.1428571428571428,63.0,20.0,43.0,22.9,0.1,0.3,0.211,0.1,0.0,0.1,0.2,0.237
Zach Collins,SAS,2023-24,0.0,0.0,5.677471264367815,25.556353591160224,46.17391304347826,46.18840579710145,0.0869565217391304,69.0,19.0,50.0,22.1,0.2,0.5,0.455,0.4,0.0,0.1,0.2,0.47
Zach Collins,"SAS,CHI",2024-25,0.0,0.0,3.9918181818181817,25.28166666666667,31.671875,31.734375,0.078125,64.0,34.0,30.0,15.3,0.0,0.1,0.4,0.1,0.0,0.0,0.0,0.4
Zaccharie Risacher,ATL,2024-25,0.0,0.0,4.588505747126438,24.74825581395349,52.44,52.42666666666667,0.12,75.0,38.0,37.0,24.6,0.2,0.8,0.276,0.5,0.1,0.5,0.25,0.353
