player_name,normalized_player_name,nba_person_id,nba_full_name,headshot_url,local_headshot_path,match_status,match_method,notes
Aaron Gordon,aarongordon,203932,Aaron Gordon,https://cdn.nba.com/headshots/nba/latest/1040x760/203932.png,/headshots/203932.png,matched,exact_normalized,
Aaron Holiday,aaronholiday,1628988,Aaron Holiday,https://cdn.nba.com/headshots/nba/latest/1040x760/1628988.png,/headshots/1628988.png,matched,exact_normalized,
Aaron Nesmith,aaronnesmith,1630174,Aaron Nesmith,https://cdn.nba.com/headshots/nba/latest/1040x760/1630174.png,/headshots/1630174.png,matched,exact_normalized,
Aaron Wiggins,aaronwiggins,1630598,Aaron Wiggins,https://cdn.nba.com/headshots/nba/latest/1040x760/1630598.png,/headshots/1630598.png,matched,exact_normalized,
Abdel Nader,abdelnader,1627846,Abdel Nader,https://cdn.nba.com/headshots/nba/latest/1040x760/1627846.png,/headshots/1627846.png,matched,exact_normalized,
Ace Bailey,acebailey,1642846,Ace Bailey,https://cdn.nba.com/headshots/nba/latest/1040x760/1642846.png,/headshots/1642846.png,matched,exact_normalized,
Adem Bona,adembona,1641737,Adem Bona,https://cdn.nba.com/headshots/nba/latest/1040x760/1641737.png,/headshots/1641737.png,matched,exact_normalized,
Ajay Mitchell,ajaymitchell,1642349,Ajay Mitchell,https://cdn.nba.com/headshots/nba/latest/1040x760/1642349.png,/headshots/1642349.png,matched,exact_normalized,
AJ Green,ajgreen,1631260,AJ Green,https://cdn.nba.com/headshots/nba/latest/1040x760/1631260.png,/headshots/1631260.png,matched,exact_normalized,
AJ Griffin,ajgriffin,1631100,AJ Griffin,https://cdn.nba.com/headshots/nba/latest/1040x760/1631100.png,/headshots/1631100.png,matched,exact_normalized,
AJ Johnson,ajjohnson,1642358,AJ Johnson,https://cdn.nba.com/headshots/nba/latest/1040x760/1642358.png,/headshots/1642358.png,matched,manual_alias,
A.J. Lawson,ajlawson,1630639,A.J. Lawson,https://cdn.nba.com/headshots/nba/latest/1040x760/1630639.png,/headshots/1630639.png,matched,manual_alias,
Alan Williams,alanwilliams,1626210,Alan Williams,https://cdn.nba.com/headshots/nba/latest/1040x760/1626210.png,/headshots/1626210.png,matched,exact_normalized,
Alec Burks,alecburks,202692,Alec Burks,https://cdn.nba.com/headshots/nba/latest/1040x760/202692.png,/headshots/202692.png,matched,exact_normalized,
Aleksej Pokusevski,aleksejpokusevski,1630197,Aleksej Pokusevski,https://cdn.nba.com/headshots/nba/latest/1040x760/1630197.png,/headshots/1630197.png,matched,exact_normalized,
Alex Abrines,alexabrines,203518,Alex Abrines,https://cdn.nba.com/headshots/nba/latest/1040x760/203518.png,/headshots/203518.png,matched,exact_normalized,
Alex Caruso,alexcaruso,1627936,Alex Caruso,https://cdn.nba.com/headshots/nba/latest/1040x760/1627936.png,/headshots/1627936.png,matched,exact_normalized,
Alex Len,alexlen,203458,Alex Len,https://cdn.nba.com/headshots/nba/latest/1040x760/203458.png,/headshots/203458.png,matched,exact_normalized,
Alex Sarr,alexsarr,1642259,Alex Sarr,https://cdn.nba.com/headshots/nba/latest/1040x760/1642259.png,/headshots/1642259.png,matched,exact_normalized,
Al-Farouq Aminu,alfarouqaminu,202329,Al-Farouq Aminu,https://cdn.nba.com/headshots/nba/latest/1040x760/202329.png,/headshots/202329.png,matched,exact_normalized,
Al Horford,alhorford,201143,Al Horford,https://cdn.nba.com/headshots/nba/latest/1040x760/201143.png,/headshots/201143.png,matched,exact_normalized,
Allen Crabbe,allencrabbe,203459,Allen Crabbe,https://cdn.nba.com/headshots/nba/latest/1040x760/203459.png,/headshots/203459.png,matched,exact_normalized,
Allonzo Trier,allonzotrier,1629019,Allonzo Trier,https://cdn.nba.com/headshots/nba/latest/1040x760/1629019.png,/headshots/1629019.png,matched,exact_normalized,
Alperen Sengun,alperensengun,1630578,Alperen Sengun,https://cdn.nba.com/headshots/nba/latest/1040x760/1630578.png,/headshots/1630578.png,matched,exact_normalized,
Amen Thompson,amenthompson,1641708,Amen Thompson,https://cdn.nba.com/headshots/nba/latest/1040x760/1641708.png,/headshots/1641708.png,matched,exact_normalized,
Amir Coffey,amircoffey,1629599,Amir Coffey,https://cdn.nba.com/headshots/nba/latest/1040x760/1629599.png,/headshots/1629599.png,matched,exact_normalized,
Amir Johnson,amirjohnson,101161,Amir Johnson,https://cdn.nba.com/headshots/nba/latest/1040x760/101161.png,/headshots/101161.png,matched,exact_normalized,
Andre Drummond,andredrummond,203083,Andre Drummond,https://cdn.nba.com/headshots/nba/latest/1040x760/203083.png,/headshots/203083.png,matched,exact_normalized,
Andre Iguodala,andreiguodala,2738,Andre Iguodala,https://cdn.nba.com/headshots/nba/latest/1040x760/2738.png,/headshots/2738.png,matched,exact_normalized,
Andre Roberson,andreroberson,203460,Andre Roberson,https://cdn.nba.com/headshots/nba/latest/1040x760/203460.png,/headshots/203460.png,matched,exact_normalized,
Andrew Bogut,andrewbogut,101106,Andrew Bogut,https://cdn.nba.com/headshots/nba/latest/1040x760/101106.png,/headshots/101106.png,matched,exact_normalized,
Andrew Harrison,andrewharrison,1626150,Andrew Harrison,https://cdn.nba.com/headshots/nba/latest/1040x760/1626150.png,/headshots/1626150.png,matched,exact_normalized,
Andrew Nembhard,andrewnembhard,1629614,Andrew Nembhard,https://cdn.nba.com/headshots/nba/latest/1040x760/1629614.png,/headshots/1629614.png,matched,exact_normalized,
Andrew Wiggins,andrewwiggins,203952,Andrew Wiggins,https://cdn.nba.com/headshots/nba/latest/1040x760/203952.png,/headshots/203952.png,matched,exact_normalized,
Anfernee Simons,anferneesimons,1629014,Anfernee Simons,https://cdn.nba.com/headshots/nba/latest/1040x760/1629014.png,/headshots/1629014.png,matched,exact_normalized,
Ante Zizic,antezizic,1627790,Ante Zizic,https://cdn.nba.com/headshots/nba/latest/1040x760/1627790.png,/headshots/1627790.png,matched,exact_normalized,
Anthony Black,anthonyblack,1641710,Anthony Black,https://cdn.nba.com/headshots/nba/latest/1040x760/1641710.png,/headshots/1641710.png,matched,exact_normalized,
Anthony Davis,anthonydavis,203076,Anthony Davis,https://cdn.nba.com/headshots/nba/latest/1040x760/203076.png,/headshots/203076.png,matched,exact_normalized,
Anthony Edwards,anthonyedwards,1630162,Anthony Edwards,https://cdn.nba.com/headshots/nba/latest/1040x760/1630162.png,/headshots/1630162.png,matched,exact_normalized,
Anthony Gill,anthonygill,1630264,Anthony Gill,https://cdn.nba.com/headshots/nba/latest/1040x760/1630264.png,/headshots/1630264.png,matched,exact_normalized,
Anthony Lamb,anthonylamb,1630237,Anthony Lamb,https://cdn.nba.com/headshots/nba/latest/1040x760/1630237.png,/headshots/1630237.png,matched,exact_normalized,
Anthony Tolliver,anthonytolliver,201229,Anthony Tolliver,https://cdn.nba.com/headshots/nba/latest/1040x760/201229.png,/headshots/201229.png,matched,exact_normalized,
Antonio Reeves,antonioreeves,1641810,Antonio Reeves,https://cdn.nba.com/headshots/nba/latest/1040x760/1641810.png,/headshots/1641810.png,matched,exact_normalized,
Anzejs Pasecniks,anzejspasecniks,1628394,Anžejs Pasečņiks,https://cdn.nba.com/headshots/nba/latest/1040x760/1628394.png,/headshots/1628394.png,matched,exact_normalized,
Armoni Brooks,armonibrooks,1629717,Armoni Brooks,https://cdn.nba.com/headshots/nba/latest/1040x760/1629717.png,/headshots/1629717.png,matched,exact_normalized,
Aron Baynes,aronbaynes,203382,Aron Baynes,https://cdn.nba.com/headshots/nba/latest/1040x760/203382.png,/headshots/203382.png,matched,exact_normalized,
Arron Afflalo,arronafflalo,201167,Arron Afflalo,https://cdn.nba.com/headshots/nba/latest/1040x760/201167.png,/headshots/201167.png,matched,exact_normalized,
Ausar Thompson,ausarthompson,1641709,Ausar Thompson,https://cdn.nba.com/headshots/nba/latest/1040x760/1641709.png,/headshots/1641709.png,matched,exact_normalized,
Austin Reaves,austinreaves,1630559,Austin Reaves,https://cdn.nba.com/headshots/nba/latest/1040x760/1630559.png,/headshots/1630559.png,matched,exact_normalized,
Austin Rivers,austinrivers,203085,Austin Rivers,https://cdn.nba.com/headshots/nba/latest/1040x760/203085.png,/headshots/203085.png,matched,exact_normalized,
Avery Bradley,averybradley,202340,Avery Bradley,https://cdn.nba.com/headshots/nba/latest/1040x760/202340.png,/headshots/202340.png,matched,exact_normalized,
Ayo Dosunmu,ayodosunmu,1630245,Ayo Dosunmu,https://cdn.nba.com/headshots/nba/latest/1040x760/1630245.png,/headshots/1630245.png,matched,exact_normalized,
Bam Adebayo,bamadebayo,1628389,Bam Adebayo,https://cdn.nba.com/headshots/nba/latest/1040x760/1628389.png,/headshots/1628389.png,matched,exact_normalized,
Baylor Scheierman,baylorscheierman,1631248,Baylor Scheierman,https://cdn.nba.com/headshots/nba/latest/1040x760/1631248.png,/headshots/1631248.png,matched,exact_normalized,
Ben McLemore,benmclemore,203463,Ben McLemore,https://cdn.nba.com/headshots/nba/latest/1040x760/203463.png,/headshots/203463.png,matched,exact_normalized,
Bennedict Mathurin,bennedictmathurin,1631097,Bennedict Mathurin,https://cdn.nba.com/headshots/nba/latest/1040x760/1631097.png,/headshots/1631097.png,matched,exact_normalized,
Ben Saraf,bensaraf,1642879,Ben Saraf,https://cdn.nba.com/headshots/nba/latest/1040x760/1642879.png,/headshots/1642879.png,matched,exact_normalized,
Ben Sheppard,bensheppard,1641767,Ben Sheppard,https://cdn.nba.com/headshots/nba/latest/1040x760/1641767.png,/headshots/1641767.png,matched,exact_normalized,
Ben Simmons,bensimmons,1627732,Ben Simmons,https://cdn.nba.com/headshots/nba/latest/1040x760/1627732.png,/headshots/1627732.png,matched,exact_normalized,
Bilal Coulibaly,bilalcoulibaly,1641731,Bilal Coulibaly,https://cdn.nba.com/headshots/nba/latest/1040x760/1641731.png,/headshots/1641731.png,matched,exact_normalized,
Bismack Biyombo,bismackbiyombo,202687,Bismack Biyombo,https://cdn.nba.com/headshots/nba/latest/1040x760/202687.png,/headshots/202687.png,matched,exact_normalized,
Blake Griffin,blakegriffin,201933,Blake Griffin,https://cdn.nba.com/headshots/nba/latest/1040x760/201933.png,/headshots/201933.png,matched,exact_normalized,
Blake Wesley,blakewesley,1631104,Blake Wesley,https://cdn.nba.com/headshots/nba/latest/1040x760/1631104.png,/headshots/1631104.png,matched,exact_normalized,
Bobby Portis,bobbyportis,1626171,Bobby Portis,https://cdn.nba.com/headshots/nba/latest/1040x760/1626171.png,/headshots/1626171.png,matched,exact_normalized,
Bogdan Bogdanovic,bogdanbogdanovic,203992,Bogdan Bogdanović,https://cdn.nba.com/headshots/nba/latest/1040x760/203992.png,/headshots/203992.png,matched,exact_normalized,
Bojan Bogdanovic,bojanbogdanovic,202711,Bojan Bogdanovic,https://cdn.nba.com/headshots/nba/latest/1040x760/202711.png,/headshots/202711.png,matched,exact_normalized,
Bol Bol,bolbol,1629626,Bol Bol,https://cdn.nba.com/headshots/nba/latest/1040x760/1629626.png,/headshots/1629626.png,matched,exact_normalized,
Bones Hyland,boneshyland,1630538,Bones Hyland,https://cdn.nba.com/headshots/nba/latest/1040x760/1630538.png,/headshots/1630538.png,matched,exact_normalized,
Boris Diaw,borisdiaw,2564,Boris Diaw,https://cdn.nba.com/headshots/nba/latest/1040x760/2564.png,/headshots/2564.png,matched,exact_normalized,
Bradley Beal,bradleybeal,203078,Bradley Beal,https://cdn.nba.com/headshots/nba/latest/1040x760/203078.png,/headshots/203078.png,matched,exact_normalized,
Brad Wanamaker,bradwanamaker,202954,Brad Wanamaker,https://cdn.nba.com/headshots/nba/latest/1040x760/202954.png,/headshots/202954.png,matched,exact_normalized,
Brandan Wright,brandanwright,201148,Brandan Wright,https://cdn.nba.com/headshots/nba/latest/1040x760/201148.png,/headshots/201148.png,matched,exact_normalized,
Brandin Podziemski,brandinpodziemski,1641764,Brandin Podziemski,https://cdn.nba.com/headshots/nba/latest/1040x760/1641764.png,/headshots/1641764.png,matched,exact_normalized,
Brandon Boston,brandonboston,1630527,Brandon Boston,https://cdn.nba.com/headshots/nba/latest/1040x760/1630527.png,/headshots/1630527.png,matched,exact_normalized,
Brandon Clarke,brandonclarke,1629634,Brandon Clarke,https://cdn.nba.com/headshots/nba/latest/1040x760/1629634.png,/headshots/1629634.png,matched,exact_normalized,
Brandon Ingram,brandoningram,1627742,Brandon Ingram,https://cdn.nba.com/headshots/nba/latest/1040x760/1627742.png,/headshots/1627742.png,matched,exact_normalized,
Brandon Jennings,brandonjennings,201943,Brandon Jennings,https://cdn.nba.com/headshots/nba/latest/1040x760/201943.png,/headshots/201943.png,matched,exact_normalized,
Brandon Knight,brandonknight,202688,Brandon Knight,https://cdn.nba.com/headshots/nba/latest/1040x760/202688.png,/headshots/202688.png,matched,exact_normalized,
Brandon Miller,brandonmiller,1641706,Brandon Miller,https://cdn.nba.com/headshots/nba/latest/1040x760/1641706.png,/headshots/1641706.png,matched,exact_normalized,
Brandon Rush,brandonrush,201575,Brandon Rush,https://cdn.nba.com/headshots/nba/latest/1040x760/201575.png,/headshots/201575.png,matched,exact_normalized,
Brandon Williams,brandonwilliams,1630314,Brandon Williams,https://cdn.nba.com/headshots/nba/latest/1040x760/1630314.png,/headshots/1630314.png,matched,exact_normalized,
Brice Sensabaugh,bricesensabaugh,1641729,Brice Sensabaugh,https://cdn.nba.com/headshots/nba/latest/1040x760/1641729.png,/headshots/1641729.png,matched,exact_normalized,
Brook Lopez,brooklopez,201572,Brook Lopez,https://cdn.nba.com/headshots/nba/latest/1040x760/201572.png,/headshots/201572.png,matched,exact_normalized,
Bruce Brown,brucebrown,1628971,Bruce Brown,https://cdn.nba.com/headshots/nba/latest/1040x760/1628971.png,/headshots/1628971.png,matched,exact_normalized,
Bruno Caboclo,brunocaboclo,203998,Bruno Caboclo,https://cdn.nba.com/headshots/nba/latest/1040x760/203998.png,/headshots/203998.png,matched,exact_normalized,
Bruno Fernando,brunofernando,1628981,Bruno Fernando,https://cdn.nba.com/headshots/nba/latest/1040x760/1628981.png,/headshots/1628981.png,matched,exact_normalized,
Bryce McGowens,brycemcgowens,1631121,Bryce McGowens,https://cdn.nba.com/headshots/nba/latest/1040x760/1631121.png,/headshots/1631121.png,matched,exact_normalized,
Bryn Forbes,brynforbes,1627854,Bryn Forbes,https://cdn.nba.com/headshots/nba/latest/1040x760/1627854.png,/headshots/1627854.png,matched,exact_normalized,
Bub Carrington,bubcarrington,1642267,Bub Carrington,https://cdn.nba.com/headshots/nba/latest/1040x760/1642267.png,/headshots/1642267.png,matched,exact_normalized,
Buddy Hield,buddyhield,1627741,Buddy Hield,https://cdn.nba.com/headshots/nba/latest/1040x760/1627741.png,/headshots/1627741.png,matched,exact_normalized,
Cade Cunningham,cadecunningham,1630595,Cade Cunningham,https://cdn.nba.com/headshots/nba/latest/1040x760/1630595.png,/headshots/1630595.png,matched,exact_normalized,
Caleb Houstan,calebhoustan,1631216,Caleb Houstan,https://cdn.nba.com/headshots/nba/latest/1040x760/1631216.png,/headshots/1631216.png,matched,exact_normalized,
Caleb Love,caleblove,1631126,Caleb Love,https://cdn.nba.com/headshots/nba/latest/1040x760/1631126.png,/headshots/1631126.png,matched,exact_normalized,
Caleb Martin,calebmartin,1628997,Caleb Martin,https://cdn.nba.com/headshots/nba/latest/1040x760/1628997.png,/headshots/1628997.png,matched,exact_normalized,
Cameron Johnson,cameronjohnson,1629661,Cameron Johnson,https://cdn.nba.com/headshots/nba/latest/1040x760/1629661.png,/headshots/1629661.png,matched,exact_normalized,
Cameron Payne,cameronpayne,1626166,Cameron Payne,https://cdn.nba.com/headshots/nba/latest/1040x760/1626166.png,/headshots/1626166.png,matched,exact_normalized,
Cam Reddish,camreddish,1629629,Cam Reddish,https://cdn.nba.com/headshots/nba/latest/1040x760/1629629.png,/headshots/1629629.png,matched,exact_normalized,
Cam Spencer,camspencer,1642285,Cam Spencer,https://cdn.nba.com/headshots/nba/latest/1040x760/1642285.png,/headshots/1642285.png,matched,exact_normalized,
Cam Thomas,camthomas,1630560,Cam Thomas,https://cdn.nba.com/headshots/nba/latest/1040x760/1630560.png,/headshots/1630560.png,matched,exact_normalized,
Cam Whitmore,camwhitmore,1641715,Cam Whitmore,https://cdn.nba.com/headshots/nba/latest/1040x760/1641715.png,/headshots/1641715.png,matched,exact_normalized,
Caris LeVert,carislevert,1627747,Caris LeVert,https://cdn.nba.com/headshots/nba/latest/1040x760/1627747.png,/headshots/1627747.png,matched,exact_normalized,
Carmelo Anthony,carmeloanthony,2546,Carmelo Anthony,https://cdn.nba.com/headshots/nba/latest/1040x760/2546.png,/headshots/2546.png,matched,exact_normalized,
Cason Wallace,casonwallace,1641717,Cason Wallace,https://cdn.nba.com/headshots/nba/latest/1040x760/1641717.png,/headshots/1641717.png,matched,exact_normalized,
Cedi Osman,cediosman,1626224,Cedi Osman,https://cdn.nba.com/headshots/nba/latest/1040x760/1626224.png,/headshots/1626224.png,matched,exact_normalized,
Cedric Coward,cedriccoward,1642907,Cedric Coward,https://cdn.nba.com/headshots/nba/latest/1040x760/1642907.png,/headshots/1642907.png,matched,exact_normalized,
Chandler Hutchison,chandlerhutchison,1628990,Chandler Hutchison,https://cdn.nba.com/headshots/nba/latest/1040x760/1628990.png,/headshots/1628990.png,matched,exact_normalized,
Chandler Parsons,chandlerparsons,202718,Chandler Parsons,https://cdn.nba.com/headshots/nba/latest/1040x760/202718.png,/headshots/202718.png,matched,exact_normalized,
Channing Frye,channingfrye,101112,Channing Frye,https://cdn.nba.com/headshots/nba/latest/1040x760/101112.png,/headshots/101112.png,matched,exact_normalized,
Chasson Randle,chassonrandle,1626184,Chasson Randle,https://cdn.nba.com/headshots/nba/latest/1040x760/1626184.png,/headshots/1626184.png,matched,exact_normalized,
Chet Holmgren,chetholmgren,1631096,Chet Holmgren,https://cdn.nba.com/headshots/nba/latest/1040x760/1631096.png,/headshots/1631096.png,matched,exact_normalized,
Chimezie Metu,chimeziemetu,1629002,Chimezie Metu,https://cdn.nba.com/headshots/nba/latest/1040x760/1629002.png,/headshots/1629002.png,matched,exact_normalized,
Chris Boucher,chrisboucher,1628449,Chris Boucher,https://cdn.nba.com/headshots/nba/latest/1040x760/1628449.png,/headshots/1628449.png,matched,exact_normalized,
Chris Duarte,chrisduarte,1630537,Chris Duarte,https://cdn.nba.com/headshots/nba/latest/1040x760/1630537.png,/headshots/1630537.png,matched,exact_normalized,
Chris Paul,chrispaul,101108,Chris Paul,https://cdn.nba.com/headshots/nba/latest/1040x760/101108.png,/headshots/101108.png,matched,exact_normalized,
Christian Braun,christianbraun,1631128,Christian Braun,https://cdn.nba.com/headshots/nba/latest/1040x760/1631128.png,/headshots/1631128.png,matched,exact_normalized,
Christian Wood,christianwood,1626174,Christian Wood,https://cdn.nba.com/headshots/nba/latest/1040x760/1626174.png,/headshots/1626174.png,matched,exact_normalized,
Chuma Okeke,chumaokeke,1629643,Chuma Okeke,https://cdn.nba.com/headshots/nba/latest/1040x760/1629643.png,/headshots/1629643.png,matched,exact_normalized,
CJ Elleby,cjelleby,1629604,CJ Elleby,https://cdn.nba.com/headshots/nba/latest/1040x760/1629604.png,/headshots/1629604.png,matched,exact_normalized,
CJ McCollum,cjmccollum,203468,CJ McCollum,https://cdn.nba.com/headshots/nba/latest/1040x760/203468.png,/headshots/203468.png,matched,exact_normalized,
CJ Miles,cjmiles,101139,CJ Miles,https://cdn.nba.com/headshots/nba/latest/1040x760/101139.png,/headshots/101139.png,matched,exact_normalized,
C.J. Watson,cjwatson,201228,C.J. Watson,https://cdn.nba.com/headshots/nba/latest/1040x760/201228.png,/headshots/201228.png,matched,exact_normalized,
C.J. Williams,cjwilliams,203710,C.J. Williams,https://cdn.nba.com/headshots/nba/latest/1040x760/203710.png,/headshots/203710.png,matched,exact_normalized,
Clint Capela,clintcapela,203991,Clint Capela,https://cdn.nba.com/headshots/nba/latest/1040x760/203991.png,/headshots/203991.png,matched,exact_normalized,
Coby White,cobywhite,1629632,Coby White,https://cdn.nba.com/headshots/nba/latest/1040x760/1629632.png,/headshots/1629632.png,matched,exact_normalized,
Cody Martin,codymartin,1628998,Cody Martin,https://cdn.nba.com/headshots/nba/latest/1040x760/1628998.png,/headshots/1628998.png,matched,exact_normalized,
Cody Williams,codywilliams,1642262,Cody Williams,https://cdn.nba.com/headshots/nba/latest/1040x760/1642262.png,/headshots/1642262.png,matched,exact_normalized,
Cody Zeller,codyzeller,203469,Cody Zeller,https://cdn.nba.com/headshots/nba/latest/1040x760/203469.png,/headshots/203469.png,matched,exact_normalized,
Cole Anthony,coleanthony,1630175,Cole Anthony,https://cdn.nba.com/headshots/nba/latest/1040x760/1630175.png,/headshots/1630175.png,matched,exact_normalized,
Colin Castleton,colincastleton,1630658,Colin Castleton,https://cdn.nba.com/headshots/nba/latest/1040x760/1630658.png,/headshots/1630658.png,matched,exact_normalized,
Collin Gillespie,collingillespie,1631221,Collin Gillespie,https://cdn.nba.com/headshots/nba/latest/1040x760/1631221.png,/headshots/1631221.png,matched,exact_normalized,
Collin Murray-Boyles,collinmurrayboyles,1642867,Collin Murray-Boyles,https://cdn.nba.com/headshots/nba/latest/1040x760/1642867.png,/headshots/1642867.png,matched,exact_normalized,
Collin Sexton,collinsexton,1629012,Collin Sexton,https://cdn.nba.com/headshots/nba/latest/1040x760/1629012.png,/headshots/1629012.png,matched,exact_normalized,
Cooper Flagg,cooperflagg,1642843,Cooper Flagg,https://cdn.nba.com/headshots/nba/latest/1040x760/1642843.png,/headshots/1642843.png,matched,exact_normalized,
Corey Brewer,coreybrewer,201147,Corey Brewer,https://cdn.nba.com/headshots/nba/latest/1040x760/201147.png,/headshots/201147.png,matched,exact_normalized,
Corey Kispert,coreykispert,1630557,Corey Kispert,https://cdn.nba.com/headshots/nba/latest/1040x760/1630557.png,/headshots/1630557.png,matched,exact_normalized,
Cory Joseph,coryjoseph,202709,Cory Joseph,https://cdn.nba.com/headshots/nba/latest/1040x760/202709.png,/headshots/202709.png,matched,exact_normalized,
Courtney Lee,courtneylee,201584,Courtney Lee,https://cdn.nba.com/headshots/nba/latest/1040x760/201584.png,/headshots/201584.png,matched,exact_normalized,
Craig Porter Jr.,craigporterjr,1641854,Craig Porter Jr.,https://cdn.nba.com/headshots/nba/latest/1040x760/1641854.png,/headshots/1641854.png,matched,exact_normalized,
Cristiano Felicio,cristianofelicio,1626245,Cristiano Felicio,https://cdn.nba.com/headshots/nba/latest/1040x760/1626245.png,/headshots/1626245.png,matched,exact_normalized,
Daeqwon Plowden,daeqwonplowden,1631342,Daeqwon Plowden,https://cdn.nba.com/headshots/nba/latest/1040x760/1631342.png,/headshots/1631342.png,matched,exact_normalized,
Daishen Nix,daishennix,1630227,Daishen Nix,https://cdn.nba.com/headshots/nba/latest/1040x760/1630227.png,/headshots/1630227.png,matched,exact_normalized,
Dalano Banton,dalanobanton,1630625,Dalano Banton,https://cdn.nba.com/headshots/nba/latest/1040x760/1630625.png,/headshots/1630625.png,matched,exact_normalized,
Dalton Knecht,daltonknecht,1642261,Dalton Knecht,https://cdn.nba.com/headshots/nba/latest/1040x760/1642261.png,/headshots/1642261.png,matched,exact_normalized,
Damian Jones,damianjones,1627745,Damian Jones,https://cdn.nba.com/headshots/nba/latest/1040x760/1627745.png,/headshots/1627745.png,matched,exact_normalized,
Damian Lillard,damianlillard,203081,Damian Lillard,https://cdn.nba.com/headshots/nba/latest/1040x760/203081.png,/headshots/203081.png,matched,exact_normalized,
Damion Lee,damionlee,1627814,Damion Lee,https://cdn.nba.com/headshots/nba/latest/1040x760/1627814.png,/headshots/1627814.png,matched,exact_normalized,
Damyean Dotson,damyeandotson,1628422,Damyean Dotson,https://cdn.nba.com/headshots/nba/latest/1040x760/1628422.png,/headshots/1628422.png,matched,exact_normalized,
D'Angelo Russell,dangelorussell,1626156,D'Angelo Russell,https://cdn.nba.com/headshots/nba/latest/1040x760/1626156.png,/headshots/1626156.png,matched,exact_normalized,
Daniel Gafford,danielgafford,1629655,Daniel Gafford,https://cdn.nba.com/headshots/nba/latest/1040x760/1629655.png,/headshots/1629655.png,matched,exact_normalized,
Daniel Theis,danieltheis,1628464,Daniel Theis,https://cdn.nba.com/headshots/nba/latest/1040x760/1628464.png,/headshots/1628464.png,matched,exact_normalized,
Danilo Gallinari,danilogallinari,201568,Danilo Gallinari,https://cdn.nba.com/headshots/nba/latest/1040x760/201568.png,/headshots/201568.png,matched,exact_normalized,
Daniss Jenkins,danissjenkins,1642450,Daniss Jenkins,https://cdn.nba.com/headshots/nba/latest/1040x760/1642450.png,/headshots/1642450.png,matched,exact_normalized,
Danny Green,dannygreen,201980,Danny Green,https://cdn.nba.com/headshots/nba/latest/1040x760/201980.png,/headshots/201980.png,matched,exact_normalized,
Danny Wolf,dannywolf,1642874,Danny Wolf,https://cdn.nba.com/headshots/nba/latest/1040x760/1642874.png,/headshots/1642874.png,matched,exact_normalized,
Dante Cunningham,dantecunningham,201967,Dante Cunningham,https://cdn.nba.com/headshots/nba/latest/1040x760/201967.png,/headshots/201967.png,matched,exact_normalized,
Dante Exum,danteexum,203957,Danté Exum,https://cdn.nba.com/headshots/nba/latest/1040x760/203957.png,/headshots/203957.png,matched,exact_normalized,
Danuel House Jr.,danuelhousejr,1627863,Danuel House Jr.,https://cdn.nba.com/headshots/nba/latest/1040x760/1627863.png,/headshots/1627863.png,matched,exact_normalized,
DaQuan Jeffries,daquanjeffries,1629610,DaQuan Jeffries,https://cdn.nba.com/headshots/nba/latest/1040x760/1629610.png,/headshots/1629610.png,matched,exact_normalized,
Dario Saric,dariosaric,203967,Dario Šarić,https://cdn.nba.com/headshots/nba/latest/1040x760/203967.png,/headshots/203967.png,matched,exact_normalized,
Darius Bazley,dariusbazley,1629647,Darius Bazley,https://cdn.nba.com/headshots/nba/latest/1040x760/1629647.png,/headshots/1629647.png,matched,exact_normalized,
Darius Garland,dariusgarland,1629636,Darius Garland,https://cdn.nba.com/headshots/nba/latest/1040x760/1629636.png,/headshots/1629636.png,matched,exact_normalized,
Darius Miller,dariusmiller,203121,Darius Miller,https://cdn.nba.com/headshots/nba/latest/1040x760/203121.png,/headshots/203121.png,matched,exact_normalized,
Darrell Arthur,darrellarthur,201589,Darrell Arthur,https://cdn.nba.com/headshots/nba/latest/1040x760/201589.png,/headshots/201589.png,matched,exact_normalized,
Darren Collison,darrencollison,201954,Darren Collison,https://cdn.nba.com/headshots/nba/latest/1040x760/201954.png,/headshots/201954.png,matched,exact_normalized,
David Lee,davidlee,101135,David Lee,https://cdn.nba.com/headshots/nba/latest/1040x760/101135.png,/headshots/101135.png,matched,exact_normalized,
David Nwaba,davidnwaba,1628021,David Nwaba,https://cdn.nba.com/headshots/nba/latest/1040x760/1628021.png,/headshots/1628021.png,matched,exact_normalized,
David Roddy,davidroddy,1631223,David Roddy,https://cdn.nba.com/headshots/nba/latest/1040x760/1631223.png,/headshots/1631223.png,matched,exact_normalized,
Davion Mitchell,davionmitchell,1630558,Davion Mitchell,https://cdn.nba.com/headshots/nba/latest/1040x760/1630558.png,/headshots/1630558.png,matched,exact_normalized,
Davis Bertans,davisbertans,202722,Davis Bertans,https://cdn.nba.com/headshots/nba/latest/1040x760/202722.png,/headshots/202722.png,matched,exact_normalized,
Day'Ron Sharpe,dayronsharpe,1630549,Day'Ron Sharpe,https://cdn.nba.com/headshots/nba/latest/1040x760/1630549.png,/headshots/1630549.png,matched,exact_normalized,
De'Aaron Fox,deaaronfox,1628368,De'Aaron Fox,https://cdn.nba.com/headshots/nba/latest/1040x760/1628368.png,/headshots/1628368.png,matched,exact_normalized,
Deandre Ayton,deandreayton,1629028,Deandre Ayton,https://cdn.nba.com/headshots/nba/latest/1040x760/1629028.png,/headshots/1629028.png,matched,exact_normalized,
DeAndre' Bembry,deandrebembry,1627761,DeAndre' Bembry,https://cdn.nba.com/headshots/nba/latest/1040x760/1627761.png,/headshots/1627761.png,matched,exact_normalized,
De'Andre Hunter,deandrehunter,1629631,De'Andre Hunter,https://cdn.nba.com/headshots/nba/latest/1040x760/1629631.png,/headshots/1629631.png,matched,exact_normalized,
DeAndre Jordan,deandrejordan,201599,DeAndre Jordan,https://cdn.nba.com/headshots/nba/latest/1040x760/201599.png,/headshots/201599.png,matched,exact_normalized,
De'Anthony Melton,deanthonymelton,1629001,De'Anthony Melton,https://cdn.nba.com/headshots/nba/latest/1040x760/1629001.png,/headshots/1629001.png,matched,exact_normalized,
Dean Wade,deanwade,1629731,Dean Wade,https://cdn.nba.com/headshots/nba/latest/1040x760/1629731.png,/headshots/1629731.png,matched,exact_normalized,
Dejounte Murray,dejountemurray,1627749,Dejounte Murray,https://cdn.nba.com/headshots/nba/latest/1040x760/1627749.png,/headshots/1627749.png,matched,exact_normalized,
Delon Wright,delonwright,1626153,Delon Wright,https://cdn.nba.com/headshots/nba/latest/1040x760/1626153.png,/headshots/1626153.png,matched,exact_normalized,
DeMarcus Cousins,demarcuscousins,202326,DeMarcus Cousins,https://cdn.nba.com/headshots/nba/latest/1040x760/202326.png,/headshots/202326.png,matched,exact_normalized,
DeMar DeRozan,demarderozan,201942,DeMar DeRozan,https://cdn.nba.com/headshots/nba/latest/1040x760/201942.png,/headshots/201942.png,matched,exact_normalized,
DeMarre Carroll,demarrecarroll,201960,DeMarre Carroll,https://cdn.nba.com/headshots/nba/latest/1040x760/201960.png,/headshots/201960.png,matched,exact_normalized,
Deni Avdija,deniavdija,1630166,Deni Avdija,https://cdn.nba.com/headshots/nba/latest/1040x760/1630166.png,/headshots/1630166.png,matched,exact_normalized,
Dennis Schroder,dennisschroder,203471,Dennis Schröder,https://cdn.nba.com/headshots/nba/latest/1040x760/203471.png,/headshots/203471.png,matched,exact_normalized,
Dennis Smith Jr.,dennissmithjr,1628372,Dennis Smith Jr.,https://cdn.nba.com/headshots/nba/latest/1040x760/1628372.png,/headshots/1628372.png,matched,manual_alias,
Denzel Valentine,denzelvalentine,1627756,Denzel Valentine,https://cdn.nba.com/headshots/nba/latest/1040x760/1627756.png,/headshots/1627756.png,matched,exact_normalized,
Dereck Lively II,derecklivelyii,1641726,Dereck Lively II,https://cdn.nba.com/headshots/nba/latest/1040x760/1641726.png,/headshots/1641726.png,matched,manual_alias,
Derik Queen,derikqueen,1642852,Derik Queen,https://cdn.nba.com/headshots/nba/latest/1040x760/1642852.png,/headshots/1642852.png,matched,exact_normalized,
Deron Williams,deronwilliams,101114,Deron Williams,https://cdn.nba.com/headshots/nba/latest/1040x760/101114.png,/headshots/101114.png,matched,exact_normalized,
Derrick Favors,derrickfavors,202324,Derrick Favors,https://cdn.nba.com/headshots/nba/latest/1040x760/202324.png,/headshots/202324.png,matched,exact_normalized,
Derrick Jones Jr.,derrickjonesjr,1627884,Derrick Jones Jr.,https://cdn.nba.com/headshots/nba/latest/1040x760/1627884.png,/headshots/1627884.png,matched,manual_alias,
Derrick Rose,derrickrose,201565,Derrick Rose,https://cdn.nba.com/headshots/nba/latest/1040x760/201565.png,/headshots/201565.png,matched,exact_normalized,
Derrick White,derrickwhite,1628401,Derrick White,https://cdn.nba.com/headshots/nba/latest/1040x760/1628401.png,/headshots/1628401.png,matched,exact_normalized,
Derrick Williams,derrickwilliams,202682,Derrick Williams,https://cdn.nba.com/headshots/nba/latest/1040x760/202682.png,/headshots/202682.png,matched,exact_normalized,
Desmond Bane,desmondbane,1630217,Desmond Bane,https://cdn.nba.com/headshots/nba/latest/1040x760/1630217.png,/headshots/1630217.png,matched,exact_normalized,
Devin Booker,devinbooker,1626164,Devin Booker,https://cdn.nba.com/headshots/nba/latest/1040x760/1626164.png,/headshots/1626164.png,matched,exact_normalized,
Devin Carter,devincarter,1642269,Devin Carter,https://cdn.nba.com/headshots/nba/latest/1040x760/1642269.png,/headshots/1642269.png,matched,exact_normalized,
Devin Harris,devinharris,2734,Devin Harris,https://cdn.nba.com/headshots/nba/latest/1040x760/2734.png,/headshots/2734.png,matched,exact_normalized,
Devin Vassell,devinvassell,1630170,Devin Vassell,https://cdn.nba.com/headshots/nba/latest/1040x760/1630170.png,/headshots/1630170.png,matched,exact_normalized,
Devonte' Graham,devontegraham,1628984,Devonte' Graham,https://cdn.nba.com/headshots/nba/latest/1040x760/1628984.png,/headshots/1628984.png,matched,exact_normalized,
Dewayne Dedmon,dewaynededmon,203473,Dewayne Dedmon,https://cdn.nba.com/headshots/nba/latest/1040x760/203473.png,/headshots/203473.png,matched,exact_normalized,
Deyonta Davis,deyontadavis,1627738,Deyonta Davis,https://cdn.nba.com/headshots/nba/latest/1040x760/1627738.png,/headshots/1627738.png,matched,exact_normalized,
Dillon Brooks,dillonbrooks,1628415,Dillon Brooks,https://cdn.nba.com/headshots/nba/latest/1040x760/1628415.png,/headshots/1628415.png,matched,exact_normalized,
Dion Waiters,dionwaiters,203079,Dion Waiters,https://cdn.nba.com/headshots/nba/latest/1040x760/203079.png,/headshots/203079.png,matched,exact_normalized,
Dirk Nowitzki,dirknowitzki,1717,Dirk Nowitzki,https://cdn.nba.com/headshots/nba/latest/1040x760/1717.png,/headshots/1717.png,matched,exact_normalized,
D.J. Augustin,djaugustin,201571,D.J. Augustin,https://cdn.nba.com/headshots/nba/latest/1040x760/201571.png,/headshots/201571.png,matched,exact_normalized,
D.J. Wilson,djwilson,1628391,D.J. Wilson,https://cdn.nba.com/headshots/nba/latest/1040x760/1628391.png,/headshots/1628391.png,matched,exact_normalized,
Domantas Sabonis,domantassabonis,1627734,Domantas Sabonis,https://cdn.nba.com/headshots/nba/latest/1040x760/1627734.png,/headshots/1627734.png,matched,exact_normalized,
Dominick Barlow,dominickbarlow,1631230,Dominick Barlow,https://cdn.nba.com/headshots/nba/latest/1040x760/1631230.png,/headshots/1631230.png,matched,exact_normalized,
Donovan Clingan,donovanclingan,1642270,Donovan Clingan,https://cdn.nba.com/headshots/nba/latest/1040x760/1642270.png,/headshots/1642270.png,matched,exact_normalized,
Donovan Mitchell,donovanmitchell,1628378,Donovan Mitchell,https://cdn.nba.com/headshots/nba/latest/1040x760/1628378.png,/headshots/1628378.png,matched,exact_normalized,
Donte DiVincenzo,dontedivincenzo,1628978,Donte DiVincenzo,https://cdn.nba.com/headshots/nba/latest/1040x760/1628978.png,/headshots/1628978.png,matched,exact_normalized,
Dorian Finney-Smith,dorianfinneysmith,1627827,Dorian Finney-Smith,https://cdn.nba.com/headshots/nba/latest/1040x760/1627827.png,/headshots/1627827.png,matched,exact_normalized,
Doug McDermott,dougmcdermott,203926,Doug McDermott,https://cdn.nba.com/headshots/nba/latest/1040x760/203926.png,/headshots/203926.png,matched,exact_normalized,
Dragan Bender,draganbender,1627733,Dragan Bender,https://cdn.nba.com/headshots/nba/latest/1040x760/1627733.png,/headshots/1627733.png,matched,exact_normalized,
Drake Powell,drakepowell,1642962,Drake Powell,https://cdn.nba.com/headshots/nba/latest/1040x760/1642962.png,/headshots/1642962.png,matched,exact_normalized,
Draymond Green,draymondgreen,203110,Draymond Green,https://cdn.nba.com/headshots/nba/latest/1040x760/203110.png,/headshots/203110.png,matched,exact_normalized,
Drew Eubanks,dreweubanks,1629234,Drew Eubanks,https://cdn.nba.com/headshots/nba/latest/1040x760/1629234.png,/headshots/1629234.png,matched,exact_normalized,
Dru Smith,drusmith,1630696,Dru Smith,https://cdn.nba.com/headshots/nba/latest/1040x760/1630696.png,/headshots/1630696.png,matched,exact_normalized,
Duane Washington Jr.,duanewashingtonjr,1630613,Duane Washington Jr.,https://cdn.nba.com/headshots/nba/latest/1040x760/1630613.png,/headshots/1630613.png,matched,exact_normalized,
Duncan Robinson,duncanrobinson,1629130,Duncan Robinson,https://cdn.nba.com/headshots/nba/latest/1040x760/1629130.png,/headshots/1629130.png,matched,exact_normalized,
Duop Reath,duopreath,1641871,Duop Reath,https://cdn.nba.com/headshots/nba/latest/1040x760/1641871.png,/headshots/1641871.png,matched,exact_normalized,
Dwayne Bacon,dwaynebacon,1628407,Dwayne Bacon,https://cdn.nba.com/headshots/nba/latest/1040x760/1628407.png,/headshots/1628407.png,matched,exact_normalized,
Dwight Howard,dwighthoward,2730,Dwight Howard,https://cdn.nba.com/headshots/nba/latest/1040x760/2730.png,/headshots/2730.png,matched,exact_normalized,
Dwight Powell,dwightpowell,203939,Dwight Powell,https://cdn.nba.com/headshots/nba/latest/1040x760/203939.png,/headshots/203939.png,matched,exact_normalized,
Dwyane Wade,dwyanewade,2548,Dwyane Wade,https://cdn.nba.com/headshots/nba/latest/1040x760/2548.png,/headshots/2548.png,matched,exact_normalized,
Dylan Cardwell,dylancardwell,1642928,Dylan Cardwell,https://cdn.nba.com/headshots/nba/latest/1040x760/1642928.png,/headshots/1642928.png,matched,exact_normalized,
Dylan Harper,dylanharper,1642844,Dylan Harper,https://cdn.nba.com/headshots/nba/latest/1040x760/1642844.png,/headshots/1642844.png,matched,exact_normalized,
Dylan Windler,dylanwindler,1629685,Dylan Windler,https://cdn.nba.com/headshots/nba/latest/1040x760/1629685.png,/headshots/1629685.png,matched,exact_normalized,
Dyson Daniels,dysondaniels,1630700,Dyson Daniels,https://cdn.nba.com/headshots/nba/latest/1040x760/1630700.png,/headshots/1630700.png,matched,exact_normalized,
Ed Davis,eddavis,202334,Ed Davis,https://cdn.nba.com/headshots/nba/latest/1040x760/202334.png,/headshots/202334.png,matched,exact_normalized,
Edmond Sumner,edmondsumner,1628410,Edmond Sumner,https://cdn.nba.com/headshots/nba/latest/1040x760/1628410.png,/headshots/1628410.png,matched,exact_normalized,
Egor Demin,egordemin,1642856,Egor Dëmin,https://cdn.nba.com/headshots/nba/latest/1040x760/1642856.png,/headshots/1642856.png,matched,exact_normalized,
Elfrid Payton,elfridpayton,203901,Elfrid Payton,https://cdn.nba.com/headshots/nba/latest/1040x760/203901.png,/headshots/203901.png,matched,exact_normalized,
Elie Okobo,elieokobo,1629059,Elie Okobo,https://cdn.nba.com/headshots/nba/latest/1040x760/1629059.png,/headshots/1629059.png,matched,exact_normalized,
Elijah Harkless,elijahharkless,1641989,Elijah Harkless,https://cdn.nba.com/headshots/nba/latest/1040x760/1641989.png,/headshots/1641989.png,matched,exact_normalized,
Emmanuel Mudiay,emmanuelmudiay,1626144,Emmanuel Mudiay,https://cdn.nba.com/headshots/nba/latest/1040x760/1626144.png,/headshots/1626144.png,matched,exact_normalized,
Enes Freedom,enesfreedom,202683,Enes Kanter,https://cdn.nba.com/headshots/nba/latest/1040x760/202683.png,/headshots/202683.png,matched,manual_person_id,
Eric Bledsoe,ericbledsoe,202339,Eric Bledsoe,https://cdn.nba.com/headshots/nba/latest/1040x760/202339.png,/headshots/202339.png,matched,exact_normalized,
Eric Gordon,ericgordon,201569,Eric Gordon,https://cdn.nba.com/headshots/nba/latest/1040x760/201569.png,/headshots/201569.png,matched,exact_normalized,
Eric Paschall,ericpaschall,1629672,Eric Paschall,https://cdn.nba.com/headshots/nba/latest/1040x760/1629672.png,/headshots/1629672.png,matched,exact_normalized,
Ersan Ilyasova,ersanilyasova,101141,Ersan Ilyasova,https://cdn.nba.com/headshots/nba/latest/1040x760/101141.png,/headshots/101141.png,matched,exact_normalized,
Ethan Thompson,ethanthompson,1630679,Ethan Thompson,https://cdn.nba.com/headshots/nba/latest/1040x760/1630679.png,/headshots/1630679.png,matched,exact_normalized,
E'Twaun Moore,etwaunmoore,202734,E'Twaun Moore,https://cdn.nba.com/headshots/nba/latest/1040x760/202734.png,/headshots/202734.png,matched,exact_normalized,
Eugene Omoruyi,eugeneomoruyi,1630647,Eugene Omoruyi,https://cdn.nba.com/headshots/nba/latest/1040x760/1630647.png,/headshots/1630647.png,matched,exact_normalized,
Evan Fournier,evanfournier,203095,Evan Fournier,https://cdn.nba.com/headshots/nba/latest/1040x760/203095.png,/headshots/203095.png,matched,exact_normalized,
Evan Mobley,evanmobley,1630596,Evan Mobley,https://cdn.nba.com/headshots/nba/latest/1040x760/1630596.png,/headshots/1630596.png,matched,exact_normalized,
Evan Turner,evanturner,202323,Evan Turner,https://cdn.nba.com/headshots/nba/latest/1040x760/202323.png,/headshots/202323.png,matched,exact_normalized,
Facundo Campazzo,facundocampazzo,1630267,Facundo Campazzo,https://cdn.nba.com/headshots/nba/latest/1040x760/1630267.png,/headshots/1630267.png,matched,exact_normalized,
Frank Jackson,frankjackson,1628402,Frank Jackson,https://cdn.nba.com/headshots/nba/latest/1040x760/1628402.png,/headshots/1628402.png,matched,exact_normalized,
Frank Kaminsky,frankkaminsky,1626163,Frank Kaminsky,https://cdn.nba.com/headshots/nba/latest/1040x760/1626163.png,/headshots/1626163.png,matched,exact_normalized,
Frank Mason,frankmason,1628412,Frank Mason III,https://cdn.nba.com/headshots/nba/latest/1040x760/1628412.png,/headshots/1628412.png,matched,manual_alias,
Frank Ntilikina,frankntilikina,1628373,Frank Ntilikina,https://cdn.nba.com/headshots/nba/latest/1040x760/1628373.png,/headshots/1628373.png,matched,exact_normalized,
Franz Wagner,franzwagner,1630532,Franz Wagner,https://cdn.nba.com/headshots/nba/latest/1040x760/1630532.png,/headshots/1630532.png,matched,exact_normalized,
Fred VanVleet,fredvanvleet,1627832,Fred VanVleet,https://cdn.nba.com/headshots/nba/latest/1040x760/1627832.png,/headshots/1627832.png,matched,exact_normalized,
Furkan Korkmaz,furkankorkmaz,1627788,Furkan Korkmaz,https://cdn.nba.com/headshots/nba/latest/1040x760/1627788.png,/headshots/1627788.png,matched,exact_normalized,
Gabe Vincent,gabevincent,1629216,Gabe Vincent,https://cdn.nba.com/headshots/nba/latest/1040x760/1629216.png,/headshots/1629216.png,matched,exact_normalized,
Garrett Temple,garretttemple,202066,Garrett Temple,https://cdn.nba.com/headshots/nba/latest/1040x760/202066.png,/headshots/202066.png,matched,exact_normalized,
Garrison Mathews,garrisonmathews,1629726,Garrison Mathews,https://cdn.nba.com/headshots/nba/latest/1040x760/1629726.png,/headshots/1629726.png,matched,exact_normalized,
Gary Clark,garyclark,1629109,Gary Clark,https://cdn.nba.com/headshots/nba/latest/1040x760/1629109.png,/headshots/1629109.png,matched,exact_normalized,
Gary Harris,garyharris,203914,Gary Harris,https://cdn.nba.com/headshots/nba/latest/1040x760/203914.png,/headshots/203914.png,matched,exact_normalized,
Gary Payton II,garypaytonii,1627780,Gary Payton II,https://cdn.nba.com/headshots/nba/latest/1040x760/1627780.png,/headshots/1627780.png,matched,exact_normalized,
Gary Trent Jr.,garytrentjr,1629018,Gary Trent Jr.,https://cdn.nba.com/headshots/nba/latest/1040x760/1629018.png,/headshots/1629018.png,matched,manual_alias,
George Hill,georgehill,201588,George Hill,https://cdn.nba.com/headshots/nba/latest/1040x760/201588.png,/headshots/201588.png,matched,exact_normalized,
Georges Niang,georgesniang,1627777,Georges Niang,https://cdn.nba.com/headshots/nba/latest/1040x760/1627777.png,/headshots/1627777.png,matched,exact_normalized,
Gerald Green,geraldgreen,101123,Gerald Green,https://cdn.nba.com/headshots/nba/latest/1040x760/101123.png,/headshots/101123.png,matched,exact_normalized,
Gerald Henderson,geraldhenderson,76993,Gerald Henderson,https://cdn.nba.com/headshots/nba/latest/1040x760/76993.png,/headshots/76993.png,matched,exact_normalized,
GG Jackson,ggjackson,1641713,GG Jackson,https://cdn.nba.com/headshots/nba/latest/1040x760/1641713.png,/headshots/1641713.png,matched,exact_normalized,
Giannis Antetokounmpo,giannisantetokounmpo,203507,Giannis Antetokounmpo,https://cdn.nba.com/headshots/nba/latest/1040x760/203507.png,/headshots/203507.png,matched,exact_normalized,
Glenn Robinson III,glennrobinsoniii,203922,Glenn Robinson III,https://cdn.nba.com/headshots/nba/latest/1040x760/203922.png,/headshots/203922.png,matched,exact_normalized,
Goga Bitadze,gogabitadze,1629048,Goga Bitadze,https://cdn.nba.com/headshots/nba/latest/1040x760/1629048.png,/headshots/1629048.png,matched,exact_normalized,
Goran Dragic,gorandragic,201609,Goran Dragic,https://cdn.nba.com/headshots/nba/latest/1040x760/201609.png,/headshots/201609.png,matched,exact_normalized,
Gordon Hayward,gordonhayward,202330,Gordon Hayward,https://cdn.nba.com/headshots/nba/latest/1040x760/202330.png,/headshots/202330.png,matched,exact_normalized,
Gorgui Dieng,gorguidieng,203476,Gorgui Dieng,https://cdn.nba.com/headshots/nba/latest/1040x760/203476.png,/headshots/203476.png,matched,exact_normalized,
Gradey Dick,gradeydick,1641711,Gradey Dick,https://cdn.nba.com/headshots/nba/latest/1040x760/1641711.png,/headshots/1641711.png,matched,exact_normalized,
Grant Williams,grantwilliams,1629684,Grant Williams,https://cdn.nba.com/headshots/nba/latest/1040x760/1629684.png,/headshots/1629684.png,matched,exact_normalized,
Grayson Allen,graysonallen,1628960,Grayson Allen,https://cdn.nba.com/headshots/nba/latest/1040x760/1628960.png,/headshots/1628960.png,matched,exact_normalized,
Greg Monroe,gregmonroe,202328,Greg Monroe,https://cdn.nba.com/headshots/nba/latest/1040x760/202328.png,/headshots/202328.png,matched,exact_normalized,
Guerschon Yabusele,guerschonyabusele,1627824,Guerschon Yabusele,https://cdn.nba.com/headshots/nba/latest/1040x760/1627824.png,/headshots/1627824.png,matched,exact_normalized,
Gui Santos,guisantos,1630611,Gui Santos,https://cdn.nba.com/headshots/nba/latest/1040x760/1630611.png,/headshots/1630611.png,matched,exact_normalized,
Hamidou Diallo,hamidoudiallo,1628977,Hamidou Diallo,https://cdn.nba.com/headshots/nba/latest/1040x760/1628977.png,/headshots/1628977.png,matched,exact_normalized,
Harrison Barnes,harrisonbarnes,203084,Harrison Barnes,https://cdn.nba.com/headshots/nba/latest/1040x760/203084.png,/headshots/203084.png,matched,exact_normalized,
Hassan Whiteside,hassanwhiteside,202355,Hassan Whiteside,https://cdn.nba.com/headshots/nba/latest/1040x760/202355.png,/headshots/202355.png,matched,exact_normalized,
Haywood Highsmith,haywoodhighsmith,1629312,Haywood Highsmith,https://cdn.nba.com/headshots/nba/latest/1040x760/1629312.png,/headshots/1629312.png,matched,exact_normalized,
Herbert Jones,herbertjones,1630529,Herbert Jones,https://cdn.nba.com/headshots/nba/latest/1040x760/1630529.png,/headshots/1630529.png,matched,exact_normalized,
Hollis Thompson,hollisthompson,203138,Hollis Thompson,https://cdn.nba.com/headshots/nba/latest/1040x760/203138.png,/headshots/203138.png,matched,exact_normalized,
Ian Clark,ianclark,203546,Ian Clark,https://cdn.nba.com/headshots/nba/latest/1040x760/203546.png,/headshots/203546.png,matched,exact_normalized,
Ian Mahinmi,ianmahinmi,101133,Ian Mahinmi,https://cdn.nba.com/headshots/nba/latest/1040x760/101133.png,/headshots/101133.png,matched,exact_normalized,
Iman Shumpert,imanshumpert,202697,Iman Shumpert,https://cdn.nba.com/headshots/nba/latest/1040x760/202697.png,/headshots/202697.png,matched,exact_normalized,
Immanuel Quickley,immanuelquickley,1630193,Immanuel Quickley,https://cdn.nba.com/headshots/nba/latest/1040x760/1630193.png,/headshots/1630193.png,matched,exact_normalized,
Isaac Bonga,isaacbonga,1629067,Isaac Bonga,https://cdn.nba.com/headshots/nba/latest/1040x760/1629067.png,/headshots/1629067.png,matched,exact_normalized,
Isaac Okoro,isaacokoro,1630171,Isaac Okoro,https://cdn.nba.com/headshots/nba/latest/1040x760/1630171.png,/headshots/1630171.png,matched,exact_normalized,
Isaiah Canaan,isaiahcanaan,203477,Isaiah Canaan,https://cdn.nba.com/headshots/nba/latest/1040x760/203477.png,/headshots/203477.png,matched,exact_normalized,
Isaiah Collier,isaiahcollier,1642268,Isaiah Collier,https://cdn.nba.com/headshots/nba/latest/1040x760/1642268.png,/headshots/1642268.png,matched,exact_normalized,
Isaiah Hartenstein,isaiahhartenstein,1628392,Isaiah Hartenstein,https://cdn.nba.com/headshots/nba/latest/1040x760/1628392.png,/headshots/1628392.png,matched,exact_normalized,
Isaiah Jackson,isaiahjackson,1630543,Isaiah Jackson,https://cdn.nba.com/headshots/nba/latest/1040x760/1630543.png,/headshots/1630543.png,matched,exact_normalized,
Isaiah Joe,isaiahjoe,1630198,Isaiah Joe,https://cdn.nba.com/headshots/nba/latest/1040x760/1630198.png,/headshots/1630198.png,matched,exact_normalized,
Isaiah Livers,isaiahlivers,1630587,Isaiah Livers,https://cdn.nba.com/headshots/nba/latest/1040x760/1630587.png,/headshots/1630587.png,matched,exact_normalized,
Isaiah Roby,isaiahroby,1629676,Isaiah Roby,https://cdn.nba.com/headshots/nba/latest/1040x760/1629676.png,/headshots/1629676.png,matched,exact_normalized,
Isaiah Stewart,isaiahstewart,1630191,Isaiah Stewart,https://cdn.nba.com/headshots/nba/latest/1040x760/1630191.png,/headshots/1630191.png,matched,exact_normalized,
Isaiah Taylor,isaiahtaylor,1627819,Isaiah Taylor,https://cdn.nba.com/headshots/nba/latest/1040x760/1627819.png,/headshots/1627819.png,matched,exact_normalized,
Isaiah Thomas,isaiahthomas,202738,Isaiah Thomas,https://cdn.nba.com/headshots/nba/latest/1040x760/202738.png,/headshots/202738.png,matched,exact_normalized,
Isaiah Whitehead,isaiahwhitehead,1627785,Isaiah Whitehead,https://cdn.nba.com/headshots/nba/latest/1040x760/1627785.png,/headshots/1627785.png,matched,exact_normalized,
Ish Smith,ishsmith,202397,Ish Smith,https://cdn.nba.com/headshots/nba/latest/1040x760/202397.png,/headshots/202397.png,matched,exact_normalized,
Ish Wainright,ishwainright,1630688,Ish Wainright,https://cdn.nba.com/headshots/nba/latest/1040x760/1630688.png,/headshots/1630688.png,matched,exact_normalized,
Ivica Zubac,ivicazubac,1627826,Ivica Zubac,https://cdn.nba.com/headshots/nba/latest/1040x760/1627826.png,/headshots/1627826.png,matched,exact_normalized,
Jabari Parker,jabariparker,203953,Jabari Parker,https://cdn.nba.com/headshots/nba/latest/1040x760/203953.png,/headshots/203953.png,matched,exact_normalized,
Jabari Smith Jr.,jabarismithjr,1631095,Jabari Smith Jr.,https://cdn.nba.com/headshots/nba/latest/1040x760/1631095.png,/headshots/1631095.png,matched,manual_alias,
Jabari Walker,jabariwalker,1631133,Jabari Walker,https://cdn.nba.com/headshots/nba/latest/1040x760/1631133.png,/headshots/1631133.png,matched,exact_normalized,
Jacob Gilyard,jacobgilyard,1631367,Jacob Gilyard,https://cdn.nba.com/headshots/nba/latest/1040x760/1631367.png,/headshots/1631367.png,matched,exact_normalized,
Jaden Hardy,jadenhardy,1630702,Jaden Hardy,https://cdn.nba.com/headshots/nba/latest/1040x760/1630702.png,/headshots/1630702.png,matched,exact_normalized,
Jaden Ivey,jadenivey,1631093,Jaden Ivey,https://cdn.nba.com/headshots/nba/latest/1040x760/1631093.png,/headshots/1631093.png,matched,exact_normalized,
Jaden McDaniels,jadenmcdaniels,1630183,Jaden McDaniels,https://cdn.nba.com/headshots/nba/latest/1040x760/1630183.png,/headshots/1630183.png,matched,exact_normalized,
Jae Crowder,jaecrowder,203109,Jae Crowder,https://cdn.nba.com/headshots/nba/latest/1040x760/203109.png,/headshots/203109.png,matched,exact_normalized,
Jae'Sean Tate,jaeseantate,1630256,Jae'Sean Tate,https://cdn.nba.com/headshots/nba/latest/1040x760/1630256.png,/headshots/1630256.png,matched,exact_normalized,
Jahlil Okafor,jahlilokafor,1626143,Jahlil Okafor,https://cdn.nba.com/headshots/nba/latest/1040x760/1626143.png,/headshots/1626143.png,matched,exact_normalized,
Jahmai Mashack,jahmaimashack,1642942,Jahmai Mashack,https://cdn.nba.com/headshots/nba/latest/1040x760/1642942.png,/headshots/1642942.png,matched,manual_person_id,
Jaime Jaquez Jr.,jaimejaquezjr,1631170,Jaime Jaquez Jr.,https://cdn.nba.com/headshots/nba/latest/1040x760/1631170.png,/headshots/1631170.png,matched,exact_normalized,
Jake LaRavia,jakelaravia,1631222,Jake LaRavia,https://cdn.nba.com/headshots/nba/latest/1040x760/1631222.png,/headshots/1631222.png,matched,exact_normalized,
Jake Layman,jakelayman,1627774,Jake Layman,https://cdn.nba.com/headshots/nba/latest/1040x760/1627774.png,/headshots/1627774.png,matched,exact_normalized,
Ja'Kobe Walter,jakobewalter,1642266,Ja'Kobe Walter,https://cdn.nba.com/headshots/nba/latest/1040x760/1642266.png,/headshots/1642266.png,matched,exact_normalized,
Jakob Poeltl,jakobpoeltl,1627751,Jakob Poeltl,https://cdn.nba.com/headshots/nba/latest/1040x760/1627751.png,/headshots/1627751.png,matched,exact_normalized,
Jalen Brunson,jalenbrunson,1628973,Jalen Brunson,https://cdn.nba.com/headshots/nba/latest/1040x760/1628973.png,/headshots/1628973.png,matched,exact_normalized,
Jalen Duren,jalenduren,1631105,Jalen Duren,https://cdn.nba.com/headshots/nba/latest/1040x760/1631105.png,/headshots/1631105.png,matched,exact_normalized,
Jalen Green,jalengreen,1630224,Jalen Green,https://cdn.nba.com/headshots/nba/latest/1040x760/1630224.png,/headshots/1630224.png,matched,exact_normalized,
Jalen Johnson,jalenjohnson,1630552,Jalen Johnson,https://cdn.nba.com/headshots/nba/latest/1040x760/1630552.png,/headshots/1630552.png,matched,exact_normalized,
Jalen McDaniels,jalenmcdaniels,1629667,Jalen McDaniels,https://cdn.nba.com/headshots/nba/latest/1040x760/1629667.png,/headshots/1629667.png,matched,exact_normalized,
Jalen Pickett,jalenpickett,1629618,Jalen Pickett,https://cdn.nba.com/headshots/nba/latest/1040x760/1629618.png,/headshots/1629618.png,matched,exact_normalized,
Jalen Smith,jalensmith,1630188,Jalen Smith,https://cdn.nba.com/headshots/nba/latest/1040x760/1630188.png,/headshots/1630188.png,matched,exact_normalized,
Jalen Suggs,jalensuggs,1630591,Jalen Suggs,https://cdn.nba.com/headshots/nba/latest/1040x760/1630591.png,/headshots/1630591.png,matched,exact_normalized,
Jalen Williams,jalenwilliams,1631114,Jalen Williams,https://cdn.nba.com/headshots/nba/latest/1040x760/1631114.png,/headshots/1631114.png,matched,exact_normalized,
Jalen Wilson,jalenwilson,1630592,Jalen Wilson,https://cdn.nba.com/headshots/nba/latest/1040x760/1630592.png,/headshots/1630592.png,matched,exact_normalized,
Jamal Crawford,jamalcrawford,2037,Jamal Crawford,https://cdn.nba.com/headshots/nba/latest/1040x760/2037.png,/headshots/2037.png,matched,exact_normalized,
Jamal Murray,jamalmurray,1627750,Jamal Murray,https://cdn.nba.com/headshots/nba/latest/1040x760/1627750.png,/headshots/1627750.png,matched,exact_normalized,
Jamal Shead,jamalshead,1642347,Jamal Shead,https://cdn.nba.com/headshots/nba/latest/1040x760/1642347.png,/headshots/1642347.png,matched,exact_normalized,
Jameer Nelson,jameernelson,2749,Jameer Nelson,https://cdn.nba.com/headshots/nba/latest/1040x760/2749.png,/headshots/2749.png,matched,exact_normalized,
James Bouknight,jamesbouknight,1630547,James Bouknight,https://cdn.nba.com/headshots/nba/latest/1040x760/1630547.png,/headshots/1630547.png,matched,exact_normalized,
James Ennis III,jamesennisiii,203516,James Ennis III,https://cdn.nba.com/headshots/nba/latest/1040x760/203516.png,/headshots/203516.png,matched,exact_normalized,
James Harden,jamesharden,201935,James Harden,https://cdn.nba.com/headshots/nba/latest/1040x760/201935.png,/headshots/201935.png,matched,exact_normalized,
James Johnson,jamesjohnson,201949,James Johnson,https://cdn.nba.com/headshots/nba/latest/1040x760/201949.png,/headshots/201949.png,matched,exact_normalized,
James Wiseman,jameswiseman,1630164,James Wiseman,https://cdn.nba.com/headshots/nba/latest/1040x760/1630164.png,/headshots/1630164.png,matched,exact_normalized,
Jamir Watkins,jamirwatkins,1642364,Jamir Watkins,https://cdn.nba.com/headshots/nba/latest/1040x760/1642364.png,/headshots/1642364.png,matched,exact_normalized,
Jamison Battle,jamisonbattle,1642419,Jamison Battle,https://cdn.nba.com/headshots/nba/latest/1040x760/1642419.png,/headshots/1642419.png,matched,exact_normalized,
Ja Morant,jamorant,1629630,Ja Morant,https://cdn.nba.com/headshots/nba/latest/1040x760/1629630.png,/headshots/1629630.png,matched,exact_normalized,
JaMychal Green,jamychalgreen,203210,JaMychal Green,https://cdn.nba.com/headshots/nba/latest/1040x760/203210.png,/headshots/203210.png,matched,exact_normalized,
Jarace Walker,jaracewalker,1641716,Jarace Walker,https://cdn.nba.com/headshots/nba/latest/1040x760/1641716.png,/headshots/1641716.png,matched,exact_normalized,
Jared Butler,jaredbutler,1630215,Jared Butler,https://cdn.nba.com/headshots/nba/latest/1040x760/1630215.png,/headshots/1630215.png,matched,exact_normalized,
Jared Dudley,jareddudley,201162,Jared Dudley,https://cdn.nba.com/headshots/nba/latest/1040x760/201162.png,/headshots/201162.png,matched,exact_normalized,
Jared McCain,jaredmccain,1642272,Jared McCain,https://cdn.nba.com/headshots/nba/latest/1040x760/1642272.png,/headshots/1642272.png,matched,exact_normalized,
Jarell Martin,jarellmartin,1626185,Jarell Martin,https://cdn.nba.com/headshots/nba/latest/1040x760/1626185.png,/headshots/1626185.png,matched,exact_normalized,
Jaren Jackson Jr.,jarenjacksonjr,1628991,Jaren Jackson Jr.,https://cdn.nba.com/headshots/nba/latest/1040x760/1628991.png,/headshots/1628991.png,matched,manual_alias,
Jaron Blossomgame,jaronblossomgame,1628417,Jaron Blossomgame,https://cdn.nba.com/headshots/nba/latest/1040x760/1628417.png,/headshots/1628417.png,matched,exact_normalized,
Jarred Vanderbilt,jarredvanderbilt,1629020,Jarred Vanderbilt,https://cdn.nba.com/headshots/nba/latest/1040x760/1629020.png,/headshots/1629020.png,matched,exact_normalized,
Jarrett Allen,jarrettallen,1628386,Jarrett Allen,https://cdn.nba.com/headshots/nba/latest/1040x760/1628386.png,/headshots/1628386.png,matched,exact_normalized,
Jarrett Culver,jarrettculver,1629633,Jarrett Culver,https://cdn.nba.com/headshots/nba/latest/1040x760/1629633.png,/headshots/1629633.png,matched,exact_normalized,
Jarrett Jack,jarrettjack,101127,Jarrett Jack,https://cdn.nba.com/headshots/nba/latest/1040x760/101127.png,/headshots/101127.png,matched,exact_normalized,
Jason Terry,jasonterry,1891,Jason Terry,https://cdn.nba.com/headshots/nba/latest/1040x760/1891.png,/headshots/1891.png,matched,exact_normalized,
JaVale McGee,javalemcgee,201580,JaVale McGee,https://cdn.nba.com/headshots/nba/latest/1040x760/201580.png,/headshots/201580.png,matched,exact_normalized,
Javon Small,javonsmall,1642914,Javon Small,https://cdn.nba.com/headshots/nba/latest/1040x760/1642914.png,/headshots/1642914.png,matched,exact_normalized,
Javonte Green,javontegreen,1629750,Javonte Green,https://cdn.nba.com/headshots/nba/latest/1040x760/1629750.png,/headshots/1629750.png,matched,exact_normalized,
Jawun Evans,jawunevans,1628393,Jawun Evans,https://cdn.nba.com/headshots/nba/latest/1040x760/1628393.png,/headshots/1628393.png,matched,exact_normalized,
Jaxson Hayes,jaxsonhayes,1629637,Jaxson Hayes,https://cdn.nba.com/headshots/nba/latest/1040x760/1629637.png,/headshots/1629637.png,matched,exact_normalized,
Jay Huff,jayhuff,1630643,Jay Huff,https://cdn.nba.com/headshots/nba/latest/1040x760/1630643.png,/headshots/1630643.png,matched,exact_normalized,
Jaylen Brown,jaylenbrown,1627759,Jaylen Brown,https://cdn.nba.com/headshots/nba/latest/1040x760/1627759.png,/headshots/1627759.png,matched,exact_normalized,
Jaylen Nowell,jaylennowell,1629669,Jaylen Nowell,https://cdn.nba.com/headshots/nba/latest/1040x760/1629669.png,/headshots/1629669.png,matched,exact_normalized,
Jaylen Wells,jaylenwells,1642377,Jaylen Wells,https://cdn.nba.com/headshots/nba/latest/1040x760/1642377.png,/headshots/1642377.png,matched,exact_normalized,
Jaylin Williams,jaylinwilliams,1631119,Jaylin Williams,https://cdn.nba.com/headshots/nba/latest/1040x760/1631119.png,/headshots/1631119.png,matched,exact_normalized,
Jaylon Tyson,jaylontyson,1642281,Jaylon Tyson,https://cdn.nba.com/headshots/nba/latest/1040x760/1642281.png,/headshots/1642281.png,matched,exact_normalized,
Jayson Tatum,jaysontatum,1628369,Jayson Tatum,https://cdn.nba.com/headshots/nba/latest/1040x760/1628369.png,/headshots/1628369.png,matched,exact_normalized,
Jeff Dowtin Jr.,jeffdowtinjr,1630288,Jeff Dowtin Jr.,https://cdn.nba.com/headshots/nba/latest/1040x760/1630288.png,/headshots/1630288.png,matched,exact_normalized,
Jeff Green,jeffgreen,201145,Jeff Green,https://cdn.nba.com/headshots/nba/latest/1040x760/201145.png,/headshots/201145.png,matched,exact_normalized,
Jeff Teague,jeffteague,201952,Jeff Teague,https://cdn.nba.com/headshots/nba/latest/1040x760/201952.png,/headshots/201952.png,matched,exact_normalized,
Jerami Grant,jeramigrant,203924,Jerami Grant,https://cdn.nba.com/headshots/nba/latest/1040x760/203924.png,/headshots/203924.png,matched,exact_normalized,
Jeremiah Fears,jeremiahfears,1642847,Jeremiah Fears,https://cdn.nba.com/headshots/nba/latest/1040x760/1642847.png,/headshots/1642847.png,matched,exact_normalized,
Jeremiah Robinson-Earl,jeremiahrobinsonearl,1630526,Jeremiah Robinson-Earl,https://cdn.nba.com/headshots/nba/latest/1040x760/1630526.png,/headshots/1630526.png,matched,exact_normalized,
Jeremy Lamb,jeremylamb,203087,Jeremy Lamb,https://cdn.nba.com/headshots/nba/latest/1040x760/203087.png,/headshots/203087.png,matched,exact_normalized,
Jeremy Lin,jeremylin,202391,Jeremy Lin,https://cdn.nba.com/headshots/nba/latest/1040x760/202391.png,/headshots/202391.png,matched,exact_normalized,
Jeremy Sochan,jeremysochan,1631110,Jeremy Sochan,https://cdn.nba.com/headshots/nba/latest/1040x760/1631110.png,/headshots/1631110.png,matched,exact_normalized,
Jerian Grant,jeriangrant,1626170,Jerian Grant,https://cdn.nba.com/headshots/nba/latest/1040x760/1626170.png,/headshots/1626170.png,matched,exact_normalized,
Jericho Sims,jerichosims,1630579,Jericho Sims,https://cdn.nba.com/headshots/nba/latest/1040x760/1630579.png,/headshots/1630579.png,matched,exact_normalized,
Jerome Robinson,jeromerobinson,1629010,Jerome Robinson,https://cdn.nba.com/headshots/nba/latest/1040x760/1629010.png,/headshots/1629010.png,matched,exact_normalized,
Jerryd Bayless,jerrydbayless,201573,Jerryd Bayless,https://cdn.nba.com/headshots/nba/latest/1040x760/201573.png,/headshots/201573.png,matched,exact_normalized,
Jevon Carter,jevoncarter,1628975,Jevon Carter,https://cdn.nba.com/headshots/nba/latest/1040x760/1628975.png,/headshots/1628975.png,matched,exact_normalized,
Jimmy Butler III,jimmybutleriii,202710,Jimmy Butler III,https://cdn.nba.com/headshots/nba/latest/1040x760/202710.png,/headshots/202710.png,matched,manual_alias,
J.J. Barea,jjbarea,200826,J.J. Barea,https://cdn.nba.com/headshots/nba/latest/1040x760/200826.png,/headshots/200826.png,matched,exact_normalized,
JJ Redick,jjredick,200755,JJ Redick,https://cdn.nba.com/headshots/nba/latest/1040x760/200755.png,/headshots/200755.png,matched,manual_alias,
Joakim Noah,joakimnoah,201149,Joakim Noah,https://cdn.nba.com/headshots/nba/latest/1040x760/201149.png,/headshots/201149.png,matched,exact_normalized,
Jock Landale,jocklandale,1629111,Jock Landale,https://cdn.nba.com/headshots/nba/latest/1040x760/1629111.png,/headshots/1629111.png,matched,exact_normalized,
Jodie Meeks,jodiemeeks,201975,Jodie Meeks,https://cdn.nba.com/headshots/nba/latest/1040x760/201975.png,/headshots/201975.png,matched,exact_normalized,
Joe Harris,joeharris,203925,Joe Harris,https://cdn.nba.com/headshots/nba/latest/1040x760/203925.png,/headshots/203925.png,matched,exact_normalized,
Joe Ingles,joeingles,204060,Joe Ingles,https://cdn.nba.com/headshots/nba/latest/1040x760/204060.png,/headshots/204060.png,matched,exact_normalized,
Joe Johnson,joejohnson,2207,Joe Johnson,https://cdn.nba.com/headshots/nba/latest/1040x760/2207.png,/headshots/2207.png,matched,exact_normalized,
Joel Embiid,joelembiid,203954,Joel Embiid,https://cdn.nba.com/headshots/nba/latest/1040x760/203954.png,/headshots/203954.png,matched,exact_normalized,
John Collins,johncollins,1628381,John Collins,https://cdn.nba.com/headshots/nba/latest/1040x760/1628381.png,/headshots/1628381.png,matched,exact_normalized,
John Henson,johnhenson,203089,John Henson,https://cdn.nba.com/headshots/nba/latest/1040x760/203089.png,/headshots/203089.png,matched,exact_normalized,
John Konchar,johnkonchar,1629723,John Konchar,https://cdn.nba.com/headshots/nba/latest/1040x760/1629723.png,/headshots/1629723.png,matched,exact_normalized,
Johnny Davis,johnnydavis,76526,Johnny Davis,https://cdn.nba.com/headshots/nba/latest/1040x760/76526.png,/headshots/76526.png,matched,exact_normalized,
Johnny Furphy,johnnyfurphy,1642277,Johnny Furphy,https://cdn.nba.com/headshots/nba/latest/1040x760/1642277.png,/headshots/1642277.png,matched,exact_normalized,
Johnny Juzang,johnnyjuzang,1630548,Johnny Juzang,https://cdn.nba.com/headshots/nba/latest/1040x760/1630548.png,/headshots/1630548.png,matched,exact_normalized,
John Wall,johnwall,202322,John Wall,https://cdn.nba.com/headshots/nba/latest/1040x760/202322.png,/headshots/202322.png,matched,exact_normalized,
Jonas Jerebko,jonasjerebko,201973,Jonas Jerebko,https://cdn.nba.com/headshots/nba/latest/1040x760/201973.png,/headshots/201973.png,matched,exact_normalized,
Jonas Valanciunas,jonasvalanciunas,202685,Jonas Valančiūnas,https://cdn.nba.com/headshots/nba/latest/1040x760/202685.png,/headshots/202685.png,matched,exact_normalized,
Jonathan Isaac,jonathanisaac,1628371,Jonathan Isaac,https://cdn.nba.com/headshots/nba/latest/1040x760/1628371.png,/headshots/1628371.png,matched,exact_normalized,
Jonathan Kuminga,jonathankuminga,1630228,Jonathan Kuminga,https://cdn.nba.com/headshots/nba/latest/1040x760/1630228.png,/headshots/1630228.png,matched,exact_normalized,
Jonathan Mogbo,jonathanmogbo,1642367,Jonathan Mogbo,https://cdn.nba.com/headshots/nba/latest/1040x760/1642367.png,/headshots/1642367.png,matched,exact_normalized,
Jonathon Simmons,jonathonsimmons,203613,Jonathon Simmons,https://cdn.nba.com/headshots/nba/latest/1040x760/203613.png,/headshots/203613.png,matched,exact_normalized,
Jon Leuer,jonleuer,202720,Jon Leuer,https://cdn.nba.com/headshots/nba/latest/1040x760/202720.png,/headshots/202720.png,matched,exact_normalized,
Jordan Clarkson,jordanclarkson,203903,Jordan Clarkson,https://cdn.nba.com/headshots/nba/latest/1040x760/203903.png,/headshots/203903.png,matched,exact_normalized,
Jordan Goodwin,jordangoodwin,1630692,Jordan Goodwin,https://cdn.nba.com/headshots/nba/latest/1040x760/1630692.png,/headshots/1630692.png,matched,exact_normalized,
Jordan Hawkins,jordanhawkins,1641722,Jordan Hawkins,https://cdn.nba.com/headshots/nba/latest/1040x760/1641722.png,/headshots/1641722.png,matched,exact_normalized,
Jordan McLaughlin,jordanmclaughlin,1629162,Jordan McLaughlin,https://cdn.nba.com/headshots/nba/latest/1040x760/1629162.png,/headshots/1629162.png,matched,exact_normalized,
Jordan McRae,jordanmcrae,203895,Jordan McRae,https://cdn.nba.com/headshots/nba/latest/1040x760/203895.png,/headshots/203895.png,matched,exact_normalized,
Jordan Miller,jordanmiller,1641757,Jordan Miller,https://cdn.nba.com/headshots/nba/latest/1040x760/1641757.png,/headshots/1641757.png,matched,exact_normalized,
Jordan Nwora,jordannwora,1629670,Jordan Nwora,https://cdn.nba.com/headshots/nba/latest/1040x760/1629670.png,/headshots/1629670.png,matched,exact_normalized,
Jordan Poole,jordanpoole,1629673,Jordan Poole,https://cdn.nba.com/headshots/nba/latest/1040x760/1629673.png,/headshots/1629673.png,matched,exact_normalized,
Jordan Walsh,jordanwalsh,1641775,Jordan Walsh,https://cdn.nba.com/headshots/nba/latest/1040x760/1641775.png,/headshots/1641775.png,matched,exact_normalized,
Jose Alvarado,josealvarado,1630631,Jose Alvarado,https://cdn.nba.com/headshots/nba/latest/1040x760/1630631.png,/headshots/1630631.png,matched,exact_normalized,
Jose Calderon,josecalderon,101181,Jose Calderon,https://cdn.nba.com/headshots/nba/latest/1040x760/101181.png,/headshots/101181.png,matched,exact_normalized,
Josh Christopher,joshchristopher,1630528,Josh Christopher,https://cdn.nba.com/headshots/nba/latest/1040x760/1630528.png,/headshots/1630528.png,matched,exact_normalized,
Josh Giddey,joshgiddey,1630581,Josh Giddey,https://cdn.nba.com/headshots/nba/latest/1040x760/1630581.png,/headshots/1630581.png,matched,exact_normalized,
Josh Green,joshgreen,1630182,Josh Green,https://cdn.nba.com/headshots/nba/latest/1040x760/1630182.png,/headshots/1630182.png,matched,exact_normalized,
Josh Hart,joshhart,1628404,Josh Hart,https://cdn.nba.com/headshots/nba/latest/1040x760/1628404.png,/headshots/1628404.png,matched,exact_normalized,
Josh Jackson,joshjackson,1628367,Josh Jackson,https://cdn.nba.com/headshots/nba/latest/1040x760/1628367.png,/headshots/1628367.png,matched,exact_normalized,
Josh Minott,joshminott,1631169,Josh Minott,https://cdn.nba.com/headshots/nba/latest/1040x760/1631169.png,/headshots/1631169.png,matched,exact_normalized,
Josh Okogie,joshokogie,1629006,Josh Okogie,https://cdn.nba.com/headshots/nba/latest/1040x760/1629006.png,/headshots/1629006.png,matched,exact_normalized,
Josh Richardson,joshrichardson,1626196,Josh Richardson,https://cdn.nba.com/headshots/nba/latest/1040x760/1626196.png,/headshots/1626196.png,matched,exact_normalized,
Joshua Primo,joshuaprimo,1630563,Joshua Primo,https://cdn.nba.com/headshots/nba/latest/1040x760/1630563.png,/headshots/1630563.png,matched,exact_normalized,
JR Smith,jrsmith,2747,JR Smith,https://cdn.nba.com/headshots/nba/latest/1040x760/2747.png,/headshots/2747.png,matched,manual_alias,
Jrue Holiday,jrueholiday,201950,Jrue Holiday,https://cdn.nba.com/headshots/nba/latest/1040x760/201950.png,/headshots/201950.png,matched,exact_normalized,
Juancho Hernangomez,juanchohernangomez,1627823,Juancho Hernangomez,https://cdn.nba.com/headshots/nba/latest/1040x760/1627823.png,/headshots/1627823.png,matched,exact_normalized,
Juan Toscano-Anderson,juantoscanoanderson,1629308,Juan Toscano-Anderson,https://cdn.nba.com/headshots/nba/latest/1040x760/1629308.png,/headshots/1629308.png,matched,exact_normalized,
Julian Champagnie,julianchampagnie,1630577,Julian Champagnie,https://cdn.nba.com/headshots/nba/latest/1040x760/1630577.png,/headshots/1630577.png,matched,exact_normalized,
Julian Strawther,julianstrawther,1631124,Julian Strawther,https://cdn.nba.com/headshots/nba/latest/1040x760/1631124.png,/headshots/1631124.png,matched,exact_normalized,
Julius Randle,juliusrandle,203944,Julius Randle,https://cdn.nba.com/headshots/nba/latest/1040x760/203944.png,/headshots/203944.png,matched,exact_normalized,
Justin Anderson,justinanderson,1626147,Justin Anderson,https://cdn.nba.com/headshots/nba/latest/1040x760/1626147.png,/headshots/1626147.png,matched,exact_normalized,
Justin Champagnie,justinchampagnie,1630551,Justin Champagnie,https://cdn.nba.com/headshots/nba/latest/1040x760/1630551.png,/headshots/1630551.png,matched,exact_normalized,
Justin Edwards,justinedwards,1642348,Justin Edwards,https://cdn.nba.com/headshots/nba/latest/1040x760/1642348.png,/headshots/1642348.png,matched,exact_normalized,
Justin Hamilton,justinhamilton,203120,Justin Hamilton,https://cdn.nba.com/headshots/nba/latest/1040x760/203120.png,/headshots/203120.png,matched,exact_normalized,
Justin Holiday,justinholiday,203200,Justin Holiday,https://cdn.nba.com/headshots/nba/latest/1040x760/203200.png,/headshots/203200.png,matched,exact_normalized,
Justin Jackson,justinjackson,1628382,Justin Jackson,https://cdn.nba.com/headshots/nba/latest/1040x760/1628382.png,/headshots/1628382.png,matched,exact_normalized,
Justise Winslow,justisewinslow,1626159,Justise Winslow,https://cdn.nba.com/headshots/nba/latest/1040x760/1626159.png,/headshots/1626159.png,matched,exact_normalized,
Jusuf Nurkic,jusufnurkic,203994,Jusuf Nurkić,https://cdn.nba.com/headshots/nba/latest/1040x760/203994.png,/headshots/203994.png,matched,exact_normalized,
Kam Jones,kamjones,1642880,Kam Jones,https://cdn.nba.com/headshots/nba/latest/1040x760/1642880.png,/headshots/1642880.png,matched,exact_normalized,
Karl-Anthony Towns,karlanthonytowns,1626157,Karl-Anthony Towns,https://cdn.nba.com/headshots/nba/latest/1040x760/1626157.png,/headshots/1626157.png,matched,exact_normalized,
Karlo Matkovic,karlomatkovic,1631255,Karlo Matković,https://cdn.nba.com/headshots/nba/latest/1040x760/1631255.png,/headshots/1631255.png,matched,exact_normalized,
Kasparas Jakucionis,kasparasjakucionis,1642857,Kasparas Jakučionis,https://cdn.nba.com/headshots/nba/latest/1040x760/1642857.png,/headshots/1642857.png,matched,exact_normalized,
Kawhi Leonard,kawhileonard,202695,Kawhi Leonard,https://cdn.nba.com/headshots/nba/latest/1040x760/202695.png,/headshots/202695.png,matched,exact_normalized,
Keaton Wallace,keatonwallace,1630811,Keaton Wallace,https://cdn.nba.com/headshots/nba/latest/1040x760/1630811.png,/headshots/1630811.png,matched,exact_normalized,
Keegan Murray,keeganmurray,1631099,Keegan Murray,https://cdn.nba.com/headshots/nba/latest/1040x760/1631099.png,/headshots/1631099.png,matched,exact_normalized,
Keifer Sykes,keifersykes,1626208,Keifer Sykes,https://cdn.nba.com/headshots/nba/latest/1040x760/1626208.png,/headshots/1626208.png,matched,exact_normalized,
Keita Bates-Diop,keitabatesdiop,1628966,Keita Bates-Diop,https://cdn.nba.com/headshots/nba/latest/1040x760/1628966.png,/headshots/1628966.png,matched,exact_normalized,
Kelan Martin,kelanmartin,1629103,Kelan Martin,https://cdn.nba.com/headshots/nba/latest/1040x760/1629103.png,/headshots/1629103.png,matched,exact_normalized,
Keldon Johnson,keldonjohnson,1629640,Keldon Johnson,https://cdn.nba.com/headshots/nba/latest/1040x760/1629640.png,/headshots/1629640.png,matched,exact_normalized,
Kel'el Ware,kelelware,1642276,Kel'el Ware,https://cdn.nba.com/headshots/nba/latest/1040x760/1642276.png,/headshots/1642276.png,matched,exact_normalized,
Kelly Olynyk,kellyolynyk,203482,Kelly Olynyk,https://cdn.nba.com/headshots/nba/latest/1040x760/203482.png,/headshots/203482.png,matched,exact_normalized,
Kelly Oubre Jr.,kellyoubrejr,1626162,Kelly Oubre Jr.,https://cdn.nba.com/headshots/nba/latest/1040x760/1626162.png,/headshots/1626162.png,matched,manual_alias,
Kemba Walker,kembawalker,202689,Kemba Walker,https://cdn.nba.com/headshots/nba/latest/1040x760/202689.png,/headshots/202689.png,matched,exact_normalized,
Kendrick Nunn,kendricknunn,1629134,Kendrick Nunn,https://cdn.nba.com/headshots/nba/latest/1040x760/1629134.png,/headshots/1629134.png,matched,exact_normalized,
Kenneth Faried,kennethfaried,202702,Kenneth Faried,https://cdn.nba.com/headshots/nba/latest/1040x760/202702.png,/headshots/202702.png,matched,exact_normalized,
Kenrich Williams,kenrichwilliams,1629026,Kenrich Williams,https://cdn.nba.com/headshots/nba/latest/1040x760/1629026.png,/headshots/1629026.png,matched,exact_normalized,
Kentavious Caldwell-Pope,kentaviouscaldwellpope,203484,Kentavious Caldwell-Pope,https://cdn.nba.com/headshots/nba/latest/1040x760/203484.png,/headshots/203484.png,matched,exact_normalized,
Kent Bazemore,kentbazemore,203145,Kent Bazemore,https://cdn.nba.com/headshots/nba/latest/1040x760/203145.png,/headshots/203145.png,matched,exact_normalized,
Keon Ellis,keonellis,1631165,Keon Ellis,https://cdn.nba.com/headshots/nba/latest/1040x760/1631165.png,/headshots/1631165.png,matched,exact_normalized,
Keon Johnson,keonjohnson,1630553,Keon Johnson,https://cdn.nba.com/headshots/nba/latest/1040x760/1630553.png,/headshots/1630553.png,matched,exact_normalized,
Kessler Edwards,kessleredwards,1630556,Kessler Edwards,https://cdn.nba.com/headshots/nba/latest/1040x760/1630556.png,/headshots/1630556.png,matched,exact_normalized,
Kevin Durant,kevindurant,201142,Kevin Durant,https://cdn.nba.com/headshots/nba/latest/1040x760/201142.png,/headshots/201142.png,matched,exact_normalized,
Kevin Huerter,kevinhuerter,1628989,Kevin Huerter,https://cdn.nba.com/headshots/nba/latest/1040x760/1628989.png,/headshots/1628989.png,matched,exact_normalized,
Kevin Knox,kevinknox,1628995,Kevin Knox II,https://cdn.nba.com/headshots/nba/latest/1040x760/1628995.png,/headshots/1628995.png,matched,manual_person_id,
Kevin Knox II,kevinknoxii,1628995,Kevin Knox II,https://cdn.nba.com/headshots/nba/latest/1040x760/1628995.png,/headshots/1628995.png,matched,manual_person_id,
Kevin Love,kevinlove,201567,Kevin Love,https://cdn.nba.com/headshots/nba/latest/1040x760/201567.png,/headshots/201567.png,matched,exact_normalized,
Kevin Porter Jr.,kevinporterjr,1629645,Kevin Porter Jr.,https://cdn.nba.com/headshots/nba/latest/1040x760/1629645.png,/headshots/1629645.png,matched,manual_alias,
Kevon Looney,kevonlooney,1626172,Kevon Looney,https://cdn.nba.com/headshots/nba/latest/1040x760/1626172.png,/headshots/1626172.png,matched,exact_normalized,
Keyonte George,keyontegeorge,1641718,Keyonte George,https://cdn.nba.com/headshots/nba/latest/1040x760/1641718.png,/headshots/1641718.png,matched,exact_normalized,
Khem Birch,khembirch,203920,Khem Birch,https://cdn.nba.com/headshots/nba/latest/1040x760/203920.png,/headshots/203920.png,matched,exact_normalized,
Khris Middleton,khrismiddleton,203114,Khris Middleton,https://cdn.nba.com/headshots/nba/latest/1040x760/203114.png,/headshots/203114.png,matched,exact_normalized,
Killian Hayes,killianhayes,1630165,Killian Hayes,https://cdn.nba.com/headshots/nba/latest/1040x760/1630165.png,/headshots/1630165.png,matched,exact_normalized,
Kira Lewis Jr.,kiralewisjr,1630184,Kira Lewis Jr.,https://cdn.nba.com/headshots/nba/latest/1040x760/1630184.png,/headshots/1630184.png,matched,exact_normalized,
KJ Martin,kjmartin,1630231,KJ Martin,https://cdn.nba.com/headshots/nba/latest/1040x760/1630231.png,/headshots/1630231.png,matched,exact_normalized,
KJ Simpson,kjsimpson,1642354,KJ Simpson,https://cdn.nba.com/headshots/nba/latest/1040x760/1642354.png,/headshots/1642354.png,matched,exact_normalized,
Klay Thompson,klaythompson,202691,Klay Thompson,https://cdn.nba.com/headshots/nba/latest/1040x760/202691.png,/headshots/202691.png,matched,exact_normalized,
Kobe Brown,kobebrown,1641738,Kobe Brown,https://cdn.nba.com/headshots/nba/latest/1040x760/1641738.png,/headshots/1641738.png,matched,exact_normalized,
Kobe Sanders,kobesanders,1642920,Kobe Sanders,https://cdn.nba.com/headshots/nba/latest/1040x760/1642920.png,/headshots/1642920.png,matched,exact_normalized,
Kobi Simmons,kobisimmons,1628424,Kobi Simmons,https://cdn.nba.com/headshots/nba/latest/1040x760/1628424.png,/headshots/1628424.png,matched,exact_normalized,
Kon Knueppel,konknueppel,1642851,Kon Knueppel,https://cdn.nba.com/headshots/nba/latest/1040x760/1642851.png,/headshots/1642851.png,matched,exact_normalized,
Kosta Koufos,kostakoufos,201585,Kosta Koufos,https://cdn.nba.com/headshots/nba/latest/1040x760/201585.png,/headshots/201585.png,matched,exact_normalized,
Kris Dunn,krisdunn,1627739,Kris Dunn,https://cdn.nba.com/headshots/nba/latest/1040x760/1627739.png,/headshots/1627739.png,matched,exact_normalized,
Kris Murray,krismurray,1631200,Kris Murray,https://cdn.nba.com/headshots/nba/latest/1040x760/1631200.png,/headshots/1631200.png,matched,exact_normalized,
Kristaps Porzingis,kristapsporzingis,204001,Kristaps Porziņģis,https://cdn.nba.com/headshots/nba/latest/1040x760/204001.png,/headshots/204001.png,matched,exact_normalized,
Ky Bowman,kybowman,1629065,Ky Bowman,https://cdn.nba.com/headshots/nba/latest/1040x760/1629065.png,/headshots/1629065.png,matched,exact_normalized,
Kyle Anderson,kyleanderson,203937,Kyle Anderson,https://cdn.nba.com/headshots/nba/latest/1040x760/203937.png,/headshots/203937.png,matched,exact_normalized,
Kyle Collinsworth,kylecollinsworth,1627858,Kyle Collinsworth,https://cdn.nba.com/headshots/nba/latest/1040x760/1627858.png,/headshots/1627858.png,matched,exact_normalized,
Kyle Filipowski,kylefilipowski,1642271,Kyle Filipowski,https://cdn.nba.com/headshots/nba/latest/1040x760/1642271.png,/headshots/1642271.png,matched,exact_normalized,
Kyle Korver,kylekorver,2594,Kyle Korver,https://cdn.nba.com/headshots/nba/latest/1040x760/2594.png,/headshots/2594.png,matched,exact_normalized,
Kyle Kuzma,kylekuzma,1628398,Kyle Kuzma,https://cdn.nba.com/headshots/nba/latest/1040x760/1628398.png,/headshots/1628398.png,matched,exact_normalized,
Kyle Lowry,kylelowry,200768,Kyle Lowry,https://cdn.nba.com/headshots/nba/latest/1040x760/200768.png,/headshots/200768.png,matched,exact_normalized,
Kyle O'Quinn,kyleoquinn,203124,Kyle O'Quinn,https://cdn.nba.com/headshots/nba/latest/1040x760/203124.png,/headshots/203124.png,matched,exact_normalized,
Kyrie Irving,kyrieirving,202681,Kyrie Irving,https://cdn.nba.com/headshots/nba/latest/1040x760/202681.png,/headshots/202681.png,matched,exact_normalized,
Kyshawn George,kyshawngeorge,1642273,Kyshawn George,https://cdn.nba.com/headshots/nba/latest/1040x760/1642273.png,/headshots/1642273.png,matched,exact_normalized,
LaMarcus Aldridge,lamarcusaldridge,200746,LaMarcus Aldridge,https://cdn.nba.com/headshots/nba/latest/1040x760/200746.png,/headshots/200746.png,matched,exact_normalized,
Lamar Stevens,lamarstevens,1630205,Lamar Stevens,https://cdn.nba.com/headshots/nba/latest/1040x760/1630205.png,/headshots/1630205.png,matched,exact_normalized,
LaMelo Ball,lameloball,1630163,LaMelo Ball,https://cdn.nba.com/headshots/nba/latest/1040x760/1630163.png,/headshots/1630163.png,matched,exact_normalized,
Lance Stephenson,lancestephenson,202362,Lance Stephenson,https://cdn.nba.com/headshots/nba/latest/1040x760/202362.png,/headshots/202362.png,matched,exact_normalized,
Lance Thomas,lancethomas,202498,Lance Thomas,https://cdn.nba.com/headshots/nba/latest/1040x760/202498.png,/headshots/202498.png,matched,exact_normalized,
Landry Shamet,landryshamet,1629013,Landry Shamet,https://cdn.nba.com/headshots/nba/latest/1040x760/1629013.png,/headshots/1629013.png,matched,exact_normalized,
Langston Galloway,langstongalloway,204038,Langston Galloway,https://cdn.nba.com/headshots/nba/latest/1040x760/204038.png,/headshots/204038.png,matched,exact_normalized,
Larry Nance Jr.,larrynancejr,1626204,Larry Nance Jr.,https://cdn.nba.com/headshots/nba/latest/1040x760/1626204.png,/headshots/1626204.png,matched,manual_alias,
Lauri Markkanen,laurimarkkanen,1628374,Lauri Markkanen,https://cdn.nba.com/headshots/nba/latest/1040x760/1628374.png,/headshots/1628374.png,matched,exact_normalized,
LeBron James,lebronjames,2544,LeBron James,https://cdn.nba.com/headshots/nba/latest/1040x760/2544.png,/headshots/2544.png,matched,exact_normalized,
Leonard Miller,leonardmiller,1631159,Leonard Miller,https://cdn.nba.com/headshots/nba/latest/1040x760/1631159.png,/headshots/1631159.png,matched,exact_normalized,
Lonnie Walker IV,lonniewalkeriv,1629022,Lonnie Walker IV,https://cdn.nba.com/headshots/nba/latest/1040x760/1629022.png,/headshots/1629022.png,matched,manual_alias,
Lonzo Ball,lonzoball,1628366,Lonzo Ball,https://cdn.nba.com/headshots/nba/latest/1040x760/1628366.png,/headshots/1628366.png,matched,exact_normalized,
Lou Williams,louwilliams,101150,Lou Williams,https://cdn.nba.com/headshots/nba/latest/1040x760/101150.png,/headshots/101150.png,matched,exact_normalized,
Lucas Nogueira,lucasnogueira,203512,Lucas Nogueira,https://cdn.nba.com/headshots/nba/latest/1040x760/203512.png,/headshots/203512.png,matched,exact_normalized,
Luc Mbah a Moute,lucmbahamoute,201601,Luc Mbah a Moute,https://cdn.nba.com/headshots/nba/latest/1040x760/201601.png,/headshots/201601.png,matched,exact_normalized,
Luguentz Dort,luguentzdort,1629652,Luguentz Dort,https://cdn.nba.com/headshots/nba/latest/1040x760/1629652.png,/headshots/1629652.png,matched,exact_normalized,
Luka Doncic,lukadoncic,1629029,Luka Dončić,https://cdn.nba.com/headshots/nba/latest/1040x760/1629029.png,/headshots/1629029.png,matched,exact_normalized,
Luka Garza,lukagarza,1630568,Luka Garza,https://cdn.nba.com/headshots/nba/latest/1040x760/1630568.png,/headshots/1630568.png,matched,exact_normalized,
Luke Babbitt,lukebabbitt,202337,Luke Babbitt,https://cdn.nba.com/headshots/nba/latest/1040x760/202337.png,/headshots/202337.png,matched,exact_normalized,
Luke Kennard,lukekennard,1628379,Luke Kennard,https://cdn.nba.com/headshots/nba/latest/1040x760/1628379.png,/headshots/1628379.png,matched,exact_normalized,
Luke Kornet,lukekornet,1628436,Luke Kornet,https://cdn.nba.com/headshots/nba/latest/1040x760/1628436.png,/headshots/1628436.png,matched,exact_normalized,
Luol Deng,luoldeng,2736,Luol Deng,https://cdn.nba.com/headshots/nba/latest/1040x760/2736.png,/headshots/2736.png,matched,exact_normalized,
Malachi Flynn,malachiflynn,1630201,Malachi Flynn,https://cdn.nba.com/headshots/nba/latest/1040x760/1630201.png,/headshots/1630201.png,matched,exact_normalized,
Malaki Branham,malakibranham,1631103,Malaki Branham,https://cdn.nba.com/headshots/nba/latest/1040x760/1631103.png,/headshots/1631103.png,matched,exact_normalized,
Malcolm Brogdon,malcolmbrogdon,1627763,Malcolm Brogdon,https://cdn.nba.com/headshots/nba/latest/1040x760/1627763.png,/headshots/1627763.png,matched,exact_normalized,
Malcolm Delaney,malcolmdelaney,1627098,Malcolm Delaney,https://cdn.nba.com/headshots/nba/latest/1040x760/1627098.png,/headshots/1627098.png,matched,exact_normalized,
Malik Beasley,malikbeasley,1627736,Malik Beasley,https://cdn.nba.com/headshots/nba/latest/1040x760/1627736.png,/headshots/1627736.png,matched,exact_normalized,
Malik Monk,malikmonk,1628370,Malik Monk,https://cdn.nba.com/headshots/nba/latest/1040x760/1628370.png,/headshots/1628370.png,matched,exact_normalized,
Manu Ginobili,manuginobili,1938,Manu Ginobili,https://cdn.nba.com/headshots/nba/latest/1040x760/1938.png,/headshots/1938.png,matched,exact_normalized,
Marc Gasol,marcgasol,201188,Marc Gasol,https://cdn.nba.com/headshots/nba/latest/1040x760/201188.png,/headshots/201188.png,matched,exact_normalized,
Marcin Gortat,marcingortat,101162,Marcin Gortat,https://cdn.nba.com/headshots/nba/latest/1040x760/101162.png,/headshots/101162.png,matched,exact_normalized,
Marco Belinelli,marcobelinelli,201158,Marco Belinelli,https://cdn.nba.com/headshots/nba/latest/1040x760/201158.png,/headshots/201158.png,matched,exact_normalized,
Marcus Morris,marcusmorris,202694,Marcus Morris Sr.,https://cdn.nba.com/headshots/nba/latest/1040x760/202694.png,/headshots/202694.png,matched,manual_person_id,
Marcus Morris Sr.,marcusmorrissr,202694,Marcus Morris Sr.,https://cdn.nba.com/headshots/nba/latest/1040x760/202694.png,/headshots/202694.png,matched,manual_person_id,
Marcus Sasser,marcussasser,1631204,Marcus Sasser,https://cdn.nba.com/headshots/nba/latest/1040x760/1631204.png,/headshots/1631204.png,matched,exact_normalized,
Marcus Smart,marcussmart,203935,Marcus Smart,https://cdn.nba.com/headshots/nba/latest/1040x760/203935.png,/headshots/203935.png,matched,exact_normalized,
Marcus Thornton,marcusthornton,201977,Marcus Thornton,https://cdn.nba.com/headshots/nba/latest/1040x760/201977.png,/headshots/201977.png,matched,exact_normalized,
Mario Chalmers,mariochalmers,201596,Mario Chalmers,https://cdn.nba.com/headshots/nba/latest/1040x760/201596.png,/headshots/201596.png,matched,exact_normalized,
Mario Hezonja,mariohezonja,1626209,Mario Hezonja,https://cdn.nba.com/headshots/nba/latest/1040x760/1626209.png,/headshots/1626209.png,matched,exact_normalized,
Markelle Fultz,markellefultz,1628365,Markelle Fultz,https://cdn.nba.com/headshots/nba/latest/1040x760/1628365.png,/headshots/1628365.png,matched,exact_normalized,
Markieff Morris,markieffmorris,202693,Markieff Morris,https://cdn.nba.com/headshots/nba/latest/1040x760/202693.png,/headshots/202693.png,matched,exact_normalized,
Mark Williams,markwilliams,1631109,Mark Williams,https://cdn.nba.com/headshots/nba/latest/1040x760/1631109.png,/headshots/1631109.png,matched,exact_normalized,
Marquese Chriss,marquesechriss,1627737,Marquese Chriss,https://cdn.nba.com/headshots/nba/latest/1040x760/1627737.png,/headshots/1627737.png,matched,exact_normalized,
Marreese Speights,marreesespeights,201578,Marreese Speights,https://cdn.nba.com/headshots/nba/latest/1040x760/201578.png,/headshots/201578.png,matched,exact_normalized,
Marvin Bagley III,marvinbagleyiii,1628963,Marvin Bagley III,https://cdn.nba.com/headshots/nba/latest/1040x760/1628963.png,/headshots/1628963.png,matched,manual_alias,
Marvin Williams,marvinwilliams,101107,Marvin Williams,https://cdn.nba.com/headshots/nba/latest/1040x760/101107.png,/headshots/101107.png,matched,exact_normalized,
Mason Plumlee,masonplumlee,203486,Mason Plumlee,https://cdn.nba.com/headshots/nba/latest/1040x760/203486.png,/headshots/203486.png,matched,exact_normalized,
Matas Buzelis,matasbuzelis,1641824,Matas Buzelis,https://cdn.nba.com/headshots/nba/latest/1040x760/1641824.png,/headshots/1641824.png,matched,exact_normalized,
Matisse Thybulle,matissethybulle,1629680,Matisse Thybulle,https://cdn.nba.com/headshots/nba/latest/1040x760/1629680.png,/headshots/1629680.png,matched,exact_normalized,
Matt Barnes,mattbarnes,2440,Matt Barnes,https://cdn.nba.com/headshots/nba/latest/1040x760/2440.png,/headshots/2440.png,matched,exact_normalized,
Matthew Dellavedova,matthewdellavedova,203521,Matthew Dellavedova,https://cdn.nba.com/headshots/nba/latest/1040x760/203521.png,/headshots/203521.png,matched,exact_normalized,
Maurice Harkless,mauriceharkless,203090,Maurice Harkless,https://cdn.nba.com/headshots/nba/latest/1040x760/203090.png,/headshots/203090.png,matched,exact_normalized,
Max Christie,maxchristie,1631108,Max Christie,https://cdn.nba.com/headshots/nba/latest/1040x760/1631108.png,/headshots/1631108.png,matched,exact_normalized,
Maxi Kleber,maxikleber,1628467,Maxi Kleber,https://cdn.nba.com/headshots/nba/latest/1040x760/1628467.png,/headshots/1628467.png,matched,exact_normalized,
Maxime Raynaud,maximeraynaud,1642875,Maxime Raynaud,https://cdn.nba.com/headshots/nba/latest/1040x760/1642875.png,/headshots/1642875.png,matched,exact_normalized,
Max Strus,maxstrus,1629622,Max Strus,https://cdn.nba.com/headshots/nba/latest/1040x760/1629622.png,/headshots/1629622.png,matched,exact_normalized,
Meyers Leonard,meyersleonard,203086,Meyers Leonard,https://cdn.nba.com/headshots/nba/latest/1040x760/203086.png,/headshots/203086.png,matched,exact_normalized,
Micah Potter,micahpotter,1630695,Micah Potter,https://cdn.nba.com/headshots/nba/latest/1040x760/1630695.png,/headshots/1630695.png,matched,exact_normalized,
Michael Beasley,michaelbeasley,201563,Michael Beasley,https://cdn.nba.com/headshots/nba/latest/1040x760/201563.png,/headshots/201563.png,matched,exact_normalized,
Michael Carter-Williams,michaelcarterwilliams,203487,Michael Carter-Williams,https://cdn.nba.com/headshots/nba/latest/1040x760/203487.png,/headshots/203487.png,matched,exact_normalized,
Michael Kidd-Gilchrist,michaelkiddgilchrist,203077,Michael Kidd-Gilchrist,https://cdn.nba.com/headshots/nba/latest/1040x760/203077.png,/headshots/203077.png,matched,exact_normalized,
Michael Porter Jr.,michaelporterjr,1629008,Michael Porter Jr.,https://cdn.nba.com/headshots/nba/latest/1040x760/1629008.png,/headshots/1629008.png,matched,manual_alias,
Mikal Bridges,mikalbridges,1628969,Mikal Bridges,https://cdn.nba.com/headshots/nba/latest/1040x760/1628969.png,/headshots/1628969.png,matched,exact_normalized,
Mike Conley,mikeconley,201144,Mike Conley,https://cdn.nba.com/headshots/nba/latest/1040x760/201144.png,/headshots/201144.png,matched,exact_normalized,
Mike Dunleavy,mikedunleavy,2399,Mike Dunleavy,https://cdn.nba.com/headshots/nba/latest/1040x760/2399.png,/headshots/2399.png,matched,exact_normalized,
Mike James,mikejames,2229,Mike James,https://cdn.nba.com/headshots/nba/latest/1040x760/2229.png,/headshots/2229.png,matched,exact_normalized,
Mike Muscala,mikemuscala,203488,Mike Muscala,https://cdn.nba.com/headshots/nba/latest/1040x760/203488.png,/headshots/203488.png,matched,exact_normalized,
Mike Scott,mikescott,203118,Mike Scott,https://cdn.nba.com/headshots/nba/latest/1040x760/203118.png,/headshots/203118.png,matched,exact_normalized,
Miles Bridges,milesbridges,1628970,Miles Bridges,https://cdn.nba.com/headshots/nba/latest/1040x760/1628970.png,/headshots/1628970.png,matched,exact_normalized,
Miles McBride,milesmcbride,1630540,Miles McBride,https://cdn.nba.com/headshots/nba/latest/1040x760/1630540.png,/headshots/1630540.png,matched,exact_normalized,
Miles Plumlee,milesplumlee,203101,Miles Plumlee,https://cdn.nba.com/headshots/nba/latest/1040x760/203101.png,/headshots/203101.png,matched,exact_normalized,
Milos Teodosic,milosteodosic,1628462,Milos Teodosic,https://cdn.nba.com/headshots/nba/latest/1040x760/1628462.png,/headshots/1628462.png,matched,exact_normalized,
Mirza Teletovic,mirzateletovic,203141,Mirza Teletovic,https://cdn.nba.com/headshots/nba/latest/1040x760/203141.png,/headshots/203141.png,matched,exact_normalized,
Mitchell Robinson,mitchellrobinson,1629011,Mitchell Robinson,https://cdn.nba.com/headshots/nba/latest/1040x760/1629011.png,/headshots/1629011.png,matched,exact_normalized,
Mo Bamba,mobamba,1628964,Mo Bamba,https://cdn.nba.com/headshots/nba/latest/1040x760/1628964.png,/headshots/1628964.png,matched,exact_normalized,
Monta Ellis,montaellis,101145,Monta Ellis,https://cdn.nba.com/headshots/nba/latest/1040x760/101145.png,/headshots/101145.png,matched,exact_normalized,
Monte Morris,montemorris,1628420,Monté Morris,https://cdn.nba.com/headshots/nba/latest/1040x760/1628420.png,/headshots/1628420.png,matched,exact_normalized,
Montrezl Harrell,montrezlharrell,1626149,Montrezl Harrell,https://cdn.nba.com/headshots/nba/latest/1040x760/1626149.png,/headshots/1626149.png,matched,exact_normalized,
Moritz Wagner,moritzwagner,1629021,Moritz Wagner,https://cdn.nba.com/headshots/nba/latest/1040x760/1629021.png,/headshots/1629021.png,matched,exact_normalized,
Moses Brown,mosesbrown,1629650,Moses Brown,https://cdn.nba.com/headshots/nba/latest/1040x760/1629650.png,/headshots/1629650.png,matched,exact_normalized,
Moses Moody,mosesmoody,1630541,Moses Moody,https://cdn.nba.com/headshots/nba/latest/1040x760/1630541.png,/headshots/1630541.png,matched,exact_normalized,
Mouhamed Gueye,mouhamedgueye,1631243,Mouhamed Gueye,https://cdn.nba.com/headshots/nba/latest/1040x760/1631243.png,/headshots/1631243.png,matched,exact_normalized,
Moussa Diabate,moussadiabate,1631217,Moussa Diabaté,https://cdn.nba.com/headshots/nba/latest/1040x760/1631217.png,/headshots/1631217.png,matched,exact_normalized,
Myles Turner,mylesturner,1626167,Myles Turner,https://cdn.nba.com/headshots/nba/latest/1040x760/1626167.png,/headshots/1626167.png,matched,exact_normalized,
Nae'Qwan Tomlin,naeqwantomlin,1641772,Nae'Qwan Tomlin,https://cdn.nba.com/headshots/nba/latest/1040x760/1641772.png,/headshots/1641772.png,matched,exact_normalized,
Naji Marshall,najimarshall,1630230,Naji Marshall,https://cdn.nba.com/headshots/nba/latest/1040x760/1630230.png,/headshots/1630230.png,matched,exact_normalized,
Nassir Little,nassirlittle,1629642,Nassir Little,https://cdn.nba.com/headshots/nba/latest/1040x760/1629642.png,/headshots/1629642.png,matched,exact_normalized,
Naz Reid,nazreid,1629675,Naz Reid,https://cdn.nba.com/headshots/nba/latest/1040x760/1629675.png,/headshots/1629675.png,matched,exact_normalized,
Neemias Queta,neemiasqueta,1629674,Neemias Queta,https://cdn.nba.com/headshots/nba/latest/1040x760/1629674.png,/headshots/1629674.png,matched,exact_normalized,
Nemanja Bjelica,nemanjabjelica,202357,Nemanja Bjelica,https://cdn.nba.com/headshots/nba/latest/1040x760/202357.png,/headshots/202357.png,matched,exact_normalized,
Nene,nene,2403,Nene,https://cdn.nba.com/headshots/nba/latest/1040x760/2403.png,/headshots/2403.png,matched,exact_normalized,
Nerlens Noel,nerlensnoel,203457,Nerlens Noel,https://cdn.nba.com/headshots/nba/latest/1040x760/203457.png,/headshots/203457.png,matched,exact_normalized,
Nic Claxton,nicclaxton,1629651,Nic Claxton,https://cdn.nba.com/headshots/nba/latest/1040x760/1629651.png,/headshots/1629651.png,matched,exact_normalized,
Nickeil Alexander-Walker,nickeilalexanderwalker,1629638,Nickeil Alexander-Walker,https://cdn.nba.com/headshots/nba/latest/1040x760/1629638.png,/headshots/1629638.png,matched,manual_alias,
Nick Richards,nickrichards,1630208,Nick Richards,https://cdn.nba.com/headshots/nba/latest/1040x760/1630208.png,/headshots/1630208.png,matched,exact_normalized,
Nick Smith Jr.,nicksmithjr,1641733,Nick Smith Jr.,https://cdn.nba.com/headshots/nba/latest/1040x760/1641733.png,/headshots/1641733.png,matched,exact_normalized,
Nick Young,nickyoung,201156,Nick Young,https://cdn.nba.com/headshots/nba/latest/1040x760/201156.png,/headshots/201156.png,matched,exact_normalized,
Nicolas Batum,nicolasbatum,201587,Nicolas Batum,https://cdn.nba.com/headshots/nba/latest/1040x760/201587.png,/headshots/201587.png,matched,exact_normalized,
Nicolo Melli,nicolomelli,1629740,Nicolo Melli,https://cdn.nba.com/headshots/nba/latest/1040x760/1629740.png,/headshots/1629740.png,matched,exact_normalized,
Nikola Jokic,nikolajokic,203999,Nikola Jokić,https://cdn.nba.com/headshots/nba/latest/1040x760/203999.png,/headshots/203999.png,matched,exact_normalized,
Nikola Jovic,nikolajovic,1631107,Nikola Jović,https://cdn.nba.com/headshots/nba/latest/1040x760/1631107.png,/headshots/1631107.png,matched,exact_normalized,
Nikola Mirotic,nikolamirotic,202703,Nikola Mirotic,https://cdn.nba.com/headshots/nba/latest/1040x760/202703.png,/headshots/202703.png,matched,exact_normalized,
Nikola Vucevic,nikolavucevic,202696,Nikola Vučević,https://cdn.nba.com/headshots/nba/latest/1040x760/202696.png,/headshots/202696.png,matched,exact_normalized,
Nik Stauskas,nikstauskas,203917,Nik Stauskas,https://cdn.nba.com/headshots/nba/latest/1040x760/203917.png,/headshots/203917.png,matched,exact_normalized,
Nique Clifford,niqueclifford,1642363,Nique Clifford,https://cdn.nba.com/headshots/nba/latest/1040x760/1642363.png,/headshots/1642363.png,matched,exact_normalized,
Noah Clowney,noahclowney,1641730,Noah Clowney,https://cdn.nba.com/headshots/nba/latest/1040x760/1641730.png,/headshots/1641730.png,matched,exact_normalized,
Noah Vonleh,noahvonleh,203943,Noah Vonleh,https://cdn.nba.com/headshots/nba/latest/1040x760/203943.png,/headshots/203943.png,matched,exact_normalized,
Nolan Traore,nolantraore,1642849,Nolan Traore,https://cdn.nba.com/headshots/nba/latest/1040x760/1642849.png,/headshots/1642849.png,matched,exact_normalized,
Norman Powell,normanpowell,1626181,Norman Powell,https://cdn.nba.com/headshots/nba/latest/1040x760/1626181.png,/headshots/1626181.png,matched,exact_normalized,
Obi Toppin,obitoppin,1630167,Obi Toppin,https://cdn.nba.com/headshots/nba/latest/1040x760/1630167.png,/headshots/1630167.png,matched,exact_normalized,
Ochai Agbaji,ochaiagbaji,1630534,Ochai Agbaji,https://cdn.nba.com/headshots/nba/latest/1040x760/1630534.png,/headshots/1630534.png,matched,exact_normalized,
O.G. Anunoby,oganunoby,1628384,OG Anunoby,https://cdn.nba.com/headshots/nba/latest/1040x760/1628384.png,/headshots/1628384.png,matched,exact_normalized,
Olivier-Maxence Prosper,oliviermaxenceprosper,1641765,Olivier-Maxence Prosper,https://cdn.nba.com/headshots/nba/latest/1040x760/1641765.png,/headshots/1641765.png,matched,exact_normalized,
Omari Spellman,omarispellman,1629016,Omari Spellman,https://cdn.nba.com/headshots/nba/latest/1040x760/1629016.png,/headshots/1629016.png,matched,exact_normalized,
Omer Asik,omerasik,201600,Omer Asik,https://cdn.nba.com/headshots/nba/latest/1040x760/201600.png,/headshots/201600.png,matched,exact_normalized,
Omri Casspi,omricasspi,201956,Omri Casspi,https://cdn.nba.com/headshots/nba/latest/1040x760/201956.png,/headshots/201956.png,matched,exact_normalized,
Onyeka Okongwu,onyekaokongwu,1630168,Onyeka Okongwu,https://cdn.nba.com/headshots/nba/latest/1040x760/1630168.png,/headshots/1630168.png,matched,exact_normalized,
Orlando Robinson,orlandorobinson,1631115,Orlando Robinson,https://cdn.nba.com/headshots/nba/latest/1040x760/1631115.png,/headshots/1631115.png,matched,exact_normalized,
Oscar Tshiebwe,oscartshiebwe,1631131,Oscar Tshiebwe,https://cdn.nba.com/headshots/nba/latest/1040x760/1631131.png,/headshots/1631131.png,matched,exact_normalized,
Oshae Brissett,oshaebrissett,1629052,Oshae Brissett,https://cdn.nba.com/headshots/nba/latest/1040x760/1629052.png,/headshots/1629052.png,matched,exact_normalized,
Oso Ighodaro,osoighodaro,1642345,Oso Ighodaro,https://cdn.nba.com/headshots/nba/latest/1040x760/1642345.png,/headshots/1642345.png,matched,exact_normalized,
Otto Porter Jr.,ottoporterjr,203490,Otto Porter Jr.,https://cdn.nba.com/headshots/nba/latest/1040x760/203490.png,/headshots/203490.png,matched,manual_alias,
Ousmane Dieng,ousmanedieng,1631172,Ousmane Dieng,https://cdn.nba.com/headshots/nba/latest/1040x760/1631172.png,/headshots/1631172.png,matched,exact_normalized,
Paolo Banchero,paolobanchero,1631094,Paolo Banchero,https://cdn.nba.com/headshots/nba/latest/1040x760/1631094.png,/headshots/1631094.png,matched,exact_normalized,
Pascal Siakam,pascalsiakam,1627783,Pascal Siakam,https://cdn.nba.com/headshots/nba/latest/1040x760/1627783.png,/headshots/1627783.png,matched,exact_normalized,
Pat Connaughton,patconnaughton,1626192,Pat Connaughton,https://cdn.nba.com/headshots/nba/latest/1040x760/1626192.png,/headshots/1626192.png,matched,exact_normalized,
Patrick Beverley,patrickbeverley,201976,Patrick Beverley,https://cdn.nba.com/headshots/nba/latest/1040x760/201976.png,/headshots/201976.png,matched,exact_normalized,
Patrick McCaw,patrickmccaw,1627775,Patrick McCaw,https://cdn.nba.com/headshots/nba/latest/1040x760/1627775.png,/headshots/1627775.png,matched,exact_normalized,
Patrick Patterson,patrickpatterson,202335,Patrick Patterson,https://cdn.nba.com/headshots/nba/latest/1040x760/202335.png,/headshots/202335.png,matched,exact_normalized,
Patrick Williams,patrickwilliams,1630172,Patrick Williams,https://cdn.nba.com/headshots/nba/latest/1040x760/1630172.png,/headshots/1630172.png,matched,exact_normalized,
Pat Spencer,patspencer,1630311,Pat Spencer,https://cdn.nba.com/headshots/nba/latest/1040x760/1630311.png,/headshots/1630311.png,matched,exact_normalized,
Patty Mills,pattymills,201988,Patty Mills,https://cdn.nba.com/headshots/nba/latest/1040x760/201988.png,/headshots/201988.png,matched,exact_normalized,
Pau Gasol,paugasol,2200,Pau Gasol,https://cdn.nba.com/headshots/nba/latest/1040x760/2200.png,/headshots/2200.png,matched,exact_normalized,
Paul George,paulgeorge,202331,Paul George,https://cdn.nba.com/headshots/nba/latest/1040x760/202331.png,/headshots/202331.png,matched,exact_normalized,
Paul Millsap,paulmillsap,200794,Paul Millsap,https://cdn.nba.com/headshots/nba/latest/1040x760/200794.png,/headshots/200794.png,matched,exact_normalized,
Paul Reed,paulreed,1630194,Paul Reed,https://cdn.nba.com/headshots/nba/latest/1040x760/1630194.png,/headshots/1630194.png,matched,exact_normalized,
Paul Zipser,paulzipser,1627835,Paul Zipser,https://cdn.nba.com/headshots/nba/latest/1040x760/1627835.png,/headshots/1627835.png,matched,exact_normalized,
Payton Pritchard,paytonpritchard,1630202,Payton Pritchard,https://cdn.nba.com/headshots/nba/latest/1040x760/1630202.png,/headshots/1630202.png,matched,exact_normalized,
Pelle Larsson,pellelarsson,1641796,Pelle Larsson,https://cdn.nba.com/headshots/nba/latest/1040x760/1641796.png,/headshots/1641796.png,matched,exact_normalized,
Pete Nance,petenance,1631250,Pete Nance,https://cdn.nba.com/headshots/nba/latest/1040x760/1631250.png,/headshots/1631250.png,matched,exact_normalized,
Peyton Watson,peytonwatson,1631212,Peyton Watson,https://cdn.nba.com/headshots/nba/latest/1040x760/1631212.png,/headshots/1631212.png,matched,exact_normalized,
PJ Dozier,pjdozier,1628408,PJ Dozier,https://cdn.nba.com/headshots/nba/latest/1040x760/1628408.png,/headshots/1628408.png,matched,manual_alias,
P.J. Tucker,pjtucker,200782,P.J. Tucker,https://cdn.nba.com/headshots/nba/latest/1040x760/200782.png,/headshots/200782.png,matched,exact_normalized,
P.J. Washington,pjwashington,1629023,P.J. Washington,https://cdn.nba.com/headshots/nba/latest/1040x760/1629023.png,/headshots/1629023.png,matched,manual_alias,
Precious Achiuwa,preciousachiuwa,1630173,Precious Achiuwa,https://cdn.nba.com/headshots/nba/latest/1040x760/1630173.png,/headshots/1630173.png,matched,exact_normalized,
Quentin Grimes,quentingrimes,1629656,Quentin Grimes,https://cdn.nba.com/headshots/nba/latest/1040x760/1629656.png,/headshots/1629656.png,matched,exact_normalized,
Quenton Jackson,quentonjackson,1631245,Quenton Jackson,https://cdn.nba.com/headshots/nba/latest/1040x760/1631245.png,/headshots/1631245.png,matched,exact_normalized,
Quincy Acy,quincyacy,203112,Quincy Acy,https://cdn.nba.com/headshots/nba/latest/1040x760/203112.png,/headshots/203112.png,matched,exact_normalized,
Quinn Cook,quinncook,1626188,Quinn Cook,https://cdn.nba.com/headshots/nba/latest/1040x760/1626188.png,/headshots/1626188.png,matched,exact_normalized,
Quinten Post,quintenpost,1642366,Quinten Post,https://cdn.nba.com/headshots/nba/latest/1040x760/1642366.png,/headshots/1642366.png,matched,exact_normalized,
Rajon Rondo,rajonrondo,200765,Rajon Rondo,https://cdn.nba.com/headshots/nba/latest/1040x760/200765.png,/headshots/200765.png,matched,exact_normalized,
Ramon Sessions,ramonsessions,201196,Ramon Sessions,https://cdn.nba.com/headshots/nba/latest/1040x760/201196.png,/headshots/201196.png,matched,exact_normalized,
Randy Foye,randyfoye,200751,Randy Foye,https://cdn.nba.com/headshots/nba/latest/1040x760/200751.png,/headshots/200751.png,matched,exact_normalized,
Raul Neto,raulneto,203526,Raul Neto,https://cdn.nba.com/headshots/nba/latest/1040x760/203526.png,/headshots/203526.png,matched,exact_normalized,
Rayan Rupert,rayanrupert,1641712,Rayan Rupert,https://cdn.nba.com/headshots/nba/latest/1040x760/1641712.png,/headshots/1641712.png,matched,exact_normalized,
Raymond Felton,raymondfelton,101109,Raymond Felton,https://cdn.nba.com/headshots/nba/latest/1040x760/101109.png,/headshots/101109.png,matched,exact_normalized,
Reed Sheppard,reedsheppard,1642263,Reed Sheppard,https://cdn.nba.com/headshots/nba/latest/1040x760/1642263.png,/headshots/1642263.png,matched,exact_normalized,
Reggie Bullock,reggiebullock,203493,Reggie Bullock Jr.,https://cdn.nba.com/headshots/nba/latest/1040x760/203493.png,/headshots/203493.png,matched,manual_alias,
Reggie Jackson,reggiejackson,202704,Reggie Jackson,https://cdn.nba.com/headshots/nba/latest/1040x760/202704.png,/headshots/202704.png,matched,exact_normalized,
Richard Jefferson,richardjefferson,2210,Richard Jefferson,https://cdn.nba.com/headshots/nba/latest/1040x760/2210.png,/headshots/2210.png,matched,exact_normalized,
Richaun Holmes,richaunholmes,1626158,Richaun Holmes,https://cdn.nba.com/headshots/nba/latest/1040x760/1626158.png,/headshots/1626158.png,matched,exact_normalized,
Ricky Council IV,rickycounciliv,1641741,Ricky Council IV,https://cdn.nba.com/headshots/nba/latest/1040x760/1641741.png,/headshots/1641741.png,matched,exact_normalized,
Ricky Rubio,rickyrubio,201937,Ricky Rubio,https://cdn.nba.com/headshots/nba/latest/1040x760/201937.png,/headshots/201937.png,matched,exact_normalized,
RJ Barrett,rjbarrett,1629628,RJ Barrett,https://cdn.nba.com/headshots/nba/latest/1040x760/1629628.png,/headshots/1629628.png,matched,exact_normalized,
R.J. Hampton,rjhampton,1630181,R.J. Hampton,https://cdn.nba.com/headshots/nba/latest/1040x760/1630181.png,/headshots/1630181.png,matched,exact_normalized,
Robert Covington,robertcovington,203496,Robert Covington,https://cdn.nba.com/headshots/nba/latest/1040x760/203496.png,/headshots/203496.png,matched,exact_normalized,
Robert Williams III,robertwilliamsiii,1629057,Robert Williams III,https://cdn.nba.com/headshots/nba/latest/1040x760/1629057.png,/headshots/1629057.png,matched,manual_alias,
Robin Lopez,robinlopez,201577,Robin Lopez,https://cdn.nba.com/headshots/nba/latest/1040x760/201577.png,/headshots/201577.png,matched,exact_normalized,
Rodions Kurucs,rodionskurucs,1629066,Rodions Kurucs,https://cdn.nba.com/headshots/nba/latest/1040x760/1629066.png,/headshots/1629066.png,matched,exact_normalized,
Rodney Hood,rodneyhood,203918,Rodney Hood,https://cdn.nba.com/headshots/nba/latest/1040x760/203918.png,/headshots/203918.png,matched,exact_normalized,
Rodney McGruder,rodneymcgruder,203585,Rodney McGruder,https://cdn.nba.com/headshots/nba/latest/1040x760/203585.png,/headshots/203585.png,matched,exact_normalized,
Rodney Stuckey,rodneystuckey,201155,Rodney Stuckey,https://cdn.nba.com/headshots/nba/latest/1040x760/201155.png,/headshots/201155.png,matched,exact_normalized,
Romeo Langford,romeolangford,1629641,Romeo Langford,https://cdn.nba.com/headshots/nba/latest/1040x760/1629641.png,/headshots/1629641.png,matched,exact_normalized,
Ronald Holland II,ronaldhollandii,1641842,Ron Holland II,https://cdn.nba.com/headshots/nba/latest/1040x760/1641842.png,/headshots/1641842.png,matched,manual_person_id,
Ron Baker,ronbaker,1627758,Ron Baker,https://cdn.nba.com/headshots/nba/latest/1040x760/1627758.png,/headshots/1627758.png,matched,exact_normalized,
Rondae Hollis-Jefferson,rondaehollisjefferson,1626178,Rondae Hollis-Jefferson,https://cdn.nba.com/headshots/nba/latest/1040x760/1626178.png,/headshots/1626178.png,matched,exact_normalized,
Royce O'Neale,royceoneale,1626220,Royce O'Neale,https://cdn.nba.com/headshots/nba/latest/1040x760/1626220.png,/headshots/1626220.png,matched,exact_normalized,
Rudy Gay,rudygay,200752,Rudy Gay,https://cdn.nba.com/headshots/nba/latest/1040x760/200752.png,/headshots/200752.png,matched,exact_normalized,
Rudy Gobert,rudygobert,203497,Rudy Gobert,https://cdn.nba.com/headshots/nba/latest/1040x760/203497.png,/headshots/203497.png,matched,exact_normalized,
Rui Hachimura,ruihachimura,1629060,Rui Hachimura,https://cdn.nba.com/headshots/nba/latest/1040x760/1629060.png,/headshots/1629060.png,matched,exact_normalized,
Russell Westbrook,russellwestbrook,201566,Russell Westbrook,https://cdn.nba.com/headshots/nba/latest/1040x760/201566.png,/headshots/201566.png,matched,exact_normalized,
Ryan Anderson,ryananderson,201583,Ryan Anderson,https://cdn.nba.com/headshots/nba/latest/1040x760/201583.png,/headshots/201583.png,matched,exact_normalized,
Ryan Arcidiacono,ryanarcidiacono,1627853,Ryan Arcidiacono,https://cdn.nba.com/headshots/nba/latest/1040x760/1627853.png,/headshots/1627853.png,matched,exact_normalized,
Ryan Dunn,ryandunn,1642346,Ryan Dunn,https://cdn.nba.com/headshots/nba/latest/1040x760/1642346.png,/headshots/1642346.png,matched,exact_normalized,
Ryan Kalkbrenner,ryankalkbrenner,1641750,Ryan Kalkbrenner,https://cdn.nba.com/headshots/nba/latest/1040x760/1641750.png,/headshots/1641750.png,matched,exact_normalized,
Ryan Nembhard,ryannembhard,1642948,Ryan Nembhard,https://cdn.nba.com/headshots/nba/latest/1040x760/1642948.png,/headshots/1642948.png,matched,exact_normalized,
Ryan Rollins,ryanrollins,1631157,Ryan Rollins,https://cdn.nba.com/headshots/nba/latest/1040x760/1631157.png,/headshots/1631157.png,matched,exact_normalized,
Saben Lee,sabenlee,1630240,Saben Lee,https://cdn.nba.com/headshots/nba/latest/1040x760/1630240.png,/headshots/1630240.png,matched,exact_normalized,
Saddiq Bey,saddiqbey,1630180,Saddiq Bey,https://cdn.nba.com/headshots/nba/latest/1040x760/1630180.png,/headshots/1630180.png,matched,exact_normalized,
Sam Dekker,samdekker,1626155,Sam Dekker,https://cdn.nba.com/headshots/nba/latest/1040x760/1626155.png,/headshots/1626155.png,matched,exact_normalized,
Sam Hauser,samhauser,1630573,Sam Hauser,https://cdn.nba.com/headshots/nba/latest/1040x760/1630573.png,/headshots/1630573.png,matched,exact_normalized,
Sam Merrill,sammerrill,1630241,Sam Merrill,https://cdn.nba.com/headshots/nba/latest/1040x760/1630241.png,/headshots/1630241.png,matched,exact_normalized,
Sandro Mamukelashvili,sandromamukelashvili,1630572,Sandro Mamukelashvili,https://cdn.nba.com/headshots/nba/latest/1040x760/1630572.png,/headshots/1630572.png,matched,exact_normalized,
Santi Aldama,santialdama,1630583,Santi Aldama,https://cdn.nba.com/headshots/nba/latest/1040x760/1630583.png,/headshots/1630583.png,matched,exact_normalized,
Scoot Henderson,scoothenderson,1630703,Scoot Henderson,https://cdn.nba.com/headshots/nba/latest/1040x760/1630703.png,/headshots/1630703.png,matched,exact_normalized,
Scottie Barnes,scottiebarnes,1630567,Scottie Barnes,https://cdn.nba.com/headshots/nba/latest/1040x760/1630567.png,/headshots/1630567.png,matched,exact_normalized,
Scotty Pippen Jr.,scottypippenjr,1630590,Scotty Pippen Jr.,https://cdn.nba.com/headshots/nba/latest/1040x760/1630590.png,/headshots/1630590.png,matched,manual_alias,
Sean Kilpatrick,seankilpatrick,203930,Sean Kilpatrick,https://cdn.nba.com/headshots/nba/latest/1040x760/203930.png,/headshots/203930.png,matched,exact_normalized,
Sekou Doumbouya,sekoudoumbouya,1629635,Sekou Doumbouya,https://cdn.nba.com/headshots/nba/latest/1040x760/1629635.png,/headshots/1629635.png,matched,exact_normalized,
Semaj Christon,semajchriston,203902,Semaj Christon,https://cdn.nba.com/headshots/nba/latest/1040x760/203902.png,/headshots/203902.png,matched,exact_normalized,
Semi Ojeleye,semiojeleye,1628400,Semi Ojeleye,https://cdn.nba.com/headshots/nba/latest/1040x760/1628400.png,/headshots/1628400.png,matched,exact_normalized,
Serge Ibaka,sergeibaka,201586,Serge Ibaka,https://cdn.nba.com/headshots/nba/latest/1040x760/201586.png,/headshots/201586.png,matched,exact_normalized,
Sergio Rodriguez,sergiorodriguez,200771,Sergio Rodriguez,https://cdn.nba.com/headshots/nba/latest/1040x760/200771.png,/headshots/200771.png,matched,exact_normalized,
Seth Curry,sethcurry,203552,Seth Curry,https://cdn.nba.com/headshots/nba/latest/1040x760/203552.png,/headshots/203552.png,matched,exact_normalized,
Shabazz Muhammad,shabazzmuhammad,203498,Shabazz Muhammad,https://cdn.nba.com/headshots/nba/latest/1040x760/203498.png,/headshots/203498.png,matched,exact_normalized,
Shabazz Napier,shabazznapier,203894,Shabazz Napier,https://cdn.nba.com/headshots/nba/latest/1040x760/203894.png,/headshots/203894.png,matched,exact_normalized,
Shaedon Sharpe,shaedonsharpe,1631101,Shaedon Sharpe,https://cdn.nba.com/headshots/nba/latest/1040x760/1631101.png,/headshots/1631101.png,matched,exact_normalized,
Shai Gilgeous-Alexander,shaigilgeousalexander,1628983,Shai Gilgeous-Alexander,https://cdn.nba.com/headshots/nba/latest/1040x760/1628983.png,/headshots/1628983.png,matched,exact_normalized,
Shake Milton,shakemilton,1629003,Shake Milton,https://cdn.nba.com/headshots/nba/latest/1040x760/1629003.png,/headshots/1629003.png,matched,exact_normalized,
Shaquille Harrison,shaquilleharrison,1627885,Shaquille Harrison,https://cdn.nba.com/headshots/nba/latest/1040x760/1627885.png,/headshots/1627885.png,matched,exact_normalized,
Sharife Cooper,sharifecooper,1630536,Sharife Cooper,https://cdn.nba.com/headshots/nba/latest/1040x760/1630536.png,/headshots/1630536.png,matched,exact_normalized,
Shaun Livingston,shaunlivingston,2733,Shaun Livingston,https://cdn.nba.com/headshots/nba/latest/1040x760/2733.png,/headshots/2733.png,matched,exact_normalized,
Shelvin Mack,shelvinmack,202714,Shelvin Mack,https://cdn.nba.com/headshots/nba/latest/1040x760/202714.png,/headshots/202714.png,matched,exact_normalized,
Sidy Cissoko,sidycissoko,1631321,Sidy Cissoko,https://cdn.nba.com/headshots/nba/latest/1040x760/1631321.png,/headshots/1631321.png,matched,exact_normalized,
Simone Fontecchio,simonefontecchio,1631323,Simone Fontecchio,https://cdn.nba.com/headshots/nba/latest/1040x760/1631323.png,/headshots/1631323.png,matched,exact_normalized,
Sindarius Thornwell,sindariusthornwell,1628414,Sindarius Thornwell,https://cdn.nba.com/headshots/nba/latest/1040x760/1628414.png,/headshots/1628414.png,matched,exact_normalized,
Sion James,sionjames,1642883,Sion James,https://cdn.nba.com/headshots/nba/latest/1040x760/1642883.png,/headshots/1642883.png,matched,exact_normalized,
Skal Labissiere,skallabissiere,1627746,Skal Labissiere,https://cdn.nba.com/headshots/nba/latest/1040x760/1627746.png,/headshots/1627746.png,matched,exact_normalized,
Solomon Hill,solomonhill,203524,Solomon Hill,https://cdn.nba.com/headshots/nba/latest/1040x760/203524.png,/headshots/203524.png,matched,exact_normalized,
Spencer Dinwiddie,spencerdinwiddie,203915,Spencer Dinwiddie,https://cdn.nba.com/headshots/nba/latest/1040x760/203915.png,/headshots/203915.png,matched,exact_normalized,
Spencer Jones,spencerjones,1642461,Spencer Jones,https://cdn.nba.com/headshots/nba/latest/1040x760/1642461.png,/headshots/1642461.png,matched,exact_normalized,
Stanley Johnson,stanleyjohnson,1626169,Stanley Johnson,https://cdn.nba.com/headshots/nba/latest/1040x760/1626169.png,/headshots/1626169.png,matched,exact_normalized,
Stephen Curry,stephencurry,201939,Stephen Curry,https://cdn.nba.com/headshots/nba/latest/1040x760/201939.png,/headshots/201939.png,matched,exact_normalized,
Stephon Castle,stephoncastle,1642264,Stephon Castle,https://cdn.nba.com/headshots/nba/latest/1040x760/1642264.png,/headshots/1642264.png,matched,exact_normalized,
Sterling Brown,sterlingbrown,1628425,Sterling Brown,https://cdn.nba.com/headshots/nba/latest/1040x760/1628425.png,/headshots/1628425.png,matched,exact_normalized,
Steven Adams,stevenadams,203500,Steven Adams,https://cdn.nba.com/headshots/nba/latest/1040x760/203500.png,/headshots/203500.png,matched,exact_normalized,
Svi Mykhailiuk,svimykhailiuk,1629004,Svi Mykhailiuk,https://cdn.nba.com/headshots/nba/latest/1040x760/1629004.png,/headshots/1629004.png,matched,exact_normalized,
Taj Gibson,tajgibson,201959,Taj Gibson,https://cdn.nba.com/headshots/nba/latest/1040x760/201959.png,/headshots/201959.png,matched,exact_normalized,
Talen Horton-Tucker,talenhortontucker,1629659,Talen Horton-Tucker,https://cdn.nba.com/headshots/nba/latest/1040x760/1629659.png,/headshots/1629659.png,matched,exact_normalized,
Tari Eason,tarieason,1631106,Tari Eason,https://cdn.nba.com/headshots/nba/latest/1040x760/1631106.png,/headshots/1631106.png,matched,exact_normalized,
Tarik Black,tarikblack,204028,Tarik Black,https://cdn.nba.com/headshots/nba/latest/1040x760/204028.png,/headshots/204028.png,matched,exact_normalized,
Taurean Prince,taureanprince,1627752,Taurean Prince,https://cdn.nba.com/headshots/nba/latest/1040x760/1627752.png,/headshots/1627752.png,matched,exact_normalized,
Taylor Hendricks,taylorhendricks,1641707,Taylor Hendricks,https://cdn.nba.com/headshots/nba/latest/1040x760/1641707.png,/headshots/1641707.png,matched,exact_normalized,
Terance Mann,terancemann,1629611,Terance Mann,https://cdn.nba.com/headshots/nba/latest/1040x760/1629611.png,/headshots/1629611.png,matched,exact_normalized,
Terence Davis,terencedavis,1629056,Terence Davis,https://cdn.nba.com/headshots/nba/latest/1040x760/1629056.png,/headshots/1629056.png,matched,exact_normalized,
Terrance Ferguson,terranceferguson,1628390,Terrance Ferguson,https://cdn.nba.com/headshots/nba/latest/1040x760/1628390.png,/headshots/1628390.png,matched,exact_normalized,
Terrence Jones,terrencejones,203093,Terrence Jones,https://cdn.nba.com/headshots/nba/latest/1040x760/203093.png,/headshots/203093.png,matched,exact_normalized,
Terrence Ross,terrenceross,203082,Terrence Ross,https://cdn.nba.com/headshots/nba/latest/1040x760/203082.png,/headshots/203082.png,matched,exact_normalized,
Terry Rozier,terryrozier,1626179,Terry Rozier,https://cdn.nba.com/headshots/nba/latest/1040x760/1626179.png,/headshots/1626179.png,matched,exact_normalized,
Terry Taylor,terrytaylor,1630678,Terry Taylor,https://cdn.nba.com/headshots/nba/latest/1040x760/1630678.png,/headshots/1630678.png,matched,exact_normalized,
Thabo Sefolosha,thabosefolosha,200757,Thabo Sefolosha,https://cdn.nba.com/headshots/nba/latest/1040x760/200757.png,/headshots/200757.png,matched,exact_normalized,
Thaddeus Young,thaddeusyoung,201152,Thaddeus Young,https://cdn.nba.com/headshots/nba/latest/1040x760/201152.png,/headshots/201152.png,matched,exact_normalized,
Theo Maledon,theomaledon,1630177,Theo Maledon,https://cdn.nba.com/headshots/nba/latest/1040x760/1630177.png,/headshots/1630177.png,matched,exact_normalized,
Thomas Bryant,thomasbryant,1628418,Thomas Bryant,https://cdn.nba.com/headshots/nba/latest/1040x760/1628418.png,/headshots/1628418.png,matched,exact_normalized,
Thon Maker,thonmaker,1627748,Thon Maker,https://cdn.nba.com/headshots/nba/latest/1040x760/1627748.png,/headshots/1627748.png,matched,exact_normalized,
Tidjane Salaun,tidjanesalaun,1642275,Tidjane Salaün,https://cdn.nba.com/headshots/nba/latest/1040x760/1642275.png,/headshots/1642275.png,matched,exact_normalized,
Tim Frazier,timfrazier,204025,Tim Frazier,https://cdn.nba.com/headshots/nba/latest/1040x760/204025.png,/headshots/204025.png,matched,exact_normalized,
Tim Hardaway Jr.,timhardawayjr,203501,Tim Hardaway Jr.,https://cdn.nba.com/headshots/nba/latest/1040x760/203501.png,/headshots/203501.png,matched,manual_alias,
Timofey Mozgov,timofeymozgov,202389,Timofey Mozgov,https://cdn.nba.com/headshots/nba/latest/1040x760/202389.png,/headshots/202389.png,matched,exact_normalized,
Timothe Luwawu-Cabarrot,timotheluwawucabarrot,1627789,Timothe Luwawu-Cabarrot,https://cdn.nba.com/headshots/nba/latest/1040x760/1627789.png,/headshots/1627789.png,matched,exact_normalized,
T.J. McConnell,tjmcconnell,204456,T.J. McConnell,https://cdn.nba.com/headshots/nba/latest/1040x760/204456.png,/headshots/204456.png,matched,manual_alias,
T.J. Warren,tjwarren,203933,T.J. Warren,https://cdn.nba.com/headshots/nba/latest/1040x760/203933.png,/headshots/203933.png,matched,exact_normalized,
Tobias Harris,tobiasharris,202699,Tobias Harris,https://cdn.nba.com/headshots/nba/latest/1040x760/202699.png,/headshots/202699.png,matched,exact_normalized,
Tomas Satoransky,tomassatoransky,203107,Tomas Satoransky,https://cdn.nba.com/headshots/nba/latest/1040x760/203107.png,/headshots/203107.png,matched,exact_normalized,
Tony Allen,tonyallen,2754,Tony Allen,https://cdn.nba.com/headshots/nba/latest/1040x760/2754.png,/headshots/2754.png,matched,exact_normalized,
Tony Bradley,tonybradley,1628396,Tony Bradley,https://cdn.nba.com/headshots/nba/latest/1040x760/1628396.png,/headshots/1628396.png,matched,exact_normalized,
Tony Parker,tonyparker,2225,Tony Parker,https://cdn.nba.com/headshots/nba/latest/1040x760/2225.png,/headshots/2225.png,matched,exact_normalized,
Tony Snell,tonysnell,203503,Tony Snell,https://cdn.nba.com/headshots/nba/latest/1040x760/203503.png,/headshots/203503.png,matched,exact_normalized,
Torrey Craig,torreycraig,1628470,Torrey Craig,https://cdn.nba.com/headshots/nba/latest/1040x760/1628470.png,/headshots/1628470.png,matched,exact_normalized,
Tosan Evbuomwan,tosanevbuomwan,1641787,Tosan Evbuomwan,https://cdn.nba.com/headshots/nba/latest/1040x760/1641787.png,/headshots/1641787.png,matched,exact_normalized,
Toumani Camara,toumanicamara,1641739,Toumani Camara,https://cdn.nba.com/headshots/nba/latest/1040x760/1641739.png,/headshots/1641739.png,matched,exact_normalized,
Trae Young,traeyoung,1629027,Trae Young,https://cdn.nba.com/headshots/nba/latest/1040x760/1629027.png,/headshots/1629027.png,matched,exact_normalized,
Trayce Jackson-Davis,traycejacksondavis,1631218,Trayce Jackson-Davis,https://cdn.nba.com/headshots/nba/latest/1040x760/1631218.png,/headshots/1631218.png,matched,exact_normalized,
Tre Johnson,trejohnson,1642848,Tre Johnson,https://cdn.nba.com/headshots/nba/latest/1040x760/1642848.png,/headshots/1642848.png,matched,exact_normalized,
Tre Jones,trejones,1630200,Tre Jones,https://cdn.nba.com/headshots/nba/latest/1040x760/1630200.png,/headshots/1630200.png,matched,exact_normalized,
Tre Mann,tremann,1630544,Tre Mann,https://cdn.nba.com/headshots/nba/latest/1040x760/1630544.png,/headshots/1630544.png,matched,exact_normalized,
Trendon Watford,trendonwatford,1630570,Trendon Watford,https://cdn.nba.com/headshots/nba/latest/1040x760/1630570.png,/headshots/1630570.png,matched,exact_normalized,
Treveon Graham,treveongraham,1626203,Treveon Graham,https://cdn.nba.com/headshots/nba/latest/1040x760/1626203.png,/headshots/1626203.png,matched,exact_normalized,
Trevor Ariza,trevorariza,2772,Trevor Ariza,https://cdn.nba.com/headshots/nba/latest/1040x760/2772.png,/headshots/2772.png,matched,exact_normalized,
Trevor Booker,trevorbooker,202344,Trevor Booker,https://cdn.nba.com/headshots/nba/latest/1040x760/202344.png,/headshots/202344.png,matched,exact_normalized,
Trey Burke,treyburke,203504,Trey Burke,https://cdn.nba.com/headshots/nba/latest/1040x760/203504.png,/headshots/203504.png,matched,exact_normalized,
Trey Lyles,treylyles,1626168,Trey Lyles,https://cdn.nba.com/headshots/nba/latest/1040x760/1626168.png,/headshots/1626168.png,matched,exact_normalized,
Trey Murphy III,treymurphyiii,1630530,Trey Murphy III,https://cdn.nba.com/headshots/nba/latest/1040x760/1630530.png,/headshots/1630530.png,matched,exact_normalized,
Tristan da Silva,tristandasilva,1641783,Tristan da Silva,https://cdn.nba.com/headshots/nba/latest/1040x760/1641783.png,/headshots/1641783.png,matched,exact_normalized,
Tristan Thompson,tristanthompson,202684,Tristan Thompson,https://cdn.nba.com/headshots/nba/latest/1040x760/202684.png,/headshots/202684.png,matched,exact_normalized,
Troy Brown Jr.,troybrownjr,1628972,Troy Brown Jr.,https://cdn.nba.com/headshots/nba/latest/1040x760/1628972.png,/headshots/1628972.png,matched,exact_normalized,
Troy Daniels,troydaniels,203584,Troy Daniels,https://cdn.nba.com/headshots/nba/latest/1040x760/203584.png,/headshots/203584.png,matched,exact_normalized,
Troy Williams,troywilliams,1627786,Troy Williams,https://cdn.nba.com/headshots/nba/latest/1040x760/1627786.png,/headshots/1627786.png,matched,exact_normalized,
Ty Jerome,tyjerome,1629660,Ty Jerome,https://cdn.nba.com/headshots/nba/latest/1040x760/1629660.png,/headshots/1629660.png,matched,exact_normalized,
Ty Lawson,tylawson,201951,Ty Lawson,https://cdn.nba.com/headshots/nba/latest/1040x760/201951.png,/headshots/201951.png,matched,exact_normalized,
Tyler Dorsey,tylerdorsey,1628416,Tyler Dorsey,https://cdn.nba.com/headshots/nba/latest/1040x760/1628416.png,/headshots/1628416.png,matched,exact_normalized,
Tyler Herro,tylerherro,1629639,Tyler Herro,https://cdn.nba.com/headshots/nba/latest/1040x760/1629639.png,/headshots/1629639.png,matched,exact_normalized,
Tyler Johnson,tylerjohnson,204020,Tyler Johnson,https://cdn.nba.com/headshots/nba/latest/1040x760/204020.png,/headshots/204020.png,matched,exact_normalized,
Tyler Ulis,tylerulis,1627755,Tyler Ulis,https://cdn.nba.com/headshots/nba/latest/1040x760/1627755.png,/headshots/1627755.png,matched,exact_normalized,
Tyler Zeller,tylerzeller,203092,Tyler Zeller,https://cdn.nba.com/headshots/nba/latest/1040x760/203092.png,/headshots/203092.png,matched,exact_normalized,
Tyreke Evans,tyrekeevans,201936,Tyreke Evans,https://cdn.nba.com/headshots/nba/latest/1040x760/201936.png,/headshots/201936.png,matched,exact_normalized,
Tyrese Haliburton,tyresehaliburton,1630169,Tyrese Haliburton,https://cdn.nba.com/headshots/nba/latest/1040x760/1630169.png,/headshots/1630169.png,matched,exact_normalized,
Tyrese Martin,tyresemartin,1631213,Tyrese Martin,https://cdn.nba.com/headshots/nba/latest/1040x760/1631213.png,/headshots/1631213.png,matched,exact_normalized,
Tyrese Maxey,tyresemaxey,1630178,Tyrese Maxey,https://cdn.nba.com/headshots/nba/latest/1040x760/1630178.png,/headshots/1630178.png,matched,exact_normalized,
Tyrone Wallace,tyronewallace,1627820,Tyrone Wallace,https://cdn.nba.com/headshots/nba/latest/1040x760/1627820.png,/headshots/1627820.png,matched,exact_normalized,
Tyson Chandler,tysonchandler,2199,Tyson Chandler,https://cdn.nba.com/headshots/nba/latest/1040x760/2199.png,/headshots/2199.png,matched,exact_normalized,
Tyus Jones,tyusjones,1626145,Tyus Jones,https://cdn.nba.com/headshots/nba/latest/1040x760/1626145.png,/headshots/1626145.png,matched,exact_normalized,
Vasilije Micic,vasilijemicic,203995,Vasilije Micic,https://cdn.nba.com/headshots/nba/latest/1040x760/203995.png,/headshots/203995.png,matched,exact_normalized,
Victor Oladipo,victoroladipo,203506,Victor Oladipo,https://cdn.nba.com/headshots/nba/latest/1040x760/203506.png,/headshots/203506.png,matched,exact_normalized,
Victor Wembanyama,victorwembanyama,1641705,Victor Wembanyama,https://cdn.nba.com/headshots/nba/latest/1040x760/1641705.png,/headshots/1641705.png,matched,exact_normalized,
Vince Carter,vincecarter,1713,Vince Carter,https://cdn.nba.com/headshots/nba/latest/1040x760/1713.png,/headshots/1713.png,matched,exact_normalized,
Vince Williams Jr.,vincewilliamsjr,1631246,Vince Williams Jr.,https://cdn.nba.com/headshots/nba/latest/1040x760/1631246.png,/headshots/1631246.png,matched,manual_alias,
Vit Krejci,vitkrejci,1630249,Vít Krejčí,https://cdn.nba.com/headshots/nba/latest/1040x760/1630249.png,/headshots/1630249.png,matched,exact_normalized,
VJ Edgecombe,vjedgecombe,1642845,VJ Edgecombe,https://cdn.nba.com/headshots/nba/latest/1040x760/1642845.png,/headshots/1642845.png,matched,exact_normalized,
Walker Kessler,walkerkessler,1631117,Walker Kessler,https://cdn.nba.com/headshots/nba/latest/1040x760/1631117.png,/headshots/1631117.png,matched,exact_normalized,
Walter Clayton Jr.,walterclaytonjr,1642383,Walter Clayton Jr.,https://cdn.nba.com/headshots/nba/latest/1040x760/1642383.png,/headshots/1642383.png,matched,exact_normalized,
Wayne Ellington,wayneellington,201961,Wayne Ellington,https://cdn.nba.com/headshots/nba/latest/1040x760/201961.png,/headshots/201961.png,matched,exact_normalized,
Wayne Selden,wayneselden,1627782,Wayne Selden,https://cdn.nba.com/headshots/nba/latest/1040x760/1627782.png,/headshots/1627782.png,matched,exact_normalized,
Wendell Carter Jr.,wendellcarterjr,1628976,Wendell Carter Jr.,https://cdn.nba.com/headshots/nba/latest/1040x760/1628976.png,/headshots/1628976.png,matched,manual_alias,
Wenyen Gabriel,wenyengabriel,1629117,Wenyen Gabriel,https://cdn.nba.com/headshots/nba/latest/1040x760/1629117.png,/headshots/1629117.png,matched,exact_normalized,
Wes Iwundu,wesiwundu,1628411,Wes Iwundu,https://cdn.nba.com/headshots/nba/latest/1040x760/1628411.png,/headshots/1628411.png,matched,exact_normalized,
Wesley Johnson,wesleyjohnson,202325,Wesley Johnson,https://cdn.nba.com/headshots/nba/latest/1040x760/202325.png,/headshots/202325.png,matched,exact_normalized,
Wesley Matthews,wesleymatthews,202083,Wesley Matthews,https://cdn.nba.com/headshots/nba/latest/1040x760/202083.png,/headshots/202083.png,matched,exact_normalized,
Will Barton,willbarton,203115,Will Barton,https://cdn.nba.com/headshots/nba/latest/1040x760/203115.png,/headshots/203115.png,matched,exact_normalized,
Willie Cauley-Stein,williecauleystein,1626161,Willie Cauley-Stein,https://cdn.nba.com/headshots/nba/latest/1040x760/1626161.png,/headshots/1626161.png,matched,exact_normalized,
Will Richard,willrichard,1642954,Will Richard,https://cdn.nba.com/headshots/nba/latest/1040x760/1642954.png,/headshots/1642954.png,matched,exact_normalized,
Will Riley,willriley,1642860,Will Riley,https://cdn.nba.com/headshots/nba/latest/1040x760/1642860.png,/headshots/1642860.png,matched,exact_normalized,
Willy Hernangomez,willyhernangomez,1626195,Willy Hernangomez,https://cdn.nba.com/headshots/nba/latest/1040x760/1626195.png,/headshots/1626195.png,matched,exact_normalized,
Wilson Chandler,wilsonchandler,201163,Wilson Chandler,https://cdn.nba.com/headshots/nba/latest/1040x760/201163.png,/headshots/201163.png,matched,exact_normalized,
Xavier Tillman,xaviertillman,1630214,Xavier Tillman,https://cdn.nba.com/headshots/nba/latest/1040x760/1630214.png,/headshots/1630214.png,matched,exact_normalized,
Yogi Ferrell,yogiferrell,1627812,Yogi Ferrell,https://cdn.nba.com/headshots/nba/latest/1040x760/1627812.png,/headshots/1627812.png,matched,exact_normalized,
Yuta Watanabe,yutawatanabe,1629139,Yuta Watanabe,https://cdn.nba.com/headshots/nba/latest/1040x760/1629139.png,/headshots/1629139.png,matched,exact_normalized,
Yves Missi,yvesmissi,1642274,Yves Missi,https://cdn.nba.com/headshots/nba/latest/1040x760/1642274.png,/headshots/1642274.png,matched,exact_normalized,
Zaccharie Risacher,zaccharierisacher,1642258,Zaccharie Risacher,https://cdn.nba.com/headshots/nba/latest/1040x760/1642258.png,/headshots/1642258.png,matched,exact_normalized,
Zach Collins,zachcollins,1628380,Zach Collins,https://cdn.nba.com/headshots/nba/latest/1040x760/1628380.png,/headshots/1628380.png,matched,exact_normalized,
Zach Edey,zachedey,1641744,Zach Edey,https://cdn.nba.com/headshots/nba/latest/1040x760/1641744.png,/headshots/1641744.png,matched,exact_normalized,
Zach LaVine,zachlavine,203897,Zach LaVine,https://cdn.nba.com/headshots/nba/latest/1040x760/203897.png,/headshots/203897.png,matched,exact_normalized,
Zach Randolph,zachrandolph,2216,Zach Randolph,https://cdn.nba.com/headshots/nba/latest/1040x760/2216.png,/headshots/2216.png,matched,exact_normalized,
Zaza Pachulia,zazapachulia,2585,Zaza Pachulia,https://cdn.nba.com/headshots/nba/latest/1040x760/2585.png,/headshots/2585.png,matched,exact_normalized,
Zeke Nnaji,zekennaji,1630192,Zeke Nnaji,https://cdn.nba.com/headshots/nba/latest/1040x760/1630192.png,/headshots/1630192.png,matched,exact_normalized,
Ziaire Williams,ziairewilliams,1630533,Ziaire Williams,https://cdn.nba.com/headshots/nba/latest/1040x760/1630533.png,/headshots/1630533.png,matched,exact_normalized,
Zion Williamson,zionwilliamson,1629627,Zion Williamson,https://cdn.nba.com/headshots/nba/latest/1040x760/1629627.png,/headshots/1629627.png,matched,exact_normalized,
